{"type":"FeatureCollection", "features": [
{"type":"Feature","geometry":{"type":"LineString","coordinates":[[-9.62857,39.77708],[-9.63125,39.77614],[-9.6327,39.77708],[-9.63125,39.78045],[-9.62857,39.77708]]},"properties":{"fid":60,"ID":59,"ELEV":-1000}},
{"type":"Feature","geometry":{"type":"LineString","coordinates":[[-0.16875,39.76042],[-0.16458,39.76458],[-0.16875,39.76875],[-0.17292,39.76458],[-0.16875,39.76042]]},"properties":{"fid":64,"ID":63,"ELEV":0}},
{"type":"Feature","geometry":{"type":"LineString","coordinates":[[-10,39.75543],[-9.99792,39.75543],[-9.99534,39.75625],[-9.99375,39.75666],[-9.98958,39.75747],[-9.98542,39.75802],[-9.98125,39.75893],[-9.97708,39.75946],[-9.97292,39.75962],[-9.96875,39.75892],[-9.96458,39.75799],[-9.96042,39.75695],[-9.95713,39.75625],[-9.95625,39.75609],[-9.95208,39.75582],[-9.94925,39.75625],[-9.94792,39.75646],[-9.94375,39.75704],[-9.93958,39.75764],[-9.93542,39.75843],[-9.93125,39.75904],[-9.92708,39.7595],[-9.92292,39.7603],[-9.91875,39.76025],[-9.91458,39.76001],[-9.91295,39.76042],[-9.91042,39.76129],[-9.90625,39.76349],[-9.90326,39.76458],[-9.90208,39.76803],[-9.90023,39.76875],[-9.90208,39.76939],[-9.90403,39.77292],[-9.90625,39.77462],[-9.91042,39.77689],[-9.91108,39.77708],[-9.91458,39.77758],[-9.91875,39.7794],[-9.92292,39.78101],[-9.92357,39.78125],[-9.92708,39.78294],[-9.93125,39.78446],[-9.93378,39.78542],[-9.93542,39.78605],[-9.93958,39.78825],[-9.94236,39.78958],[-9.94375,39.79075],[-9.94792,39.79367],[-9.94799,39.79375],[-9.94792,39.79385],[-9.945,39.79792],[-9.94375,39.80186],[-9.94368,39.80208],[-9.93958,39.80551],[-9.93886,39.80625],[-9.93605,39.81042],[-9.93542,39.81208],[-9.93413,39.81458],[-9.93125,39.8162],[-9.92708,39.817],[-9.92292,39.81724],[-9.91875,39.81769],[-9.91612,39.81875],[-9.91458,39.82044],[-9.91058,39.82292],[-9.91458,39.82664],[-9.91499,39.82708],[-9.91875,39.82852],[-9.92292,39.82956],[-9.9253,39.83125],[-9.92708,39.83215],[-9.93056,39.83542],[-9.92745,39.83958],[-9.92934,39.84375],[-9.93125,39.84451],[-9.93542,39.84431],[-9.93958,39.84391],[-9.93998,39.84375],[-9.94375,39.84206],[-9.94661,39.83958],[-9.94792,39.83785],[-9.95208,39.83662],[-9.95625,39.83626],[-9.95797,39.83542],[-9.96042,39.83444],[-9.96458,39.83423],[-9.96875,39.8346],[-9.97053,39.83542],[-9.97292,39.83752],[-9.97452,39.83958],[-9.97675,39.84375],[-9.97472,39.84792],[-9.9758,39.85208],[-9.97708,39.85288],[-9.98125,39.85441],[-9.98542,39.85495],[-9.98958,39.85531],[-9.99135,39.85625],[-9.99375,39.86002],[-9.99395,39.86042],[-9.99627,39.86458],[-9.99375,39.86725],[-9.992,39.86875],[-9.98958,39.87021],[-9.98542,39.87204],[-9.98398,39.87292],[-9.98125,39.87578],[-9.9799,39.87708],[-9.98125,39.87792],[-9.98542,39.87882],[-9.98958,39.87897],[-9.99375,39.87988],[-9.99487,39.88125],[-9.99375,39.88441],[-9.99337,39.88542],[-9.98958,39.88794],[-9.98551,39.88958],[-9.98542,39.88962],[-9.98125,39.89156],[-9.97708,39.89328],[-9.97611,39.89375],[-9.97292,39.89551],[-9.96904,39.89792],[-9.96875,39.89882],[-9.96712,39.90208],[-9.96875,39.90379],[-9.97292,39.90481],[-9.97708,39.90569],[-9.97936,39.90625],[-9.98125,39.90685],[-9.98542,39.90634],[-9.98958,39.9068],[-9.99258,39.91042],[-9.993,39.91458],[-9.99375,39.91644],[-9.99505,39.91875],[-9.99792,39.92154],[-10,39.92154]]},"properties":{"fid":67,"ID":66,"ELEV":-3000}},
{"type":"Feature","geometry":{"type":"LineString","coordinates":[[-9.29187,39.58125],[-9.29375,39.58],[-9.29474,39.58125],[-9.29463,39.58542],[-9.29375,39.58637],[-9.29068,39.58542],[-9.29187,39.58125]]},"properties":{"fid":108,"ID":107,"ELEV":0}},
{"type":"Feature","geometry":{"type":"LineString","coordinates":[[-9.78125,39.57574],[-9.77839,39.57708],[-9.78125,39.57806],[-9.78542,39.57811],[-9.78832,39.57708],[-9.78542,39.57481],[-9.78125,39.57574]]},"properties":{"fid":114,"ID":113,"ELEV":-2000}},
{"type":"Feature","geometry":{"type":"LineString","coordinates":[[-9.07708,39.57589],[-9.07604,39.57708],[-9.07708,39.57847],[-9.07827,39.57708],[-9.07708,39.57589]]},"properties":{"fid":115,"ID":114,"ELEV":0}},
{"type":"Feature","geometry":{"type":"LineString","coordinates":[[-9.05625,39.56042],[-9.05208,39.56458],[-9.05625,39.56875],[-9.06042,39.57083],[-9.0625,39.56875],[-9.06458,39.56458],[-9.06042,39.56042],[-9.05625,39.56042]]},"properties":{"fid":116,"ID":115,"ELEV":0}},
{"type":"Feature","geometry":{"type":"LineString","coordinates":[[-0.31458,39.53333],[-0.31042,39.53542],[-0.31458,39.5375],[-0.31597,39.53542],[-0.31458,39.53333]]},"properties":{"fid":122,"ID":121,"ELEV":0}},
{"type":"Feature","geometry":{"type":"LineString","coordinates":[[-10,39.46224],[-9.99792,39.46224],[-9.99375,39.46319],[-9.98958,39.46309],[-9.98542,39.46363],[-9.98125,39.46415],[-9.97969,39.46458],[-9.97708,39.46526],[-9.97292,39.46787],[-9.97219,39.46875],[-9.97232,39.47292],[-9.97184,39.47708],[-9.97292,39.47999],[-9.97353,39.48125],[-9.97292,39.48154],[-9.96953,39.48125],[-9.96875,39.48111],[-9.96458,39.4791],[-9.96042,39.47721],[-9.95987,39.47708],[-9.95625,39.47571],[-9.95208,39.4756],[-9.94792,39.47563],[-9.94375,39.47474],[-9.93958,39.47366],[-9.93542,39.47377],[-9.93125,39.47389],[-9.92708,39.47415],[-9.92292,39.47476],[-9.91875,39.47628],[-9.91749,39.47708],[-9.91458,39.47829],[-9.91042,39.47993],[-9.90625,39.48108],[-9.90586,39.48125],[-9.90208,39.48401],[-9.90046,39.48542],[-9.89792,39.48699],[-9.89545,39.48958],[-9.89375,39.49103],[-9.88958,39.49307],[-9.88542,39.49284],[-9.88171,39.48958],[-9.88125,39.48877],[-9.87944,39.48542],[-9.87708,39.48215],[-9.87578,39.48125],[-9.87292,39.48006],[-9.86875,39.47832],[-9.86585,39.47708],[-9.86458,39.47664],[-9.86042,39.47648],[-9.85625,39.47645],[-9.85208,39.47623],[-9.84926,39.47708],[-9.84792,39.47753],[-9.84375,39.47804],[-9.83958,39.47894],[-9.83785,39.48125],[-9.83542,39.48292],[-9.83125,39.48411],[-9.83039,39.48542],[-9.82842,39.48958],[-9.82708,39.49071],[-9.82292,39.49238],[-9.82062,39.49375],[-9.81875,39.49724],[-9.81842,39.49792],[-9.81793,39.50208],[-9.81801,39.50625],[-9.81875,39.50972],[-9.81888,39.51042],[-9.819,39.51458],[-9.81875,39.51484],[-9.81458,39.51733],[-9.81288,39.51875],[-9.81042,39.52214],[-9.80931,39.52292],[-9.80625,39.52391],[-9.80208,39.52383],[-9.79872,39.52292],[-9.79792,39.52272],[-9.79735,39.52292],[-9.79375,39.5248],[-9.79146,39.52292],[-9.78958,39.52212],[-9.78589,39.52292],[-9.78542,39.52307],[-9.78375,39.52292],[-9.78125,39.52244],[-9.77768,39.52292],[-9.77708,39.523],[-9.77292,39.5241],[-9.77146,39.52292],[-9.77079,39.51875],[-9.7701,39.51458],[-9.76917,39.51042],[-9.76875,39.50988],[-9.7678,39.51042],[-9.76713,39.51458],[-9.76698,39.51875],[-9.76711,39.52292],[-9.7674,39.52708],[-9.76875,39.52903],[-9.77097,39.53125],[-9.77292,39.53223],[-9.77708,39.5326],[-9.78125,39.53226],[-9.78542,39.53203],[-9.78621,39.53125],[-9.78958,39.52926],[-9.79375,39.52948],[-9.79504,39.53125],[-9.79792,39.53427],[-9.80208,39.53521],[-9.80625,39.53536],[-9.80689,39.53542],[-9.81042,39.53563],[-9.81458,39.53615],[-9.81875,39.53635],[-9.82292,39.53601],[-9.82437,39.53542],[-9.82708,39.53302],[-9.82897,39.53125],[-9.83125,39.52868],[-9.83284,39.52708],[-9.83542,39.52528],[-9.83958,39.52336],[-9.84104,39.52292],[-9.84375,39.52089],[-9.84792,39.52086],[-9.8512,39.52292],[-9.85208,39.52344],[-9.85625,39.52583],[-9.85871,39.52708],[-9.86042,39.52841],[-9.86406,39.53125],[-9.86458,39.53148],[-9.86875,39.5333],[-9.87292,39.53281],[-9.87708,39.53207],[-9.88125,39.53248],[-9.88542,39.53215],[-9.88958,39.53157],[-9.89174,39.53125],[-9.89375,39.53094],[-9.89792,39.53057],[-9.90208,39.52904],[-9.9053,39.52708],[-9.90625,39.52623],[-9.90862,39.52292],[-9.91042,39.52106],[-9.91458,39.51892],[-9.91539,39.51875],[-9.91875,39.51813],[-9.92292,39.51783],[-9.92708,39.51849],[-9.92772,39.51875],[-9.93125,39.52073],[-9.93542,39.5221],[-9.93833,39.52292],[-9.93958,39.52346],[-9.94375,39.52634],[-9.94413,39.52708],[-9.94375,39.52741],[-9.93958,39.53081],[-9.93915,39.53125],[-9.9378,39.53542],[-9.93958,39.53621],[-9.94375,39.53622],[-9.94657,39.53542],[-9.94792,39.53482],[-9.9501,39.53542],[-9.95208,39.53773],[-9.95239,39.53958],[-9.95208,39.54215],[-9.95136,39.54375],[-9.95208,39.54455],[-9.95473,39.54792],[-9.95625,39.54883],[-9.96042,39.5506],[-9.96458,39.54925],[-9.96875,39.54897],[-9.97292,39.54853],[-9.97708,39.54841],[-9.98125,39.54815],[-9.98542,39.54797],[-9.98556,39.54792],[-9.98958,39.54642],[-9.99375,39.54375],[-9.99792,39.54001],[-10,39.54001]]},"properties":{"fid":137,"ID":136,"ELEV":-3000}},
{"type":"Feature","geometry":{"type":"LineString","coordinates":[[-0.31756,39.45625],[-0.31875,39.45506],[-0.31944,39.45625],[-0.31875,39.45744],[-0.31756,39.45625]]},"properties":{"fid":139,"ID":138,"ELEV":0}},
{"type":"Feature","geometry":{"type":"LineString","coordinates":[[-9.50659,39.41458],[-9.51042,39.41099],[-9.51418,39.41458],[-9.51308,39.41875],[-9.51042,39.42115],[-9.50625,39.4214],[-9.50208,39.42049],[-9.49977,39.41875],[-9.50208,39.41622],[-9.50625,39.41503],[-9.50659,39.41458]]},"properties":{"fid":147,"ID":146,"ELEV":0}},
{"type":"Feature","geometry":{"type":"LineString","coordinates":[[-9.20625,39.40417],[-9.20521,39.40625],[-9.20625,39.40764],[-9.20729,39.40625],[-9.20625,39.40417]]},"properties":{"fid":150,"ID":149,"ELEV":0}},
{"type":"Feature","geometry":{"type":"LineString","coordinates":[[-10,39.38231],[-9.99792,39.38231],[-9.99406,39.38542],[-9.99375,39.38561],[-9.98958,39.38588],[-9.98564,39.38958],[-9.98557,39.39375],[-9.98542,39.39386],[-9.98125,39.39396],[-9.97708,39.39458],[-9.97388,39.39792],[-9.97322,39.40208],[-9.97317,39.40625],[-9.97292,39.40641],[-9.97265,39.40625],[-9.96875,39.40364],[-9.96458,39.40527],[-9.96042,39.40593],[-9.95625,39.40615],[-9.95208,39.40565],[-9.94792,39.40355],[-9.94674,39.40208],[-9.94375,39.39852],[-9.94317,39.39792],[-9.93958,39.39406],[-9.93916,39.39375],[-9.93542,39.39178],[-9.93125,39.39127],[-9.92708,39.39207],[-9.92627,39.39375],[-9.92618,39.39792],[-9.92625,39.40208],[-9.92693,39.40625],[-9.92705,39.41042],[-9.92292,39.4132],[-9.91875,39.41338],[-9.91458,39.41295],[-9.91042,39.41234],[-9.90625,39.41195],[-9.90341,39.41042],[-9.90208,39.40976],[-9.89792,39.40753],[-9.89632,39.40625],[-9.89375,39.40221],[-9.89367,39.40208],[-9.88958,39.39841],[-9.88755,39.39792],[-9.88542,39.39724],[-9.88453,39.39792],[-9.88125,39.40165],[-9.88104,39.40208],[-9.87802,39.40625],[-9.87708,39.40674],[-9.8739,39.40625],[-9.87292,39.40606],[-9.86875,39.40509],[-9.86458,39.40514],[-9.86395,39.40625],[-9.86421,39.41042],[-9.86458,39.41245],[-9.86506,39.41458],[-9.86529,39.41875],[-9.86458,39.41927],[-9.86042,39.4202],[-9.85625,39.41906],[-9.85564,39.41875],[-9.85208,39.41739],[-9.84792,39.4163],[-9.84375,39.41555],[-9.83958,39.41698],[-9.83867,39.41875],[-9.8385,39.42292],[-9.83744,39.42708],[-9.83542,39.42925],[-9.83394,39.43125],[-9.83206,39.43542],[-9.83125,39.43612],[-9.82708,39.43834],[-9.82292,39.43858],[-9.81875,39.43849],[-9.81458,39.43875],[-9.81042,39.439],[-9.80625,39.43924],[-9.80208,39.43921],[-9.80143,39.43958],[-9.79792,39.4426],[-9.79637,39.44375],[-9.79375,39.44535],[-9.78958,39.44639],[-9.78542,39.44789],[-9.78529,39.44792],[-9.78125,39.44875],[-9.77708,39.44919],[-9.77292,39.44997],[-9.76875,39.4504],[-9.76493,39.45208],[-9.76458,39.45222],[-9.76444,39.45208],[-9.76274,39.44792],[-9.76042,39.44621],[-9.75625,39.44454],[-9.75529,39.44375],[-9.7542,39.43958],[-9.75476,39.43542],[-9.75481,39.43125],[-9.75208,39.42765],[-9.74792,39.42849],[-9.74421,39.43125],[-9.74375,39.43159],[-9.73958,39.43177],[-9.73542,39.43215],[-9.73125,39.43259],[-9.7276,39.43542],[-9.73125,39.43799],[-9.73542,39.43757],[-9.73958,39.43809],[-9.74375,39.43831],[-9.74477,39.43958],[-9.74428,39.44375],[-9.74399,39.44792],[-9.74498,39.45208],[-9.74585,39.45625],[-9.74451,39.46042],[-9.74392,39.46458],[-9.74375,39.46464],[-9.73958,39.46487],[-9.73542,39.46492],[-9.73506,39.46458],[-9.73125,39.46086],[-9.72708,39.46052],[-9.72292,39.46049],[-9.72284,39.46042],[-9.71875,39.45664],[-9.71818,39.45625],[-9.71458,39.45226],[-9.71414,39.45208],[-9.71042,39.44834],[-9.70625,39.44926],[-9.70357,39.45208],[-9.70208,39.45315],[-9.69913,39.45625],[-9.69792,39.45703],[-9.69401,39.46042],[-9.69375,39.4606],[-9.68958,39.46103],[-9.68542,39.46251],[-9.68171,39.46458],[-9.68125,39.465],[-9.67732,39.46875],[-9.67708,39.46892],[-9.67292,39.47054],[-9.6696,39.47292],[-9.66875,39.4738],[-9.66519,39.47708],[-9.66458,39.47756],[-9.66084,39.48125],[-9.66042,39.48233],[-9.65931,39.48542],[-9.65722,39.48958],[-9.65646,39.49375],[-9.65625,39.4939],[-9.65208,39.49489],[-9.64792,39.49454],[-9.64375,39.49413],[-9.64245,39.49375],[-9.63958,39.49261],[-9.63542,39.49181],[-9.63125,39.49053],[-9.62708,39.49034],[-9.6261,39.48958],[-9.62292,39.48726],[-9.61919,39.48958],[-9.62292,39.49314],[-9.62338,39.49375],[-9.62414,39.49792],[-9.62708,39.5009],[-9.63125,39.50199],[-9.63142,39.50208],[-9.63396,39.50625],[-9.63542,39.50857],[-9.63958,39.51014],[-9.63986,39.51042],[-9.64375,39.51343],[-9.64758,39.51042],[-9.64792,39.51024],[-9.64859,39.51042],[-9.65208,39.51229],[-9.65563,39.51042],[-9.65625,39.51026],[-9.66042,39.5102],[-9.66449,39.50625],[-9.66458,39.50618],[-9.66875,39.50568],[-9.67229,39.50208],[-9.67292,39.50119],[-9.67511,39.49792],[-9.67688,39.49375],[-9.67708,39.49354],[-9.68102,39.48958],[-9.68125,39.4894],[-9.685,39.48542],[-9.68542,39.48504],[-9.68958,39.4843],[-9.6934,39.48125],[-9.69375,39.48101],[-9.69792,39.48043],[-9.70173,39.47708],[-9.70203,39.47292],[-9.70208,39.47285],[-9.70625,39.47285],[-9.71042,39.47285],[-9.71059,39.47292],[-9.71042,39.47393],[-9.7075,39.47708],[-9.71042,39.48024],[-9.71143,39.48125],[-9.71458,39.48458],[-9.71488,39.48542],[-9.71611,39.48958],[-9.71875,39.49261],[-9.71945,39.49375],[-9.71892,39.49792],[-9.71901,39.50208],[-9.7198,39.50625],[-9.72131,39.51042],[-9.72292,39.51319],[-9.72381,39.51458],[-9.7247,39.51875],[-9.72292,39.52037],[-9.72062,39.52292],[-9.71976,39.52708],[-9.71875,39.52762],[-9.71518,39.53125],[-9.71458,39.53229],[-9.71131,39.53542],[-9.71458,39.53646],[-9.71875,39.53757],[-9.72292,39.5393],[-9.72329,39.53958],[-9.72447,39.54375],[-9.72708,39.54589],[-9.73125,39.54726],[-9.73542,39.54737],[-9.73958,39.54778],[-9.73997,39.54792],[-9.74375,39.55161],[-9.74428,39.55208],[-9.74792,39.554],[-9.75208,39.55607],[-9.75236,39.55625],[-9.75625,39.56027],[-9.75642,39.56042],[-9.76042,39.5637],[-9.76458,39.56447],[-9.76502,39.56458],[-9.76875,39.56587],[-9.77292,39.56726],[-9.77708,39.56776],[-9.78125,39.56827],[-9.78542,39.56863],[-9.78614,39.56875],[-9.78958,39.57063],[-9.79375,39.56994],[-9.79792,39.57216],[-9.80208,39.57192],[-9.80625,39.57124],[-9.81042,39.5705],[-9.81458,39.56961],[-9.81875,39.5691],[-9.82153,39.56875],[-9.82292,39.56848],[-9.82708,39.56549],[-9.82803,39.56458],[-9.83125,39.56205],[-9.83542,39.56136],[-9.83958,39.56061],[-9.84077,39.56042],[-9.84375,39.55993],[-9.84792,39.55917],[-9.85208,39.55813],[-9.85625,39.55758],[-9.86042,39.55733],[-9.86458,39.5587],[-9.86674,39.56042],[-9.86757,39.56458],[-9.86458,39.56861],[-9.86446,39.56875],[-9.86178,39.57292],[-9.86196,39.57708],[-9.86345,39.58125],[-9.86042,39.58411],[-9.85842,39.58542],[-9.85799,39.58958],[-9.86027,39.59375],[-9.86014,39.59792],[-9.86042,39.60208],[-9.86202,39.60625],[-9.86458,39.60744],[-9.86875,39.60895],[-9.87169,39.61042],[-9.87292,39.61088],[-9.87708,39.61146],[-9.87889,39.61042],[-9.88125,39.6091],[-9.88542,39.60688],[-9.88958,39.60631],[-9.88978,39.60625],[-9.89375,39.60514],[-9.89792,39.60393],[-9.90208,39.6035],[-9.90625,39.6062],[-9.91042,39.60609],[-9.91458,39.60522],[-9.91804,39.60208],[-9.91875,39.60156],[-9.92292,39.60011],[-9.92708,39.60142],[-9.92841,39.60208],[-9.93125,39.60537],[-9.93173,39.60625],[-9.93125,39.60718],[-9.92782,39.61042],[-9.92708,39.61125],[-9.92414,39.61458],[-9.92361,39.61875],[-9.92411,39.62292],[-9.92708,39.62589],[-9.93125,39.62616],[-9.93542,39.62682],[-9.93958,39.627],[-9.93967,39.62708],[-9.93983,39.63125],[-9.94375,39.63495],[-9.94435,39.63542],[-9.94792,39.63845],[-9.95208,39.63911],[-9.95625,39.63929],[-9.96042,39.63946],[-9.96458,39.63953],[-9.96875,39.63925],[-9.97292,39.63908],[-9.97708,39.63919],[-9.98125,39.63933],[-9.98535,39.63542],[-9.98542,39.63537],[-9.98554,39.63542],[-9.9855,39.63958],[-9.98568,39.64375],[-9.98542,39.64451],[-9.98185,39.64792],[-9.98125,39.64854],[-9.97771,39.65208],[-9.97722,39.65625],[-9.97708,39.65651],[-9.97292,39.6575],[-9.96875,39.65757],[-9.96458,39.65819],[-9.96042,39.65932],[-9.95625,39.65987],[-9.95417,39.66042],[-9.95208,39.66096],[-9.94792,39.66151],[-9.94375,39.6625],[-9.93958,39.66332],[-9.93787,39.66458],[-9.93542,39.66613],[-9.93125,39.66699],[-9.92708,39.66779],[-9.92396,39.66875],[-9.92292,39.66919],[-9.91875,39.66985],[-9.91458,39.67029],[-9.91042,39.67093],[-9.90625,39.67083],[-9.90208,39.67092],[-9.89792,39.67104],[-9.89375,39.6705],[-9.88958,39.66905],[-9.88931,39.66875],[-9.88958,39.66756],[-9.89081,39.66458],[-9.88958,39.66378],[-9.88542,39.66426],[-9.88125,39.66442],[-9.88083,39.66458],[-9.87708,39.66615],[-9.87292,39.66843],[-9.87153,39.66875],[-9.86875,39.66916],[-9.86458,39.66939],[-9.86042,39.67042],[-9.85804,39.67292],[-9.85725,39.67708],[-9.85625,39.6784],[-9.85432,39.68125],[-9.85208,39.68253],[-9.84792,39.68204],[-9.84505,39.68125],[-9.84375,39.68079],[-9.83958,39.68125],[-9.83542,39.68245],[-9.83125,39.68256],[-9.82708,39.68233],[-9.82292,39.68309],[-9.81875,39.68345],[-9.81458,39.68353],[-9.81042,39.68439],[-9.80625,39.68535],[-9.80605,39.68542],[-9.80208,39.68705],[-9.79792,39.68949],[-9.79777,39.68958],[-9.79792,39.6897],[-9.80208,39.6929],[-9.80316,39.69375],[-9.80625,39.69744],[-9.80675,39.69792],[-9.80625,39.69905],[-9.80547,39.70208],[-9.80282,39.70625],[-9.80208,39.70662],[-9.79792,39.71033],[-9.79783,39.71042],[-9.79449,39.71458],[-9.79375,39.71719],[-9.7933,39.71875],[-9.79053,39.72292],[-9.78958,39.7235],[-9.78542,39.72508],[-9.78197,39.72708],[-9.78125,39.7276],[-9.77708,39.73029],[-9.77292,39.73056],[-9.77,39.73125],[-9.76933,39.73542],[-9.76875,39.73615],[-9.76458,39.73952],[-9.76441,39.73958],[-9.76042,39.74113],[-9.7578,39.74375],[-9.75725,39.74792],[-9.76042,39.75198],[-9.76055,39.75208],[-9.76458,39.75432],[-9.76684,39.75625],[-9.76558,39.76042],[-9.76458,39.76112],[-9.76042,39.76284],[-9.75625,39.76389],[-9.75208,39.76387],[-9.75036,39.76458],[-9.74792,39.76606],[-9.74375,39.76723],[-9.73958,39.76758],[-9.73542,39.76812],[-9.73125,39.76809],[-9.72708,39.76785],[-9.72292,39.76792],[-9.71875,39.76754],[-9.71458,39.76754],[-9.71042,39.76722],[-9.70625,39.7666],[-9.70208,39.76627],[-9.69969,39.76875],[-9.70208,39.77205],[-9.70278,39.77292],[-9.70625,39.77584],[-9.71042,39.77687],[-9.71458,39.77625],[-9.71554,39.77708],[-9.71875,39.77991],[-9.72292,39.7805],[-9.72708,39.78098],[-9.73125,39.78115],[-9.73138,39.78125],[-9.73542,39.78406],[-9.73958,39.78431],[-9.74375,39.78411],[-9.74743,39.78125],[-9.74792,39.78081],[-9.75208,39.78116],[-9.75217,39.78125],[-9.75625,39.78531],[-9.75642,39.78542],[-9.76042,39.78863],[-9.76458,39.78906],[-9.76875,39.78934],[-9.76926,39.78958],[-9.77048,39.79375],[-9.76875,39.79532],[-9.76687,39.79792],[-9.76875,39.80045],[-9.77292,39.80172],[-9.77708,39.80188],[-9.78125,39.80199],[-9.78137,39.80208],[-9.78542,39.8058],[-9.78714,39.80625],[-9.78542,39.80938],[-9.78509,39.81042],[-9.78542,39.81079],[-9.78958,39.81161],[-9.78994,39.81458],[-9.79025,39.81875],[-9.78958,39.82025],[-9.78728,39.82292],[-9.78819,39.82708],[-9.78958,39.82862],[-9.79375,39.82884],[-9.79792,39.82769],[-9.79931,39.82708],[-9.80208,39.82568],[-9.80625,39.82367],[-9.80839,39.82292],[-9.81042,39.82204],[-9.81458,39.82225],[-9.8166,39.82292],[-9.81875,39.82391],[-9.82292,39.82389],[-9.82561,39.82292],[-9.82708,39.82236],[-9.82804,39.82292],[-9.8285,39.82708],[-9.82869,39.83125],[-9.83125,39.83438],[-9.83186,39.83542],[-9.83513,39.83958],[-9.83542,39.84042],[-9.83609,39.84375],[-9.83838,39.84792],[-9.83958,39.84837],[-9.84375,39.84857],[-9.84792,39.85008],[-9.85208,39.85202],[-9.8526,39.85208],[-9.85625,39.85259],[-9.85701,39.85625],[-9.85625,39.85742],[-9.85436,39.86042],[-9.85625,39.86449],[-9.8564,39.86458],[-9.85675,39.86875],[-9.8584,39.87292],[-9.85863,39.87708],[-9.85727,39.88125],[-9.86042,39.885],[-9.86458,39.88507],[-9.86875,39.88507],[-9.87292,39.8853],[-9.87309,39.88542],[-9.87708,39.88936],[-9.87741,39.88958],[-9.88125,39.89329],[-9.8853,39.88958],[-9.88542,39.88951],[-9.88958,39.88949],[-9.88975,39.88958],[-9.89025,39.89375],[-9.89375,39.89781],[-9.8938,39.89792],[-9.89792,39.90186],[-9.89814,39.90208],[-9.89792,39.90251],[-9.89375,39.90422],[-9.89238,39.90625],[-9.89375,39.9087],[-9.89444,39.91042],[-9.89487,39.91458],[-9.89462,39.91875],[-9.89792,39.92245],[-9.90208,39.92241],[-9.90266,39.92292],[-9.90625,39.92631],[-9.91042,39.92698],[-9.91455,39.92292],[-9.91458,39.9229],[-9.91461,39.92292],[-9.91463,39.92708],[-9.91458,39.92731],[-9.91186,39.93125],[-9.91458,39.93408],[-9.91875,39.9352],[-9.92292,39.93531],[-9.92708,39.93537],[-9.92719,39.93542],[-9.92796,39.93958],[-9.92708,39.94086],[-9.92491,39.94375],[-9.92708,39.94722],[-9.92727,39.94792],[-9.93125,39.95176],[-9.93542,39.95193],[-9.93958,39.95195],[-9.93983,39.95208],[-9.93994,39.95625],[-9.93958,39.9567],[-9.93542,39.95855],[-9.93271,39.96042],[-9.93542,39.9638],[-9.93564,39.96458],[-9.93958,39.9684],[-9.93996,39.96875],[-9.94375,39.97276],[-9.94392,39.97292],[-9.94792,39.97676],[-9.9482,39.97708],[-9.94854,39.98125],[-9.94909,39.98542],[-9.95208,39.98935],[-9.95625,39.9893],[-9.96006,39.98542],[-9.96042,39.98512],[-9.96458,39.9852],[-9.96485,39.98542],[-9.96875,39.98863],[-9.9726,39.98542],[-9.97292,39.9852],[-9.97336,39.98542],[-9.97708,39.98914],[-9.97745,39.98958],[-9.98125,39.99328],[-9.98542,39.9934],[-9.98616,39.99375],[-9.98587,39.99792],[-9.98587,40]]},"properties":{"fid":153,"ID":152,"ELEV":-2000}},
{"type":"Feature","geometry":{"type":"LineString","coordinates":[[-0.34375,39.36458],[-0.34792,39.36458],[-0.34375,39.36458]]},"properties":{"fid":163,"ID":162,"ELEV":0}},
{"type":"Feature","geometry":{"type":"LineString","coordinates":[[-0.36667,39.36042],[-0.36875,39.35833],[-0.37292,39.35764],[-0.37708,39.35833],[-0.37847,39.36042],[-0.37708,39.3625],[-0.375,39.36458],[-0.37292,39.36563],[-0.36875,39.36875],[-0.36875,39.37292],[-0.36458,39.37153],[-0.36042,39.37188],[-0.35625,39.37083],[-0.35417,39.36875],[-0.35625,39.36458],[-0.36042,39.36458],[-0.36458,39.36458],[-0.36667,39.36042]]},"properties":{"fid":165,"ID":164,"ELEV":0}},
{"type":"Feature","geometry":{"type":"LineString","coordinates":[[-10,39.35205],[-9.99792,39.35205],[-9.99787,39.35208],[-9.99744,39.35625],[-9.99375,39.35927],[-9.98958,39.35942],[-9.98542,39.35986],[-9.98125,39.36011],[-9.97708,39.36008],[-9.97641,39.36042],[-9.97292,39.36266],[-9.96875,39.36253],[-9.96458,39.36197],[-9.96176,39.36042],[-9.96042,39.35969],[-9.95625,39.36037],[-9.95208,39.35946],[-9.94925,39.36042],[-9.94792,39.36077],[-9.94583,39.36042],[-9.94375,39.35986],[-9.93958,39.3575],[-9.93542,39.35922],[-9.93397,39.36042],[-9.93125,39.36204],[-9.92708,39.36302],[-9.92292,39.36256],[-9.91875,39.36071],[-9.91765,39.36042],[-9.91458,39.35974],[-9.91042,39.35925],[-9.90625,39.3589],[-9.90208,39.35795],[-9.89867,39.35625],[-9.89817,39.35208],[-9.89792,39.35186],[-9.89375,39.35122],[-9.89017,39.34792],[-9.88958,39.34671],[-9.88542,39.34472],[-9.88443,39.34792],[-9.88125,39.35089],[-9.88028,39.35208],[-9.8802,39.35625],[-9.88125,39.35766],[-9.88332,39.36042],[-9.88366,39.36458],[-9.88436,39.36875],[-9.88125,39.37123],[-9.87973,39.37292],[-9.87708,39.37442],[-9.87292,39.37678],[-9.87244,39.37708],[-9.86875,39.37961],[-9.86712,39.38125],[-9.86458,39.38431],[-9.86042,39.38439],[-9.85862,39.38542],[-9.85625,39.38641],[-9.85208,39.3876],[-9.84934,39.38958],[-9.84792,39.39108],[-9.84531,39.39375],[-9.84375,39.39673],[-9.84158,39.39792],[-9.83958,39.39828],[-9.83542,39.39924],[-9.83125,39.40044],[-9.82712,39.40208],[-9.82708,39.4021],[-9.82292,39.4061],[-9.8228,39.40625],[-9.82116,39.41042],[-9.81995,39.41458],[-9.81875,39.41729],[-9.81764,39.41875],[-9.81458,39.42159],[-9.81042,39.4222],[-9.80625,39.42035],[-9.80208,39.41942],[-9.79792,39.42137],[-9.79375,39.41911],[-9.79291,39.41875],[-9.78992,39.41458],[-9.78958,39.41433],[-9.78542,39.41318],[-9.78198,39.41042],[-9.78125,39.4099],[-9.77725,39.40625],[-9.77708,39.40614],[-9.77292,39.4058],[-9.76875,39.40552],[-9.76458,39.40514],[-9.76153,39.40208],[-9.76042,39.40081],[-9.75625,39.40064],[-9.75208,39.40144],[-9.75085,39.40208],[-9.74792,39.40375],[-9.74375,39.40609],[-9.7429,39.40625],[-9.73958,39.40706],[-9.73542,39.40846],[-9.73125,39.40892],[-9.72708,39.40969],[-9.72509,39.41042],[-9.72292,39.41078],[-9.71875,39.41135],[-9.71458,39.4126],[-9.71119,39.41042],[-9.71042,39.41022],[-9.70625,39.40967],[-9.70208,39.40934],[-9.69808,39.40625],[-9.69792,39.40607],[-9.69509,39.40208],[-9.69375,39.40082],[-9.69009,39.39792],[-9.68958,39.39763],[-9.68542,39.39783],[-9.68531,39.39792],[-9.68125,39.40174],[-9.67738,39.39792],[-9.67708,39.39766],[-9.67292,39.39696],[-9.66875,39.39728],[-9.66458,39.39696],[-9.66348,39.39792],[-9.66042,39.40183],[-9.66001,39.40208],[-9.65625,39.40576],[-9.65208,39.40602],[-9.64792,39.40517],[-9.64424,39.40208],[-9.64375,39.40173],[-9.63958,39.40142],[-9.63542,39.40103],[-9.63125,39.40061],[-9.62708,39.40112],[-9.62292,39.40165],[-9.61875,39.40198],[-9.61852,39.40208],[-9.61875,39.40229],[-9.62292,39.40313],[-9.62596,39.40625],[-9.62708,39.40677],[-9.63125,39.40714],[-9.63459,39.41042],[-9.63542,39.41115],[-9.63941,39.41458],[-9.63542,39.41847],[-9.63494,39.41875],[-9.63542,39.41909],[-9.63958,39.42002],[-9.64275,39.42292],[-9.64361,39.42708],[-9.64375,39.42719],[-9.64792,39.42741],[-9.65208,39.42735],[-9.65625,39.42723],[-9.65651,39.42708],[-9.66042,39.4245],[-9.66451,39.42708],[-9.66458,39.42716],[-9.66834,39.43125],[-9.66875,39.43168],[-9.67292,39.43291],[-9.67422,39.43542],[-9.67292,39.4385],[-9.66875,39.43953],[-9.66871,39.43958],[-9.66458,39.44337],[-9.66414,39.44375],[-9.66355,39.44792],[-9.66458,39.44868],[-9.66851,39.45208],[-9.66458,39.45576],[-9.66042,39.45621],[-9.66038,39.45625],[-9.65853,39.46042],[-9.65625,39.46266],[-9.65208,39.464],[-9.65136,39.46458],[-9.64792,39.46756],[-9.64375,39.46864],[-9.64361,39.46875],[-9.63958,39.47273],[-9.63542,39.47274],[-9.63125,39.47278],[-9.62708,39.47276],[-9.62292,39.47239],[-9.61875,39.4713],[-9.61476,39.46875],[-9.61458,39.46863],[-9.61442,39.46875],[-9.61042,39.47222],[-9.60625,39.4726],[-9.60208,39.47278],[-9.60187,39.47292],[-9.59792,39.47631],[-9.59375,39.47628],[-9.59267,39.47708],[-9.58958,39.48053],[-9.58542,39.48108],[-9.58517,39.48125],[-9.58125,39.48404],[-9.57708,39.4851],[-9.57659,39.48542],[-9.57292,39.4894],[-9.5728,39.48958],[-9.57292,39.48976],[-9.57652,39.49375],[-9.57292,39.49758],[-9.57274,39.49792],[-9.56875,39.50173],[-9.56832,39.50208],[-9.56458,39.5054],[-9.56042,39.50605],[-9.56013,39.50625],[-9.55625,39.51009],[-9.55208,39.50988],[-9.54792,39.50955],[-9.54375,39.50944],[-9.53958,39.50997],[-9.53542,39.5096],[-9.53125,39.50933],[-9.52708,39.50992],[-9.52292,39.51008],[-9.51875,39.50994],[-9.51458,39.50994],[-9.51042,39.50949],[-9.50625,39.50938],[-9.50208,39.50987],[-9.49792,39.50973],[-9.49375,39.50963],[-9.48958,39.50928],[-9.48543,39.50625],[-9.48542,39.50624],[-9.4854,39.50625],[-9.48125,39.50852],[-9.47737,39.50625],[-9.47708,39.50602],[-9.47292,39.50586],[-9.47254,39.50625],[-9.47177,39.51042],[-9.47093,39.51458],[-9.46875,39.51702],[-9.46458,39.51848],[-9.46424,39.51875],[-9.46042,39.52202],[-9.45625,39.52234],[-9.45208,39.52256],[-9.44792,39.52282],[-9.44785,39.52292],[-9.4476,39.52708],[-9.44375,39.5312],[-9.44371,39.53125],[-9.44356,39.53542],[-9.44297,39.53958],[-9.43958,39.54355],[-9.43946,39.54375],[-9.43858,39.54792],[-9.43542,39.55172],[-9.4351,39.55208],[-9.43484,39.55625],[-9.43455,39.56042],[-9.4334,39.56458],[-9.43125,39.56612],[-9.42708,39.56832],[-9.42673,39.56875],[-9.42634,39.57292],[-9.42292,39.57582],[-9.41875,39.57681],[-9.41846,39.57708],[-9.41793,39.58125],[-9.41823,39.58542],[-9.41458,39.58942],[-9.41433,39.58958],[-9.41042,39.59179],[-9.40625,39.59276],[-9.4051,39.59375],[-9.40208,39.59541],[-9.39981,39.59375],[-9.39792,39.59173],[-9.39567,39.58958],[-9.39375,39.58854],[-9.39065,39.58542],[-9.38958,39.58438],[-9.38542,39.58485],[-9.38125,39.58513],[-9.37708,39.58529],[-9.37292,39.58517],[-9.37239,39.58542],[-9.37292,39.58572],[-9.37708,39.58559],[-9.38125,39.58584],[-9.38542,39.58624],[-9.38842,39.58958],[-9.38911,39.59375],[-9.38944,39.59792],[-9.38958,39.59805],[-9.39357,39.60208],[-9.39375,39.60226],[-9.39792,39.60308],[-9.40173,39.60625],[-9.40208,39.60649],[-9.40625,39.60657],[-9.40697,39.60625],[-9.41042,39.60438],[-9.41458,39.6031],[-9.41875,39.60238],[-9.41931,39.60208],[-9.42292,39.59828],[-9.42336,39.59792],[-9.42645,39.59375],[-9.42708,39.59275],[-9.42911,39.58958],[-9.43125,39.58625],[-9.4316,39.58542],[-9.43542,39.58157],[-9.43564,39.58125],[-9.43789,39.57708],[-9.43958,39.57445],[-9.44375,39.57322],[-9.44435,39.57292],[-9.44792,39.57068],[-9.44928,39.56875],[-9.44951,39.56458],[-9.44951,39.56042],[-9.45208,39.55634],[-9.45214,39.55625],[-9.45295,39.55208],[-9.45625,39.54834],[-9.45655,39.54792],[-9.45836,39.54375],[-9.46042,39.54151],[-9.46458,39.54058],[-9.46875,39.54022],[-9.47,39.53958],[-9.47292,39.53737],[-9.47708,39.53575],[-9.47747,39.53542],[-9.48125,39.53169],[-9.48169,39.53125],[-9.48542,39.52865],[-9.48958,39.52792],[-9.49375,39.52808],[-9.49692,39.52708],[-9.49792,39.52674],[-9.49994,39.52708],[-9.50208,39.52741],[-9.50364,39.52708],[-9.50625,39.52631],[-9.51042,39.52621],[-9.51232,39.52708],[-9.51458,39.52813],[-9.51837,39.53125],[-9.51875,39.53155],[-9.52292,39.53159],[-9.52708,39.53206],[-9.53125,39.53346],[-9.53542,39.53404],[-9.53773,39.53542],[-9.53542,39.53921],[-9.53527,39.53958],[-9.53542,39.53976],[-9.53958,39.54053],[-9.54375,39.54202],[-9.54792,39.54238],[-9.55208,39.54227],[-9.55625,39.53999],[-9.55674,39.53958],[-9.56042,39.53567],[-9.56081,39.53542],[-9.56458,39.53412],[-9.56785,39.53542],[-9.56875,39.53581],[-9.57292,39.53608],[-9.57388,39.53542],[-9.57708,39.53151],[-9.57723,39.53125],[-9.58125,39.52797],[-9.58322,39.52708],[-9.58542,39.52551],[-9.58958,39.52533],[-9.59375,39.52484],[-9.59792,39.52348],[-9.59928,39.52292],[-9.60208,39.52028],[-9.60625,39.51979],[-9.61042,39.52006],[-9.61458,39.52053],[-9.61789,39.52292],[-9.61875,39.52332],[-9.62292,39.52422],[-9.62708,39.52578],[-9.62992,39.52708],[-9.63125,39.52765],[-9.63542,39.52799],[-9.63958,39.52881],[-9.64318,39.53125],[-9.64375,39.53174],[-9.64792,39.53169],[-9.65208,39.53175],[-9.65306,39.53125],[-9.65625,39.52948],[-9.66042,39.52871],[-9.66426,39.53125],[-9.66435,39.53542],[-9.66458,39.53566],[-9.66875,39.53719],[-9.67241,39.53958],[-9.67292,39.54003],[-9.67708,39.54144],[-9.67869,39.54375],[-9.67708,39.5468],[-9.6765,39.54792],[-9.67292,39.55038],[-9.66875,39.55165],[-9.66824,39.55208],[-9.66847,39.55625],[-9.66875,39.5565],[-9.67292,39.5581],[-9.67656,39.56042],[-9.67708,39.56116],[-9.68006,39.56458],[-9.67708,39.56748],[-9.6761,39.56875],[-9.67292,39.57021],[-9.66875,39.57103],[-9.66458,39.57172],[-9.66042,39.57262],[-9.66,39.57292],[-9.65625,39.57508],[-9.65208,39.57583],[-9.64792,39.57659],[-9.64725,39.57708],[-9.64792,39.57753],[-9.65132,39.58125],[-9.65208,39.58178],[-9.65625,39.58227],[-9.66042,39.58221],[-9.66458,39.58296],[-9.66847,39.58542],[-9.66838,39.58958],[-9.66858,39.59375],[-9.66875,39.594],[-9.67264,39.59792],[-9.67292,39.59825],[-9.67708,39.59867],[-9.68056,39.60208],[-9.67708,39.60339],[-9.67292,39.60373],[-9.66875,39.60405],[-9.66458,39.60437],[-9.66042,39.60476],[-9.65625,39.60564],[-9.65208,39.60582],[-9.64792,39.60537],[-9.64375,39.6041],[-9.64033,39.60208],[-9.63958,39.60167],[-9.63542,39.60175],[-9.63125,39.60184],[-9.63077,39.60208],[-9.62708,39.60441],[-9.62292,39.60522],[-9.61875,39.60597],[-9.61458,39.60617],[-9.61446,39.60625],[-9.61042,39.60916],[-9.60625,39.60942],[-9.60208,39.60968],[-9.59792,39.60955],[-9.59375,39.61008],[-9.58958,39.61004],[-9.58892,39.61042],[-9.58808,39.61458],[-9.58917,39.61875],[-9.58958,39.61902],[-9.59375,39.61891],[-9.59792,39.61997],[-9.60208,39.62],[-9.60625,39.61982],[-9.61042,39.61996],[-9.61415,39.62292],[-9.61458,39.62329],[-9.61875,39.62386],[-9.62292,39.6231],[-9.62708,39.62308],[-9.63125,39.62345],[-9.63542,39.62507],[-9.63844,39.62708],[-9.63958,39.62809],[-9.64375,39.63051],[-9.64534,39.63125],[-9.64792,39.63314],[-9.65135,39.63542],[-9.65208,39.63627],[-9.65625,39.63688],[-9.66042,39.63586],[-9.66104,39.63542],[-9.66458,39.63403],[-9.66773,39.63542],[-9.66875,39.63606],[-9.67292,39.63639],[-9.67708,39.6371],[-9.68102,39.63958],[-9.68125,39.63996],[-9.6839,39.64375],[-9.68125,39.6473],[-9.68076,39.64792],[-9.68021,39.65208],[-9.67708,39.65565],[-9.67292,39.65603],[-9.66875,39.65602],[-9.66458,39.65601],[-9.66405,39.65625],[-9.66042,39.65736],[-9.65625,39.65791],[-9.65208,39.65851],[-9.64792,39.65986],[-9.64763,39.66042],[-9.64792,39.66061],[-9.65208,39.66171],[-9.655,39.66458],[-9.65625,39.66569],[-9.65974,39.66875],[-9.66042,39.66946],[-9.66458,39.67076],[-9.66821,39.67292],[-9.66822,39.67708],[-9.66458,39.68102],[-9.6644,39.68125],[-9.66042,39.6851],[-9.66007,39.68542],[-9.65625,39.68792],[-9.65208,39.68842],[-9.64792,39.68868],[-9.64375,39.68939],[-9.64347,39.68958],[-9.63958,39.69322],[-9.6392,39.69375],[-9.63542,39.69779],[-9.63533,39.69792],[-9.63542,39.69809],[-9.63936,39.70208],[-9.63958,39.70228],[-9.64375,39.70274],[-9.64737,39.70625],[-9.64792,39.70663],[-9.65208,39.70718],[-9.65625,39.70766],[-9.66042,39.70814],[-9.66458,39.70856],[-9.66809,39.71042],[-9.66458,39.71422],[-9.66433,39.71458],[-9.66042,39.7181],[-9.65625,39.71844],[-9.65208,39.71846],[-9.65173,39.71875],[-9.65163,39.72292],[-9.65208,39.72353],[-9.65539,39.72708],[-9.65625,39.72815],[-9.65923,39.73125],[-9.65625,39.73464],[-9.65208,39.73483],[-9.64792,39.73502],[-9.64375,39.7352],[-9.63958,39.73507],[-9.63542,39.73498],[-9.63125,39.73438],[-9.62729,39.73125],[-9.62708,39.73114],[-9.62292,39.73102],[-9.61875,39.73118],[-9.61458,39.7311],[-9.61434,39.73125],[-9.61042,39.73515],[-9.61008,39.73542],[-9.61042,39.73583],[-9.61348,39.73958],[-9.61458,39.74053],[-9.61838,39.74375],[-9.61863,39.74792],[-9.61458,39.75148],[-9.61401,39.75208],[-9.61042,39.75598],[-9.61022,39.75625],[-9.61042,39.75649],[-9.61458,39.75816],[-9.61839,39.76042],[-9.61458,39.76389],[-9.61042,39.76407],[-9.60982,39.76458],[-9.61015,39.76875],[-9.60976,39.77292],[-9.6099,39.77708],[-9.61042,39.77768],[-9.61458,39.77805],[-9.61611,39.77708],[-9.61875,39.77591],[-9.62292,39.77541],[-9.62628,39.77708],[-9.62708,39.77752],[-9.63105,39.78125],[-9.63125,39.78144],[-9.63542,39.78295],[-9.63883,39.78542],[-9.63958,39.78608],[-9.64217,39.78958],[-9.64375,39.79059],[-9.64792,39.79127],[-9.65208,39.79138],[-9.65625,39.79175],[-9.66042,39.79256],[-9.6625,39.79375],[-9.66458,39.79559],[-9.66747,39.79792],[-9.66826,39.80208],[-9.66458,39.80563],[-9.66428,39.80625],[-9.66409,39.81042],[-9.66458,39.81089],[-9.66875,39.81154],[-9.67292,39.8108],[-9.67653,39.81458],[-9.67693,39.81875],[-9.67708,39.81905],[-9.68008,39.82292],[-9.67708,39.82658],[-9.67689,39.82708],[-9.67708,39.82734],[-9.68125,39.82871],[-9.685,39.83125],[-9.68527,39.83542],[-9.68509,39.83958],[-9.68476,39.84375],[-9.68507,39.84792],[-9.68542,39.84826],[-9.68637,39.84792],[-9.68958,39.84648],[-9.69325,39.84792],[-9.69361,39.85208],[-9.68958,39.85598],[-9.68943,39.85625],[-9.68917,39.86042],[-9.68542,39.86371],[-9.68482,39.86458],[-9.68542,39.86534],[-9.68939,39.86875],[-9.68949,39.87292],[-9.68958,39.87303],[-9.69257,39.87708],[-9.69375,39.87823],[-9.69792,39.87901],[-9.70208,39.8784],[-9.70625,39.87833],[-9.71042,39.87832],[-9.71458,39.87934],[-9.71649,39.88125],[-9.71684,39.88542],[-9.71875,39.88823],[-9.72245,39.88958],[-9.72292,39.88983],[-9.72708,39.88994],[-9.73125,39.89281],[-9.73542,39.89262],[-9.73958,39.89245],[-9.74375,39.89275],[-9.74792,39.89257],[-9.75086,39.89375],[-9.75208,39.89669],[-9.75276,39.89792],[-9.75208,39.89907],[-9.75049,39.90208],[-9.74792,39.90532],[-9.74735,39.90625],[-9.74514,39.91042],[-9.74792,39.91229],[-9.75208,39.91373],[-9.75536,39.91458],[-9.75625,39.91486],[-9.75937,39.91458],[-9.76042,39.91446],[-9.76062,39.91458],[-9.7643,39.91875],[-9.76323,39.92292],[-9.76439,39.92708],[-9.76458,39.92728],[-9.76577,39.92708],[-9.76875,39.92639],[-9.76979,39.92708],[-9.77222,39.93125],[-9.7726,39.93542],[-9.77194,39.93958],[-9.77004,39.94375],[-9.7691,39.94792],[-9.76984,39.95208],[-9.77048,39.95625],[-9.76875,39.95979],[-9.76849,39.96042],[-9.76712,39.96458],[-9.76458,39.96675],[-9.76042,39.96781],[-9.75625,39.96865],[-9.75613,39.96875],[-9.75499,39.97292],[-9.75574,39.97708],[-9.75625,39.98125],[-9.7545,39.98542],[-9.75208,39.98926],[-9.75184,39.98958],[-9.74979,39.99375],[-9.75075,39.99792],[-9.75075,40]]},"properties":{"fid":170,"ID":169,"ELEV":-1000}},
{"type":"Feature","geometry":{"type":"LineString","coordinates":[[-0.32708,39.31458],[-0.33125,39.31458],[-0.32708,39.31875],[-0.32708,39.32292],[-0.32708,39.32708],[-0.33125,39.33125],[-0.33125,39.33542],[-0.33125,39.33958],[-0.33542,39.34375],[-0.33542,39.34792],[-0.33542,39.35208],[-0.33542,39.35625],[-0.33542,39.35208],[-0.33125,39.34896],[-0.33021,39.34792],[-0.33021,39.34375],[-0.33125,39.33958],[-0.32708,39.33681],[-0.32569,39.33542],[-0.32708,39.33125],[-0.32292,39.32708],[-0.32292,39.32292],[-0.31875,39.32014],[-0.31736,39.31875],[-0.31875,39.31667],[-0.32292,39.31875],[-0.32708,39.31458]]},"properties":{"fid":182,"ID":181,"ELEV":0}},
{"type":"Feature","geometry":{"type":"LineString","coordinates":[[-0.37569,39.31042],[-0.37708,39.30833],[-0.38125,39.31042],[-0.37708,39.31181],[-0.37569,39.31042]]},"properties":{"fid":183,"ID":182,"ELEV":0}},
{"type":"Feature","geometry":{"type":"LineString","coordinates":[[-0.33125,39.30625],[-0.33542,39.30417],[-0.3375,39.30625],[-0.33542,39.30833],[-0.33125,39.30625]]},"properties":{"fid":184,"ID":183,"ELEV":0}},
{"type":"Feature","geometry":{"type":"LineString","coordinates":[[-0.26042,39.21875],[-0.25833,39.22292],[-0.26042,39.22708],[-0.26042,39.23125],[-0.2625,39.23542],[-0.26458,39.23958],[-0.26667,39.24375],[-0.26667,39.24792],[-0.26458,39.25208],[-0.26771,39.25625],[-0.26875,39.26042],[-0.27153,39.26458],[-0.27292,39.26667],[-0.27431,39.26875],[-0.27708,39.27292],[-0.27986,39.27708],[-0.28125,39.28125],[-0.28264,39.28542],[-0.28542,39.28958],[-0.28819,39.29375],[-0.28958,39.29583],[-0.29097,39.29792],[-0.29375,39.30208],[-0.29375,39.30625],[-0.29792,39.30833],[-0.3,39.31042],[-0.30208,39.31181],[-0.30486,39.31458],[-0.30625,39.31667],[-0.30764,39.31875],[-0.31042,39.32292],[-0.3125,39.32708],[-0.31458,39.33125],[-0.31667,39.33542],[-0.31875,39.3375],[-0.32014,39.33958],[-0.32188,39.34375],[-0.32292,39.34792],[-0.32458,39.35208],[-0.32569,39.35625],[-0.32708,39.35903],[-0.32847,39.36042],[-0.32847,39.36458],[-0.32986,39.36875],[-0.33125,39.37083],[-0.33264,39.37292],[-0.33333,39.37708],[-0.33403,39.38125],[-0.33437,39.38542],[-0.33403,39.38958],[-0.33542,39.39375],[-0.33542,39.39792],[-0.33125,39.40208],[-0.33542,39.40625],[-0.33958,39.41042],[-0.34375,39.41458],[-0.34792,39.41458],[-0.34792,39.41875],[-0.35208,39.42292],[-0.35625,39.425],[-0.35764,39.42292],[-0.36042,39.41875],[-0.35625,39.41458],[-0.36042,39.41042],[-0.35625,39.40625],[-0.35208,39.40625],[-0.34792,39.40625],[-0.35208,39.40208],[-0.35625,39.40625],[-0.36042,39.41042],[-0.36458,39.41042],[-0.36875,39.41458],[-0.37292,39.41042],[-0.375,39.40625],[-0.37292,39.40417],[-0.36875,39.40208],[-0.36875,39.39792],[-0.36458,39.39375],[-0.36875,39.39792],[-0.37292,39.39375],[-0.37708,39.39375],[-0.38125,39.38958],[-0.37708,39.38542],[-0.38125,39.38125],[-0.38542,39.37708],[-0.38958,39.37292],[-0.38542,39.36875],[-0.38542,39.36458],[-0.38958,39.36875],[-0.39167,39.36458],[-0.39375,39.36042],[-0.39375,39.35625],[-0.39792,39.35625],[-0.4,39.35208],[-0.39792,39.34792],[-0.39375,39.34792],[-0.39792,39.34792],[-0.40208,39.34375],[-0.4,39.33958],[-0.39931,39.33542],[-0.4,39.33125],[-0.39792,39.32917],[-0.39653,39.33125],[-0.39375,39.33403],[-0.38958,39.33542],[-0.38958,39.33958],[-0.38958,39.33542],[-0.38958,39.33125],[-0.38958,39.32708],[-0.38958,39.32292],[-0.38958,39.31875],[-0.39375,39.32083],[-0.39653,39.32292],[-0.39792,39.325],[-0.4,39.32292],[-0.39931,39.31875],[-0.39792,39.31667],[-0.39375,39.31458],[-0.38958,39.31042],[-0.38542,39.30625],[-0.38125,39.30208],[-0.38125,39.29792],[-0.37708,39.29375],[-0.37292,39.29375],[-0.36875,39.29792],[-0.36458,39.29375],[-0.36042,39.29375],[-0.35625,39.29375],[-0.36042,39.29375],[-0.36458,39.29375],[-0.36875,39.28958],[-0.37083,39.28542],[-0.36875,39.28125],[-0.36458,39.27708],[-0.36042,39.27292],[-0.35625,39.27292],[-0.35625,39.26875],[-0.35208,39.26458],[-0.34792,39.26875],[-0.34792,39.26458],[-0.34375,39.26042],[-0.33958,39.25625],[-0.33542,39.25625],[-0.33125,39.25625],[-0.32708,39.25208],[-0.32292,39.25208],[-0.31875,39.24792],[-0.31458,39.24792],[-0.31042,39.24375],[-0.30625,39.23958],[-0.30208,39.23958],[-0.29792,39.23958],[-0.29792,39.23542],[-0.29375,39.23333],[-0.28958,39.23542],[-0.28542,39.23958],[-0.28542,39.24375],[-0.28125,39.24375],[-0.28125,39.23958],[-0.27708,39.23542],[-0.28125,39.23125],[-0.28125,39.22708],[-0.27708,39.22292],[-0.27292,39.22292],[-0.26875,39.21875],[-0.26458,39.21875],[-0.26042,39.21875]]},"properties":{"fid":194,"ID":193,"ELEV":0}},
{"type":"Feature","geometry":{"type":"LineString","coordinates":[[-0.25208,39.20625],[-0.25,39.21042],[-0.25208,39.21458],[-0.25625,39.21875],[-0.26042,39.21875],[-0.26458,39.21458],[-0.26042,39.21042],[-0.25625,39.21042],[-0.25208,39.20625]]},"properties":{"fid":196,"ID":195,"ELEV":0}},
{"type":"Feature","geometry":{"type":"LineString","coordinates":[[-0.23542,39.15625],[-0.23542,39.16042],[-0.23542,39.15625]]},"properties":{"fid":198,"ID":197,"ELEV":0}},
{"type":"Feature","geometry":{"type":"LineString","coordinates":[[-8.95208,38.97292],[-8.94792,38.97708],[-8.95208,38.98125],[-8.95625,38.97708],[-8.95208,38.97292]]},"properties":{"fid":212,"ID":211,"ELEV":0}},
{"type":"Feature","geometry":{"type":"LineString","coordinates":[[-8.95625,38.96875],[-8.95208,38.97292],[-8.95625,38.97708],[-8.96042,38.97292],[-8.95625,38.96875]]},"properties":{"fid":214,"ID":213,"ELEV":0}},
{"type":"Feature","geometry":{"type":"LineString","coordinates":[[-8.96042,38.96458],[-8.95625,38.96875],[-8.96042,38.97292],[-8.96458,38.96875],[-8.96042,38.96458]]},"properties":{"fid":215,"ID":214,"ELEV":0}},
{"type":"Feature","geometry":{"type":"LineString","coordinates":[[-8.96458,38.9625],[-8.96042,38.96458],[-8.96458,38.96875],[-8.96875,38.96458],[-8.96458,38.9625]]},"properties":{"fid":217,"ID":216,"ELEV":0}},
{"type":"Feature","geometry":{"type":"LineString","coordinates":[[-9.01375,38.88542],[-9.01458,38.88438],[-9.01597,38.88542],[-9.01667,38.88958],[-9.01458,38.89125],[-9.01042,38.88958],[-9.01375,38.88542]]},"properties":{"fid":229,"ID":228,"ELEV":0}},
{"type":"Feature","geometry":{"type":"LineString","coordinates":[[-8.99583,38.88542],[-8.99792,38.88264],[-9,38.88542],[-8.99792,38.88646],[-8.99583,38.88542]]},"properties":{"fid":230,"ID":229,"ELEV":0}},
{"type":"Feature","geometry":{"type":"LineString","coordinates":[[-9.03542,38.87083],[-9.03333,38.87292],[-9.03542,38.87569],[-9.0375,38.87292],[-9.03542,38.87083]]},"properties":{"fid":232,"ID":231,"ELEV":0}},
{"type":"Feature","geometry":{"type":"LineString","coordinates":[[-0.06875,38.86875],[-0.06458,38.87292],[-0.06875,38.87708],[-0.07292,38.87292],[-0.06875,38.86875]]},"properties":{"fid":233,"ID":232,"ELEV":0}},
{"type":"Feature","geometry":{"type":"LineString","coordinates":[[-0.02708,38.87188],[-0.02292,38.87292],[-0.02708,38.87431],[-0.02847,38.87292],[-0.02708,38.87188]]},"properties":{"fid":234,"ID":233,"ELEV":0}},
{"type":"Feature","geometry":{"type":"LineString","coordinates":[[0,39.92847],[-0.00208,39.92847],[-0.00347,39.92708],[-0.00417,39.92292],[-0.00625,39.92042],[-0.00792,39.91875],[-0.00958,39.91458],[-0.01042,39.91354],[-0.01292,39.91042],[-0.01458,39.90833],[-0.01625,39.90625],[-0.01875,39.90375],[-0.02292,39.90208],[-0.02708,39.89792],[-0.03125,39.89625],[-0.03438,39.89375],[-0.03542,39.89236],[-0.03958,39.88958],[-0.04375,39.88542],[-0.04792,39.88125],[-0.05208,39.87708],[-0.05625,39.87375],[-0.05833,39.87292],[-0.06042,39.86875],[-0.06458,39.86458],[-0.06875,39.86042],[-0.07292,39.86042],[-0.07708,39.86125],[-0.08125,39.86181],[-0.08264,39.86042],[-0.08542,39.85764],[-0.08646,39.85625],[-0.08958,39.85375],[-0.09167,39.85208],[-0.09062,39.84792],[-0.09375,39.84479],[-0.09583,39.84375],[-0.09792,39.84236],[-0.10069,39.83958],[-0.09958,39.83542],[-0.10208,39.83292],[-0.10375,39.83125],[-0.10625,39.82917],[-0.10833,39.82708],[-0.11042,39.825],[-0.1125,39.82292],[-0.11458,39.82042],[-0.11667,39.81875],[-0.11875,39.81667],[-0.12153,39.81458],[-0.12083,39.81042],[-0.12292,39.80764],[-0.12396,39.80625],[-0.12708,39.80208],[-0.13125,39.79792],[-0.13229,39.79375],[-0.13542,39.79063],[-0.1375,39.78958],[-0.13958,39.78819],[-0.14167,39.78542],[-0.14375,39.78264],[-0.14514,39.78125],[-0.14792,39.77847],[-0.15,39.77708],[-0.15042,39.77292],[-0.15208,39.77125],[-0.15417,39.76875],[-0.15625,39.76625],[-0.15833,39.76458],[-0.16042,39.76181],[-0.1625,39.76042],[-0.1625,39.75625],[-0.16458,39.75417],[-0.16597,39.75208],[-0.16875,39.75],[-0.17083,39.74792],[-0.17292,39.74583],[-0.17458,39.74375],[-0.17708,39.74125],[-0.17917,39.73958],[-0.18125,39.73542],[-0.18375,39.73125],[-0.18542,39.72917],[-0.18819,39.72708],[-0.18958,39.725],[-0.19167,39.72708],[-0.18958,39.73125],[-0.1875,39.73542],[-0.18542,39.73958],[-0.18333,39.74375],[-0.18125,39.74583],[-0.17917,39.74792],[-0.17708,39.75],[-0.17292,39.75208],[-0.16875,39.75625],[-0.16875,39.76042],[-0.17292,39.76458],[-0.17708,39.76042],[-0.18125,39.76042],[-0.18542,39.76458],[-0.18958,39.76875],[-0.19167,39.76458],[-0.18958,39.76042],[-0.18958,39.75625],[-0.19097,39.75208],[-0.18958,39.74792],[-0.19375,39.74875],[-0.19583,39.74792],[-0.19792,39.74583],[-0.20208,39.74479],[-0.20625,39.74375],[-0.20833,39.73958],[-0.21042,39.73542],[-0.21042,39.73125],[-0.20625,39.72708],[-0.20208,39.72292],[-0.20625,39.71875],[-0.20625,39.71458],[-0.20208,39.71042],[-0.19792,39.71458],[-0.19583,39.71875],[-0.19375,39.72083],[-0.18958,39.72083],[-0.18875,39.71875],[-0.18958,39.71771],[-0.19208,39.71458],[-0.19375,39.71181],[-0.19514,39.71042],[-0.19583,39.70625],[-0.19625,39.70208],[-0.19792,39.69931],[-0.19931,39.69792],[-0.19931,39.69375],[-0.2,39.68958],[-0.20208,39.68646],[-0.20292,39.68542],[-0.20327,39.68125],[-0.20327,39.67708],[-0.20417,39.67292],[-0.20625,39.66875],[-0.20718,39.66458],[-0.21042,39.66042],[-0.21111,39.65625],[-0.21042,39.65542],[-0.20903,39.65208],[-0.21042,39.64875],[-0.21181,39.65208],[-0.21458,39.65465],[-0.21875,39.65495],[-0.22181,39.65208],[-0.22292,39.65],[-0.22477,39.64792],[-0.22708,39.64444],[-0.22847,39.64375],[-0.23125,39.64097],[-0.23208,39.63958],[-0.23542,39.6372],[-0.23958,39.63681],[-0.24167,39.63542],[-0.24375,39.63403],[-0.24653,39.63125],[-0.24792,39.62986],[-0.25069,39.62708],[-0.25208,39.62604],[-0.25521,39.62292],[-0.25625,39.61875],[-0.26042,39.61736],[-0.26319,39.61458],[-0.26319,39.61042],[-0.26458,39.60903],[-0.26667,39.60625],[-0.26667,39.60208],[-0.26875,39.59931],[-0.27153,39.59792],[-0.27083,39.59375],[-0.27153,39.58958],[-0.27014,39.58542],[-0.27292,39.58208],[-0.27396,39.58125],[-0.27458,39.57708],[-0.27708,39.575],[-0.27958,39.57292],[-0.27827,39.56875],[-0.28125,39.56528],[-0.28185,39.56458],[-0.28403,39.56042],[-0.28542,39.55833],[-0.28681,39.55625],[-0.28958,39.55347],[-0.29063,39.55208],[-0.29375,39.54896],[-0.29444,39.54792],[-0.29792,39.54494],[-0.29911,39.54375],[-0.30208,39.54115],[-0.30387,39.53958],[-0.30625,39.5372],[-0.31042,39.53542],[-0.30937,39.53125],[-0.31042,39.52986],[-0.31319,39.52708],[-0.31458,39.52569],[-0.31736,39.52292],[-0.31667,39.51875],[-0.31875,39.51458],[-0.32042,39.51042],[-0.32042,39.50625],[-0.32292,39.50312],[-0.32431,39.50208],[-0.32431,39.49792],[-0.32458,39.49375],[-0.32361,39.48958],[-0.32411,39.48542],[-0.3247,39.48125],[-0.3247,39.47708],[-0.32431,39.47292],[-0.32431,39.46875],[-0.32396,39.46458],[-0.32708,39.46146],[-0.32792,39.46042],[-0.33021,39.45625],[-0.33056,39.45208],[-0.33125,39.44792],[-0.33542,39.44514],[-0.33958,39.44375],[-0.33542,39.43958],[-0.33646,39.43542],[-0.3375,39.43125],[-0.33958,39.42708],[-0.33542,39.42604],[-0.33363,39.42292],[-0.33333,39.41875],[-0.33333,39.41458],[-0.33437,39.41042],[-0.33125,39.40625],[-0.33125,39.40208],[-0.33125,39.39792],[-0.32708,39.39479],[-0.32649,39.39375],[-0.32589,39.38958],[-0.32569,39.38542],[-0.32292,39.38304],[-0.32153,39.38125],[-0.32153,39.37708],[-0.32125,39.37292],[-0.32014,39.36875],[-0.31875,39.36771],[-0.31696,39.36458],[-0.31696,39.36042],[-0.31458,39.35708],[-0.31399,39.35625],[-0.31389,39.35208],[-0.31042,39.34861],[-0.30982,39.34792],[-0.30923,39.34375],[-0.30937,39.33958],[-0.30625,39.33708],[-0.30506,39.33542],[-0.30486,39.33125],[-0.30208,39.32847],[-0.30069,39.32708],[-0.30042,39.32292],[-0.29792,39.31979],[-0.29722,39.31875],[-0.29653,39.31458],[-0.29375,39.31125],[-0.29306,39.31042],[-0.29375,39.30625],[-0.28958,39.30347],[-0.28854,39.30208],[-0.28854,39.29792],[-0.28542,39.29542],[-0.28403,39.29375],[-0.28125,39.29097],[-0.28021,39.28958],[-0.27986,39.28542],[-0.27708,39.28403],[-0.275,39.28125],[-0.27431,39.27708],[-0.27292,39.275],[-0.27125,39.27292],[-0.26875,39.27083],[-0.26719,39.26875],[-0.26708,39.26458],[-0.26458,39.2625],[-0.26319,39.26042],[-0.26042,39.25792],[-0.25903,39.25625],[-0.25982,39.25208],[-0.26042,39.24792],[-0.25625,39.24514],[-0.25521,39.24375],[-0.25208,39.24063],[-0.25125,39.23958],[-0.25116,39.23542],[-0.25125,39.23125],[-0.24792,39.22887],[-0.24613,39.22708],[-0.24375,39.22375],[-0.24292,39.22292],[-0.24208,39.21875],[-0.23958,39.21625],[-0.23792,39.21458],[-0.23542,39.21146],[-0.23472,39.21042],[-0.23375,39.20625],[-0.23125,39.20313],[-0.23056,39.20208],[-0.22708,39.19861],[-0.22656,39.19792],[-0.22589,39.19375],[-0.22292,39.1931],[-0.2197,39.18958],[-0.21875,39.18854],[-0.21581,39.18542],[-0.21875,39.18157],[-0.22014,39.18125],[-0.22292,39.17887],[-0.22708,39.17801],[-0.23125,39.17726],[-0.23163,39.17708],[-0.23177,39.17292],[-0.23542,39.16927],[-0.23611,39.16875],[-0.23958,39.16577],[-0.24007,39.16458],[-0.24028,39.16042],[-0.24167,39.15625],[-0.24375,39.15417],[-0.24625,39.15208],[-0.24375,39.14958],[-0.23958,39.15052],[-0.23698,39.14792],[-0.2372,39.14375],[-0.2375,39.13958],[-0.23542,39.13819],[-0.23304,39.13542],[-0.23292,39.13125],[-0.23542,39.12708],[-0.23125,39.12569],[-0.22917,39.12292],[-0.23006,39.11875],[-0.22708,39.11615],[-0.2253,39.11458],[-0.22542,39.11042],[-0.22292,39.10833],[-0.22153,39.10625],[-0.22113,39.10208],[-0.22113,39.09792],[-0.21875,39.09583],[-0.21708,39.09375],[-0.21667,39.08958],[-0.21458,39.08802],[-0.2125,39.08542],[-0.2125,39.08125],[-0.21042,39.07917],[-0.20833,39.07708],[-0.20792,39.07292],[-0.20792,39.06875],[-0.20625,39.06708],[-0.20417,39.06458],[-0.20208,39.0625],[-0.2003,39.06042],[-0.19792,39.05856],[-0.19583,39.05625],[-0.19583,39.05208],[-0.19375,39.05],[-0.19167,39.04792],[-0.19167,39.04375],[-0.18958,39.04125],[-0.18819,39.03958],[-0.18542,39.03625],[-0.18482,39.03542],[-0.18403,39.03125],[-0.18125,39.02792],[-0.18042,39.02708],[-0.17708,39.0247],[-0.175,39.02292],[-0.17292,39.02196],[-0.16994,39.01875],[-0.16913,39.01458],[-0.16875,39.01417],[-0.16562,39.01042],[-0.16458,39.00938],[-0.1619,39.00625],[-0.16125,39.00208],[-0.16042,39.00116],[-0.15718,38.99792],[-0.15625,38.99673],[-0.15327,38.99375],[-0.15208,38.99208],[-0.15069,38.98958],[-0.14792,38.98646],[-0.14708,38.98542],[-0.14653,38.98125],[-0.14375,38.97946],[-0.14137,38.97708],[-0.13958,38.975],[-0.13708,38.97292],[-0.13542,38.97083],[-0.13333,38.96875],[-0.13125,38.96747],[-0.12875,38.96458],[-0.12708,38.9625],[-0.12458,38.96042],[-0.12292,38.95856],[-0.12083,38.95625],[-0.11875,38.95394],[-0.11708,38.95208],[-0.11458,38.95],[-0.1128,38.94792],[-0.11042,38.94514],[-0.1089,38.94375],[-0.10625,38.94083],[-0.10486,38.93958],[-0.10208,38.93681],[-0.10052,38.93542],[-0.09792,38.93244],[-0.09653,38.93125],[-0.09375,38.92887],[-0.08958,38.9276],[-0.08912,38.92708],[-0.0875,38.92292],[-0.08542,38.92135],[-0.08125,38.9206],[-0.0794,38.91875],[-0.07708,38.91615],[-0.07552,38.91458],[-0.07292,38.91198],[-0.07153,38.91042],[-0.06875,38.90792],[-0.06458,38.90777],[-0.06292,38.90625],[-0.06042,38.90417],[-0.05833,38.90208],[-0.05625,38.89931],[-0.05469,38.89792],[-0.05208,38.89494],[-0.05089,38.89375],[-0.04792,38.89077],[-0.04375,38.89018],[-0.04315,38.88958],[-0.03958,38.88681],[-0.03802,38.88542],[-0.03542,38.8831],[-0.03125,38.88314],[-0.02917,38.88125],[-0.02708,38.87827],[-0.02589,38.87708],[-0.02292,38.87292],[-0.01875,38.87443],[-0.01708,38.87292],[-0.01458,38.87064],[-0.01198,38.86875],[-0.01042,38.86625],[-0.00625,38.86577],[-0.00208,38.86563],[0,38.86563]]},"properties":{"fid":237,"ID":236,"ELEV":0}},
{"type":"Feature","geometry":{"type":"LineString","coordinates":[[-9.03958,38.86625],[-9.03708,38.86875],[-9.03958,38.87125],[-9.04375,38.87083],[-9.04583,38.86875],[-9.04375,38.86597],[-9.03958,38.86625]]},"properties":{"fid":238,"ID":237,"ELEV":0}},
{"type":"Feature","geometry":{"type":"LineString","coordinates":[[-0.05625,38.86667],[-0.05208,38.86875],[-0.05625,38.87292],[-0.05833,38.86875],[-0.05625,38.86667]]},"properties":{"fid":239,"ID":238,"ELEV":0}},
{"type":"Feature","geometry":{"type":"LineString","coordinates":[[-9.04792,38.86319],[-9.04583,38.86458],[-9.04792,38.86597],[-9.04875,38.86458],[-9.04792,38.86319]]},"properties":{"fid":240,"ID":239,"ELEV":0}},
{"type":"Feature","geometry":{"type":"LineString","coordinates":[[-8.98542,38.86042],[-8.98125,38.86458],[-8.97917,38.86875],[-8.97847,38.87292],[-8.98125,38.87458],[-8.98403,38.87292],[-8.98542,38.87188],[-8.98854,38.86875],[-8.98958,38.86458],[-8.98542,38.86042]]},"properties":{"fid":241,"ID":240,"ELEV":0}},
{"type":"Feature","geometry":{"type":"LineString","coordinates":[[-8.98958,38.85625],[-8.98542,38.86042],[-8.98958,38.86458],[-8.99375,38.86458],[-8.99792,38.86458],[-9.00208,38.86042],[-8.99792,38.85625],[-8.99375,38.85625],[-8.98958,38.85625]]},"properties":{"fid":243,"ID":242,"ELEV":0}},
{"type":"Feature","geometry":{"type":"LineString","coordinates":[[-0.05208,38.85603],[-0.04792,38.85625],[-0.04792,38.86042],[-0.05208,38.86458],[-0.05625,38.86042],[-0.06042,38.85625],[-0.05625,38.85556],[-0.05208,38.85603]]},"properties":{"fid":244,"ID":243,"ELEV":0}},
{"type":"Feature","geometry":{"type":"LineString","coordinates":[[-9.01458,38.85417],[-9.01319,38.85625],[-9.01458,38.85833],[-9.01597,38.85625],[-9.01458,38.85417]]},"properties":{"fid":245,"ID":244,"ELEV":0}},
{"type":"Feature","geometry":{"type":"LineString","coordinates":[[-9.06458,38.84792],[-9.06354,38.85208],[-9.06458,38.85255],[-9.06597,38.85208],[-9.06458,38.84792]]},"properties":{"fid":246,"ID":245,"ELEV":0}},
{"type":"Feature","geometry":{"type":"LineString","coordinates":[[-9.06042,38.83958],[-9.05625,38.84375],[-9.06042,38.84792],[-9.06181,38.84375],[-9.06042,38.83958]]},"properties":{"fid":248,"ID":247,"ELEV":0}},
{"type":"Feature","geometry":{"type":"LineString","coordinates":[[-9.02708,38.8375],[-9.025,38.83958],[-9.02431,38.84375],[-9.025,38.84792],[-9.02431,38.85208],[-9.02292,38.85347],[-9.02083,38.85625],[-9.02292,38.86042],[-9.01875,38.86181],[-9.01458,38.86181],[-9.01042,38.86042],[-9.00625,38.86458],[-9.01042,38.86875],[-9.01458,38.86667],[-9.01875,38.86875],[-9.01597,38.87292],[-9.01458,38.87396],[-9.01146,38.87708],[-9.01042,38.87917],[-9.00903,38.88125],[-9.00625,38.88333],[-9.00347,38.88125],[-9.00625,38.87708],[-9.00208,38.87292],[-8.99792,38.86875],[-8.99375,38.87292],[-8.98958,38.87292],[-8.98646,38.87708],[-8.98542,38.88125],[-8.98958,38.88542],[-8.98542,38.88958],[-8.98958,38.89375],[-8.98958,38.89792],[-8.98542,38.90208],[-8.98542,38.90625],[-8.98542,38.91042],[-8.98958,38.9125],[-8.98988,38.91458],[-8.99054,38.91875],[-8.99018,38.92292],[-8.99375,38.92625],[-8.99489,38.92708],[-8.99653,38.93125],[-8.99792,38.93171],[-8.99833,38.93125],[-9.00208,38.92813],[-9.00304,38.92708],[-9.00625,38.92361],[-9.00681,38.92292],[-9.00799,38.91875],[-9.00625,38.91528],[-9.00394,38.91875],[-9.00208,38.92027],[-8.99844,38.92292],[-8.99792,38.92338],[-8.9976,38.92292],[-8.9962,38.91875],[-8.99714,38.91458],[-8.99792,38.9138],[-9.00179,38.91042],[-9.00208,38.90833],[-9.00417,38.90625],[-9.00208,38.90208],[-9.00556,38.89792],[-9.00625,38.89514],[-9.00903,38.89792],[-9.01042,38.90208],[-9.01458,38.90417],[-9.01597,38.90208],[-9.01875,38.89792],[-9.02014,38.89375],[-9.02083,38.88958],[-9.02292,38.88681],[-9.02431,38.88542],[-9.02708,38.88264],[-9.02812,38.88125],[-9.02708,38.88021],[-9.02458,38.87708],[-9.02708,38.87458],[-9.03021,38.87708],[-9.03125,38.87812],[-9.03333,38.87708],[-9.03125,38.87569],[-9.02917,38.87292],[-9.02958,38.86875],[-9.03125,38.86708],[-9.03438,38.86458],[-9.03542,38.86375],[-9.03958,38.86042],[-9.04375,38.85625],[-9.04375,38.85208],[-9.04375,38.84792],[-9.04167,38.84375],[-9.03958,38.83958],[-9.0375,38.84375],[-9.03542,38.84583],[-9.03125,38.84375],[-9.02917,38.83958],[-9.02708,38.8375]]},"properties":{"fid":249,"ID":248,"ELEV":0}},
{"type":"Feature","geometry":{"type":"LineString","coordinates":[[-9.04375,38.83681],[-9.03958,38.83958],[-9.04375,38.84236],[-9.04542,38.83958],[-9.04375,38.83681]]},"properties":{"fid":250,"ID":249,"ELEV":0}},
{"type":"Feature","geometry":{"type":"LineString","coordinates":[[-9.07292,38.8315],[-9.06921,38.83542],[-9.06905,38.83958],[-9.06875,38.83996],[-9.06667,38.83958],[-9.06458,38.8375],[-9.06042,38.83958],[-9.06458,38.84097],[-9.06528,38.84375],[-9.06458,38.84792],[-9.06875,38.85042],[-9.07054,38.84792],[-9.07292,38.84583],[-9.07443,38.84375],[-9.0761,38.83958],[-9.07625,38.83542],[-9.07292,38.8315]]},"properties":{"fid":251,"ID":250,"ELEV":0}},
{"type":"Feature","geometry":{"type":"LineString","coordinates":[[-9.05625,38.8275],[-9.0525,38.83125],[-9.05625,38.835],[-9.06042,38.83125],[-9.05625,38.8275]]},"properties":{"fid":252,"ID":251,"ELEV":0}},
{"type":"Feature","geometry":{"type":"LineString","coordinates":[[-9.06042,38.82326],[-9.0566,38.82708],[-9.06042,38.83125],[-9.06328,38.82708],[-9.06042,38.82326]]},"properties":{"fid":253,"ID":252,"ELEV":0}},
{"type":"Feature","geometry":{"type":"LineString","coordinates":[[-9.08125,38.82153],[-9.07917,38.82292],[-9.07812,38.82708],[-9.08125,38.82887],[-9.08281,38.82708],[-9.08229,38.82292],[-9.08125,38.82153]]},"properties":{"fid":254,"ID":253,"ELEV":0}},
{"type":"Feature","geometry":{"type":"LineString","coordinates":[[-9.00208,38.81875],[-8.99792,38.82292],[-9.00208,38.825],[-9.00417,38.82292],[-9.00208,38.81875]]},"properties":{"fid":255,"ID":254,"ELEV":0}},
{"type":"Feature","geometry":{"type":"LineString","coordinates":[[-9.03958,38.81667],[-9.03542,38.81875],[-9.03958,38.82083],[-9.04042,38.82292],[-9.03958,38.82396],[-9.03646,38.82708],[-9.03542,38.83125],[-9.03958,38.83542],[-9.04375,38.83403],[-9.04479,38.83542],[-9.04792,38.8375],[-9.05,38.83542],[-9.04792,38.83229],[-9.04653,38.83125],[-9.04792,38.82917],[-9.05,38.82708],[-9.04792,38.82292],[-9.04375,38.81875],[-9.03958,38.81667]]},"properties":{"fid":257,"ID":256,"ELEV":0}},
{"type":"Feature","geometry":{"type":"LineString","coordinates":[[-9.08542,38.81667],[-9.08403,38.81875],[-9.08542,38.81979],[-9.0858,38.81875],[-9.08542,38.81667]]},"properties":{"fid":258,"ID":257,"ELEV":0}},
{"type":"Feature","geometry":{"type":"LineString","coordinates":[[-9.07708,38.81161],[-9.07411,38.81458],[-9.07708,38.81806],[-9.07969,38.81458],[-9.07708,38.81161]]},"properties":{"fid":259,"ID":258,"ELEV":0}},
{"type":"Feature","geometry":{"type":"LineString","coordinates":[[-10,38.79775],[-9.99792,38.79775],[-9.99775,38.79792],[-9.99783,38.80208],[-9.99706,38.80625],[-9.99375,38.8103],[-9.99367,38.81042],[-9.99375,38.81053],[-9.99792,38.81073],[-10,38.81073]]},"properties":{"fid":263,"ID":262,"ELEV":-1000}},
{"type":"Feature","geometry":{"type":"LineString","coordinates":[[-9.01875,38.79375],[-9.01458,38.79792],[-9.01458,38.80208],[-9.01875,38.80625],[-9.02292,38.80417],[-9.02708,38.80208],[-9.02292,38.79792],[-9.01875,38.79375]]},"properties":{"fid":264,"ID":263,"ELEV":0}},
{"type":"Feature","geometry":{"type":"LineString","coordinates":[[-9.08542,38.7875],[-9.08333,38.78958],[-9.08125,38.79167],[-9.07917,38.79375],[-9.08125,38.79583],[-9.08333,38.79792],[-9.08542,38.8],[-9.0875,38.80208],[-9.08958,38.80313],[-9.09028,38.80208],[-9.09097,38.79792],[-9.09062,38.79375],[-9.09062,38.78958],[-9.08958,38.7875],[-9.08542,38.7875]]},"properties":{"fid":266,"ID":265,"ELEV":0}},
{"type":"Feature","geometry":{"type":"LineString","coordinates":[[-8.98958,38.78542],[-8.98542,38.78958],[-8.98125,38.79375],[-8.98542,38.79792],[-8.98958,38.79792],[-8.98958,38.80208],[-8.98542,38.80208],[-8.98125,38.80347],[-8.97847,38.80625],[-8.97847,38.81042],[-8.98125,38.81319],[-8.98542,38.81042],[-8.98958,38.8125],[-8.99167,38.81042],[-8.99375,38.80833],[-8.99583,38.81042],[-8.99792,38.8125],[-9.00208,38.81458],[-9.00208,38.81875],[-9.00625,38.82083],[-9.00833,38.82292],[-9.01042,38.825],[-9.0125,38.82708],[-9.01458,38.83125],[-9.01875,38.83125],[-9.02292,38.82986],[-9.02708,38.82708],[-9.02917,38.82292],[-9.02917,38.81875],[-9.02708,38.81667],[-9.02292,38.81458],[-9.01875,38.81042],[-9.01458,38.81042],[-9.01875,38.80625],[-9.01458,38.80208],[-9.01042,38.79792],[-9.01458,38.79375],[-9.01042,38.78958],[-9.00625,38.78542],[-9.00208,38.78542],[-8.99792,38.7875],[-8.99375,38.78542],[-8.98958,38.78542]]},"properties":{"fid":267,"ID":266,"ELEV":0}},
{"type":"Feature","geometry":{"type":"LineString","coordinates":[[-8.97708,38.7875],[-8.97292,38.78958],[-8.97708,38.79167],[-8.98125,38.78958],[-8.97708,38.7875]]},"properties":{"fid":268,"ID":267,"ELEV":0}},
{"type":"Feature","geometry":null,"properties":{"fid":273,"ID":272,"ELEV":0}},
{"type":"Feature","geometry":{"type":"LineString","coordinates":[[-8.92708,38.76319],[-8.92604,38.76458],[-8.92431,38.76875],[-8.92708,38.77083],[-8.92875,38.77292],[-8.92875,38.77708],[-8.93125,38.78021],[-8.93264,38.78125],[-8.93542,38.78292],[-8.93958,38.78125],[-8.94208,38.77708],[-8.93958,38.77458],[-8.9375,38.77292],[-8.93542,38.77083],[-8.93264,38.76875],[-8.93125,38.76771],[-8.92812,38.76458],[-8.92708,38.76319]]},"properties":{"fid":277,"ID":276,"ELEV":0}},
{"type":"Feature","geometry":{"type":"LineString","coordinates":[[-9.00625,38.75833],[-9.00417,38.76042],[-9.00625,38.7625],[-9.00764,38.76042],[-9.00625,38.75833]]},"properties":{"fid":278,"ID":277,"ELEV":0}},
{"type":"Feature","geometry":{"type":"LineString","coordinates":[[-8.92292,38.74931],[-8.91875,38.75208],[-8.91875,38.75625],[-8.92292,38.75833],[-8.92708,38.75625],[-8.92708,38.75208],[-8.92292,38.74931]]},"properties":{"fid":279,"ID":278,"ELEV":0}},
{"type":"Feature","geometry":{"type":"LineString","coordinates":[[-8.98958,38.74583],[-8.98681,38.74792],[-8.98542,38.75],[-8.98333,38.75208],[-8.98333,38.75625],[-8.98542,38.75833],[-8.98958,38.75903],[-8.99097,38.76042],[-8.99375,38.76319],[-8.99792,38.7625],[-9,38.76042],[-9.00208,38.75625],[-9.00208,38.75208],[-8.99792,38.75],[-8.99583,38.74792],[-8.99375,38.74583],[-8.98958,38.74583]]},"properties":{"fid":280,"ID":279,"ELEV":0}},
{"type":"Feature","geometry":{"type":"LineString","coordinates":[[-9.00208,38.74236],[-9,38.74375],[-9.00208,38.74792],[-9.00417,38.74375],[-9.00208,38.74236]]},"properties":{"fid":281,"ID":280,"ELEV":0}},
{"type":"Feature","geometry":{"type":"LineString","coordinates":[[-10,38.73108],[-9.99792,38.73108],[-9.99777,38.73125],[-9.99375,38.73432],[-9.99279,38.73542],[-9.98958,38.73878],[-9.98883,38.73958],[-9.9879,38.74375],[-9.98542,38.74605],[-9.98125,38.74741],[-9.98068,38.74792],[-9.97708,38.75092],[-9.97577,38.75208],[-9.97292,38.75432],[-9.96875,38.75562],[-9.96803,38.75625],[-9.96458,38.75914],[-9.96042,38.76014],[-9.9601,38.76042],[-9.95625,38.76393],[-9.95556,38.76458],[-9.95208,38.76797],[-9.94792,38.76855],[-9.94765,38.76875],[-9.94375,38.77269],[-9.94355,38.77292],[-9.94357,38.77708],[-9.94299,38.78125],[-9.94305,38.78542],[-9.94375,38.7861],[-9.94792,38.78674],[-9.95208,38.78682],[-9.95625,38.7864],[-9.96042,38.78605],[-9.96458,38.78619],[-9.96875,38.78593],[-9.96973,38.78542],[-9.97292,38.78286],[-9.97708,38.7819],[-9.97807,38.78125],[-9.98125,38.77948],[-9.98542,38.77855],[-9.98958,38.77747],[-9.99029,38.77708],[-9.99375,38.77542],[-9.99792,38.77474],[-10,38.77474]]},"properties":{"fid":286,"ID":285,"ELEV":-1000}},
{"type":"Feature","geometry":{"type":"LineString","coordinates":[[-9.01042,38.69583],[-9.00833,38.69792],[-9.01042,38.7],[-9.01458,38.69931],[-9.01736,38.69792],[-9.01458,38.69375],[-9.01042,38.69583]]},"properties":{"fid":291,"ID":290,"ELEV":0}},
{"type":"Feature","geometry":{"type":"LineString","coordinates":[[-8.98125,38.69514],[-8.97917,38.69792],[-8.98125,38.7],[-8.98333,38.69792],[-8.98125,38.69514]]},"properties":{"fid":292,"ID":291,"ELEV":0}},
{"type":"Feature","geometry":{"type":"LineString","coordinates":[[-9.05417,38.68958],[-9.05625,38.68854],[-9.05708,38.68958],[-9.06042,38.69375],[-9.06458,38.69375],[-9.06042,38.69792],[-9.06042,38.69375],[-9.05625,38.69167],[-9.05417,38.68958]]},"properties":{"fid":298,"ID":297,"ELEV":0}},
{"type":"Feature","geometry":{"type":"LineString","coordinates":[[-9.06875,38.68542],[-9.07292,38.68542],[-9.06875,38.68542]]},"properties":{"fid":299,"ID":298,"ELEV":0}},
{"type":"Feature","geometry":{"type":"LineString","coordinates":[[-9.09375,38.65417],[-9.09236,38.65625],[-9.09375,38.65833],[-9.09514,38.66042],[-9.09792,38.66319],[-9.10208,38.6625],[-9.10625,38.6625],[-9.11042,38.66319],[-9.11458,38.66458],[-9.11875,38.66042],[-9.12187,38.65625],[-9.11875,38.65469],[-9.11458,38.65365],[-9.11042,38.65347],[-9.10625,38.65417],[-9.10417,38.65625],[-9.10208,38.65903],[-9.09792,38.65625],[-9.09375,38.65417]]},"properties":{"fid":306,"ID":305,"ELEV":0}},
{"type":"Feature","geometry":{"type":"LineString","coordinates":[[-9.99375,38.64864],[-9.99134,38.65208],[-9.99375,38.65366],[-9.99724,38.65208],[-9.99375,38.64864]]},"properties":{"fid":309,"ID":308,"ELEV":-2000}},
{"type":"Feature","geometry":{"type":"LineString","coordinates":[[-10,38.64485],[-9.99792,38.64485],[-9.99449,38.64792],[-9.99792,38.65139],[-10,38.65139]]},"properties":{"fid":312,"ID":311,"ELEV":-2000}},
{"type":"Feature","geometry":{"type":"LineString","coordinates":[[-9.10625,38.64458],[-9.10347,38.64792],[-9.10625,38.65069],[-9.11042,38.65069],[-9.11319,38.64792],[-9.11042,38.64458],[-9.10625,38.64458]]},"properties":{"fid":313,"ID":312,"ELEV":0}},
{"type":"Feature","geometry":{"type":"LineString","coordinates":[[-9.07292,38.64458],[-9.06958,38.64792],[-9.07292,38.64931],[-9.07708,38.65083],[-9.08032,38.64792],[-9.07708,38.64468],[-9.07292,38.64458]]},"properties":{"fid":314,"ID":313,"ELEV":0}},
{"type":"Feature","geometry":{"type":"LineString","coordinates":[[-9.11875,38.64167],[-9.11667,38.64375],[-9.11875,38.64479],[-9.12292,38.64583],[-9.12569,38.64792],[-9.12569,38.65208],[-9.12708,38.65278],[-9.13125,38.65208],[-9.12917,38.64792],[-9.12708,38.64583],[-9.12569,38.64375],[-9.12292,38.64315],[-9.11875,38.64167]]},"properties":{"fid":316,"ID":315,"ELEV":0}},
{"type":"Feature","geometry":{"type":"LineString","coordinates":[[-9.94429,38.63958],[-9.94792,38.63617],[-9.95208,38.63562],[-9.95625,38.63562],[-9.96042,38.63609],[-9.96403,38.63958],[-9.96439,38.64375],[-9.96042,38.64782],[-9.96034,38.64792],[-9.95625,38.65123],[-9.95208,38.65161],[-9.94792,38.65138],[-9.94375,38.65042],[-9.94023,38.64792],[-9.93988,38.64375],[-9.94375,38.64014],[-9.94429,38.63958]]},"properties":{"fid":318,"ID":317,"ELEV":-1000}},
{"type":"Feature","geometry":{"type":"LineString","coordinates":[[-9.06458,38.62292],[-9.06181,38.62708],[-9.06181,38.63125],[-9.06302,38.63542],[-9.06458,38.63792],[-9.06875,38.63875],[-9.07292,38.63958],[-9.07458,38.63542],[-9.07361,38.63125],[-9.07292,38.63056],[-9.06971,38.62708],[-9.06875,38.62292],[-9.06458,38.62292]]},"properties":{"fid":323,"ID":322,"ELEV":0}},
{"type":"Feature","geometry":{"type":"LineString","coordinates":[[-9.05625,38.60625],[-9.05417,38.61042],[-9.05625,38.61181],[-9.05903,38.61458],[-9.06042,38.61875],[-9.06458,38.62292],[-9.0651,38.61875],[-9.06458,38.61823],[-9.06094,38.61458],[-9.06042,38.61406],[-9.05677,38.61042],[-9.05625,38.60625]]},"properties":{"fid":333,"ID":332,"ELEV":0}},
{"type":"Feature","geometry":{"type":"LineString","coordinates":[[-8.78542,38.5125],[-8.78125,38.51458],[-8.78542,38.51667],[-8.7875,38.51458],[-8.78542,38.5125]]},"properties":{"fid":373,"ID":372,"ELEV":0}},
{"type":"Feature","geometry":{"type":"LineString","coordinates":[[-8.77292,38.5125],[-8.76875,38.51458],[-8.77292,38.51875],[-8.77708,38.51458],[-8.77292,38.5125]]},"properties":{"fid":374,"ID":373,"ELEV":0}},
{"type":"Feature","geometry":null,"properties":{"fid":379,"ID":378,"ELEV":0}},
{"type":"Feature","geometry":{"type":"LineString","coordinates":[[-8.76042,38.49583],[-8.75833,38.49792],[-8.76042,38.5],[-8.7625,38.49792],[-8.76042,38.49583]]},"properties":{"fid":380,"ID":379,"ELEV":0}},
{"type":"Feature","geometry":{"type":"LineString","coordinates":[[-8.78542,38.47847],[-8.78125,38.48125],[-8.78125,38.48542],[-8.78542,38.48661],[-8.78958,38.48646],[-8.79236,38.48542],[-8.78958,38.48125],[-8.78542,38.47847]]},"properties":{"fid":386,"ID":385,"ELEV":0}},
{"type":"Feature","geometry":{"type":"LineString","coordinates":[[-8.91042,38.47292],[-8.9125,38.47708],[-8.91458,38.48125],[-8.9151,38.48542],[-8.91458,38.48625],[-8.91042,38.4875],[-8.90982,38.48958],[-8.90625,38.49167],[-8.90506,38.48958],[-8.90208,38.48542],[-8.90625,38.48542],[-8.91042,38.48125],[-8.90833,38.47708],[-8.91042,38.47292]]},"properties":{"fid":392,"ID":391,"ELEV":0}},
{"type":"Feature","geometry":{"type":"LineString","coordinates":[[-8.92083,38.47292],[-8.92292,38.47083],[-8.925,38.47292],[-8.92292,38.47396],[-8.92083,38.47292]]},"properties":{"fid":393,"ID":392,"ELEV":0}},
{"type":"Feature","geometry":null,"properties":{"fid":400,"ID":399,"ELEV":0}},
{"type":"Feature","geometry":{"type":"LineString","coordinates":[[-8.66875,38.41458],[-8.66458,38.41875],[-8.66875,38.41958],[-8.67292,38.42292],[-8.67708,38.41875],[-8.67292,38.41458],[-8.66875,38.41458]]},"properties":{"fid":410,"ID":409,"ELEV":0}},
{"type":"Feature","geometry":{"type":"LineString","coordinates":[[-8.80208,38.41111],[-8.79861,38.41458],[-8.80208,38.41806],[-8.8026,38.41875],[-8.80625,38.42292],[-8.81042,38.42708],[-8.8125,38.42292],[-8.81042,38.41875],[-8.80625,38.4151],[-8.80556,38.41458],[-8.80208,38.41111]]},"properties":{"fid":412,"ID":411,"ELEV":0}},
{"type":"Feature","geometry":{"type":"LineString","coordinates":[[-8.80625,38.40576],[-8.80417,38.40625],[-8.80625,38.40903],[-8.80694,38.41042],[-8.81042,38.41389],[-8.81111,38.41458],[-8.81458,38.41756],[-8.81597,38.41458],[-8.81458,38.41328],[-8.81172,38.41042],[-8.81042,38.40937],[-8.80674,38.40625],[-8.80625,38.40576]]},"properties":{"fid":418,"ID":417,"ELEV":0}},
{"type":"Feature","geometry":{"type":"LineString","coordinates":[[-8.64375,38.40417],[-8.63958,38.40625],[-8.64375,38.41042],[-8.64792,38.40625],[-8.64375,38.40417]]},"properties":{"fid":419,"ID":418,"ELEV":0}},
{"type":"Feature","geometry":{"type":"LineString","coordinates":[[-8.79792,38.4],[-8.79583,38.40208],[-8.79792,38.40313],[-8.79931,38.40208],[-8.79792,38.4]]},"properties":{"fid":421,"ID":420,"ELEV":0}},
{"type":"Feature","geometry":{"type":"LineString","coordinates":[[-8.80208,38.39247],[-8.79931,38.39375],[-8.79896,38.39792],[-8.80208,38.40042],[-8.80286,38.39792],[-8.80347,38.39375],[-8.80208,38.39247]]},"properties":{"fid":428,"ID":427,"ELEV":0}},
{"type":"Feature","geometry":{"type":"LineString","coordinates":[[-8.79792,38.38478],[-8.79583,38.38542],[-8.79792,38.38661],[-8.79875,38.38542],[-8.79792,38.38478]]},"properties":{"fid":430,"ID":429,"ELEV":0}},
{"type":"Feature","geometry":{"type":"LineString","coordinates":[[-9.33958,38.29474],[-9.33623,38.29792],[-9.33958,38.29915],[-9.34375,38.30037],[-9.34678,38.29792],[-9.34375,38.29477],[-9.33958,38.29474]]},"properties":{"fid":447,"ID":446,"ELEV":-2000}},
{"type":"Feature","geometry":{"type":"LineString","coordinates":[[-9.41081,38.29375],[-9.41458,38.29149],[-9.41803,38.29375],[-9.41875,38.29419],[-9.41979,38.29375],[-9.42292,38.29206],[-9.42676,38.29375],[-9.42708,38.29401],[-9.43087,38.29792],[-9.43125,38.29835],[-9.43444,38.30208],[-9.43437,38.30625],[-9.43125,38.30859],[-9.42708,38.31014],[-9.42684,38.31042],[-9.42292,38.31257],[-9.41875,38.31262],[-9.41458,38.31229],[-9.41042,38.3113],[-9.40778,38.31042],[-9.40625,38.30919],[-9.40311,38.30625],[-9.40208,38.30475],[-9.39987,38.30208],[-9.40208,38.29823],[-9.40223,38.29792],[-9.40625,38.29397],[-9.41042,38.29397],[-9.41081,38.29375]]},"properties":{"fid":448,"ID":447,"ELEV":-1000}},
{"type":"Feature","geometry":{"type":"LineString","coordinates":[[-10,38.28833],[-9.99792,38.28833],[-9.99375,38.2888],[-9.99128,38.28958],[-9.99058,38.29375],[-9.99062,38.29792],[-9.99067,38.30208],[-9.99014,38.30625],[-9.98968,38.31042],[-9.98958,38.31054],[-9.98581,38.31458],[-9.98554,38.31875],[-9.98542,38.31886],[-9.98125,38.31896],[-9.97708,38.31893],[-9.97292,38.31879],[-9.96879,38.32292],[-9.96875,38.32295],[-9.96458,38.32299],[-9.96042,38.32327],[-9.95625,38.32308],[-9.95208,38.32317],[-9.94792,38.32382],[-9.944,38.32708],[-9.94375,38.3272],[-9.94352,38.32708],[-9.93958,38.32327],[-9.93542,38.32332],[-9.93153,38.32708],[-9.93125,38.32729],[-9.92708,38.32759],[-9.92292,38.32765],[-9.91896,38.33125],[-9.91875,38.33133],[-9.91458,38.33129],[-9.91453,38.33125],[-9.91042,38.32766],[-9.90625,38.32756],[-9.90545,38.32708],[-9.90208,38.32333],[-9.89792,38.32319],[-9.89759,38.32292],[-9.89375,38.31928],[-9.88958,38.31907],[-9.88931,38.31875],[-9.88542,38.31483],[-9.88512,38.31458],[-9.88125,38.31071],[-9.87708,38.31064],[-9.87292,38.31064],[-9.86898,38.31458],[-9.8689,38.31875],[-9.86888,38.32292],[-9.86881,38.32708],[-9.86875,38.32722],[-9.86485,38.33125],[-9.86477,38.33542],[-9.86474,38.33958],[-9.86458,38.33976],[-9.86054,38.34375],[-9.86042,38.34388],[-9.85625,38.34444],[-9.85327,38.34792],[-9.85326,38.35208],[-9.85292,38.35625],[-9.85292,38.36042],[-9.85625,38.36385],[-9.86042,38.36442],[-9.86056,38.36458],[-9.86458,38.36852],[-9.86485,38.36875],[-9.86875,38.37246],[-9.86941,38.37292],[-9.87292,38.37548],[-9.87708,38.37659],[-9.87757,38.37708],[-9.88125,38.38089],[-9.88154,38.38125],[-9.88542,38.3851],[-9.88584,38.38542],[-9.88679,38.38958],[-9.88958,38.39313],[-9.89375,38.39357],[-9.89392,38.39375],[-9.89792,38.39738],[-9.89838,38.39792],[-9.90208,38.40189],[-9.90223,38.40208],[-9.90265,38.40625],[-9.90625,38.41],[-9.90655,38.41042],[-9.91042,38.4139],[-9.91458,38.41406],[-9.91875,38.41412],[-9.92292,38.4143],[-9.92708,38.41441],[-9.92729,38.41458],[-9.92731,38.41875],[-9.93125,38.42254],[-9.93542,38.42272],[-9.93573,38.42292],[-9.93958,38.42689],[-9.94375,38.42696],[-9.94792,38.42704],[-9.94796,38.42708],[-9.95208,38.43109],[-9.9524,38.43125],[-9.95625,38.43479],[-9.96042,38.43499],[-9.96079,38.43542],[-9.96128,38.43958],[-9.96458,38.44333],[-9.96875,38.44346],[-9.97292,38.44349],[-9.97708,38.44352],[-9.98125,38.44325],[-9.98189,38.44375],[-9.98542,38.44774],[-9.98557,38.44792],[-9.98958,38.45169],[-9.99375,38.4518],[-9.99792,38.45188],[-10,38.45188]]},"properties":{"fid":449,"ID":448,"ELEV":-4000}},
{"type":"Feature","geometry":{"type":"LineString","coordinates":[[-9.35208,38.2842],[-9.35003,38.28542],[-9.34837,38.28958],[-9.34792,38.29021],[-9.34468,38.29375],[-9.34792,38.29688],[-9.35208,38.29598],[-9.35525,38.29375],[-9.35625,38.2929],[-9.359,38.28958],[-9.35995,38.28542],[-9.35625,38.28232],[-9.35208,38.2842]]},"properties":{"fid":450,"ID":449,"ELEV":-2000}},
{"type":"Feature","geometry":{"type":"LineString","coordinates":[[-9.18958,38.23069],[-9.18932,38.23125],[-9.18958,38.23152],[-9.1903,38.23125],[-9.18958,38.23069]]},"properties":{"fid":459,"ID":458,"ELEV":-1000}},
{"type":"Feature","geometry":{"type":"LineString","coordinates":[[-9.85208,38.09402],[-9.84899,38.09792],[-9.85208,38.10004],[-9.85605,38.09792],[-9.85208,38.09402]]},"properties":{"fid":475,"ID":474,"ELEV":-4000}},
{"type":"Feature","geometry":{"type":"LineString","coordinates":[[-9.82708,38.07906],[-9.82388,38.08125],[-9.82708,38.08323],[-9.83125,38.08125],[-9.82708,38.07906]]},"properties":{"fid":476,"ID":475,"ELEV":-4000}},
{"type":"Feature","geometry":{"type":"LineString","coordinates":[[-10,38.07256],[-9.99792,38.07256],[-9.99375,38.07027],[-9.98958,38.07155],[-9.9887,38.07292],[-9.98669,38.07708],[-9.98542,38.0796],[-9.98125,38.08093],[-9.98016,38.08125],[-9.97708,38.08175],[-9.97292,38.08181],[-9.96875,38.08155],[-9.96458,38.08177],[-9.96042,38.08257],[-9.95625,38.08217],[-9.95208,38.08267],[-9.94792,38.0836],[-9.94477,38.08542],[-9.94429,38.08958],[-9.94375,38.08987],[-9.93958,38.08995],[-9.93542,38.08967],[-9.93523,38.08958],[-9.93125,38.08556],[-9.92708,38.08556],[-9.92292,38.08584],[-9.91875,38.08582],[-9.91458,38.08562],[-9.91042,38.08568],[-9.90625,38.08556],[-9.90208,38.08557],[-9.89792,38.0857],[-9.89375,38.08603],[-9.88958,38.08609],[-9.88542,38.08635],[-9.88125,38.0866],[-9.87708,38.08647],[-9.87292,38.08674],[-9.86966,38.08958],[-9.86875,38.0901],[-9.86458,38.08989],[-9.86062,38.09375],[-9.86042,38.09414],[-9.85643,38.09792],[-9.86042,38.10068],[-9.86458,38.10104],[-9.86875,38.10125],[-9.86949,38.10208],[-9.87292,38.10597],[-9.87318,38.10625],[-9.87339,38.11042],[-9.87708,38.11414],[-9.88125,38.11445],[-9.88151,38.11458],[-9.88542,38.11813],[-9.88958,38.11855],[-9.89375,38.11866],[-9.89401,38.11875],[-9.89792,38.12201],[-9.90208,38.12171],[-9.90625,38.12194],[-9.91042,38.12189],[-9.91458,38.12231],[-9.91875,38.12262],[-9.92292,38.1227],[-9.92708,38.12261],[-9.93125,38.12283],[-9.93542,38.12275],[-9.93958,38.12279],[-9.94375,38.12282],[-9.94792,38.12284],[-9.94804,38.12292],[-9.94842,38.12708],[-9.95139,38.13125],[-9.95208,38.13148],[-9.95625,38.13136],[-9.95739,38.13125],[-9.96042,38.13075],[-9.96175,38.13125],[-9.96458,38.13185],[-9.96875,38.13292],[-9.97292,38.13302],[-9.97708,38.13267],[-9.98125,38.13291],[-9.98466,38.13542],[-9.98542,38.13613],[-9.98827,38.13958],[-9.98958,38.1409],[-9.99375,38.14346],[-9.99395,38.14375],[-9.99375,38.14393],[-9.99037,38.14792],[-9.99091,38.15208],[-9.99375,38.15283],[-9.99792,38.15396],[-10,38.15396]]},"properties":{"fid":477,"ID":476,"ELEV":-4000}},
{"type":"Feature","geometry":{"type":"LineString","coordinates":[[-0.66875,38.02216],[-0.66667,38.02292],[-0.66458,38.02569],[-0.66354,38.02708],[-0.66458,38.03125],[-0.66875,38.03542],[-0.67125,38.03958],[-0.66979,38.04375],[-0.66875,38.04792],[-0.67292,38.04958],[-0.67708,38.04958],[-0.68125,38.04896],[-0.68542,38.04792],[-0.68958,38.04688],[-0.69375,38.04625],[-0.69792,38.04583],[-0.70208,38.04494],[-0.70625,38.04435],[-0.70833,38.04375],[-0.71042,38.04236],[-0.71458,38.04063],[-0.71562,38.03958],[-0.71458,38.0375],[-0.71319,38.03542],[-0.71042,38.03449],[-0.70625,38.03466],[-0.70208,38.03428],[-0.69792,38.03333],[-0.69479,38.03125],[-0.69375,38.03097],[-0.68958,38.02986],[-0.68601,38.02708],[-0.68542,38.0267],[-0.68125,38.02396],[-0.67986,38.02292],[-0.67708,38.02216],[-0.67292,38.02208],[-0.66875,38.02216]]},"properties":{"fid":481,"ID":480,"ELEV":0}},
{"type":"Feature","geometry":{"type":"LineString","coordinates":[[-10,37.98737],[-9.99792,37.98737],[-9.99532,37.98958],[-9.99375,37.99093],[-9.99078,37.99375],[-9.98958,37.99544],[-9.98816,37.99792],[-9.98542,38.00208],[-9.98226,38.00625],[-9.98125,38.0084],[-9.97734,38.01042],[-9.97708,38.01048],[-9.97292,38.01107],[-9.969,38.01458],[-9.96875,38.01487],[-9.96458,38.01774],[-9.96256,38.01875],[-9.96042,38.01961],[-9.95625,38.02214],[-9.95208,38.02266],[-9.95144,38.02292],[-9.94792,38.0245],[-9.94375,38.02633],[-9.94242,38.02708],[-9.93958,38.02895],[-9.93693,38.03125],[-9.93542,38.03253],[-9.93125,38.03344],[-9.92708,38.03276],[-9.92292,38.03391],[-9.91875,38.03534],[-9.91861,38.03542],[-9.91458,38.03699],[-9.91042,38.03823],[-9.90639,38.03958],[-9.90625,38.03963],[-9.90208,38.04185],[-9.89792,38.04311],[-9.8952,38.04375],[-9.89375,38.04403],[-9.88958,38.04555],[-9.88572,38.04792],[-9.88542,38.04806],[-9.88125,38.04901],[-9.87708,38.0498],[-9.87292,38.0506],[-9.86875,38.05071],[-9.86458,38.05128],[-9.86107,38.05208],[-9.86042,38.05224],[-9.85625,38.05211],[-9.85208,38.05253],[-9.84792,38.05314],[-9.84375,38.05388],[-9.83958,38.05409],[-9.83542,38.05339],[-9.83229,38.05208],[-9.83125,38.05176],[-9.8297,38.05208],[-9.82708,38.05252],[-9.82292,38.05214],[-9.82259,38.05208],[-9.81875,38.051],[-9.81458,38.04951],[-9.81042,38.04897],[-9.80625,38.04819],[-9.80208,38.04816],[-9.79792,38.04881],[-9.79375,38.04906],[-9.79126,38.04792],[-9.78958,38.04702],[-9.78542,38.0456],[-9.78258,38.04375],[-9.78323,38.03958],[-9.78125,38.03551],[-9.78101,38.03542],[-9.77708,38.03432],[-9.77392,38.03125],[-9.77292,38.0293],[-9.77154,38.02708],[-9.76875,38.0247],[-9.76458,38.02326],[-9.76379,38.02292],[-9.76042,38.02185],[-9.75625,38.02199],[-9.75221,38.02292],[-9.75208,38.02295],[-9.74792,38.02413],[-9.74375,38.02637],[-9.74319,38.02708],[-9.74218,38.03125],[-9.73977,38.03542],[-9.73958,38.03561],[-9.73542,38.03786],[-9.73125,38.03954],[-9.73116,38.03958],[-9.72708,38.04219],[-9.72461,38.04375],[-9.72292,38.04478],[-9.71875,38.04589],[-9.71458,38.04664],[-9.71042,38.04463],[-9.70625,38.04472],[-9.70208,38.04504],[-9.69792,38.04548],[-9.69375,38.0459],[-9.68958,38.0459],[-9.68542,38.0463],[-9.68125,38.04719],[-9.67913,38.04792],[-9.67708,38.04924],[-9.67455,38.05208],[-9.67292,38.05531],[-9.67204,38.05625],[-9.66875,38.05976],[-9.66458,38.05954],[-9.66042,38.06011],[-9.66025,38.06042],[-9.66042,38.06058],[-9.66442,38.06458],[-9.66458,38.06485],[-9.66869,38.06875],[-9.66688,38.07292],[-9.66875,38.07449],[-9.66912,38.07708],[-9.66875,38.07805],[-9.66647,38.08125],[-9.66458,38.08365],[-9.66207,38.08542],[-9.66042,38.08797],[-9.65748,38.08958],[-9.65625,38.09013],[-9.65419,38.09375],[-9.65589,38.09792],[-9.65625,38.09832],[-9.65904,38.10208],[-9.65927,38.10625],[-9.6593,38.11042],[-9.65678,38.11458],[-9.65675,38.11875],[-9.65645,38.12292],[-9.65625,38.12312],[-9.65208,38.12387],[-9.64792,38.12596],[-9.64583,38.12708],[-9.64375,38.1283],[-9.63958,38.12859],[-9.63542,38.13057],[-9.63162,38.13125],[-9.63125,38.13136],[-9.62708,38.13353],[-9.62292,38.13474],[-9.62052,38.13542],[-9.61875,38.13606],[-9.61458,38.13724],[-9.61042,38.13864],[-9.60797,38.13958],[-9.60625,38.14058],[-9.60208,38.14228],[-9.59982,38.14375],[-9.59792,38.14455],[-9.59375,38.14552],[-9.58958,38.14683],[-9.58542,38.14787],[-9.58125,38.14738],[-9.57708,38.14647],[-9.57292,38.14488],[-9.56875,38.14384],[-9.56458,38.14403],[-9.56042,38.14685],[-9.55625,38.14777],[-9.55208,38.14563],[-9.54792,38.14563],[-9.54375,38.14646],[-9.54023,38.14792],[-9.54375,38.14898],[-9.54792,38.14906],[-9.55105,38.15208],[-9.55208,38.15275],[-9.55625,38.15415],[-9.56042,38.15557],[-9.56244,38.15625],[-9.56458,38.15709],[-9.56875,38.15771],[-9.57292,38.1575],[-9.57708,38.16009],[-9.57765,38.16042],[-9.58125,38.16217],[-9.58542,38.16338],[-9.58958,38.16378],[-9.59375,38.16349],[-9.59792,38.16323],[-9.60208,38.16352],[-9.60625,38.16395],[-9.61042,38.16336],[-9.61458,38.16284],[-9.61875,38.16201],[-9.6221,38.16042],[-9.62292,38.16013],[-9.62708,38.15739],[-9.62857,38.15625],[-9.63125,38.15478],[-9.63542,38.15349],[-9.63958,38.15284],[-9.64375,38.15213],[-9.64382,38.15208],[-9.64792,38.14914],[-9.65208,38.14875],[-9.65362,38.14792],[-9.65625,38.14689],[-9.65946,38.14375],[-9.66042,38.14319],[-9.66224,38.14375],[-9.66458,38.14536],[-9.66875,38.14538],[-9.67036,38.14375],[-9.67067,38.13958],[-9.67292,38.13838],[-9.67625,38.13542],[-9.67447,38.13125],[-9.67708,38.12829],[-9.67784,38.12708],[-9.68125,38.12454],[-9.6834,38.12292],[-9.68542,38.12183],[-9.68958,38.11983],[-9.69145,38.11875],[-9.69375,38.11664],[-9.69577,38.11458],[-9.69792,38.11146],[-9.69877,38.11042],[-9.69907,38.10625],[-9.70018,38.10208],[-9.70208,38.1012],[-9.70625,38.09894],[-9.70693,38.09792],[-9.71042,38.0948],[-9.71458,38.09431],[-9.71531,38.09375],[-9.71875,38.09117],[-9.7203,38.08958],[-9.72292,38.08771],[-9.72708,38.08764],[-9.73125,38.08866],[-9.73542,38.08778],[-9.73958,38.08609],[-9.74375,38.0886],[-9.74792,38.08923],[-9.75116,38.08958],[-9.75208,38.08996],[-9.75283,38.09375],[-9.75314,38.09792],[-9.75625,38.10021],[-9.76042,38.10089],[-9.76458,38.10122],[-9.76767,38.10208],[-9.76875,38.10245],[-9.77292,38.10234],[-9.77347,38.10208],[-9.77708,38.10012],[-9.7807,38.10208],[-9.78125,38.10242],[-9.78468,38.10625],[-9.78542,38.10715],[-9.78856,38.11042],[-9.78958,38.11135],[-9.79353,38.11458],[-9.79375,38.11471],[-9.79792,38.11614],[-9.80208,38.11642],[-9.80625,38.11608],[-9.81042,38.11736],[-9.81232,38.11875],[-9.81458,38.12016],[-9.81875,38.12126],[-9.82292,38.12206],[-9.82708,38.12236],[-9.82788,38.12292],[-9.83092,38.12708],[-9.83125,38.12749],[-9.83465,38.13125],[-9.83542,38.13226],[-9.83893,38.13542],[-9.83958,38.13584],[-9.84375,38.13849],[-9.84576,38.13958],[-9.84792,38.14086],[-9.85208,38.14299],[-9.85378,38.14375],[-9.85625,38.1457],[-9.8577,38.14792],[-9.85625,38.15007],[-9.8545,38.15208],[-9.85625,38.15417],[-9.86042,38.15474],[-9.86458,38.15491],[-9.86875,38.15507],[-9.87096,38.15625],[-9.87292,38.15842],[-9.87708,38.15889],[-9.88125,38.15853],[-9.88542,38.16002],[-9.88958,38.15872],[-9.89375,38.15919],[-9.89635,38.16042],[-9.89792,38.16198],[-9.89995,38.16458],[-9.90208,38.16545],[-9.9051,38.16458],[-9.90625,38.16407],[-9.91042,38.16166],[-9.91458,38.1627],[-9.91568,38.16458],[-9.91471,38.16875],[-9.91875,38.17224],[-9.92138,38.17292],[-9.92292,38.17315],[-9.92708,38.1737],[-9.93125,38.17475],[-9.93542,38.17555],[-9.93958,38.17563],[-9.94375,38.17683],[-9.94425,38.17708],[-9.94792,38.17962],[-9.95021,38.18125],[-9.95208,38.18304],[-9.95525,38.18542],[-9.95625,38.18615],[-9.96042,38.18773],[-9.96458,38.18909],[-9.96528,38.18958],[-9.96855,38.19375],[-9.96875,38.19394],[-9.97261,38.19792],[-9.97292,38.19832],[-9.97571,38.20208],[-9.97708,38.20431],[-9.97841,38.20625],[-9.9796,38.21042],[-9.97899,38.21458],[-9.97708,38.21689],[-9.97292,38.21841],[-9.97254,38.21875],[-9.97055,38.22292],[-9.97173,38.22708],[-9.96875,38.22814],[-9.96458,38.23094],[-9.96436,38.23125],[-9.96172,38.23542],[-9.96042,38.23715],[-9.95653,38.23958],[-9.95625,38.23974],[-9.95251,38.24375],[-9.95208,38.2441],[-9.94792,38.24747],[-9.94726,38.24792],[-9.94375,38.25],[-9.9405,38.25208],[-9.93958,38.25294],[-9.93542,38.25607],[-9.93512,38.25625],[-9.93125,38.25918],[-9.92708,38.2599],[-9.925,38.26042],[-9.92292,38.26097],[-9.91875,38.26398],[-9.91814,38.26458],[-9.91458,38.26866],[-9.9145,38.26875],[-9.91042,38.27136],[-9.90625,38.27267],[-9.90208,38.27153],[-9.89792,38.26971],[-9.89375,38.269],[-9.89252,38.26875],[-9.88958,38.26822],[-9.88542,38.26765],[-9.88125,38.26612],[-9.87708,38.26528],[-9.87473,38.26458],[-9.87292,38.26421],[-9.86875,38.26338],[-9.86458,38.26226],[-9.86042,38.2623],[-9.85625,38.26232],[-9.85208,38.26176],[-9.84792,38.26165],[-9.84375,38.26176],[-9.83958,38.26187],[-9.83542,38.26212],[-9.83125,38.26192],[-9.82708,38.26116],[-9.82292,38.26096],[-9.81875,38.26072],[-9.81493,38.26042],[-9.81458,38.26039],[-9.81375,38.26042],[-9.81042,38.26053],[-9.80625,38.26102],[-9.80208,38.261],[-9.79833,38.26042],[-9.79792,38.26028],[-9.79375,38.25908],[-9.78958,38.2584],[-9.78542,38.25823],[-9.78125,38.25881],[-9.77804,38.26042],[-9.77708,38.26081],[-9.77292,38.26166],[-9.76875,38.26227],[-9.76458,38.26306],[-9.76042,38.26436],[-9.76012,38.26458],[-9.75625,38.26761],[-9.75427,38.26875],[-9.75208,38.2697],[-9.74792,38.26992],[-9.74388,38.27292],[-9.74375,38.27306],[-9.74021,38.27708],[-9.73958,38.27762],[-9.73542,38.27901],[-9.73246,38.28125],[-9.73125,38.28173],[-9.72708,38.28455],[-9.72554,38.28542],[-9.72292,38.28819],[-9.72057,38.28958],[-9.71875,38.2928],[-9.71801,38.29375],[-9.71458,38.29744],[-9.71396,38.29792],[-9.71042,38.30146],[-9.70972,38.30208],[-9.70625,38.30556],[-9.70575,38.30625],[-9.70625,38.31042],[-9.70638,38.31458],[-9.70625,38.31496],[-9.70406,38.31875],[-9.70625,38.32292],[-9.71042,38.3203],[-9.71458,38.31923],[-9.7155,38.31875],[-9.71875,38.3168],[-9.72292,38.31518],[-9.72405,38.31458],[-9.72708,38.31236],[-9.73111,38.31042],[-9.73125,38.31036],[-9.73542,38.30849],[-9.73958,38.30693],[-9.74118,38.30625],[-9.74375,38.30516],[-9.74792,38.30449],[-9.75208,38.30465],[-9.75625,38.30358],[-9.76042,38.30311],[-9.76458,38.30472],[-9.76707,38.30625],[-9.76875,38.30729],[-9.77292,38.30903],[-9.77708,38.30966],[-9.78125,38.3096],[-9.78182,38.31042],[-9.78356,38.31458],[-9.78426,38.31875],[-9.78201,38.32292],[-9.78125,38.3238],[-9.77708,38.32523],[-9.77523,38.32708],[-9.77708,38.32912],[-9.77977,38.33125],[-9.77708,38.33525],[-9.77698,38.33542],[-9.77693,38.33958],[-9.77506,38.34375],[-9.77292,38.34743],[-9.77262,38.34792],[-9.77141,38.35208],[-9.77292,38.35455],[-9.77708,38.35443],[-9.78125,38.35421],[-9.78542,38.35471],[-9.78958,38.35583],[-9.79299,38.35625],[-9.79375,38.35631],[-9.79431,38.35625],[-9.79792,38.35486],[-9.7985,38.35625],[-9.79824,38.36042],[-9.80146,38.36458],[-9.80208,38.36546],[-9.80338,38.36875],[-9.80355,38.37292],[-9.80526,38.37708],[-9.80625,38.37858],[-9.80762,38.38125],[-9.80647,38.38542],[-9.80625,38.38564],[-9.80448,38.38958],[-9.80368,38.39375],[-9.80259,38.39792],[-9.8022,38.40208],[-9.80312,38.40625],[-9.80625,38.40725],[-9.81042,38.4064],[-9.81146,38.40625],[-9.81458,38.4059],[-9.81875,38.40534],[-9.81943,38.40625],[-9.82292,38.40822],[-9.82607,38.41042],[-9.82599,38.41458],[-9.82708,38.41543],[-9.82819,38.41458],[-9.83125,38.41224],[-9.83318,38.41042],[-9.83542,38.40879],[-9.83958,38.40821],[-9.84375,38.40794],[-9.84792,38.40625],[-9.85208,38.40729],[-9.85625,38.40928],[-9.85816,38.41042],[-9.86042,38.41303],[-9.86152,38.41458],[-9.86042,38.41638],[-9.85901,38.41875],[-9.8577,38.42292],[-9.85672,38.42708],[-9.85625,38.42943],[-9.85593,38.43125],[-9.85586,38.43542],[-9.85625,38.43617],[-9.86042,38.43955],[-9.86046,38.43958],[-9.86359,38.44375],[-9.86243,38.44792],[-9.86094,38.45208],[-9.86042,38.45492],[-9.86024,38.45625],[-9.859,38.46042],[-9.86042,38.46311],[-9.86436,38.46458],[-9.86458,38.46462],[-9.86473,38.46458],[-9.86875,38.46349],[-9.87292,38.46224],[-9.87708,38.46146],[-9.88125,38.46169],[-9.88362,38.46042],[-9.88542,38.45981],[-9.88958,38.45793],[-9.89375,38.45706],[-9.89792,38.45795],[-9.90208,38.46017],[-9.90241,38.46042],[-9.90625,38.46254],[-9.91042,38.46408],[-9.91195,38.46458],[-9.91458,38.46597],[-9.91736,38.46875],[-9.91458,38.47232],[-9.91408,38.47292],[-9.91042,38.47652],[-9.90967,38.47708],[-9.91042,38.47785],[-9.91458,38.4796],[-9.91875,38.48077],[-9.92292,38.4803],[-9.92708,38.4792],[-9.93125,38.47803],[-9.93542,38.47939],[-9.93958,38.48028],[-9.94375,38.48067],[-9.94792,38.48035],[-9.94906,38.48125],[-9.94792,38.48365],[-9.94721,38.48542],[-9.94457,38.48958],[-9.94396,38.49375],[-9.94792,38.49695],[-9.95208,38.49769],[-9.95625,38.49619],[-9.96042,38.49383],[-9.96052,38.49375],[-9.96458,38.49167],[-9.96875,38.4903],[-9.97292,38.48969],[-9.97353,38.48958],[-9.97708,38.48907],[-9.98125,38.48892],[-9.98542,38.48761],[-9.98958,38.48675],[-9.99375,38.48712],[-9.99792,38.48723],[-10,38.48723]]},"properties":{"fid":485,"ID":484,"ELEV":-3000}},
{"type":"Feature","geometry":{"type":"LineString","coordinates":[[-0.71042,37.96597],[-0.70764,37.96875],[-0.70625,37.97014],[-0.70417,37.97292],[-0.70208,37.97569],[-0.70069,37.97708],[-0.69792,37.98125],[-0.70042,37.98542],[-0.70042,37.98958],[-0.69958,37.99375],[-0.70208,37.99792],[-0.70625,38.00208],[-0.70208,38.00347],[-0.69931,38.00625],[-0.69896,38.01042],[-0.70104,38.01458],[-0.70208,38.01528],[-0.70625,38.01736],[-0.70833,38.01875],[-0.71042,38.01994],[-0.71389,38.02292],[-0.71458,38.02351],[-0.71875,38.02542],[-0.72292,38.02604],[-0.72708,38.025],[-0.72917,38.02292],[-0.73125,38.02125],[-0.73542,38.02014],[-0.73958,38.01935],[-0.74097,38.01875],[-0.74375,38.01667],[-0.74653,38.01458],[-0.74792,38.01319],[-0.75069,38.01042],[-0.75,38.00625],[-0.75,38.00208],[-0.75208,37.99792],[-0.74931,37.99375],[-0.74792,37.99271],[-0.74375,37.98958],[-0.74042,37.98542],[-0.73958,37.98403],[-0.7375,37.98125],[-0.73542,37.97958],[-0.73125,37.97708],[-0.72847,37.97292],[-0.72708,37.97232],[-0.72292,37.96958],[-0.72153,37.96875],[-0.71875,37.96792],[-0.71458,37.96667],[-0.71042,37.96597]]},"properties":{"fid":489,"ID":488,"ELEV":0}},
{"type":"Feature","geometry":{"type":"LineString","coordinates":[[0,38.01404],[-0.00208,38.01404],[-0.00625,38.01336],[-0.01042,38.01228],[-0.01458,38.01161],[-0.01875,38.01093],[-0.02014,38.01042],[-0.02292,38.00875],[-0.02708,38.00655],[-0.02772,38.00625],[-0.03125,38.00396],[-0.03542,38.00284],[-0.0367,38.00208],[-0.03958,37.9992],[-0.04144,37.99792],[-0.04375,37.99444],[-0.04417,37.99375],[-0.045,37.98958],[-0.04417,37.98542],[-0.04375,37.98472],[-0.04144,37.98125],[-0.03958,37.98032],[-0.03542,37.97854],[-0.0325,37.97708],[-0.03125,37.97656],[-0.02708,37.97367],[-0.02633,37.97292],[-0.02292,37.97077],[-0.01875,37.96875],[-0.01458,37.96722],[-0.01042,37.96588],[-0.00701,37.96458],[-0.00625,37.9643],[-0.00208,37.96076],[0,37.96076]]},"properties":{"fid":490,"ID":489,"ELEV":-1000}},
{"type":"Feature","geometry":{"type":"LineString","coordinates":[[-9.44375,37.82681],[-9.44348,37.82708],[-9.44375,37.82721],[-9.44779,37.83125],[-9.44375,37.83502],[-9.44339,37.83542],[-9.44342,37.83958],[-9.43958,37.84337],[-9.4391,37.84375],[-9.43921,37.84792],[-9.43958,37.84836],[-9.44375,37.84854],[-9.44484,37.84792],[-9.4459,37.84375],[-9.44446,37.83958],[-9.44792,37.83581],[-9.44854,37.83542],[-9.45208,37.83187],[-9.45286,37.83125],[-9.45208,37.83047],[-9.44847,37.82708],[-9.44792,37.82688],[-9.44375,37.82681]]},"properties":{"fid":515,"ID":514,"ELEV":-1000}},
{"type":"Feature","geometry":null,"properties":{"fid":517,"ID":516,"ELEV":0}},
{"type":"Feature","geometry":{"type":"LineString","coordinates":[[-0.75833,37.80208],[-0.76042,37.8],[-0.7625,37.80208],[-0.76458,37.80625],[-0.76458,37.81042],[-0.76458,37.80625],[-0.76042,37.80347],[-0.75833,37.80208]]},"properties":{"fid":522,"ID":521,"ELEV":0}},
{"type":"Feature","geometry":{"type":"LineString","coordinates":[[-9.38542,37.78928],[-9.38524,37.78958],[-9.38542,37.79002],[-9.38586,37.78958],[-9.38542,37.78928]]},"properties":{"fid":524,"ID":523,"ELEV":-1000}},
{"type":"Feature","geometry":{"type":"LineString","coordinates":[[-0.76042,37.78125],[-0.76458,37.78125],[-0.76875,37.78542],[-0.76458,37.78958],[-0.76875,37.79375],[-0.77292,37.79375],[-0.77292,37.79792],[-0.77708,37.80208],[-0.77292,37.79792],[-0.76875,37.79375],[-0.76458,37.79792],[-0.76458,37.79375],[-0.76458,37.78958],[-0.76458,37.78542],[-0.76042,37.78125]]},"properties":{"fid":526,"ID":525,"ELEV":0}},
{"type":"Feature","geometry":{"type":"LineString","coordinates":[[-0.74792,37.77292],[-0.75208,37.77708],[-0.74792,37.77292]]},"properties":{"fid":527,"ID":526,"ELEV":0}},
{"type":"Feature","geometry":null,"properties":{"fid":529,"ID":528,"ELEV":0}},
{"type":"Feature","geometry":null,"properties":{"fid":535,"ID":534,"ELEV":0}},
{"type":"Feature","geometry":{"type":"LineString","coordinates":[[-0.74292,37.70625],[-0.74375,37.70417],[-0.74479,37.70625],[-0.74542,37.71042],[-0.74375,37.71319],[-0.74256,37.71042],[-0.74292,37.70625]]},"properties":{"fid":540,"ID":539,"ELEV":0}},
{"type":"Feature","geometry":{"type":"LineString","coordinates":[[-0.79745,37.69792],[-0.79792,37.6974],[-0.8,37.69792],[-0.80167,37.70208],[-0.79792,37.70443],[-0.79571,37.70208],[-0.79745,37.69792]]},"properties":{"fid":542,"ID":541,"ELEV":0}},
{"type":"Feature","geometry":{"type":"LineString","coordinates":[[-0.76202,37.69375],[-0.76458,37.69119],[-0.76875,37.69028],[-0.77292,37.69042],[-0.7767,37.69375],[-0.77693,37.69792],[-0.77586,37.70208],[-0.77292,37.70486],[-0.76958,37.70208],[-0.76875,37.70165],[-0.76474,37.69792],[-0.76458,37.69745],[-0.76202,37.69375]]},"properties":{"fid":544,"ID":543,"ELEV":0}},
{"type":"Feature","geometry":{"type":"LineString","coordinates":[[-0.73542,37.68542],[-0.7375,37.68958],[-0.73542,37.69042],[-0.73495,37.68958],[-0.73542,37.68542]]},"properties":{"fid":545,"ID":544,"ELEV":0}},
{"type":"Feature","geometry":null,"properties":{"fid":548,"ID":547,"ELEV":0}},
{"type":"Feature","geometry":{"type":"LineString","coordinates":[[-0.73571,37.66042],[-0.73958,37.65681],[-0.74277,37.66042],[-0.73958,37.66313],[-0.73571,37.66042]]},"properties":{"fid":554,"ID":553,"ELEV":0}},
{"type":"Feature","geometry":{"type":"LineString","coordinates":[[0,37.65686],[-0.00208,37.65686],[-0.00256,37.65625],[-0.00296,37.65208],[-0.00388,37.64792],[-0.0028,37.64375],[-0.00208,37.64327],[0,37.64327]]},"properties":{"fid":557,"ID":556,"ELEV":-1000}},
{"type":"Feature","geometry":{"type":"LineString","coordinates":[[-9.33125,37.42684],[-9.33106,37.42708],[-9.33125,37.42733],[-9.33151,37.42708],[-9.33125,37.42684]]},"properties":{"fid":593,"ID":592,"ELEV":-1000}},
{"type":"Feature","geometry":{"type":"LineString","coordinates":[[-0.90208,37.38448],[-0.90095,37.38542],[-0.90208,37.3863],[-0.90344,37.38542],[-0.90208,37.38448]]},"properties":{"fid":600,"ID":599,"ELEV":-2000}},
{"type":"Feature","geometry":{"type":"LineString","coordinates":[[-6.96042,37.28333],[-6.95875,37.28542],[-6.96042,37.28708],[-6.96208,37.28542],[-6.96042,37.28333]]},"properties":{"fid":630,"ID":629,"ELEV":0}},
{"type":"Feature","geometry":{"type":"LineString","coordinates":[[-6.87292,37.28021],[-6.87153,37.28125],[-6.87083,37.28542],[-6.87292,37.28681],[-6.87431,37.28542],[-6.87431,37.28125],[-6.87292,37.28021]]},"properties":{"fid":632,"ID":631,"ELEV":0}},
{"type":"Feature","geometry":{"type":"LineString","coordinates":[[-6.97708,37.26181],[-6.975,37.26458],[-6.97708,37.26625],[-6.97917,37.26458],[-6.97708,37.26181]]},"properties":{"fid":635,"ID":634,"ELEV":0}},
{"type":"Feature","geometry":{"type":"LineString","coordinates":[[-6.88125,37.2625],[-6.87958,37.26458],[-6.87708,37.26771],[-6.87569,37.26875],[-6.87569,37.27292],[-6.87604,37.27708],[-6.87708,37.27847],[-6.87812,37.27708],[-6.87812,37.27292],[-6.88125,37.27042],[-6.88292,37.26875],[-6.88542,37.26625],[-6.88646,37.26458],[-6.88542,37.26042],[-6.88125,37.2625]]},"properties":{"fid":636,"ID":635,"ELEV":0}},
{"type":"Feature","geometry":{"type":"LineString","coordinates":[[-0.74346,37.26042],[-0.74375,37.25863],[-0.74792,37.25949],[-0.74876,37.26042],[-0.74792,37.2614],[-0.74375,37.26062],[-0.74346,37.26042]]},"properties":{"fid":637,"ID":636,"ELEV":-2000}},
{"type":"Feature","geometry":{"type":"LineString","coordinates":[[-6.88958,37.25347],[-6.8875,37.25625],[-6.88542,37.26042],[-6.88958,37.26101],[-6.89028,37.26042],[-6.89077,37.25625],[-6.88958,37.25347]]},"properties":{"fid":638,"ID":637,"ELEV":0}},
{"type":"Feature","geometry":{"type":"LineString","coordinates":[[-6.98125,37.24653],[-6.97986,37.24792],[-6.98125,37.24875],[-6.98264,37.24792],[-6.98125,37.24653]]},"properties":{"fid":642,"ID":641,"ELEV":0}},
{"type":"Feature","geometry":{"type":"LineString","coordinates":[[-6.97292,37.24271],[-6.97083,37.24375],[-6.97292,37.24792],[-6.97431,37.24375],[-6.97292,37.24271]]},"properties":{"fid":645,"ID":644,"ELEV":0}},
{"type":"Feature","geometry":{"type":"LineString","coordinates":[[-7.00625,37.22396],[-7.00268,37.22708],[-7.00625,37.22958],[-7.00875,37.22708],[-7.00625,37.22396]]},"properties":{"fid":646,"ID":645,"ELEV":0}},
{"type":"Feature","geometry":{"type":"LineString","coordinates":[[-6.98958,37.21181],[-6.98681,37.21458],[-6.98958,37.21696],[-6.99236,37.21458],[-6.98958,37.21181]]},"properties":{"fid":647,"ID":646,"ELEV":0}},
{"type":"Feature","geometry":{"type":"LineString","coordinates":[[-7.33125,37.19792],[-7.33056,37.20208],[-7.33125,37.20625],[-7.33542,37.21042],[-7.33958,37.20875],[-7.34208,37.20625],[-7.33958,37.20375],[-7.33542,37.20486],[-7.33264,37.20208],[-7.33125,37.19792]]},"properties":{"fid":655,"ID":654,"ELEV":0}},
{"type":"Feature","geometry":{"type":"LineString","coordinates":[[-6.93785,37.17708],[-6.93958,37.175],[-6.94219,37.17708],[-6.93958,37.17882],[-6.93785,37.17708]]},"properties":{"fid":658,"ID":657,"ELEV":0}},
{"type":"Feature","geometry":{"type":"LineString","coordinates":[[-7.40208,37.17083],[-7.39792,37.17292],[-7.40208,37.17708],[-7.40312,37.17292],[-7.40208,37.17083]]},"properties":{"fid":659,"ID":658,"ELEV":0}},
{"type":"Feature","geometry":{"type":"LineString","coordinates":[[-6.92649,37.17292],[-6.92708,37.17245],[-6.93125,37.17188],[-6.93253,37.17292],[-6.93125,37.17431],[-6.92708,37.17367],[-6.92649,37.17292]]},"properties":{"fid":660,"ID":659,"ELEV":0}},
{"type":"Feature","geometry":null,"properties":{"fid":661,"ID":660,"ELEV":0}},
{"type":"Feature","geometry":{"type":"LineString","coordinates":[[-9.27708,37.15104],[-9.27668,37.15208],[-9.27708,37.15227],[-9.28125,37.15211],[-9.28138,37.15208],[-9.28125,37.15186],[-9.27708,37.15104]]},"properties":{"fid":663,"ID":662,"ELEV":-1000}},
{"type":"Feature","geometry":{"type":"LineString","coordinates":[[-8.58542,37.15156],[-8.58125,37.15208],[-8.58542,37.15347],[-8.58958,37.15347],[-8.59167,37.15208],[-8.58958,37.15125],[-8.58542,37.15156]]},"properties":{"fid":664,"ID":663,"ELEV":0}},
{"type":"Feature","geometry":{"type":"LineString","coordinates":[[-8.59375,37.14688],[-8.59292,37.14792],[-8.59375,37.15],[-8.59792,37.15],[-8.6,37.14792],[-8.59792,37.14375],[-8.59375,37.14688]]},"properties":{"fid":665,"ID":664,"ELEV":0}},
{"type":"Feature","geometry":{"type":"LineString","coordinates":[[-8.52292,37.14042],[-8.51921,37.14375],[-8.52292,37.14745],[-8.52708,37.14606],[-8.5294,37.14375],[-8.52708,37.14077],[-8.52292,37.14042]]},"properties":{"fid":666,"ID":665,"ELEV":0}},
{"type":"Feature","geometry":{"type":"LineString","coordinates":[[-9.60625,37.13681],[-9.60596,37.13958],[-9.60608,37.14375],[-9.60625,37.14387],[-9.60663,37.14375],[-9.60744,37.13958],[-9.60625,37.13681]]},"properties":{"fid":667,"ID":666,"ELEV":-2000}},
{"type":"Feature","geometry":{"type":"LineString","coordinates":[[-9.61042,37.10931],[-9.61018,37.11042],[-9.61042,37.1108],[-9.61081,37.11042],[-9.61042,37.10931]]},"properties":{"fid":668,"ID":667,"ELEV":-2000}},
{"type":"Feature","geometry":{"type":"LineString","coordinates":[[-7.63958,37.10542],[-7.63854,37.10625],[-7.63958,37.10764],[-7.64062,37.10625],[-7.63958,37.10542]]},"properties":{"fid":669,"ID":668,"ELEV":0}},
{"type":"Feature","geometry":{"type":"LineString","coordinates":[[-9.45625,37.08958],[-9.46042,37.09063],[-9.46458,37.09042],[-9.46875,37.09167],[-9.47083,37.09375],[-9.47292,37.09653],[-9.47338,37.09792],[-9.47411,37.10208],[-9.47405,37.10625],[-9.47336,37.11042],[-9.47326,37.11458],[-9.47583,37.11875],[-9.47708,37.11964],[-9.4795,37.12292],[-9.48125,37.12514],[-9.48187,37.12708],[-9.4824,37.13125],[-9.48302,37.13542],[-9.48264,37.13958],[-9.48125,37.14107],[-9.47746,37.13958],[-9.47708,37.1392],[-9.47548,37.13542],[-9.47492,37.13125],[-9.47292,37.12708],[-9.46935,37.13125],[-9.46875,37.13264],[-9.46792,37.13125],[-9.46505,37.12708],[-9.46763,37.12292],[-9.46875,37.12],[-9.47,37.11875],[-9.47014,37.11458],[-9.46875,37.11354],[-9.46458,37.11042],[-9.46042,37.10833],[-9.45903,37.10625],[-9.45625,37.10208],[-9.45614,37.09792],[-9.45599,37.09375],[-9.45625,37.08958]]},"properties":{"fid":672,"ID":671,"ELEV":-1000}},
{"type":"Feature","geometry":{"type":"LineString","coordinates":[[-6.27708,37.02708],[-6.275,37.03125],[-6.27708,37.03542],[-6.28125,37.03125],[-6.27708,37.02708]]},"properties":{"fid":679,"ID":678,"ELEV":0}},
{"type":"Feature","geometry":{"type":"LineString","coordinates":[[-7.99375,37.02292],[-7.98958,37.02708],[-7.99375,37.03125],[-7.99792,37.02847],[-8.00208,37.02708],[-7.99792,37.02431],[-7.99375,37.02292]]},"properties":{"fid":681,"ID":680,"ELEV":0}},
{"type":"Feature","geometry":{"type":"LineString","coordinates":[[-7.81458,37.025],[-7.8125,37.02708],[-7.81458,37.02778],[-7.81875,37.02778],[-7.82014,37.02708],[-7.81875,37.025],[-7.81458,37.025]]},"properties":{"fid":682,"ID":681,"ELEV":0}},
{"type":"Feature","geometry":{"type":"LineString","coordinates":[[-8.01458,37.02167],[-8.0128,37.02292],[-8.01458,37.02381],[-8.01811,37.02708],[-8.01875,37.02752],[-8.02042,37.02708],[-8.01875,37.02604],[-8.01597,37.02292],[-8.01458,37.02167]]},"properties":{"fid":683,"ID":682,"ELEV":0}},
{"type":"Feature","geometry":{"type":"LineString","coordinates":[[-7.85208,37.02083],[-7.84931,37.02292],[-7.85208,37.02431],[-7.85486,37.02292],[-7.85208,37.02083]]},"properties":{"fid":684,"ID":683,"ELEV":0}},
{"type":"Feature","geometry":{"type":"LineString","coordinates":[[-8.00208,37.01597],[-8.00089,37.01875],[-7.99931,37.02292],[-8.00208,37.02708],[-8.00347,37.02292],[-8.00301,37.01875],[-8.00208,37.01597]]},"properties":{"fid":685,"ID":684,"ELEV":0}},
{"type":"Feature","geometry":{"type":"LineString","coordinates":[[-7.98958,37.01667],[-7.9875,37.01875],[-7.98958,37.02292],[-7.99167,37.01875],[-7.98958,37.01667]]},"properties":{"fid":686,"ID":685,"ELEV":0}},
{"type":"Feature","geometry":{"type":"LineString","coordinates":[[-7.88125,37.01319],[-7.87986,37.01458],[-7.88125,37.01667],[-7.88542,37.01458],[-7.88125,37.01319]]},"properties":{"fid":689,"ID":688,"ELEV":0}},
{"type":"Feature","geometry":{"type":"LineString","coordinates":[[-7.92708,37.00938],[-7.92569,37.01042],[-7.92708,37.0108],[-7.92917,37.01042],[-7.92708,37.00938]]},"properties":{"fid":690,"ID":689,"ELEV":0}},
{"type":"Feature","geometry":{"type":"LineString","coordinates":[[-7.88958,37.00903],[-7.88819,37.01042],[-7.88958,37.01146],[-7.89097,37.01042],[-7.88958,37.00903]]},"properties":{"fid":691,"ID":690,"ELEV":0}},
{"type":"Feature","geometry":{"type":"LineString","coordinates":[[-7.94792,37.00417],[-7.94653,37.00625],[-7.94792,37.00729],[-7.95208,37.00792],[-7.95486,37.00625],[-7.95208,37.00347],[-7.94792,37.00417]]},"properties":{"fid":692,"ID":691,"ELEV":0}},
{"type":"Feature","geometry":{"type":"LineString","coordinates":[[-7.86042,37.00292],[-7.85708,37.00625],[-7.85625,37.00833],[-7.85486,37.01042],[-7.85312,37.01458],[-7.85625,37.01708],[-7.85729,37.01875],[-7.86042,37.02153],[-7.8625,37.02292],[-7.86458,37.0247],[-7.86667,37.02292],[-7.86458,37.02083],[-7.86319,37.01875],[-7.86042,37.01625],[-7.85804,37.01458],[-7.86042,37.01292],[-7.86193,37.01458],[-7.86458,37.0175],[-7.86667,37.01875],[-7.86875,37.02083],[-7.87083,37.01875],[-7.86875,37.01625],[-7.86782,37.01458],[-7.86771,37.01042],[-7.86875,37.00903],[-7.87014,37.01042],[-7.87292,37.01319],[-7.87569,37.01042],[-7.87292,37.00764],[-7.87153,37.00625],[-7.86875,37.00417],[-7.86458,37.00417],[-7.86042,37.00292]]},"properties":{"fid":693,"ID":692,"ELEV":0}},
{"type":"Feature","geometry":{"type":"LineString","coordinates":[[-7.91875,37.00104],[-7.91736,37.00208],[-7.91875,37.00312],[-7.92083,37.00208],[-7.91875,37.00104]]},"properties":{"fid":695,"ID":694,"ELEV":0}},
{"type":"Feature","geometry":{"type":"LineString","coordinates":[[-7.89375,36.99931],[-7.89167,37.00208],[-7.89375,37.00417],[-7.89653,37.00208],[-7.89375,36.99931]]},"properties":{"fid":696,"ID":695,"ELEV":0}},
{"type":"Feature","geometry":{"type":"LineString","coordinates":[[-7.94792,36.99722],[-7.94687,36.99792],[-7.94792,37],[-7.94931,36.99792],[-7.94792,36.99722]]},"properties":{"fid":698,"ID":697,"ELEV":0}},
{"type":"Feature","geometry":{"type":"LineString","coordinates":[[-10,36.99162],[-9.99792,36.99162],[-9.99605,36.99375],[-9.99375,36.99727],[-9.99334,36.99792],[-9.99144,37.00208],[-9.99145,37.00625],[-9.99099,37.01042],[-9.98958,37.01241],[-9.98807,37.01458],[-9.98849,37.01875],[-9.98742,37.02292],[-9.98542,37.02477],[-9.98125,37.02666],[-9.97901,37.02708],[-9.97708,37.03125],[-9.98125,37.03484],[-9.9818,37.03542],[-9.98125,37.03702],[-9.97903,37.03958],[-9.97708,37.0412],[-9.97532,37.04375],[-9.97292,37.04559],[-9.97009,37.04792],[-9.96875,37.04931],[-9.96549,37.05208],[-9.96458,37.05278],[-9.96042,37.05625],[-9.95669,37.06042],[-9.95625,37.0607],[-9.95208,37.06192],[-9.94792,37.06285],[-9.94375,37.06297],[-9.94251,37.06042],[-9.94128,37.05625],[-9.94015,37.05208],[-9.93958,37.04913],[-9.93715,37.04792],[-9.93542,37.04682],[-9.93264,37.04375],[-9.93125,37.04242],[-9.92708,37.04091],[-9.92526,37.03958],[-9.92292,37.03837],[-9.91875,37.0357],[-9.91458,37.0358],[-9.91042,37.03891],[-9.90942,37.03958],[-9.90625,37.04167],[-9.90208,37.04303],[-9.89792,37.04115],[-9.89594,37.03958],[-9.89375,37.03661],[-9.89299,37.03542],[-9.88958,37.03229],[-9.88542,37.03294],[-9.88125,37.0334],[-9.87708,37.03387],[-9.87292,37.03425],[-9.86875,37.03482],[-9.86458,37.03304],[-9.8619,37.03125],[-9.86042,37.02951],[-9.85859,37.02708],[-9.85625,37.02558],[-9.85208,37.02597],[-9.84792,37.02548],[-9.84375,37.02452],[-9.83958,37.02437],[-9.83542,37.02542],[-9.83125,37.02693],[-9.83104,37.02708],[-9.82708,37.03002],[-9.82375,37.03125],[-9.82292,37.0315],[-9.81875,37.03295],[-9.81572,37.03542],[-9.81458,37.03631],[-9.81042,37.03789],[-9.80625,37.038],[-9.80499,37.03958],[-9.80208,37.04217],[-9.79996,37.04375],[-9.80018,37.04792],[-9.80208,37.04991],[-9.80393,37.05208],[-9.80208,37.05557],[-9.80151,37.05625],[-9.79903,37.06042],[-9.79792,37.06107],[-9.79375,37.06048],[-9.79323,37.06042],[-9.78958,37.0599],[-9.78542,37.0582],[-9.78125,37.05755],[-9.77708,37.05803],[-9.77292,37.06042],[-9.77083,37.06458],[-9.77206,37.06875],[-9.77235,37.07292],[-9.76875,37.07522],[-9.76458,37.0758],[-9.76042,37.07569],[-9.75625,37.07672],[-9.75561,37.07708],[-9.75208,37.07958],[-9.74922,37.08125],[-9.74792,37.08183],[-9.74375,37.08429],[-9.7429,37.08542],[-9.73958,37.08746],[-9.73542,37.08778],[-9.73125,37.08725],[-9.72708,37.08646],[-9.72292,37.08905],[-9.72244,37.08958],[-9.71875,37.09087],[-9.71458,37.09098],[-9.71042,37.09157],[-9.70625,37.09239],[-9.70208,37.09291],[-9.69994,37.09375],[-9.69792,37.09483],[-9.69375,37.09629],[-9.69065,37.09792],[-9.69165,37.10208],[-9.69375,37.10336],[-9.69792,37.10392],[-9.70208,37.10378],[-9.70625,37.1041],[-9.70901,37.10625],[-9.70625,37.10979],[-9.70208,37.11002],[-9.70154,37.11042],[-9.69912,37.11458],[-9.70208,37.11755],[-9.70431,37.11875],[-9.70625,37.12049],[-9.71042,37.12151],[-9.71361,37.12292],[-9.71458,37.12474],[-9.71667,37.12708],[-9.71875,37.1281],[-9.72047,37.13125],[-9.72141,37.13542],[-9.72056,37.13958],[-9.72021,37.14375],[-9.71984,37.14792],[-9.72292,37.14994],[-9.72708,37.14892],[-9.72955,37.14792],[-9.73125,37.14727],[-9.73542,37.14575],[-9.73958,37.14379],[-9.73963,37.14375],[-9.74375,37.14097],[-9.74756,37.13958],[-9.74792,37.13945],[-9.74825,37.13958],[-9.75208,37.14054],[-9.75625,37.14303],[-9.75731,37.14375],[-9.76042,37.14691],[-9.76124,37.14792],[-9.76231,37.15208],[-9.76363,37.15625],[-9.76333,37.16042],[-9.76413,37.16458],[-9.76458,37.16667],[-9.76875,37.1651],[-9.77292,37.16617],[-9.77708,37.16746],[-9.77929,37.16875],[-9.78125,37.17083],[-9.78248,37.17292],[-9.78377,37.17708],[-9.78331,37.18125],[-9.78194,37.18542],[-9.78125,37.18659],[-9.77993,37.18958],[-9.7799,37.19375],[-9.77913,37.19792],[-9.77741,37.20208],[-9.77708,37.20255],[-9.77436,37.20625],[-9.77373,37.21042],[-9.77328,37.21458],[-9.77292,37.21614],[-9.77154,37.21875],[-9.77109,37.22292],[-9.76928,37.22708],[-9.76875,37.22904],[-9.76843,37.23125],[-9.76458,37.23512],[-9.76435,37.23542],[-9.76368,37.23958],[-9.7632,37.24375],[-9.76042,37.24595],[-9.75855,37.24792],[-9.7564,37.25208],[-9.75625,37.25227],[-9.75208,37.25448],[-9.74879,37.25625],[-9.74792,37.25685],[-9.74375,37.26028],[-9.74363,37.26042],[-9.74016,37.26458],[-9.73958,37.26499],[-9.73542,37.2647],[-9.73125,37.26533],[-9.72708,37.26584],[-9.72292,37.26534],[-9.72142,37.26458],[-9.71875,37.26346],[-9.71458,37.26184],[-9.71211,37.26042],[-9.71042,37.25906],[-9.70755,37.25625],[-9.70625,37.25252],[-9.70608,37.25208],[-9.70625,37.25158],[-9.70762,37.24792],[-9.70638,37.24375],[-9.70625,37.24236],[-9.70589,37.23958],[-9.70625,37.2376],[-9.7065,37.23542],[-9.70625,37.23272],[-9.70486,37.23125],[-9.70208,37.23065],[-9.69792,37.23088],[-9.69668,37.23125],[-9.69572,37.23542],[-9.69375,37.23819],[-9.68958,37.23932],[-9.68542,37.23887],[-9.68177,37.23958],[-9.68125,37.23971],[-9.67708,37.24363],[-9.67702,37.24375],[-9.67554,37.24792],[-9.67292,37.25075],[-9.66875,37.25126],[-9.66458,37.25153],[-9.66408,37.25208],[-9.66458,37.25358],[-9.66529,37.25625],[-9.66634,37.26042],[-9.66702,37.26458],[-9.66781,37.26875],[-9.66875,37.27126],[-9.66952,37.27292],[-9.66971,37.27708],[-9.66878,37.28125],[-9.66999,37.28542],[-9.67055,37.28958],[-9.6705,37.29375],[-9.67069,37.29792],[-9.66875,37.30126],[-9.66841,37.30208],[-9.66875,37.3026],[-9.67198,37.30625],[-9.67248,37.31042],[-9.67292,37.31222],[-9.67407,37.31458],[-9.67708,37.31666],[-9.67978,37.31875],[-9.68125,37.32032],[-9.68459,37.32292],[-9.68542,37.32363],[-9.68796,37.32708],[-9.68686,37.33125],[-9.68542,37.33396],[-9.68474,37.33542],[-9.68372,37.33958],[-9.68542,37.34065],[-9.68958,37.34331],[-9.68999,37.34375],[-9.68958,37.34429],[-9.6855,37.34792],[-9.68958,37.35067],[-9.69139,37.35208],[-9.69224,37.35625],[-9.69157,37.36042],[-9.68958,37.36448],[-9.68956,37.36458],[-9.68958,37.36461],[-9.69339,37.36875],[-9.69328,37.37292],[-9.69341,37.37708],[-9.69375,37.37819],[-9.69503,37.38125],[-9.69432,37.38542],[-9.69599,37.38958],[-9.69715,37.39375],[-9.69653,37.39792],[-9.69557,37.40208],[-9.69375,37.40529],[-9.69323,37.40625],[-9.69262,37.41042],[-9.69318,37.41458],[-9.69375,37.41681],[-9.69449,37.41875],[-9.69375,37.42012],[-9.69246,37.42292],[-9.69246,37.42708],[-9.69342,37.43125],[-9.69366,37.43542],[-9.69372,37.43958],[-9.69375,37.43962],[-9.69732,37.44375],[-9.69792,37.44474],[-9.69981,37.44792],[-9.70079,37.45208],[-9.70142,37.45625],[-9.70208,37.45764],[-9.70504,37.46042],[-9.70545,37.46458],[-9.70625,37.46797],[-9.70654,37.46875],[-9.70814,37.47292],[-9.70989,37.47708],[-9.71042,37.47768],[-9.71426,37.48125],[-9.71458,37.48144],[-9.71868,37.48542],[-9.71875,37.48567],[-9.72089,37.48958],[-9.72292,37.49054],[-9.72708,37.49185],[-9.72936,37.49375],[-9.73125,37.49675],[-9.7322,37.49792],[-9.73421,37.50208],[-9.73542,37.50396],[-9.73745,37.50625],[-9.73867,37.51042],[-9.73858,37.51458],[-9.73689,37.51875],[-9.73542,37.52043],[-9.73326,37.52292],[-9.73454,37.52708],[-9.73542,37.52798],[-9.73958,37.53094],[-9.73996,37.53125],[-9.74218,37.53542],[-9.74335,37.53958],[-9.74375,37.53999],[-9.74792,37.54177],[-9.75208,37.54317],[-9.75294,37.54375],[-9.75601,37.54792],[-9.75625,37.54817],[-9.76042,37.55009],[-9.76458,37.55032],[-9.76525,37.55208],[-9.76488,37.55625],[-9.76464,37.56042],[-9.765,37.56458],[-9.76458,37.56542],[-9.76284,37.56875],[-9.76458,37.57035],[-9.76719,37.57292],[-9.76779,37.57708],[-9.76458,37.58017],[-9.7638,37.58125],[-9.76458,37.58227],[-9.76766,37.58542],[-9.76819,37.58958],[-9.76875,37.59077],[-9.77083,37.58958],[-9.77292,37.58811],[-9.77708,37.58689],[-9.78125,37.5855],[-9.78146,37.58542],[-9.78542,37.58302],[-9.78807,37.58125],[-9.78958,37.58014],[-9.79261,37.58125],[-9.79274,37.58542],[-9.79266,37.58958],[-9.79318,37.59375],[-9.79375,37.59653],[-9.79792,37.59537],[-9.80116,37.59375],[-9.80208,37.59344],[-9.80625,37.59097],[-9.80795,37.58958],[-9.81042,37.58803],[-9.81458,37.58711],[-9.81875,37.58701],[-9.82236,37.58542],[-9.82292,37.585],[-9.82512,37.58125],[-9.82708,37.57966],[-9.83125,37.5774],[-9.83163,37.57708],[-9.83542,37.57431],[-9.83958,37.57353],[-9.84056,37.57292],[-9.84299,37.56875],[-9.84375,37.56823],[-9.84792,37.56661],[-9.85208,37.5656],[-9.85625,37.56458],[-9.86042,37.56406],[-9.86458,37.56208],[-9.86875,37.56236],[-9.87292,37.56265],[-9.87708,37.56146],[-9.87818,37.56042],[-9.88068,37.55625],[-9.88112,37.55208],[-9.87976,37.54792],[-9.88046,37.54375],[-9.88125,37.54221],[-9.88247,37.53958],[-9.88177,37.53542],[-9.88125,37.53281],[-9.88095,37.53125],[-9.88125,37.53085],[-9.88345,37.52708],[-9.88418,37.52292],[-9.88542,37.52128],[-9.88958,37.52138],[-9.89375,37.521],[-9.89792,37.51958],[-9.89939,37.51875],[-9.90208,37.51711],[-9.90625,37.51501],[-9.90703,37.51458],[-9.91042,37.5112],[-9.9122,37.51042],[-9.91458,37.50944],[-9.91875,37.50929],[-9.92292,37.50825],[-9.92625,37.50625],[-9.92708,37.50529],[-9.93056,37.50208],[-9.93125,37.5017],[-9.93542,37.50032],[-9.93958,37.50011],[-9.9419,37.49792],[-9.94375,37.49653],[-9.94792,37.49517],[-9.95092,37.49375],[-9.95119,37.48958],[-9.95208,37.48866],[-9.95625,37.48632],[-9.95748,37.48542],[-9.96025,37.48125],[-9.9576,37.47708],[-9.95991,37.47292],[-9.95759,37.46875],[-9.95821,37.46458],[-9.96042,37.46061],[-9.96458,37.46316],[-9.9669,37.46458],[-9.96875,37.46597],[-9.97292,37.46824],[-9.97514,37.46875],[-9.97708,37.46929],[-9.98125,37.46997],[-9.98542,37.47021],[-9.98958,37.46922],[-9.99375,37.46923],[-9.99792,37.46928],[-10,37.46928]]},"properties":{"fid":700,"ID":699,"ELEV":-3000}},
{"type":"Feature","geometry":{"type":"LineString","coordinates":[[-8.94563,36.99375],[-8.94792,36.99184],[-8.94994,36.99375],[-8.95069,36.99792],[-8.94792,37.00195],[-8.94444,36.99792],[-8.94563,36.99375]]},"properties":{"fid":701,"ID":700,"ELEV":0}},
{"type":"Feature","geometry":{"type":"LineString","coordinates":[[-7.81667,36.99375],[-7.81875,36.99236],[-7.82292,36.99236],[-7.82396,36.99375],[-7.82708,36.99625],[-7.82986,36.99792],[-7.82708,37],[-7.82292,37.00069],[-7.82083,37.00208],[-7.81875,37.00417],[-7.81458,37.00417],[-7.81042,37.00417],[-7.80625,37.00208],[-7.80208,37],[-7.8,37.00208],[-7.79792,37.00347],[-7.79687,37.00208],[-7.79687,36.99792],[-7.79792,36.99722],[-7.80208,36.99583],[-7.80625,36.99792],[-7.81042,37.00069],[-7.81319,36.99792],[-7.81458,36.99583],[-7.81667,36.99375]]},"properties":{"fid":702,"ID":701,"ELEV":0}},
{"type":"Feature","geometry":{"type":"LineString","coordinates":[[-7.96042,36.99236],[-7.95937,36.99375],[-7.96042,36.99479],[-7.96181,36.99375],[-7.96042,36.99236]]},"properties":{"fid":703,"ID":702,"ELEV":0}},
{"type":"Feature","geometry":{"type":"LineString","coordinates":[[-7.88542,36.99077],[-7.88244,36.99375],[-7.88542,36.99673],[-7.88839,36.99375],[-7.88542,36.99077]]},"properties":{"fid":704,"ID":703,"ELEV":0}},
{"type":"Feature","geometry":{"type":"LineString","coordinates":[[-7.82958,36.99375],[-7.83125,36.99256],[-7.83208,36.99375],[-7.83125,36.99653],[-7.82958,36.99375]]},"properties":{"fid":705,"ID":704,"ELEV":0}},
{"type":"Feature","geometry":{"type":"LineString","coordinates":[[-7.93958,36.9872],[-7.93681,36.98958],[-7.93958,36.99196],[-7.94196,36.98958],[-7.93958,36.9872]]},"properties":{"fid":706,"ID":705,"ELEV":0}},
{"type":"Feature","geometry":{"type":"LineString","coordinates":[[-7.93125,36.98698],[-7.92827,36.98958],[-7.93125,36.99256],[-7.93423,36.98958],[-7.93125,36.98698]]},"properties":{"fid":707,"ID":706,"ELEV":0}},
{"type":"Feature","geometry":{"type":"LineString","coordinates":[[-7.88958,36.98646],[-7.88646,36.98958],[-7.88958,36.99271],[-7.89315,36.98958],[-7.88958,36.98646]]},"properties":{"fid":708,"ID":707,"ELEV":0}},
{"type":"Feature","geometry":{"type":"LineString","coordinates":[[-7.93125,36.97292],[-7.93021,36.97708],[-7.93125,36.97813],[-7.93264,36.97708],[-7.93125,36.97292]]},"properties":{"fid":709,"ID":708,"ELEV":0}},
{"type":"Feature","geometry":{"type":"LineString","coordinates":[[-7.86069,36.97292],[-7.86458,36.97027],[-7.86712,36.97292],[-7.86747,36.97708],[-7.86458,36.98083],[-7.86042,36.98006],[-7.85804,36.98125],[-7.85625,36.98304],[-7.85458,36.98542],[-7.85208,36.98792],[-7.84792,36.98899],[-7.84653,36.98958],[-7.84375,36.99125],[-7.84062,36.99375],[-7.83958,36.99479],[-7.83912,36.99375],[-7.83542,36.99072],[-7.83385,36.98958],[-7.83542,36.98833],[-7.83704,36.98542],[-7.83958,36.9816],[-7.84375,36.98167],[-7.84405,36.98125],[-7.84792,36.97786],[-7.85208,36.97801],[-7.85278,36.97708],[-7.85625,36.97388],[-7.86042,36.9733],[-7.86069,36.97292]]},"properties":{"fid":712,"ID":711,"ELEV":0}},
{"type":"Feature","geometry":{"type":"LineString","coordinates":[[-6.35625,36.91042],[-6.35417,36.91458],[-6.35625,36.91667],[-6.35833,36.91875],[-6.36042,36.92083],[-6.36458,36.92083],[-6.36667,36.91875],[-6.36458,36.91667],[-6.3625,36.91458],[-6.36042,36.9125],[-6.35625,36.91042]]},"properties":{"fid":728,"ID":727,"ELEV":0}},
{"type":"Feature","geometry":{"type":"LineString","coordinates":[[-6.35625,36.88333],[-6.35417,36.88542],[-6.35625,36.88958],[-6.35833,36.88542],[-6.35625,36.88333]]},"properties":{"fid":733,"ID":732,"ELEV":0}},
{"type":"Feature","geometry":{"type":"LineString","coordinates":[[-1.52232,36.86458],[-1.52292,36.86419],[-1.52516,36.86458],[-1.52292,36.86542],[-1.52232,36.86458]]},"properties":{"fid":736,"ID":735,"ELEV":-1000}},
{"type":"Feature","geometry":{"type":"LineString","coordinates":[[-1.68958,36.8017],[-1.68952,36.80208],[-1.68839,36.80625],[-1.68542,36.80934],[-1.68434,36.81042],[-1.68542,36.81204],[-1.68958,36.81117],[-1.69038,36.81042],[-1.69261,36.80625],[-1.69097,36.80208],[-1.68958,36.8017]]},"properties":{"fid":747,"ID":746,"ELEV":-1000}},
{"type":"Feature","geometry":{"type":"LineString","coordinates":[[-2.21875,36.76354],[-2.21667,36.76458],[-2.21875,36.76875],[-2.22292,36.76875],[-2.225,36.76458],[-2.22292,36.76292],[-2.21875,36.76354]]},"properties":{"fid":755,"ID":754,"ELEV":0}},
{"type":"Feature","geometry":{"type":"LineString","coordinates":[[-9.26042,36.70625],[-9.26458,36.70625],[-9.26042,36.70625]]},"properties":{"fid":759,"ID":758,"ELEV":-1000}},
{"type":"Feature","geometry":{"type":"LineString","coordinates":[[-9.08125,36.70149],[-9.07933,36.70208],[-9.08125,36.70381],[-9.08542,36.70395],[-9.08958,36.70333],[-9.09375,36.70486],[-9.0939,36.70208],[-9.09375,36.702],[-9.08958,36.7017],[-9.08542,36.70121],[-9.08125,36.70149]]},"properties":{"fid":760,"ID":759,"ELEV":-1000}},
{"type":"Feature","geometry":{"type":"LineString","coordinates":[[-9.99226,36.65625],[-9.99375,36.65534],[-9.99413,36.65625],[-9.99375,36.65799],[-9.99226,36.65625]]},"properties":{"fid":766,"ID":765,"ELEV":-3000}},
{"type":"Feature","geometry":{"type":"LineString","coordinates":[[-6.20208,36.59236],[-6.19931,36.59375],[-6.20208,36.59542],[-6.20375,36.59375],[-6.20208,36.59236]]},"properties":{"fid":774,"ID":773,"ELEV":0}},
{"type":"Feature","geometry":{"type":"LineString","coordinates":[[-9.83958,36.58403],[-9.83869,36.58542],[-9.83958,36.58604],[-9.83988,36.58542],[-9.83958,36.58403]]},"properties":{"fid":777,"ID":776,"ELEV":-4000}},
{"type":"Feature","geometry":{"type":"LineString","coordinates":[[-1.33397,36.53125],[-1.33542,36.5304],[-1.33958,36.52841],[-1.34375,36.52867],[-1.34792,36.52987],[-1.3495,36.53125],[-1.3506,36.53542],[-1.34961,36.53958],[-1.34798,36.54375],[-1.34792,36.54583],[-1.34375,36.54754],[-1.33958,36.5459],[-1.33555,36.54375],[-1.33542,36.5437],[-1.33125,36.54158],[-1.33016,36.53958],[-1.33094,36.53542],[-1.33125,36.53465],[-1.33397,36.53125]]},"properties":{"fid":787,"ID":786,"ELEV":-2000}},
{"type":"Feature","geometry":{"type":"LineString","coordinates":[[-1.69633,36.52708],[-1.69792,36.52417],[-1.69915,36.52708],[-1.69792,36.52899],[-1.69633,36.52708]]},"properties":{"fid":788,"ID":787,"ELEV":-1000}},
{"type":"Feature","geometry":{"type":"LineString","coordinates":[[-6.30365,36.52708],[-6.30625,36.52489],[-6.30885,36.52708],[-6.30903,36.53125],[-6.30875,36.53542],[-6.30625,36.53792],[-6.30208,36.53802],[-6.3,36.53542],[-6.30037,36.53125],[-6.30208,36.52901],[-6.30365,36.52708]]},"properties":{"fid":789,"ID":788,"ELEV":0}},
{"type":"Feature","geometry":{"type":"LineString","coordinates":[[-6.31736,36.52708],[-6.31875,36.52583],[-6.32014,36.52708],[-6.31875,36.52887],[-6.31736,36.52708]]},"properties":{"fid":790,"ID":789,"ELEV":0}},
{"type":"Feature","geometry":{"type":"LineString","coordinates":[[-6.22292,36.52557],[-6.22106,36.52708],[-6.22292,36.52946],[-6.22708,36.52917],[-6.22917,36.52708],[-6.22708,36.52595],[-6.22292,36.52557]]},"properties":{"fid":791,"ID":790,"ELEV":0}},
{"type":"Feature","geometry":{"type":"LineString","coordinates":[[-1.62134,36.51042],[-1.62292,36.50948],[-1.62708,36.50841],[-1.63125,36.50877],[-1.63542,36.50877],[-1.63958,36.50941],[-1.64055,36.51042],[-1.64106,36.51458],[-1.64091,36.51875],[-1.64054,36.52292],[-1.63958,36.52396],[-1.63708,36.52708],[-1.63542,36.52883],[-1.63268,36.53125],[-1.63125,36.53221],[-1.62708,36.53283],[-1.62292,36.53265],[-1.61875,36.53256],[-1.61515,36.53125],[-1.61458,36.53072],[-1.61196,36.52708],[-1.61447,36.52292],[-1.61458,36.52273],[-1.61704,36.51875],[-1.6182,36.51458],[-1.61875,36.51375],[-1.62134,36.51042]]},"properties":{"fid":793,"ID":792,"ELEV":-1000}},
{"type":"Feature","geometry":{"type":"LineString","coordinates":[[-6.21042,36.42847],[-6.20764,36.43125],[-6.21042,36.43403],[-6.21319,36.43125],[-6.21042,36.42847]]},"properties":{"fid":798,"ID":797,"ELEV":0}},
{"type":"Feature","geometry":{"type":"LineString","coordinates":[[-6.19792,36.40347],[-6.19625,36.40625],[-6.19792,36.40744],[-6.20208,36.40875],[-6.20521,36.40625],[-6.20208,36.40313],[-6.19792,36.40347]]},"properties":{"fid":799,"ID":798,"ELEV":0}},
{"type":"Feature","geometry":{"type":"LineString","coordinates":[[-7.63958,36.39759],[-7.63872,36.39792],[-7.63542,36.40032],[-7.63153,36.40208],[-7.63542,36.40344],[-7.63958,36.40441],[-7.64375,36.40438],[-7.64792,36.40375],[-7.65208,36.40311],[-7.65625,36.40222],[-7.65653,36.40208],[-7.65977,36.39792],[-7.65625,36.3951],[-7.65208,36.39562],[-7.64792,36.39601],[-7.64375,36.39675],[-7.63958,36.39759]]},"properties":{"fid":800,"ID":799,"ELEV":-1000}},
{"type":"Feature","geometry":{"type":"LineString","coordinates":[[-6.21042,36.39613],[-6.20792,36.39792],[-6.20625,36.39931],[-6.20292,36.40208],[-6.20625,36.40542],[-6.20708,36.40625],[-6.21042,36.40958],[-6.21125,36.41042],[-6.21042,36.41111],[-6.20694,36.41458],[-6.21042,36.41806],[-6.21111,36.41875],[-6.21161,36.42292],[-6.21458,36.42589],[-6.21719,36.42292],[-6.21719,36.41875],[-6.21736,36.41458],[-6.21696,36.41042],[-6.21458,36.40764],[-6.21319,36.40625],[-6.21319,36.40208],[-6.21292,36.39792],[-6.21042,36.39613]]},"properties":{"fid":801,"ID":800,"ELEV":0}},
{"type":"Feature","geometry":{"type":"LineString","coordinates":[[-7.66042,36.39329],[-7.65964,36.39375],[-7.66042,36.39531],[-7.66458,36.39465],[-7.66792,36.39375],[-7.66458,36.39137],[-7.66042,36.39329]]},"properties":{"fid":802,"ID":801,"ELEV":-1000}},
{"type":"Feature","geometry":{"type":"LineString","coordinates":[[-7.66875,36.38891],[-7.66651,36.38958],[-7.66875,36.39282],[-7.67292,36.39072],[-7.67388,36.38958],[-7.67292,36.3875],[-7.66875,36.38891]]},"properties":{"fid":803,"ID":802,"ELEV":-1000}},
{"type":"Feature","geometry":{"type":"LineString","coordinates":[[-7.68542,36.37646],[-7.6849,36.37708],[-7.68125,36.38106],[-7.68099,36.38125],[-7.68125,36.38264],[-7.68542,36.38229],[-7.68657,36.38125],[-7.68958,36.37764],[-7.68998,36.37708],[-7.68958,36.37292],[-7.68542,36.37646]]},"properties":{"fid":804,"ID":803,"ELEV":-1000}},
{"type":"Feature","geometry":{"type":"LineString","coordinates":[[-3.02292,36.34792],[-3.02181,36.35208],[-3.02212,36.35625],[-3.02292,36.35736],[-3.02708,36.35894],[-3.02839,36.36042],[-3.02708,36.36296],[-3.02667,36.36458],[-3.02615,36.36875],[-3.02292,36.37221],[-3.01875,36.37277],[-3.01854,36.37292],[-3.01717,36.37708],[-3.01875,36.37885],[-3.02292,36.37875],[-3.025,36.37708],[-3.02708,36.37586],[-3.03125,36.37353],[-3.03437,36.37292],[-3.03542,36.3725],[-3.03883,36.36875],[-3.03958,36.36756],[-3.04139,36.36458],[-3.04173,36.36042],[-3.03958,36.35752],[-3.03832,36.35625],[-3.03542,36.35322],[-3.03333,36.35208],[-3.03125,36.35061],[-3.02708,36.34948],[-3.02292,36.34792]]},"properties":{"fid":805,"ID":804,"ELEV":-1000}},
{"type":"Feature","geometry":{"type":"LineString","coordinates":[[-7.69792,36.34767],[-7.69732,36.34792],[-7.69792,36.34814],[-7.69861,36.34792],[-7.69792,36.34767]]},"properties":{"fid":806,"ID":805,"ELEV":-1000}},
{"type":"Feature","geometry":{"type":"LineString","coordinates":[[-7.41458,36.29125],[-7.41419,36.29375],[-7.41406,36.29792],[-7.41042,36.30163],[-7.40966,36.30208],[-7.40625,36.30443],[-7.40208,36.30523],[-7.40049,36.30625],[-7.40153,36.31042],[-7.40208,36.31074],[-7.40561,36.31042],[-7.40625,36.31005],[-7.41042,36.30928],[-7.41264,36.30625],[-7.41458,36.30471],[-7.41644,36.30208],[-7.4175,36.29792],[-7.41615,36.29375],[-7.41458,36.29125]]},"properties":{"fid":807,"ID":806,"ELEV":-1000}},
{"type":"Feature","geometry":{"type":"LineString","coordinates":[[-7.33542,36.28797],[-7.3339,36.28958],[-7.33542,36.29144],[-7.33813,36.29375],[-7.33958,36.29446],[-7.3411,36.29375],[-7.33958,36.28958],[-7.33542,36.28797]]},"properties":{"fid":808,"ID":807,"ELEV":-1000}},
{"type":"Feature","geometry":{"type":"LineString","coordinates":[[-9.97292,36.27387],[-9.97178,36.27708],[-9.97292,36.2782],[-9.97708,36.27858],[-9.98125,36.27747],[-9.98295,36.27708],[-9.98125,36.27545],[-9.97708,36.27358],[-9.97292,36.27387]]},"properties":{"fid":809,"ID":808,"ELEV":-5000}},
{"type":"Feature","geometry":{"type":"LineString","coordinates":[[-7.41875,36.27573],[-7.41818,36.27708],[-7.41714,36.28125],[-7.41875,36.28392],[-7.42292,36.2838],[-7.42604,36.28125],[-7.42708,36.27708],[-7.42292,36.27408],[-7.41875,36.27573]]},"properties":{"fid":810,"ID":809,"ELEV":-1000}},
{"type":"Feature","geometry":{"type":"LineString","coordinates":[[-9.96042,36.27277],[-9.9601,36.27292],[-9.96042,36.27296],[-9.96458,36.27308],[-9.96597,36.27292],[-9.96458,36.27245],[-9.96042,36.27277]]},"properties":{"fid":811,"ID":810,"ELEV":-5000}},
{"type":"Feature","geometry":{"type":"LineString","coordinates":[[-7.46042,36.25551],[-7.45785,36.25625],[-7.46042,36.25683],[-7.46458,36.25742],[-7.46875,36.25764],[-7.47292,36.25625],[-7.46875,36.25389],[-7.46458,36.25417],[-7.46042,36.25551]]},"properties":{"fid":812,"ID":811,"ELEV":-1000}},
{"type":"Feature","geometry":{"type":"LineString","coordinates":[[-2.86796,36.25208],[-2.86875,36.25199],[-2.86891,36.25208],[-2.87292,36.25491],[-2.87443,36.25625],[-2.87292,36.25734],[-2.87074,36.25625],[-2.86875,36.25244],[-2.86796,36.25208]]},"properties":{"fid":813,"ID":812,"ELEV":-1000}},
{"type":"Feature","geometry":{"type":"LineString","coordinates":[[-2.89935,36.24792],[-2.90208,36.24667],[-2.90625,36.24634],[-2.90818,36.24792],[-2.91042,36.24964],[-2.91314,36.25208],[-2.91042,36.25417],[-2.90625,36.25387],[-2.90296,36.25208],[-2.90208,36.25049],[-2.89935,36.24792]]},"properties":{"fid":814,"ID":813,"ELEV":-1000}},
{"type":"Feature","geometry":{"type":"LineString","coordinates":[[-2.85097,36.24792],[-2.85208,36.24425],[-2.85625,36.24438],[-2.86042,36.24703],[-2.86225,36.24792],[-2.86186,36.25208],[-2.86042,36.2526],[-2.85625,36.25331],[-2.85317,36.25208],[-2.85208,36.25069],[-2.85097,36.24792]]},"properties":{"fid":815,"ID":814,"ELEV":-1000}},
{"type":"Feature","geometry":{"type":"LineString","coordinates":[[-2.94792,36.24312],[-2.94661,36.24375],[-2.94792,36.24498],[-2.95208,36.24653],[-2.95625,36.24514],[-2.95875,36.24375],[-2.95625,36.24306],[-2.95208,36.24336],[-2.94792,36.24312]]},"properties":{"fid":816,"ID":815,"ELEV":-1000}},
{"type":"Feature","geometry":null,"properties":{"fid":817,"ID":816,"ELEV":-1000}},
{"type":"Feature","geometry":null,"properties":{"fid":818,"ID":817,"ELEV":-1000}},
{"type":"Feature","geometry":{"type":"LineString","coordinates":[[-9.38958,36.21483],[-9.38641,36.21875],[-9.38958,36.21936],[-9.39375,36.21925],[-9.39537,36.21875],[-9.39375,36.21693],[-9.38958,36.21483]]},"properties":{"fid":819,"ID":818,"ELEV":-4000}},
{"type":"Feature","geometry":{"type":"LineString","coordinates":[[-7.41019,36.21458],[-7.41042,36.21443],[-7.41319,36.21458],[-7.41042,36.21736],[-7.41019,36.21458]]},"properties":{"fid":820,"ID":819,"ELEV":-1000}},
{"type":"Feature","geometry":{"type":"LineString","coordinates":[[-7.66875,36.20987],[-7.66789,36.21042],[-7.66458,36.21351],[-7.66283,36.21458],[-7.66042,36.21628],[-7.65923,36.21875],[-7.65898,36.22292],[-7.65977,36.22708],[-7.66042,36.22858],[-7.66458,36.22997],[-7.66548,36.22708],[-7.66576,36.22292],[-7.66875,36.21908],[-7.66927,36.21875],[-7.67292,36.21458],[-7.67316,36.21042],[-7.67292,36.2101],[-7.66875,36.20987]]},"properties":{"fid":821,"ID":820,"ELEV":-1000}},
{"type":"Feature","geometry":{"type":"LineString","coordinates":[[-7.52292,36.20833],[-7.51942,36.21042],[-7.51875,36.21095],[-7.51735,36.21458],[-7.51541,36.21875],[-7.51458,36.21955],[-7.51179,36.22292],[-7.51042,36.22616],[-7.50947,36.22708],[-7.51042,36.22869],[-7.51175,36.23125],[-7.5141,36.23542],[-7.51458,36.2359],[-7.51505,36.23542],[-7.51766,36.23125],[-7.51875,36.23032],[-7.52292,36.22766],[-7.52417,36.22708],[-7.52708,36.22505],[-7.53036,36.22292],[-7.53125,36.22216],[-7.53241,36.21875],[-7.53261,36.21458],[-7.53185,36.21042],[-7.53125,36.21016],[-7.52708,36.20744],[-7.52292,36.20833]]},"properties":{"fid":822,"ID":821,"ELEV":-1000}},
{"type":"Feature","geometry":{"type":"LineString","coordinates":[[-5.88958,36.20938],[-5.8875,36.21042],[-5.88958,36.21458],[-5.89375,36.2125],[-5.89792,36.21042],[-5.89375,36.20972],[-5.88958,36.20938]]},"properties":{"fid":823,"ID":822,"ELEV":0}},
{"type":"Feature","geometry":{"type":"LineString","coordinates":[[-7.66875,36.20174],[-7.66747,36.20208],[-7.66875,36.20246],[-7.67292,36.20259],[-7.67366,36.20208],[-7.67292,36.19977],[-7.66875,36.20174]]},"properties":{"fid":824,"ID":823,"ELEV":-1000}},
{"type":"Feature","geometry":{"type":"LineString","coordinates":[[-8.63819,36.18958],[-8.63958,36.1895],[-8.64375,36.18958],[-8.64792,36.18958],[-8.65208,36.19208],[-8.65625,36.19357],[-8.65652,36.19375],[-8.66042,36.19632],[-8.66458,36.19745],[-8.66501,36.19792],[-8.66662,36.20208],[-8.66875,36.20439],[-8.6696,36.20625],[-8.67014,36.21042],[-8.67143,36.21458],[-8.67035,36.21875],[-8.66933,36.22292],[-8.66875,36.22407],[-8.66604,36.22708],[-8.66458,36.22844],[-8.66132,36.23125],[-8.66042,36.23233],[-8.65625,36.23297],[-8.65208,36.2334],[-8.64792,36.23264],[-8.64375,36.23162],[-8.64326,36.23125],[-8.63958,36.22785],[-8.63769,36.22708],[-8.63542,36.22516],[-8.63161,36.22292],[-8.63125,36.22271],[-8.62708,36.21931],[-8.62627,36.21875],[-8.62292,36.21516],[-8.62202,36.21458],[-8.61875,36.21172],[-8.6163,36.21042],[-8.61458,36.2075],[-8.6138,36.20625],[-8.6108,36.20208],[-8.61042,36.19792],[-8.61458,36.19421],[-8.61875,36.19401],[-8.62292,36.19375],[-8.62708,36.19325],[-8.63125,36.19208],[-8.63542,36.19007],[-8.63819,36.18958]]},"properties":{"fid":825,"ID":824,"ELEV":-2000}},
{"type":"Feature","geometry":{"type":"LineString","coordinates":[[-7.53958,36.18906],[-7.53769,36.18958],[-7.53736,36.19375],[-7.53958,36.19476],[-7.54375,36.1957],[-7.54792,36.19583],[-7.55208,36.19456],[-7.55327,36.19375],[-7.55476,36.18958],[-7.55208,36.18795],[-7.54792,36.1875],[-7.54375,36.18802],[-7.53958,36.18906]]},"properties":{"fid":826,"ID":825,"ELEV":-1000}},
{"type":"Feature","geometry":{"type":"LineString","coordinates":[[-7.72612,36.18542],[-7.72708,36.1841],[-7.73125,36.18201],[-7.73542,36.1831],[-7.73958,36.18469],[-7.74236,36.18542],[-7.74375,36.18708],[-7.74625,36.18958],[-7.74375,36.19208],[-7.73958,36.19282],[-7.73542,36.19178],[-7.73125,36.1912],[-7.72882,36.18958],[-7.72708,36.18769],[-7.72612,36.18542]]},"properties":{"fid":827,"ID":826,"ELEV":-1000}},
{"type":"Feature","geometry":{"type":"LineString","coordinates":[[-9.36815,36.17708],[-9.36875,36.17662],[-9.37292,36.17604],[-9.37708,36.17604],[-9.38125,36.17667],[-9.38229,36.17708],[-9.38542,36.17822],[-9.38958,36.18125],[-9.38646,36.18542],[-9.38646,36.18958],[-9.38681,36.19375],[-9.38542,36.19427],[-9.38125,36.19602],[-9.37708,36.19792],[-9.37292,36.19851],[-9.36875,36.2],[-9.36458,36.19792],[-9.36042,36.19583],[-9.35917,36.19375],[-9.35923,36.18958],[-9.35856,36.18542],[-9.36042,36.18304],[-9.36458,36.18333],[-9.36875,36.18229],[-9.36944,36.18125],[-9.36875,36.17917],[-9.36815,36.17708]]},"properties":{"fid":828,"ID":827,"ELEV":-4000}},
{"type":"Feature","geometry":{"type":"LineString","coordinates":[[-3.20208,36.17684],[-3.19792,36.17708],[-3.20208,36.17772],[-3.20327,36.17708],[-3.20208,36.17684]]},"properties":{"fid":829,"ID":828,"ELEV":-1000}},
{"type":"Feature","geometry":{"type":"LineString","coordinates":[[-7.70657,36.16875],[-7.71042,36.16792],[-7.71458,36.16826],[-7.71554,36.16875],[-7.717,36.17292],[-7.71667,36.17708],[-7.71458,36.17883],[-7.71042,36.17889],[-7.70625,36.17917],[-7.70208,36.17917],[-7.69838,36.17708],[-7.69821,36.17292],[-7.70208,36.17075],[-7.70625,36.16892],[-7.70657,36.16875]]},"properties":{"fid":830,"ID":829,"ELEV":-1000}},
{"type":"Feature","geometry":{"type":"LineString","coordinates":[[-7.31875,36.1645],[-7.31756,36.16458],[-7.31458,36.16528],[-7.31042,36.16667],[-7.30983,36.16875],[-7.31042,36.16909],[-7.31458,36.16971],[-7.31875,36.17019],[-7.32292,36.16963],[-7.32465,36.16875],[-7.32319,36.16458],[-7.32292,36.16449],[-7.31875,36.1645]]},"properties":{"fid":831,"ID":830,"ELEV":-1000}},
{"type":"Feature","geometry":{"type":"LineString","coordinates":[[-7.47609,36.16042],[-7.47708,36.1596],[-7.47907,36.16042],[-7.48125,36.16121],[-7.48542,36.16285],[-7.48958,36.1642],[-7.4901,36.16458],[-7.48958,36.16556],[-7.48657,36.16875],[-7.48542,36.17083],[-7.48281,36.17292],[-7.48125,36.17431],[-7.47708,36.17452],[-7.47593,36.17292],[-7.47292,36.16905],[-7.47278,36.16875],[-7.47292,36.16667],[-7.47301,36.16458],[-7.47609,36.16042]]},"properties":{"fid":832,"ID":831,"ELEV":-1000}},
{"type":"Feature","geometry":{"type":"LineString","coordinates":[[-7.49767,36.15625],[-7.49792,36.15417],[-7.49838,36.15625],[-7.49792,36.15641],[-7.49767,36.15625]]},"properties":{"fid":833,"ID":832,"ELEV":-1000}},
{"type":"Feature","geometry":{"type":"LineString","coordinates":[[-7.49856,36.15208],[-7.50208,36.14903],[-7.5059,36.15208],[-7.50208,36.15378],[-7.49856,36.15208]]},"properties":{"fid":834,"ID":833,"ELEV":-1000}},
{"type":"Feature","geometry":{"type":"LineString","coordinates":[[-5.34375,36.15192],[-5.34292,36.15208],[-5.34375,36.15347],[-5.34514,36.15208],[-5.34375,36.15192]]},"properties":{"fid":835,"ID":834,"ELEV":0}},
{"type":"Feature","geometry":{"type":"LineString","coordinates":[[-7.58958,36.14315],[-7.58909,36.14375],[-7.58958,36.14444],[-7.59375,36.14699],[-7.59537,36.14375],[-7.59375,36.14267],[-7.58958,36.14315]]},"properties":{"fid":836,"ID":835,"ELEV":-1000}},
{"type":"Feature","geometry":{"type":"LineString","coordinates":[[-7.51354,36.14375],[-7.51458,36.14343],[-7.51528,36.14375],[-7.51458,36.14403],[-7.51354,36.14375]]},"properties":{"fid":837,"ID":836,"ELEV":-1000}},
{"type":"Feature","geometry":{"type":"LineString","coordinates":[[-9.43019,36.13542],[-9.43125,36.13493],[-9.43201,36.13542],[-9.43125,36.13958],[-9.43019,36.13542]]},"properties":{"fid":838,"ID":837,"ELEV":-4000}},
{"type":"Feature","geometry":{"type":"LineString","coordinates":[[-7.62458,36.13542],[-7.62708,36.13468],[-7.63125,36.13304],[-7.63542,36.13417],[-7.63698,36.13542],[-7.63958,36.13664],[-7.64375,36.13792],[-7.64687,36.13958],[-7.64375,36.14167],[-7.63958,36.14292],[-7.63542,36.14167],[-7.63125,36.1403],[-7.62946,36.13958],[-7.62708,36.13625],[-7.62458,36.13542]]},"properties":{"fid":839,"ID":838,"ELEV":-1000}},
{"type":"Feature","geometry":{"type":"LineString","coordinates":[[-9.26968,36.13125],[-9.27292,36.12931],[-9.27454,36.13125],[-9.27292,36.13258],[-9.26968,36.13125]]},"properties":{"fid":840,"ID":839,"ELEV":-4000}},
{"type":"Feature","geometry":{"type":"LineString","coordinates":[[-7.38542,36.13092],[-7.38509,36.13125],[-7.38542,36.13333],[-7.3875,36.13542],[-7.38958,36.13581],[-7.3899,36.13542],[-7.39167,36.13125],[-7.38958,36.12897],[-7.38542,36.13092]]},"properties":{"fid":841,"ID":840,"ELEV":-1000}},
{"type":"Feature","geometry":{"type":"LineString","coordinates":[[-7.58264,36.12708],[-7.58542,36.12576],[-7.58958,36.12681],[-7.59022,36.12708],[-7.58958,36.12865],[-7.58843,36.13125],[-7.58938,36.13542],[-7.58958,36.13601],[-7.59236,36.13542],[-7.59375,36.13532],[-7.59792,36.13395],[-7.60208,36.13333],[-7.60625,36.13277],[-7.61042,36.13458],[-7.61458,36.13451],[-7.61875,36.13479],[-7.62173,36.13542],[-7.61875,36.13614],[-7.61619,36.13958],[-7.61532,36.14375],[-7.61458,36.14688],[-7.6142,36.14792],[-7.61042,36.1503],[-7.60625,36.1501],[-7.60208,36.15],[-7.59792,36.14972],[-7.59375,36.14851],[-7.58958,36.14981],[-7.58542,36.14944],[-7.58351,36.14792],[-7.58125,36.14674],[-7.57966,36.14792],[-7.57708,36.15057],[-7.57604,36.15208],[-7.57327,36.15625],[-7.57292,36.15736],[-7.56875,36.15976],[-7.56458,36.16003],[-7.56273,36.16042],[-7.56042,36.16082],[-7.55625,36.16302],[-7.5523,36.16458],[-7.55312,36.16875],[-7.55208,36.17199],[-7.55089,36.17292],[-7.54792,36.17411],[-7.54375,36.1738],[-7.54267,36.17292],[-7.53958,36.17023],[-7.53542,36.16947],[-7.53368,36.16875],[-7.53305,36.16458],[-7.53542,36.16302],[-7.53958,36.16312],[-7.54199,36.16042],[-7.54353,36.15625],[-7.54375,36.15602],[-7.54792,36.15208],[-7.55208,36.14902],[-7.55359,36.14792],[-7.55625,36.14597],[-7.55811,36.14375],[-7.56042,36.14218],[-7.56458,36.14132],[-7.56875,36.14045],[-7.57026,36.13958],[-7.57292,36.13741],[-7.5752,36.13542],[-7.57708,36.13362],[-7.58005,36.13125],[-7.58125,36.12909],[-7.58264,36.12708]]},"properties":{"fid":842,"ID":841,"ELEV":-1000}},
{"type":"Feature","geometry":{"type":"LineString","coordinates":[[-7.40625,36.12668],[-7.40587,36.12708],[-7.40625,36.12804],[-7.40721,36.12708],[-7.40625,36.12668]]},"properties":{"fid":843,"ID":842,"ELEV":-1000}},
{"type":"Feature","geometry":{"type":"LineString","coordinates":[[-5.43079,36.12708],[-5.43125,36.12625],[-5.43333,36.12708],[-5.43125,36.12778],[-5.43079,36.12708]]},"properties":{"fid":844,"ID":843,"ELEV":0}},
{"type":"Feature","geometry":{"type":"LineString","coordinates":[[-7.67812,36.12292],[-7.68125,36.12105],[-7.68542,36.12089],[-7.68958,36.121],[-7.69375,36.12098],[-7.69708,36.12292],[-7.69375,36.12654],[-7.69351,36.12708],[-7.68958,36.12986],[-7.68716,36.13125],[-7.68542,36.13333],[-7.68125,36.1349],[-7.67708,36.13306],[-7.67542,36.13125],[-7.67292,36.12827],[-7.66875,36.12792],[-7.66458,36.12708],[-7.66875,36.12625],[-7.67292,36.126],[-7.67708,36.12473],[-7.67812,36.12292]]},"properties":{"fid":845,"ID":844,"ELEV":-1000}},
{"type":"Feature","geometry":{"type":"LineString","coordinates":[[-3.22708,36.12224],[-3.22639,36.12292],[-3.22708,36.124],[-3.23125,36.12323],[-3.23158,36.12292],[-3.23125,36.12243],[-3.22708,36.12224]]},"properties":{"fid":846,"ID":845,"ELEV":-1000}},
{"type":"Feature","geometry":{"type":"LineString","coordinates":[[-5.43292,36.12292],[-5.43542,36.12083],[-5.43899,36.12292],[-5.43542,36.12649],[-5.43292,36.12292]]},"properties":{"fid":847,"ID":846,"ELEV":0}},
{"type":"Feature","geometry":{"type":"LineString","coordinates":[[-7.40208,36.11354],[-7.40167,36.11458],[-7.40208,36.11474],[-7.4024,36.11458],[-7.40208,36.11354]]},"properties":{"fid":848,"ID":847,"ELEV":-1000}},
{"type":"Feature","geometry":null,"properties":{"fid":849,"ID":848,"ELEV":-2000}},
{"type":"Feature","geometry":{"type":"LineString","coordinates":[[-8.30208,36.10833],[-8.30193,36.11042],[-8.30208,36.11055],[-8.30417,36.11042],[-8.30208,36.10833]]},"properties":{"fid":850,"ID":849,"ELEV":-2000}},
{"type":"Feature","geometry":{"type":"LineString","coordinates":[[-7.63125,36.11042],[-7.63542,36.11017],[-7.63958,36.11035],[-7.64042,36.11042],[-7.64375,36.11134],[-7.64792,36.11273],[-7.65208,36.11383],[-7.65542,36.11458],[-7.65208,36.11667],[-7.64792,36.11875],[-7.64444,36.12292],[-7.64375,36.12324],[-7.63958,36.1244],[-7.63542,36.12681],[-7.63437,36.12708],[-7.63125,36.12847],[-7.62708,36.12736],[-7.62656,36.12708],[-7.62292,36.12608],[-7.61875,36.125],[-7.61458,36.1242],[-7.61042,36.12454],[-7.60625,36.12468],[-7.60208,36.12451],[-7.59889,36.12292],[-7.59893,36.11875],[-7.601,36.11458],[-7.60208,36.11411],[-7.60625,36.1128],[-7.61042,36.11339],[-7.61134,36.11458],[-7.61361,36.11875],[-7.61458,36.12099],[-7.61875,36.12111],[-7.62111,36.11875],[-7.62265,36.11458],[-7.62292,36.11436],[-7.62708,36.11179],[-7.63125,36.11042]]},"properties":{"fid":851,"ID":850,"ELEV":-1000}},
{"type":"Feature","geometry":{"type":"LineString","coordinates":[[-7.41875,36.11016],[-7.41853,36.11042],[-7.41875,36.11111],[-7.42292,36.11042],[-7.41875,36.11016]]},"properties":{"fid":852,"ID":851,"ELEV":-1000}},
{"type":"Feature","geometry":{"type":"LineString","coordinates":[[-8.27292,36.08693],[-8.26875,36.08958],[-8.27292,36.09375],[-8.27708,36.09167],[-8.28125,36.08958],[-8.27708,36.08611],[-8.27292,36.08693]]},"properties":{"fid":853,"ID":852,"ELEV":-2000}},
{"type":"Feature","geometry":{"type":"LineString","coordinates":[[-8.14792,36.08499],[-8.14678,36.08542],[-8.14792,36.08575],[-8.15208,36.08678],[-8.15625,36.08654],[-8.15812,36.08958],[-8.16042,36.09191],[-8.16458,36.09129],[-8.16875,36.09083],[-8.17292,36.09066],[-8.17708,36.09045],[-8.17928,36.09375],[-8.18125,36.09557],[-8.18542,36.09521],[-8.18958,36.09574],[-8.19375,36.09588],[-8.19792,36.09588],[-8.20208,36.09483],[-8.20625,36.09472],[-8.21042,36.09501],[-8.21458,36.09533],[-8.21717,36.09792],[-8.21875,36.09934],[-8.22292,36.0996],[-8.22708,36.09979],[-8.23125,36.1001],[-8.23542,36.10019],[-8.23958,36.10055],[-8.24375,36.10054],[-8.24792,36.09961],[-8.24933,36.10208],[-8.25208,36.10457],[-8.25353,36.10625],[-8.25625,36.10858],[-8.26042,36.10843],[-8.26458,36.10811],[-8.26875,36.10774],[-8.27292,36.10772],[-8.27708,36.10724],[-8.28125,36.10685],[-8.28542,36.10679],[-8.28958,36.10723],[-8.29294,36.10625],[-8.28958,36.10208],[-8.28542,36.1024],[-8.28125,36.10264],[-8.28076,36.10208],[-8.27708,36.09841],[-8.27431,36.09792],[-8.27292,36.09375],[-8.26875,36.08958],[-8.26667,36.09375],[-8.26458,36.09444],[-8.26354,36.09375],[-8.26319,36.08958],[-8.26042,36.08792],[-8.25625,36.08715],[-8.25208,36.08681],[-8.24792,36.08698],[-8.24375,36.08785],[-8.23958,36.08667],[-8.23542,36.08646],[-8.23125,36.08634],[-8.22708,36.08611],[-8.22292,36.08634],[-8.21875,36.08542],[-8.21458,36.08458],[-8.21042,36.08542],[-8.21042,36.08958],[-8.21042,36.08542],[-8.20625,36.08514],[-8.20208,36.08507],[-8.20069,36.08542],[-8.19792,36.08625],[-8.19375,36.08646],[-8.18958,36.08594],[-8.18542,36.08583],[-8.18403,36.08542],[-8.18125,36.08375],[-8.17847,36.08542],[-8.17708,36.08611],[-8.17292,36.08667],[-8.16875,36.08646],[-8.16696,36.08542],[-8.16458,36.08125],[-8.16042,36.08272],[-8.15625,36.08281],[-8.15208,36.08326],[-8.14792,36.08499]]},"properties":{"fid":854,"ID":853,"ELEV":-2000}},
{"type":"Feature","geometry":{"type":"LineString","coordinates":[[-8.16875,36.08087],[-8.16458,36.08125],[-8.16875,36.08292],[-8.17153,36.08125],[-8.16875,36.08087]]},"properties":{"fid":855,"ID":854,"ELEV":-2000}},
{"type":"Feature","geometry":{"type":"LineString","coordinates":[[-7.61764,36.08125],[-7.61875,36.08081],[-7.62292,36.08064],[-7.62396,36.08125],[-7.62292,36.08145],[-7.61875,36.08142],[-7.61764,36.08125]]},"properties":{"fid":856,"ID":855,"ELEV":-1000}},
{"type":"Feature","geometry":{"type":"LineString","coordinates":[[-7.53892,36.08125],[-7.53958,36.08071],[-7.54375,36.07772],[-7.54702,36.08125],[-7.54375,36.08256],[-7.53958,36.08458],[-7.53892,36.08125]]},"properties":{"fid":857,"ID":856,"ELEV":-1000}},
{"type":"Feature","geometry":{"type":"LineString","coordinates":[[-7.46875,36.04227],[-7.4662,36.04375],[-7.46875,36.04506],[-7.47051,36.04375],[-7.46875,36.04227]]},"properties":{"fid":858,"ID":857,"ELEV":-1000}},
{"type":"Feature","geometry":{"type":"LineString","coordinates":[[-7.33125,36.00893],[-7.32838,36.01042],[-7.32708,36.01212],[-7.325,36.01458],[-7.32292,36.01594],[-7.31875,36.01769],[-7.31785,36.01875],[-7.31458,36.02267],[-7.31375,36.02292],[-7.31042,36.02484],[-7.30625,36.02697],[-7.306,36.02708],[-7.3036,36.03125],[-7.30625,36.03211],[-7.30917,36.03125],[-7.31042,36.03051],[-7.31458,36.02809],[-7.31583,36.02708],[-7.31875,36.02469],[-7.32292,36.02358],[-7.32411,36.02292],[-7.32708,36.02053],[-7.33125,36.01892],[-7.33151,36.01875],[-7.33542,36.01573],[-7.33668,36.01458],[-7.33958,36.01113],[-7.34236,36.01042],[-7.33958,36.00708],[-7.33542,36.00894],[-7.33125,36.00893]]},"properties":{"fid":859,"ID":858,"ELEV":-1000}},
{"type":"Feature","geometry":{"type":"LineString","coordinates":[[0,38.62595],[-0.00208,38.62595],[-0.00365,38.62708],[-0.00625,38.62741],[-0.01042,38.62747],[-0.01354,38.62708],[-0.01458,38.62542],[-0.01708,38.62292],[-0.01875,38.62125],[-0.02187,38.61875],[-0.02292,38.61806],[-0.025,38.61875],[-0.02708,38.6189],[-0.02725,38.61875],[-0.03125,38.61475],[-0.03142,38.61458],[-0.03542,38.6109],[-0.0362,38.61042],[-0.0375,38.60625],[-0.03958,38.60417],[-0.04375,38.6025],[-0.04396,38.60208],[-0.04792,38.59878],[-0.04842,38.59792],[-0.05208,38.59397],[-0.05255,38.59375],[-0.05542,38.58958],[-0.05625,38.58854],[-0.06042,38.58634],[-0.06117,38.58542],[-0.06181,38.58125],[-0.06208,38.57708],[-0.0615,38.57292],[-0.06042,38.57236],[-0.05696,38.56875],[-0.05625,38.56844],[-0.05208,38.56775],[-0.04915,38.56458],[-0.05208,38.56098],[-0.05221,38.56042],[-0.05625,38.55625],[-0.06042,38.55217],[-0.0605,38.55208],[-0.06458,38.54793],[-0.0646,38.54792],[-0.06875,38.54379],[-0.06879,38.54375],[-0.07292,38.53969],[-0.07304,38.53958],[-0.07708,38.53557],[-0.08125,38.53548],[-0.08134,38.53542],[-0.08542,38.53127],[-0.08565,38.53125],[-0.08958,38.52999],[-0.09375,38.52717],[-0.09395,38.52708],[-0.09792,38.52311],[-0.10208,38.52348],[-0.10551,38.52708],[-0.10625,38.52792],[-0.10992,38.53125],[-0.11042,38.53292],[-0.11458,38.53258],[-0.11771,38.53542],[-0.11875,38.53628],[-0.12292,38.53596],[-0.12708,38.53576],[-0.12748,38.53542],[-0.13125,38.53248],[-0.13542,38.53458],[-0.13958,38.5349],[-0.14375,38.53542],[-0.14792,38.53581],[-0.15208,38.53553],[-0.15226,38.53542],[-0.15625,38.53211],[-0.15903,38.53125],[-0.16042,38.52917],[-0.16085,38.52708],[-0.16458,38.5239],[-0.16542,38.52292],[-0.16875,38.51931],[-0.16901,38.51875],[-0.17292,38.51534],[-0.17708,38.51522],[-0.18125,38.5151],[-0.18542,38.51519],[-0.18958,38.51522],[-0.19375,38.51522],[-0.19792,38.51545],[-0.19875,38.51458],[-0.20208,38.51171],[-0.20625,38.51101],[-0.21042,38.51082],[-0.21111,38.51042],[-0.21458,38.50792],[-0.21875,38.50733],[-0.22292,38.50679],[-0.2253,38.50625],[-0.22708,38.505],[-0.23032,38.50208],[-0.23125,38.50089],[-0.23542,38.49865],[-0.23958,38.49858],[-0.24375,38.49823],[-0.24792,38.49828],[-0.25208,38.49867],[-0.25337,38.49792],[-0.25625,38.49542],[-0.26042,38.49474],[-0.26458,38.49432],[-0.26875,38.49375],[-0.27292,38.49013],[-0.27708,38.48987],[-0.28125,38.48978],[-0.2814,38.48958],[-0.28542,38.4862],[-0.28899,38.48542],[-0.28958,38.48472],[-0.29375,38.48438],[-0.29792,38.48171],[-0.30052,38.48125],[-0.30208,38.47986],[-0.30625,38.47754],[-0.30972,38.47708],[-0.31042,38.47639],[-0.31458,38.47367],[-0.31875,38.47292],[-0.32222,38.46875],[-0.32292,38.46806],[-0.32708,38.46529],[-0.32917,38.46458],[-0.33125,38.4625],[-0.33542,38.46056],[-0.33621,38.46042],[-0.33958,38.45758],[-0.34103,38.45625],[-0.34375,38.45296],[-0.34708,38.45208],[-0.34792,38.45125],[-0.34931,38.45208],[-0.35208,38.45228],[-0.35234,38.45208],[-0.35625,38.4485],[-0.35799,38.44792],[-0.36042,38.44583],[-0.36458,38.44439],[-0.36736,38.44375],[-0.36875,38.44282],[-0.37292,38.4411],[-0.37708,38.43979],[-0.37727,38.43958],[-0.38125,38.43561],[-0.38146,38.43542],[-0.38375,38.43125],[-0.38542,38.42958],[-0.38792,38.42708],[-0.38958,38.42292],[-0.39042,38.41875],[-0.39375,38.41542],[-0.39421,38.41458],[-0.39792,38.41088],[-0.40208,38.41042],[-0.40224,38.40625],[-0.40278,38.40208],[-0.40324,38.39792],[-0.40625,38.39405],[-0.40657,38.39375],[-0.40701,38.38958],[-0.4075,38.38542],[-0.40792,38.38125],[-0.40799,38.37708],[-0.40774,38.37292],[-0.40774,38.36875],[-0.40716,38.36458],[-0.40699,38.36042],[-0.40679,38.35625],[-0.40625,38.35208],[-0.41042,38.35223],[-0.41458,38.35218],[-0.41875,38.35221],[-0.42292,38.35226],[-0.42708,38.35278],[-0.43125,38.35265],[-0.43521,38.35625],[-0.43542,38.35651],[-0.43839,38.36042],[-0.43958,38.3615],[-0.44375,38.36069],[-0.44792,38.36053],[-0.45,38.36042],[-0.45208,38.35958],[-0.45625,38.35639],[-0.45649,38.35625],[-0.46042,38.35226],[-0.46354,38.35208],[-0.46458,38.35104],[-0.46875,38.34824],[-0.47083,38.34792],[-0.47292,38.34625],[-0.47542,38.34375],[-0.47708,38.34236],[-0.48125,38.34028],[-0.48542,38.34053],[-0.48958,38.34028],[-0.49097,38.33958],[-0.49375,38.33698],[-0.49792,38.33594],[-0.50208,38.33542],[-0.50625,38.33151],[-0.50657,38.33125],[-0.50655,38.32708],[-0.50937,38.32292],[-0.51042,38.32208],[-0.51153,38.31875],[-0.51307,38.31458],[-0.51458,38.3125],[-0.51514,38.31042],[-0.51572,38.30625],[-0.51667,38.30208],[-0.51875,38.29875],[-0.52083,38.29792],[-0.52187,38.29375],[-0.52208,38.28958],[-0.52113,38.28542],[-0.52042,38.28125],[-0.51951,38.27708],[-0.51998,38.27292],[-0.51875,38.27131],[-0.51667,38.26875],[-0.51681,38.26458],[-0.51634,38.26042],[-0.51547,38.25625],[-0.51532,38.25208],[-0.5148,38.24792],[-0.51526,38.24375],[-0.51458,38.24077],[-0.51375,38.23958],[-0.5131,38.23542],[-0.51193,38.23125],[-0.51054,38.22708],[-0.51042,38.22679],[-0.50784,38.22292],[-0.50725,38.21875],[-0.50655,38.21458],[-0.50634,38.21042],[-0.50652,38.20625],[-0.50671,38.20208],[-0.51042,38.19808],[-0.51076,38.19792],[-0.51458,38.19464],[-0.51875,38.19388],[-0.51894,38.19375],[-0.52292,38.18968],[-0.52375,38.18958],[-0.52708,38.18792],[-0.53125,38.18578],[-0.53542,38.18591],[-0.53958,38.18617],[-0.54375,38.18576],[-0.54792,38.18569],[-0.55208,38.18574],[-0.55625,38.18698],[-0.56042,38.18819],[-0.56458,38.18875],[-0.56597,38.18958],[-0.56875,38.19077],[-0.57292,38.19097],[-0.57708,38.19137],[-0.58125,38.19077],[-0.58542,38.19097],[-0.58958,38.19236],[-0.59167,38.18958],[-0.59375,38.1875],[-0.59792,38.1875],[-0.6,38.18542],[-0.60208,38.18403],[-0.60486,38.18125],[-0.60625,38.17986],[-0.61042,38.18125],[-0.61458,38.17708],[-0.61875,38.17292],[-0.61736,38.16875],[-0.61875,38.16771],[-0.62292,38.16458],[-0.62083,38.16042],[-0.62292,38.15833],[-0.62458,38.15625],[-0.62708,38.15313],[-0.62792,38.15208],[-0.63125,38.14792],[-0.63194,38.14375],[-0.63437,38.13958],[-0.63542,38.13819],[-0.63611,38.13542],[-0.63667,38.13125],[-0.6372,38.12708],[-0.63958,38.1247],[-0.64083,38.12292],[-0.63958,38.12083],[-0.6378,38.11875],[-0.63958,38.11625],[-0.64077,38.11458],[-0.64208,38.11042],[-0.64208,38.10625],[-0.64375,38.10458],[-0.64479,38.10208],[-0.64486,38.09792],[-0.64473,38.09375],[-0.64479,38.08958],[-0.64479,38.08542],[-0.64498,38.08125],[-0.64653,38.07708],[-0.64792,38.07458],[-0.64833,38.07292],[-0.64854,38.06875],[-0.64831,38.06458],[-0.64875,38.06042],[-0.64891,38.05625],[-0.64939,38.05208],[-0.64974,38.04792],[-0.6503,38.04375],[-0.65208,38.04063],[-0.65278,38.03958],[-0.65208,38.03854],[-0.6503,38.03542],[-0.65026,38.03125],[-0.65208,38.02833],[-0.65322,38.02708],[-0.65333,38.02292],[-0.65246,38.01875],[-0.65208,38.01736],[-0.65133,38.01458],[-0.6508,38.01042],[-0.64899,38.00625],[-0.64858,38.00208],[-0.65069,37.99792],[-0.65208,37.99458],[-0.65238,37.99375],[-0.65486,37.98958],[-0.655,37.98542],[-0.65625,37.98333],[-0.66042,37.98201],[-0.66101,37.98125],[-0.66458,37.97708],[-0.66875,37.97375],[-0.67292,37.97396],[-0.67708,37.97403],[-0.68125,37.97356],[-0.68542,37.97367],[-0.68958,37.97292],[-0.69375,37.97],[-0.695,37.96875],[-0.69792,37.96583],[-0.69948,37.96458],[-0.7,37.96042],[-0.70069,37.95625],[-0.70208,37.95292],[-0.70268,37.95208],[-0.70433,37.94792],[-0.70473,37.94375],[-0.70625,37.94208],[-0.71042,37.94048],[-0.71138,37.93958],[-0.71458,37.93661],[-0.71597,37.93542],[-0.71782,37.93125],[-0.71875,37.92958],[-0.72,37.92708],[-0.7214,37.92292],[-0.72097,37.91875],[-0.72073,37.91458],[-0.72292,37.91153],[-0.72708,37.91134],[-0.73125,37.91125],[-0.73218,37.91042],[-0.73542,37.90718],[-0.73958,37.90673],[-0.74032,37.90625],[-0.74375,37.90282],[-0.74531,37.90208],[-0.74673,37.89792],[-0.74792,37.89583],[-0.74856,37.89375],[-0.75,37.88958],[-0.75208,37.88661],[-0.75278,37.88542],[-0.75312,37.88125],[-0.75337,37.87708],[-0.75476,37.87292],[-0.75625,37.86875],[-0.76042,37.86551],[-0.76146,37.86458],[-0.76458,37.86042],[-0.76562,37.85625],[-0.76708,37.85208],[-0.76736,37.84792],[-0.76875,37.84583],[-0.77083,37.84375],[-0.77292,37.84167],[-0.77708,37.83958],[-0.77847,37.83542],[-0.77708,37.83125],[-0.77292,37.83125],[-0.76875,37.83125],[-0.76458,37.83125],[-0.76875,37.83125],[-0.77083,37.82708],[-0.76875,37.82625],[-0.76597,37.82292],[-0.76875,37.82014],[-0.77292,37.81875],[-0.77708,37.81979],[-0.78125,37.81875],[-0.78542,37.81562],[-0.78646,37.81458],[-0.78958,37.81208],[-0.79375,37.81208],[-0.79514,37.81042],[-0.79514,37.80625],[-0.79792,37.80347],[-0.79958,37.80208],[-0.80208,37.79958],[-0.80327,37.79792],[-0.80208,37.79625],[-0.79958,37.79375],[-0.80104,37.78958],[-0.80104,37.78542],[-0.80208,37.78333],[-0.80417,37.78125],[-0.80625,37.77917],[-0.80833,37.77708],[-0.81042,37.77292],[-0.81458,37.76875],[-0.81875,37.76458],[-0.82292,37.76042],[-0.82431,37.75625],[-0.82708,37.75458],[-0.83125,37.75375],[-0.83542,37.75208],[-0.83958,37.74896],[-0.84062,37.74792],[-0.84375,37.74479],[-0.84479,37.74375],[-0.84494,37.73958],[-0.84792,37.73661],[-0.84958,37.73542],[-0.85104,37.73125],[-0.85208,37.72986],[-0.85486,37.72708],[-0.85625,37.72569],[-0.85903,37.72292],[-0.85833,37.71875],[-0.85903,37.71458],[-0.85625,37.71042],[-0.85417,37.70625],[-0.85208,37.70417],[-0.85,37.70208],[-0.84792,37.69792],[-0.84375,37.6975],[-0.83958,37.69653],[-0.83542,37.69653],[-0.83264,37.69375],[-0.83125,37.68958],[-0.82986,37.68542],[-0.82708,37.68264],[-0.82604,37.68125],[-0.82569,37.67708],[-0.82292,37.67431],[-0.82083,37.67292],[-0.81875,37.67083],[-0.81667,37.66875],[-0.81458,37.66458],[-0.81042,37.66563],[-0.80937,37.66458],[-0.81042,37.66042],[-0.80625,37.65625],[-0.80208,37.65625],[-0.79792,37.65486],[-0.79375,37.65208],[-0.78958,37.65069],[-0.78542,37.65208],[-0.78125,37.64896],[-0.77708,37.64875],[-0.775,37.64792],[-0.77292,37.64708],[-0.76875,37.64531],[-0.76458,37.64494],[-0.76042,37.64375],[-0.75625,37.64167],[-0.75208,37.64137],[-0.75,37.63958],[-0.74792,37.63708],[-0.74653,37.63542],[-0.74375,37.6339],[-0.7401,37.63125],[-0.73958,37.63095],[-0.73542,37.63073],[-0.73125,37.63069],[-0.72708,37.63073],[-0.725,37.63125],[-0.72292,37.63333],[-0.71875,37.63542],[-0.71771,37.63958],[-0.71875,37.64375],[-0.72014,37.64792],[-0.72292,37.65208],[-0.725,37.65625],[-0.72708,37.66042],[-0.73049,37.66458],[-0.73021,37.66875],[-0.72708,37.67054],[-0.72583,37.66875],[-0.72292,37.66632],[-0.72143,37.66458],[-0.72173,37.66042],[-0.71875,37.65744],[-0.71792,37.65625],[-0.71815,37.65208],[-0.71458,37.65],[-0.7128,37.64792],[-0.71042,37.64569],[-0.70847,37.64375],[-0.70856,37.63958],[-0.70625,37.63785],[-0.70401,37.63542],[-0.70208,37.63229],[-0.70104,37.63125],[-0.70208,37.63006],[-0.70303,37.62708],[-0.70408,37.62292],[-0.70625,37.62092],[-0.70944,37.61875],[-0.71042,37.61756],[-0.7111,37.61458],[-0.71458,37.61098],[-0.71526,37.61042],[-0.71875,37.60653],[-0.71953,37.60625],[-0.72292,37.60306],[-0.72708,37.60347],[-0.72946,37.60208],[-0.73125,37.60095],[-0.73542,37.60104],[-0.73958,37.6008],[-0.74375,37.60104],[-0.74792,37.59911],[-0.74931,37.59792],[-0.75208,37.59596],[-0.75625,37.59571],[-0.76042,37.59527],[-0.76458,37.59485],[-0.76875,37.59458],[-0.77292,37.59411],[-0.77348,37.59375],[-0.77708,37.59052],[-0.78053,37.59375],[-0.78125,37.59418],[-0.78197,37.59375],[-0.78542,37.59045],[-0.78619,37.58958],[-0.78958,37.58619],[-0.79375,37.58598],[-0.79464,37.58542],[-0.79792,37.58226],[-0.80144,37.58542],[-0.80208,37.58562],[-0.8024,37.58542],[-0.80625,37.5817],[-0.81042,37.58165],[-0.81097,37.58125],[-0.81458,37.57738],[-0.8148,37.57708],[-0.81875,37.57351],[-0.82292,37.57334],[-0.82708,37.5736],[-0.83125,37.57681],[-0.83181,37.57708],[-0.83542,37.57785],[-0.83958,37.57904],[-0.84375,37.58024],[-0.84569,37.58125],[-0.84792,37.5827],[-0.85208,37.5831],[-0.85247,37.58125],[-0.85625,37.57772],[-0.86042,37.57759],[-0.86458,37.57797],[-0.86875,37.57768],[-0.8699,37.57708],[-0.87292,37.57467],[-0.87668,37.57708],[-0.87708,37.57753],[-0.87734,37.57708],[-0.87779,37.57292],[-0.87871,37.56875],[-0.88125,37.56618],[-0.88542,37.56544],[-0.88958,37.56522],[-0.89375,37.56522],[-0.89473,37.56458],[-0.89792,37.56145],[-0.90208,37.56115],[-0.9031,37.56042],[-0.90625,37.55756],[-0.91042,37.55703],[-0.91458,37.55673],[-0.91543,37.55625],[-0.91875,37.55347],[-0.92292,37.55313],[-0.92708,37.55309],[-0.93061,37.55625],[-0.93125,37.55665],[-0.93542,37.55744],[-0.93958,37.55766],[-0.94375,37.55769],[-0.94792,37.55768],[-0.95208,37.55767],[-0.95625,37.55815],[-0.96042,37.55912],[-0.96183,37.56042],[-0.96042,37.56287],[-0.95625,37.56395],[-0.95516,37.56458],[-0.95208,37.56822],[-0.95,37.56875],[-0.95208,37.56979],[-0.95625,37.57292],[-0.96042,37.57404],[-0.96458,37.57397],[-0.96875,37.57405],[-0.97292,37.57438],[-0.97577,37.57708],[-0.97587,37.58125],[-0.97708,37.58333],[-0.97948,37.58542],[-0.97708,37.58797],[-0.97292,37.58906],[-0.97218,37.58958],[-0.97118,37.59375],[-0.97292,37.59549],[-0.97708,37.59567],[-0.98125,37.59524],[-0.98466,37.59792],[-0.98542,37.59847],[-0.98958,37.60042],[-0.99271,37.59792],[-0.99003,37.59375],[-0.98986,37.58958],[-0.98958,37.58879],[-0.9867,37.58542],[-0.98958,37.58294],[-0.99375,37.5822],[-0.99754,37.58542],[-0.99792,37.58569],[-0.9985,37.58542],[-1.00208,37.5834],[-1.00625,37.58359],[-1.01042,37.58255],[-1.011,37.58125],[-1.0119,37.57708],[-1.01458,37.57456],[-1.01875,37.57307],[-1.02292,37.57338],[-1.02708,37.57371],[-1.03057,37.57708],[-1.03125,37.57767],[-1.03542,37.57754],[-1.03958,37.57752],[-1.04375,37.57762],[-1.04792,37.57785],[-1.05097,37.58125],[-1.05208,37.58176],[-1.056,37.58125],[-1.05625,37.58109],[-1.06042,37.57824],[-1.06458,37.57841],[-1.06875,37.57994],[-1.0705,37.58125],[-1.07292,37.58286],[-1.07428,37.58125],[-1.07708,37.57894],[-1.08125,37.57725],[-1.08148,37.57708],[-1.08542,37.57446],[-1.08958,37.57371],[-1.09035,37.57292],[-1.09375,37.57001],[-1.09545,37.56875],[-1.09792,37.56619],[-1.10208,37.56664],[-1.10625,37.56644],[-1.11042,37.56603],[-1.11211,37.56458],[-1.11458,37.56202],[-1.11625,37.56042],[-1.11875,37.55777],[-1.12292,37.55734],[-1.12381,37.55625],[-1.12418,37.55208],[-1.12378,37.54792],[-1.12292,37.54763],[-1.11929,37.54375],[-1.11875,37.54323],[-1.11458,37.54216],[-1.11233,37.53958],[-1.11042,37.53735],[-1.10837,37.53542],[-1.11042,37.5332],[-1.11458,37.5327],[-1.11875,37.5326],[-1.12214,37.53542],[-1.12292,37.53595],[-1.12708,37.53614],[-1.13125,37.53658],[-1.13542,37.53658],[-1.13958,37.53894],[-1.14375,37.53739],[-1.14639,37.53958],[-1.14792,37.541],[-1.15164,37.53958],[-1.15208,37.53931],[-1.15542,37.53958],[-1.15625,37.53964],[-1.16042,37.54093],[-1.16458,37.54102],[-1.16875,37.54101],[-1.17174,37.54375],[-1.16875,37.54764],[-1.16864,37.54792],[-1.16823,37.55208],[-1.1678,37.55625],[-1.16875,37.55688],[-1.1724,37.56042],[-1.17292,37.56111],[-1.17708,37.56307],[-1.17917,37.56458],[-1.18125,37.56625],[-1.18542,37.56701],[-1.18958,37.56736],[-1.19083,37.56875],[-1.19375,37.57037],[-1.19792,37.57071],[-1.20208,37.57097],[-1.20625,37.57181],[-1.21042,37.57188],[-1.21155,37.57292],[-1.21458,37.57443],[-1.21875,37.57415],[-1.22292,37.57445],[-1.22708,37.57537],[-1.23125,37.57484],[-1.23542,37.57484],[-1.23958,37.57595],[-1.24375,37.57516],[-1.2464,37.57292],[-1.24792,37.5714],[-1.25208,37.56971],[-1.25286,37.56875],[-1.25625,37.5659],[-1.25833,37.56458],[-1.25625,37.56375],[-1.25369,37.56042],[-1.25625,37.55842],[-1.26042,37.55914],[-1.26296,37.56042],[-1.26458,37.56406],[-1.26875,37.56458],[-1.27292,37.56042],[-1.27708,37.56],[-1.28125,37.56004],[-1.28446,37.55625],[-1.28542,37.55536],[-1.28638,37.55625],[-1.28958,37.55923],[-1.29375,37.5599],[-1.29792,37.5599],[-1.30208,37.55917],[-1.30625,37.56004],[-1.30667,37.56042],[-1.31042,37.56205],[-1.31458,37.56106],[-1.31875,37.56074],[-1.32292,37.561],[-1.32708,37.56103],[-1.32819,37.56042],[-1.33125,37.55726],[-1.33542,37.55708],[-1.33958,37.5574],[-1.34097,37.55625],[-1.34375,37.55369],[-1.34754,37.55208],[-1.34792,37.55176],[-1.35208,37.54903],[-1.35625,37.5503],[-1.358,37.54792],[-1.36042,37.54563],[-1.36292,37.54375],[-1.36458,37.54208],[-1.36771,37.53958],[-1.36875,37.53845],[-1.37131,37.53542],[-1.37292,37.53281],[-1.37388,37.53125],[-1.37708,37.52917],[-1.38125,37.52858],[-1.38235,37.52708],[-1.38542,37.52402],[-1.38958,37.52375],[-1.39261,37.52292],[-1.39375,37.52135],[-1.39635,37.51875],[-1.39792,37.51719],[-1.39981,37.51458],[-1.4003,37.51042],[-1.40208,37.50863],[-1.40327,37.50625],[-1.40625,37.50372],[-1.41042,37.50339],[-1.41458,37.50379],[-1.41875,37.50296],[-1.42292,37.50247],[-1.425,37.50208],[-1.42708,37.50133],[-1.43125,37.4987],[-1.43542,37.49858],[-1.43958,37.49805],[-1.43981,37.49792],[-1.44375,37.49453],[-1.44522,37.49375],[-1.44792,37.49113],[-1.45208,37.48969],[-1.4523,37.48958],[-1.45625,37.487],[-1.45816,37.48542],[-1.46042,37.48306],[-1.46202,37.48125],[-1.46458,37.47858],[-1.46621,37.47708],[-1.46667,37.47292],[-1.46875,37.47093],[-1.47104,37.46875],[-1.47161,37.46458],[-1.47292,37.46328],[-1.47533,37.46042],[-1.47708,37.45866],[-1.47917,37.45625],[-1.48021,37.45208],[-1.48125,37.44896],[-1.48185,37.44792],[-1.48264,37.44375],[-1.48403,37.43958],[-1.4827,37.43542],[-1.48125,37.43513],[-1.47753,37.43125],[-1.47867,37.42708],[-1.48125,37.42438],[-1.48542,37.4235],[-1.48608,37.42292],[-1.48958,37.41978],[-1.49375,37.4196],[-1.49714,37.42292],[-1.49792,37.4238],[-1.50169,37.42708],[-1.50208,37.43032],[-1.50625,37.43037],[-1.51042,37.43047],[-1.51458,37.43021],[-1.51875,37.42969],[-1.52292,37.42847],[-1.52369,37.42708],[-1.52708,37.42413],[-1.5279,37.42292],[-1.53125,37.41989],[-1.53542,37.41899],[-1.53568,37.41875],[-1.53958,37.41553],[-1.54375,37.41476],[-1.54394,37.41458],[-1.54792,37.41054],[-1.55208,37.41114],[-1.55625,37.41116],[-1.55824,37.41042],[-1.55881,37.40625],[-1.56042,37.405],[-1.56458,37.40495],[-1.56756,37.40625],[-1.56875,37.40753],[-1.57292,37.40729],[-1.57381,37.40625],[-1.57708,37.40455],[-1.57899,37.40208],[-1.58125,37.4],[-1.58408,37.40208],[-1.58542,37.40387],[-1.5875,37.40208],[-1.58958,37.4003],[-1.59375,37.40012],[-1.59625,37.39792],[-1.59792,37.39635],[-1.60208,37.39549],[-1.60382,37.39375],[-1.60625,37.39167],[-1.60833,37.38958],[-1.61042,37.38787],[-1.61287,37.38542],[-1.61458,37.38388],[-1.61875,37.38333],[-1.62071,37.38125],[-1.62292,37.37917],[-1.62462,37.37708],[-1.62544,37.37292],[-1.62708,37.37122],[-1.62934,37.37292],[-1.63125,37.37468],[-1.63542,37.37454],[-1.63713,37.37292],[-1.63958,37.3706],[-1.64375,37.36949],[-1.64436,37.36875],[-1.64461,37.36458],[-1.64792,37.36042],[-1.64931,37.35625],[-1.65208,37.35324],[-1.65625,37.35375],[-1.65937,37.35625],[-1.66042,37.35736],[-1.66458,37.35856],[-1.66875,37.36042],[-1.66979,37.35625],[-1.67292,37.35486],[-1.67484,37.35208],[-1.67708,37.34965],[-1.67969,37.34792],[-1.68125,37.34678],[-1.68381,37.34375],[-1.68542,37.34028],[-1.68583,37.33958],[-1.68958,37.33617],[-1.69051,37.33542],[-1.69329,37.33125],[-1.69375,37.33056],[-1.69479,37.32708],[-1.69596,37.32292],[-1.69792,37.32054],[-1.69888,37.31875],[-1.69935,37.31458],[-1.70208,37.31154],[-1.70347,37.31042],[-1.70369,37.30625],[-1.70625,37.30347],[-1.70736,37.30208],[-1.71042,37.29892],[-1.71213,37.29792],[-1.71458,37.29602],[-1.71875,37.29452],[-1.7194,37.29375],[-1.72083,37.28958],[-1.72292,37.28765],[-1.72708,37.28568],[-1.72741,37.28542],[-1.73125,37.2821],[-1.73205,37.28125],[-1.73542,37.27802],[-1.73694,37.27708],[-1.73958,37.27453],[-1.74236,37.27292],[-1.74375,37.27153],[-1.74531,37.26875],[-1.74792,37.26588],[-1.75042,37.26458],[-1.75208,37.26319],[-1.75625,37.26208],[-1.75748,37.26042],[-1.76042,37.25712],[-1.76122,37.25625],[-1.76426,37.25208],[-1.76458,37.25176],[-1.76736,37.24792],[-1.76875,37.24613],[-1.77245,37.24375],[-1.77292,37.24271],[-1.77708,37.24236],[-1.78125,37.23958],[-1.78542,37.23681],[-1.7875,37.23542],[-1.78958,37.23438],[-1.79375,37.23125],[-1.79792,37.23264],[-1.79875,37.23125],[-1.79792,37.22708],[-1.80139,37.22292],[-1.80208,37.22222],[-1.80625,37.21875],[-1.80833,37.21458],[-1.81042,37.21181],[-1.81146,37.21042],[-1.81042,37.20625],[-1.81458,37.20208],[-1.81181,37.19792],[-1.81231,37.19375],[-1.81458,37.19062],[-1.81534,37.18958],[-1.81752,37.18542],[-1.81875,37.18333],[-1.81966,37.18125],[-1.82074,37.17708],[-1.82125,37.17292],[-1.82133,37.16875],[-1.82169,37.16458],[-1.82153,37.16042],[-1.82181,37.15625],[-1.82161,37.15208],[-1.82292,37.14977],[-1.82384,37.14792],[-1.82474,37.14375],[-1.82526,37.13958],[-1.82708,37.13594],[-1.82736,37.13542],[-1.82796,37.13125],[-1.8287,37.12708],[-1.82894,37.12292],[-1.83125,37.12031],[-1.83225,37.11875],[-1.83428,37.11458],[-1.83542,37.11345],[-1.83958,37.11146],[-1.84049,37.11042],[-1.84091,37.10625],[-1.84375,37.10327],[-1.84429,37.10208],[-1.84498,37.09792],[-1.84665,37.09375],[-1.84792,37.09167],[-1.84856,37.08958],[-1.84918,37.08542],[-1.84908,37.08125],[-1.84888,37.07708],[-1.84851,37.07292],[-1.84856,37.06875],[-1.8488,37.06458],[-1.85208,37.06116],[-1.85306,37.06042],[-1.85406,37.05625],[-1.85625,37.0538],[-1.85694,37.05208],[-1.86042,37.04853],[-1.86092,37.04792],[-1.86089,37.04375],[-1.86458,37.04001],[-1.86509,37.03958],[-1.86875,37.03592],[-1.87292,37.03578],[-1.8734,37.03542],[-1.87396,37.03125],[-1.87475,37.02708],[-1.87708,37.02469],[-1.87992,37.02292],[-1.87884,37.01875],[-1.87792,37.01458],[-1.87774,37.01042],[-1.88125,37.00674],[-1.88542,37.00658],[-1.88632,37.00625],[-1.88704,37.00208],[-1.88729,36.99792],[-1.88958,36.99505],[-1.89375,36.99405],[-1.89405,36.99375],[-1.89569,36.98958],[-1.89792,36.98702],[-1.89907,36.98542],[-1.89981,36.98125],[-1.90052,36.97708],[-1.90047,36.97292],[-1.9,36.96875],[-1.90023,36.96458],[-1.89792,36.96285],[-1.89561,36.96042],[-1.8959,36.95625],[-1.89572,36.95208],[-1.89497,36.94792],[-1.89792,36.94475],[-1.89863,36.94375],[-1.89894,36.93958],[-1.90208,36.93659],[-1.90486,36.93542],[-1.90625,36.93397],[-1.91042,36.93243],[-1.91458,36.9322],[-1.91875,36.93213],[-1.92272,36.93542],[-1.92292,36.93557],[-1.92708,36.93641],[-1.93125,36.93655],[-1.93542,36.9375],[-1.93627,36.93542],[-1.93958,36.93231],[-1.94375,36.93216],[-1.94487,36.93125],[-1.94523,36.92708],[-1.94792,36.92434],[-1.95121,36.92292],[-1.95208,36.9214],[-1.9524,36.91875],[-1.95329,36.91458],[-1.95625,36.91153],[-1.95764,36.91042],[-1.96042,36.90758],[-1.9613,36.90625],[-1.96116,36.90208],[-1.96458,36.89876],[-1.96875,36.89804],[-1.97222,36.89792],[-1.97292,36.89771],[-1.9733,36.89792],[-1.97708,36.89855],[-1.98125,36.89854],[-1.98177,36.89792],[-1.98542,36.89464],[-1.98786,36.89375],[-1.98958,36.8919],[-1.99026,36.88958],[-1.99375,36.88602],[-1.99452,36.88542],[-1.99792,36.88192],[-2.00174,36.88125],[-2.00208,36.88065],[-2.00259,36.87708],[-2.00243,36.87292],[-2.00208,36.87258],[-1.99894,36.86875],[-2.00208,36.8655],[-2.00302,36.86458],[-2.00473,36.86042],[-2.00208,36.85938],[-1.99951,36.85625],[-1.99859,36.85208],[-1.99792,36.85129],[-1.99512,36.84792],[-1.99792,36.84501],[-1.99838,36.84375],[-1.99852,36.83958],[-2.00208,36.836],[-2.00337,36.83542],[-2.00625,36.83246],[-2.01042,36.83267],[-2.01458,36.83325],[-2.01875,36.83271],[-2.02292,36.83248],[-2.02418,36.83125],[-2.02708,36.82865],[-2.03125,36.82784],[-2.03356,36.82708],[-2.03542,36.82516],[-2.0375,36.82292],[-2.03958,36.82076],[-2.04076,36.81875],[-2.04375,36.81562],[-2.04792,36.81548],[-2.04967,36.81458],[-2.05208,36.8125],[-2.05625,36.81131],[-2.05725,36.81042],[-2.06042,36.80778],[-2.06233,36.80625],[-2.06132,36.80208],[-2.06128,36.79792],[-2.06177,36.79375],[-2.06083,36.78958],[-2.06082,36.78542],[-2.06142,36.78125],[-2.06157,36.77708],[-2.06458,36.77441],[-2.06875,36.7737],[-2.06983,36.77292],[-2.07252,36.76875],[-2.07292,36.76839],[-2.07708,36.76597],[-2.08056,36.76458],[-2.08125,36.76406],[-2.08542,36.76147],[-2.08958,36.76163],[-2.09375,36.763],[-2.09792,36.76132],[-2.10208,36.76042],[-2.10625,36.76042],[-2.10704,36.75625],[-2.10721,36.75208],[-2.11042,36.74868],[-2.11146,36.74792],[-2.11458,36.74461],[-2.11875,36.74549],[-2.12083,36.74375],[-2.11991,36.73958],[-2.11947,36.73542],[-2.12292,36.73205],[-2.1239,36.73125],[-2.12708,36.7278],[-2.13125,36.72776],[-2.13542,36.72756],[-2.13958,36.72785],[-2.14375,36.72818],[-2.14792,36.72824],[-2.15208,36.72824],[-2.15625,36.72792],[-2.15734,36.72708],[-2.16042,36.72413],[-2.16195,36.72292],[-2.16458,36.72064],[-2.16875,36.71925],[-2.17292,36.71936],[-2.17708,36.72083],[-2.18125,36.72027],[-2.18542,36.71966],[-2.18958,36.71979],[-2.19308,36.72292],[-2.19375,36.72333],[-2.19792,36.72375],[-2.20136,36.72708],[-2.20208,36.72769],[-2.20592,36.73125],[-2.20597,36.73542],[-2.20625,36.73651],[-2.20949,36.73958],[-2.21042,36.74144],[-2.2125,36.74375],[-2.21146,36.74792],[-2.21042,36.75],[-2.2099,36.75208],[-2.2101,36.75625],[-2.21042,36.75833],[-2.21458,36.76042],[-2.21597,36.75625],[-2.21667,36.75208],[-2.21875,36.75149],[-2.21927,36.75208],[-2.22292,36.75473],[-2.225,36.75625],[-2.22708,36.75863],[-2.22917,36.76042],[-2.23125,36.76292],[-2.23292,36.76458],[-2.23264,36.76875],[-2.23542,36.77153],[-2.23708,36.77292],[-2.23958,36.7747],[-2.24196,36.77708],[-2.24375,36.77865],[-2.24635,36.78125],[-2.24792,36.78375],[-2.24958,36.78542],[-2.25208,36.78854],[-2.25312,36.78958],[-2.25625,36.79137],[-2.26042,36.79107],[-2.2633,36.79375],[-2.26458,36.79527],[-2.2675,36.79792],[-2.26875,36.7997],[-2.27113,36.80208],[-2.27292,36.80521],[-2.27361,36.80625],[-2.27708,36.80972],[-2.27792,36.81042],[-2.28125,36.8125],[-2.28403,36.81458],[-2.28542,36.81597],[-2.28958,36.81667],[-2.29125,36.81875],[-2.29375,36.82014],[-2.29792,36.8206],[-2.3,36.82292],[-2.30208,36.825],[-2.30625,36.82552],[-2.30781,36.82708],[-2.31042,36.82917],[-2.31458,36.82986],[-2.31667,36.83125],[-2.31875,36.83264],[-2.32292,36.83277],[-2.32708,36.83292],[-2.33125,36.83352],[-2.33542,36.83449],[-2.33646,36.83542],[-2.33958,36.83792],[-2.34375,36.83792],[-2.34792,36.83854],[-2.35208,36.83958],[-2.35625,36.84125],[-2.36042,36.84144],[-2.36458,36.84144],[-2.36875,36.8401],[-2.37292,36.83958],[-2.37708,36.8375],[-2.38125,36.83681],[-2.38333,36.83542],[-2.38542,36.83375],[-2.38958,36.83363],[-2.39292,36.83125],[-2.39375,36.83042],[-2.39792,36.82986],[-2.40069,36.82708],[-2.40208,36.82569],[-2.40542,36.82292],[-2.40625,36.82222],[-2.41042,36.81944],[-2.41111,36.81875],[-2.41458,36.81667],[-2.41875,36.81644],[-2.42292,36.81542],[-2.42431,36.81458],[-2.42708,36.81042],[-2.43125,36.81354],[-2.43292,36.81458],[-2.43542,36.81597],[-2.43958,36.81619],[-2.44154,36.81875],[-2.44375,36.82125],[-2.44602,36.82292],[-2.44792,36.82431],[-2.45208,36.82519],[-2.45428,36.82708],[-2.45625,36.82943],[-2.46042,36.82969],[-2.46458,36.83049],[-2.46542,36.83125],[-2.46875,36.83403],[-2.47292,36.83458],[-2.47708,36.83487],[-2.48125,36.83397],[-2.48542,36.83181],[-2.48599,36.83125],[-2.48958,36.82809],[-2.49375,36.82774],[-2.49455,36.82708],[-2.49792,36.82425],[-2.50208,36.82422],[-2.50409,36.82292],[-2.50625,36.82106],[-2.50833,36.82292],[-2.51042,36.82439],[-2.51458,36.82432],[-2.51875,36.82401],[-2.52292,36.82372],[-2.52708,36.82306],[-2.52735,36.82292],[-2.53125,36.81925],[-2.53176,36.81875],[-2.53542,36.816],[-2.53958,36.81559],[-2.54375,36.81554],[-2.54792,36.81531],[-2.55208,36.8152],[-2.55358,36.81458],[-2.55625,36.81198],[-2.56042,36.81162],[-2.56458,36.81161],[-2.5661,36.81042],[-2.56875,36.80764],[-2.57008,36.80625],[-2.57292,36.80327],[-2.57708,36.80245],[-2.5776,36.80208],[-2.57936,36.79792],[-2.58125,36.79602],[-2.58375,36.79375],[-2.58542,36.7919],[-2.58802,36.78958],[-2.58958,36.7878],[-2.59292,36.78542],[-2.59375,36.78437],[-2.59687,36.78125],[-2.59792,36.77986],[-2.6,36.77708],[-2.60104,36.77292],[-2.60208,36.77153],[-2.60417,36.76875],[-2.60436,36.76458],[-2.60375,36.76042],[-2.60486,36.75625],[-2.60565,36.75208],[-2.60625,36.75125],[-2.60744,36.74792],[-2.61042,36.74444],[-2.61134,36.74375],[-2.61042,36.74097],[-2.6099,36.73958],[-2.61042,36.73875],[-2.6125,36.73542],[-2.61273,36.73125],[-2.61458,36.72917],[-2.61569,36.72708],[-2.61875,36.72403],[-2.61958,36.72292],[-2.62292,36.71958],[-2.62411,36.71875],[-2.62708,36.71577],[-2.63125,36.71833],[-2.63466,36.71458],[-2.63542,36.71339],[-2.63819,36.71458],[-2.63958,36.71667],[-2.64167,36.71875],[-2.64167,36.72292],[-2.64167,36.72708],[-2.64375,36.72778],[-2.64792,36.7276],[-2.64861,36.72708],[-2.64792,36.72292],[-2.65,36.71875],[-2.65208,36.71458],[-2.65625,36.71042],[-2.65208,36.70625],[-2.64792,36.70625],[-2.64375,36.71042],[-2.64375,36.71458],[-2.63958,36.7125],[-2.63889,36.71042],[-2.63958,36.70833],[-2.64167,36.70625],[-2.64375,36.70486],[-2.64792,36.70208],[-2.65208,36.70208],[-2.65565,36.69792],[-2.65625,36.69732],[-2.66042,36.69722],[-2.66458,36.69792],[-2.66875,36.69792],[-2.67292,36.69792],[-2.67708,36.69375],[-2.68125,36.69375],[-2.67708,36.69792],[-2.67292,36.69792],[-2.66875,36.69792],[-2.66458,36.70208],[-2.66042,36.70208],[-2.65625,36.70625],[-2.65625,36.71042],[-2.66042,36.71458],[-2.66458,36.71161],[-2.66875,36.71042],[-2.67292,36.70792],[-2.67708,36.70685],[-2.67917,36.70625],[-2.68125,36.70486],[-2.68542,36.70313],[-2.68958,36.70208],[-2.69375,36.69792],[-2.68958,36.69583],[-2.6875,36.69375],[-2.68542,36.68958],[-2.68958,36.68854],[-2.69375,36.68854],[-2.69687,36.68542],[-2.69792,36.68472],[-2.70208,36.68472],[-2.70625,36.68542],[-2.71042,36.68542],[-2.71458,36.68542],[-2.71875,36.68472],[-2.72292,36.68472],[-2.72708,36.68458],[-2.73125,36.68403],[-2.73542,36.68458],[-2.73958,36.68542],[-2.74375,36.68681],[-2.74792,36.68681],[-2.75208,36.68625],[-2.75625,36.68681],[-2.75833,36.68542],[-2.75625,36.68125],[-2.75208,36.68125],[-2.74792,36.68125],[-2.75208,36.68125],[-2.75625,36.68125],[-2.76042,36.68125],[-2.76458,36.68021],[-2.76875,36.68021],[-2.77014,36.68125],[-2.77292,36.68542],[-2.77708,36.68854],[-2.78125,36.68912],[-2.78194,36.68958],[-2.78542,36.69219],[-2.78854,36.69375],[-2.78958,36.69479],[-2.79375,36.69792],[-2.79792,36.69931],[-2.80208,36.70125],[-2.80292,36.70208],[-2.80625,36.70625],[-2.81042,36.70542],[-2.81458,36.70542],[-2.81875,36.70486],[-2.82292,36.70417],[-2.82708,36.70458],[-2.83125,36.70458],[-2.83375,36.70208],[-2.83542,36.70042],[-2.83958,36.69844],[-2.84097,36.69792],[-2.84375,36.69653],[-2.84792,36.69583],[-2.85208,36.69678],[-2.85521,36.69792],[-2.85625,36.69851],[-2.86042,36.70208],[-2.86458,36.70625],[-2.86875,36.70949],[-2.86994,36.71042],[-2.87292,36.71302],[-2.87431,36.71458],[-2.87708,36.71736],[-2.87865,36.71875],[-2.88125,36.72106],[-2.8831,36.72292],[-2.88542,36.725],[-2.88702,36.72708],[-2.88958,36.73042],[-2.89077,36.73125],[-2.89375,36.73472],[-2.89479,36.73542],[-2.89792,36.73655],[-2.90208,36.73713],[-2.90469,36.73958],[-2.90625,36.74137],[-2.90863,36.74375],[-2.91042,36.74531],[-2.91458,36.7456],[-2.91648,36.74792],[-2.91875,36.74923],[-2.92292,36.74854],[-2.92708,36.74838],[-2.93125,36.74892],[-2.93542,36.74948],[-2.93958,36.75042],[-2.94375,36.74896],[-2.94435,36.74792],[-2.94792,36.74564],[-2.95208,36.74602],[-2.95625,36.74663],[-2.95913,36.74375],[-2.96042,36.74223],[-2.96458,36.7425],[-2.96875,36.74282],[-2.97292,36.74167],[-2.975,36.73958],[-2.97708,36.73792],[-2.98125,36.73792],[-2.98363,36.73958],[-2.98542,36.74137],[-2.98958,36.7425],[-2.99375,36.74223],[-2.99792,36.74183],[-3.00208,36.74119],[-3.00625,36.74115],[-3.01042,36.74107],[-3.01458,36.74375],[-3.01875,36.74638],[-3.02232,36.74375],[-3.02292,36.74306],[-3.02361,36.74375],[-3.02708,36.74529],[-3.03125,36.74524],[-3.03542,36.74498],[-3.03958,36.74549],[-3.04375,36.74498],[-3.04792,36.74492],[-3.05208,36.74509],[-3.05625,36.74491],[-3.06042,36.74488],[-3.06458,36.7447],[-3.06875,36.7447],[-3.07292,36.74468],[-3.07708,36.74482],[-3.08125,36.74479],[-3.08542,36.74479],[-3.08958,36.74542],[-3.09375,36.74562],[-3.09792,36.74572],[-3.10037,36.74792],[-3.10208,36.74827],[-3.10625,36.74846],[-3.11042,36.74873],[-3.11458,36.74864],[-3.11875,36.74861],[-3.12292,36.74854],[-3.12708,36.74855],[-3.13125,36.74836],[-3.13177,36.74792],[-3.13542,36.74436],[-3.13958,36.74673],[-3.14219,36.74375],[-3.14375,36.74286],[-3.14542,36.74375],[-3.14792,36.74643],[-3.15052,36.74792],[-3.15208,36.74807],[-3.15521,36.74792],[-3.15625,36.7475],[-3.15937,36.74375],[-3.16042,36.74321],[-3.16458,36.74284],[-3.16607,36.74375],[-3.16875,36.74531],[-3.17292,36.74475],[-3.17708,36.74479],[-3.18125,36.7447],[-3.18453,36.74792],[-3.18542,36.74831],[-3.18761,36.74792],[-3.18958,36.74621],[-3.19375,36.74507],[-3.19694,36.74792],[-3.19792,36.74851],[-3.20208,36.74829],[-3.20247,36.74792],[-3.20625,36.74436],[-3.21042,36.74379],[-3.21458,36.74434],[-3.21875,36.74433],[-3.22218,36.74792],[-3.22292,36.7484],[-3.22708,36.74855],[-3.23125,36.74857],[-3.23542,36.74917],[-3.23958,36.75125],[-3.24034,36.75208],[-3.24375,36.7525],[-3.24792,36.75244],[-3.2484,36.75208],[-3.25208,36.74862],[-3.25625,36.74856],[-3.26042,36.74952],[-3.26458,36.74917],[-3.26577,36.74792],[-3.26875,36.74494],[-3.27292,36.74708],[-3.27708,36.74494],[-3.27847,36.74375],[-3.28125,36.7411],[-3.28542,36.7404],[-3.28958,36.74024],[-3.29375,36.74003],[-3.29483,36.73958],[-3.29792,36.73685],[-3.30208,36.73875],[-3.30625,36.73695],[-3.31042,36.7363],[-3.31383,36.73958],[-3.31458,36.74002],[-3.31875,36.74018],[-3.31977,36.73958],[-3.32292,36.73706],[-3.32708,36.73671],[-3.33125,36.73618],[-3.33542,36.73609],[-3.33633,36.73542],[-3.33958,36.73261],[-3.34375,36.73215],[-3.3455,36.73125],[-3.34792,36.72891],[-3.34974,36.72708],[-3.35208,36.72474],[-3.35397,36.72292],[-3.35625,36.72056],[-3.35818,36.71875],[-3.36042,36.71673],[-3.36143,36.71458],[-3.36458,36.71204],[-3.36875,36.71184],[-3.37292,36.7117],[-3.37708,36.71148],[-3.38125,36.71107],[-3.38329,36.71042],[-3.38542,36.70871],[-3.38958,36.70802],[-3.39196,36.70625],[-3.39375,36.70492],[-3.39792,36.70428],[-3.40208,36.70391],[-3.40436,36.70208],[-3.40625,36.70065],[-3.41042,36.70035],[-3.41458,36.70064],[-3.41852,36.69792],[-3.41875,36.69722],[-3.42135,36.69375],[-3.42292,36.69351],[-3.42348,36.69375],[-3.42708,36.69648],[-3.43125,36.69613],[-3.43403,36.69375],[-3.43542,36.69286],[-3.43613,36.69375],[-3.43958,36.69765],[-3.44375,36.69754],[-3.44792,36.69699],[-3.45156,36.69375],[-3.45208,36.69343],[-3.4526,36.69375],[-3.45625,36.69699],[-3.46042,36.69456],[-3.4612,36.69375],[-3.46458,36.69062],[-3.46875,36.69065],[-3.47148,36.69375],[-3.47292,36.69501],[-3.47708,36.69583],[-3.48125,36.69618],[-3.48356,36.69792],[-3.48542,36.69931],[-3.48958,36.69954],[-3.49213,36.70208],[-3.49375,36.70347],[-3.49682,36.70625],[-3.49792,36.70814],[-3.49984,36.71042],[-3.50208,36.71285],[-3.50417,36.71458],[-3.50625,36.71648],[-3.51042,36.71701],[-3.5125,36.71875],[-3.51458,36.72106],[-3.51875,36.72181],[-3.52292,36.72292],[-3.52708,36.72674],[-3.53125,36.72644],[-3.53411,36.72292],[-3.53542,36.72182],[-3.53958,36.72226],[-3.54309,36.71875],[-3.54375,36.71821],[-3.54792,36.71829],[-3.55048,36.71458],[-3.55208,36.71239],[-3.5544,36.71458],[-3.55625,36.71715],[-3.56042,36.71696],[-3.56458,36.71723],[-3.5661,36.71875],[-3.56875,36.7224],[-3.57292,36.72083],[-3.57708,36.72069],[-3.57894,36.72292],[-3.58125,36.72537],[-3.58297,36.72708],[-3.58542,36.72986],[-3.5875,36.73125],[-3.58958,36.73423],[-3.59077,36.73542],[-3.59236,36.73958],[-3.59375,36.74196],[-3.59792,36.74306],[-3.60208,36.74158],[-3.60625,36.74128],[-3.61042,36.74109],[-3.61458,36.74048],[-3.61875,36.74058],[-3.62292,36.7408],[-3.62708,36.74022],[-3.63125,36.74052],[-3.63542,36.74005],[-3.63958,36.74044],[-3.64375,36.74123],[-3.64792,36.74123],[-3.65102,36.74375],[-3.65208,36.7449],[-3.65625,36.74509],[-3.65823,36.74375],[-3.66042,36.74227],[-3.66458,36.74112],[-3.66594,36.73958],[-3.66875,36.73632],[-3.66937,36.73542],[-3.67292,36.73211],[-3.674,36.73125],[-3.67708,36.72893],[-3.68125,36.72937],[-3.68542,36.73053],[-3.68958,36.72897],[-3.69183,36.72708],[-3.69375,36.72569],[-3.69625,36.72708],[-3.69792,36.72917],[-3.6995,36.73125],[-3.70208,36.73268],[-3.70625,36.73211],[-3.71016,36.73125],[-3.71042,36.73112],[-3.71065,36.73125],[-3.71458,36.73243],[-3.71609,36.73125],[-3.71875,36.72902],[-3.72292,36.72837],[-3.72469,36.72708],[-3.72545,36.72292],[-3.72708,36.72164],[-3.73125,36.72039],[-3.73431,36.72292],[-3.73514,36.72708],[-3.73542,36.72762],[-3.7393,36.73125],[-3.73958,36.73188],[-3.74375,36.73299],[-3.74599,36.73542],[-3.74792,36.73681],[-3.75208,36.73698],[-3.75365,36.73542],[-3.75625,36.73368],[-3.76042,36.7329],[-3.76154,36.73125],[-3.76458,36.72867],[-3.76875,36.72853],[-3.7726,36.73125],[-3.77292,36.73167],[-3.7765,36.73542],[-3.77708,36.73657],[-3.78125,36.73684],[-3.78413,36.73958],[-3.78542,36.74031],[-3.78927,36.74375],[-3.78958,36.74396],[-3.79375,36.74407],[-3.79792,36.74435],[-3.80208,36.74418],[-3.80574,36.74792],[-3.80625,36.74818],[-3.81042,36.7484],[-3.81458,36.74889],[-3.81875,36.7488],[-3.82292,36.74871],[-3.82708,36.74867],[-3.83125,36.7488],[-3.83476,36.75208],[-3.83542,36.75255],[-3.83631,36.75208],[-3.83958,36.74896],[-3.84375,36.74873],[-3.84792,36.74886],[-3.85208,36.74876],[-3.85625,36.74871],[-3.86042,36.74882],[-3.86458,36.74879],[-3.86654,36.74792],[-3.86875,36.74542],[-3.87292,36.74375],[-3.87708,36.74076],[-3.88125,36.74066],[-3.88542,36.74083],[-3.88958,36.74137],[-3.89375,36.74208],[-3.89792,36.7425],[-3.90208,36.74115],[-3.90625,36.74021],[-3.91042,36.74003],[-3.91458,36.74003],[-3.91519,36.73958],[-3.91875,36.7361],[-3.92292,36.73631],[-3.9237,36.73542],[-3.92708,36.73232],[-3.93125,36.73213],[-3.93542,36.73206],[-3.93958,36.73193],[-3.94115,36.73125],[-3.94375,36.72894],[-3.94792,36.72847],[-3.9494,36.72708],[-3.95208,36.72474],[-3.95625,36.72486],[-3.96042,36.72401],[-3.96366,36.72708],[-3.96458,36.72813],[-3.96875,36.72857],[-3.97292,36.72931],[-3.97656,36.73125],[-3.97708,36.73163],[-3.98125,36.73221],[-3.98542,36.73229],[-3.98958,36.73356],[-3.99196,36.73542],[-3.99375,36.73611],[-3.99792,36.73638],[-4.00208,36.73661],[-4.00625,36.73738],[-4.00875,36.73958],[-4.01042,36.74013],[-4.01458,36.74016],[-4.01875,36.74105],[-4.02292,36.74054],[-4.02708,36.74032],[-4.03125,36.74013],[-4.03542,36.74048],[-4.03958,36.74153],[-4.04375,36.74236],[-4.04792,36.74271],[-4.05208,36.74337],[-4.0526,36.74375],[-4.05625,36.74557],[-4.06042,36.74524],[-4.06458,36.74643],[-4.06875,36.74702],[-4.07292,36.74667],[-4.07708,36.74663],[-4.08125,36.74653],[-4.08542,36.74678],[-4.0875,36.74375],[-4.08958,36.742],[-4.092,36.73958],[-4.09375,36.73702],[-4.09549,36.73542],[-4.09792,36.7325],[-4.10042,36.73125],[-4.10208,36.72958],[-4.10521,36.72708],[-4.10625,36.72639],[-4.11042,36.72589],[-4.11458,36.725],[-4.11875,36.72542],[-4.12292,36.72292],[-4.12708,36.72187],[-4.13125,36.72173],[-4.13542,36.72173],[-4.13958,36.72067],[-4.14375,36.71966],[-4.14792,36.7194],[-4.15208,36.71935],[-4.15382,36.71875],[-4.15625,36.71632],[-4.16042,36.71736],[-4.16458,36.71686],[-4.16875,36.71686],[-4.17292,36.71607],[-4.17523,36.71458],[-4.17708,36.71273],[-4.18125,36.71231],[-4.18542,36.71173],[-4.1888,36.71458],[-4.18958,36.71494],[-4.19137,36.71458],[-4.19375,36.71273],[-4.19792,36.7119],[-4.20208,36.71134],[-4.20625,36.71129],[-4.21042,36.71121],[-4.21458,36.71157],[-4.21875,36.71141],[-4.22292,36.71164],[-4.22708,36.71181],[-4.23125,36.71172],[-4.23542,36.71164],[-4.23715,36.71042],[-4.23958,36.70817],[-4.24375,36.70753],[-4.24792,36.70764],[-4.25208,36.70764],[-4.25625,36.70755],[-4.26042,36.70785],[-4.26458,36.70982],[-4.26528,36.71042],[-4.26875,36.71164],[-4.27292,36.71202],[-4.27708,36.7125],[-4.28125,36.71198],[-4.28542,36.71138],[-4.28958,36.71131],[-4.29375,36.71155],[-4.29792,36.7114],[-4.30208,36.71208],[-4.30625,36.71264],[-4.31042,36.7125],[-4.31458,36.71217],[-4.31875,36.71125],[-4.32292,36.71118],[-4.32708,36.71106],[-4.33125,36.71146],[-4.33542,36.71146],[-4.33958,36.71125],[-4.34375,36.71194],[-4.34705,36.71458],[-4.34792,36.71523],[-4.35208,36.7162],[-4.35625,36.71634],[-4.36042,36.71658],[-4.36458,36.71701],[-4.36875,36.71747],[-4.37153,36.71875],[-4.37292,36.71939],[-4.37708,36.71942],[-4.38125,36.71982],[-4.38542,36.71975],[-4.38958,36.71979],[-4.39375,36.72029],[-4.39792,36.72049],[-4.40208,36.71912],[-4.40625,36.71896],[-4.40694,36.71875],[-4.41042,36.71691],[-4.41458,36.717],[-4.41875,36.71675],[-4.42111,36.71458],[-4.42204,36.71042],[-4.42292,36.70958],[-4.42708,36.70859],[-4.42958,36.70625],[-4.43125,36.70347],[-4.43239,36.70208],[-4.43542,36.69875],[-4.43661,36.69792],[-4.43773,36.69375],[-4.43958,36.69167],[-4.44125,36.68958],[-4.44219,36.68542],[-4.44375,36.68363],[-4.44613,36.68125],[-4.44673,36.67708],[-4.44792,36.67589],[-4.45139,36.67292],[-4.45089,36.66875],[-4.45208,36.66736],[-4.45446,36.66458],[-4.45625,36.66302],[-4.46042,36.6622],[-4.46354,36.66042],[-4.46458,36.65903],[-4.46625,36.65625],[-4.46875,36.65208],[-4.47292,36.64875],[-4.47396,36.64792],[-4.47708,36.64542],[-4.47847,36.64375],[-4.48125,36.64042],[-4.48208,36.63958],[-4.48458,36.63542],[-4.48542,36.63333],[-4.48583,36.63125],[-4.48958,36.62784],[-4.48998,36.62708],[-4.49375,36.62331],[-4.49394,36.62292],[-4.49431,36.61875],[-4.49687,36.61458],[-4.49792,36.61339],[-4.50208,36.61064],[-4.50227,36.61042],[-4.50331,36.60625],[-4.50436,36.60208],[-4.50625,36.60019],[-4.51042,36.59833],[-4.51458,36.59819],[-4.51875,36.5981],[-4.51891,36.59792],[-4.51918,36.59375],[-4.52292,36.59036],[-4.52439,36.58958],[-4.52708,36.58653],[-4.52894,36.58542],[-4.53125,36.58368],[-4.5339,36.58125],[-4.53542,36.57997],[-4.53958,36.57815],[-4.54375,36.57778],[-4.54792,36.57786],[-4.55208,36.57771],[-4.55625,36.57789],[-4.56042,36.57763],[-4.56339,36.57708],[-4.56458,36.57625],[-4.56875,36.574],[-4.57292,36.57367],[-4.57484,36.57292],[-4.57708,36.57083],[-4.58125,36.56984],[-4.58542,36.56947],[-4.58958,36.56926],[-4.59375,36.569],[-4.59408,36.56875],[-4.59708,36.56458],[-4.59792,36.56399],[-4.60208,36.56121],[-4.60375,36.56042],[-4.60625,36.55792],[-4.60744,36.55625],[-4.61042,36.55327],[-4.6117,36.55208],[-4.61302,36.54792],[-4.61458,36.54653],[-4.61637,36.54375],[-4.61815,36.53958],[-4.61875,36.53899],[-4.62042,36.53542],[-4.62292,36.53167],[-4.62338,36.53125],[-4.62452,36.52708],[-4.62708,36.52292],[-4.62785,36.51875],[-4.63073,36.51458],[-4.63125,36.51399],[-4.63542,36.51042],[-4.63899,36.50625],[-4.63958,36.50583],[-4.64375,36.50331],[-4.64792,36.50324],[-4.65208,36.50322],[-4.65625,36.50341],[-4.66042,36.50333],[-4.66458,36.50324],[-4.66875,36.50295],[-4.67292,36.5027],[-4.67708,36.50286],[-4.67847,36.50208],[-4.68125,36.49931],[-4.68304,36.49792],[-4.68542,36.49583],[-4.68958,36.49395],[-4.6897,36.49375],[-4.69375,36.48958],[-4.69792,36.48667],[-4.70208,36.48661],[-4.70625,36.48657],[-4.71042,36.48632],[-4.71458,36.48617],[-4.71792,36.48542],[-4.71875,36.4849],[-4.72292,36.48242],[-4.72708,36.48542],[-4.73125,36.48557],[-4.73157,36.48542],[-4.73542,36.48264],[-4.73958,36.48229],[-4.74375,36.48229],[-4.74792,36.48229],[-4.75208,36.48264],[-4.75625,36.48299],[-4.76042,36.48438],[-4.76161,36.48542],[-4.76458,36.48702],[-4.76875,36.48629],[-4.77292,36.48607],[-4.77708,36.4864],[-4.78047,36.48958],[-4.78125,36.49042],[-4.78542,36.49077],[-4.78958,36.49125],[-4.79375,36.49256],[-4.79653,36.49375],[-4.79792,36.49403],[-4.80208,36.49505],[-4.80625,36.49567],[-4.81042,36.49643],[-4.81458,36.49653],[-4.81875,36.4974],[-4.81935,36.49792],[-4.82292,36.49917],[-4.82708,36.49914],[-4.83125,36.49875],[-4.83542,36.49963],[-4.83958,36.50208],[-4.84375,36.50308],[-4.84792,36.50256],[-4.85208,36.5033],[-4.85625,36.50446],[-4.86042,36.50506],[-4.86458,36.50625],[-4.86875,36.50661],[-4.87292,36.50748],[-4.87708,36.50655],[-4.87917,36.50625],[-4.88125,36.50542],[-4.88542,36.50511],[-4.88958,36.50417],[-4.89375,36.50587],[-4.89792,36.50542],[-4.90208,36.50549],[-4.90625,36.50371],[-4.91042,36.50404],[-4.91458,36.50301],[-4.91667,36.50208],[-4.91875,36.50089],[-4.92292,36.49931],[-4.92708,36.4995],[-4.93125,36.49924],[-4.93542,36.49818],[-4.93601,36.49792],[-4.93958,36.49613],[-4.94329,36.49375],[-4.94375,36.49329],[-4.94792,36.48958],[-4.95208,36.48611],[-4.95417,36.48542],[-4.95625,36.48472],[-4.96042,36.48321],[-4.96458,36.48201],[-4.96736,36.48125],[-4.96875,36.48073],[-4.97292,36.47917],[-4.97708,36.47708],[-4.98125,36.47542],[-4.98542,36.47292],[-4.98958,36.47003],[-4.99077,36.46875],[-4.99375,36.4663],[-4.99792,36.46563],[-4.99911,36.46458],[-5.00208,36.46213],[-5.00433,36.46042],[-5.00625,36.45833],[-5.01042,36.45833],[-5.01366,36.46042],[-5.01458,36.46106],[-5.01875,36.46131],[-5.02292,36.46106],[-5.02708,36.46134],[-5.03125,36.46134],[-5.03542,36.46138],[-5.03681,36.46042],[-5.03958,36.45814],[-5.04375,36.45694],[-5.04468,36.45625],[-5.04792,36.45401],[-5.05208,36.45268],[-5.05347,36.45208],[-5.05625,36.45069],[-5.06042,36.45016],[-5.06458,36.44986],[-5.06875,36.44881],[-5.07292,36.44948],[-5.07708,36.4497],[-5.08125,36.44922],[-5.08542,36.44792],[-5.08958,36.44524],[-5.09097,36.44375],[-5.09375,36.4413],[-5.09792,36.44042],[-5.09917,36.43958],[-5.10208,36.43734],[-5.10355,36.43542],[-5.10625,36.43255],[-5.11042,36.43174],[-5.1125,36.43125],[-5.11458,36.43032],[-5.11875,36.42831],[-5.12292,36.42806],[-5.12708,36.42708],[-5.13125,36.42569],[-5.13542,36.425],[-5.13958,36.42448],[-5.14236,36.42292],[-5.14375,36.42167],[-5.14792,36.41903],[-5.14816,36.41875],[-5.15208,36.41585],[-5.15625,36.41518],[-5.15833,36.41458],[-5.16042,36.41362],[-5.1622,36.41458],[-5.16458,36.41502],[-5.16577,36.41458],[-5.16875,36.41198],[-5.17292,36.41167],[-5.17708,36.41234],[-5.17865,36.41042],[-5.18125,36.40797],[-5.18417,36.40625],[-5.18542,36.405],[-5.18833,36.40208],[-5.18958,36.40095],[-5.19261,36.39792],[-5.19375,36.39653],[-5.19602,36.39375],[-5.19792,36.39186],[-5.19923,36.38958],[-5.20208,36.38673],[-5.20317,36.38542],[-5.20625,36.38234],[-5.20764,36.38125],[-5.21042,36.37847],[-5.21458,36.37808],[-5.21574,36.37708],[-5.21875,36.37407],[-5.22222,36.37292],[-5.22099,36.36875],[-5.22292,36.36648],[-5.22481,36.36458],[-5.22418,36.36042],[-5.22489,36.35625],[-5.22586,36.35208],[-5.22708,36.3506],[-5.22906,36.34792],[-5.23125,36.34514],[-5.23314,36.34375],[-5.23264,36.33958],[-5.23333,36.33542],[-5.23542,36.33304],[-5.23734,36.33125],[-5.23681,36.32708],[-5.23958,36.32418],[-5.24049,36.32292],[-5.24087,36.31875],[-5.24375,36.31575],[-5.24438,36.31458],[-5.24708,36.31042],[-5.24792,36.30958],[-5.25208,36.30742],[-5.25625,36.30686],[-5.25701,36.30625],[-5.26042,36.30304],[-5.26153,36.30208],[-5.26458,36.29869],[-5.26574,36.29792],[-5.26875,36.29491],[-5.27222,36.29375],[-5.27292,36.29306],[-5.27589,36.28958],[-5.27542,36.28542],[-5.27708,36.28304],[-5.28125,36.28125],[-5.28032,36.27708],[-5.28125,36.27589],[-5.28472,36.27292],[-5.28542,36.26875],[-5.28458,36.26458],[-5.28542,36.26319],[-5.2875,36.26042],[-5.28839,36.25625],[-5.28958,36.25506],[-5.29107,36.25208],[-5.29148,36.24792],[-5.29375,36.24514],[-5.29583,36.24375],[-5.29792,36.24219],[-5.30208,36.24141],[-5.30625,36.2408],[-5.30771,36.23958],[-5.31042,36.23542],[-5.31354,36.23125],[-5.31458,36.22995],[-5.31649,36.22708],[-5.31726,36.22292],[-5.31875,36.22102],[-5.32022,36.21875],[-5.32133,36.21458],[-5.32292,36.21042],[-5.32448,36.20625],[-5.32604,36.20208],[-5.32708,36.19958],[-5.32917,36.19792],[-5.33125,36.19375],[-5.33363,36.18958],[-5.33542,36.18542],[-5.33449,36.18125],[-5.33542,36.17958],[-5.3372,36.17708],[-5.3375,36.17292],[-5.3375,36.16875],[-5.33792,36.16458],[-5.33807,36.16042],[-5.33958,36.15708],[-5.34097,36.15625],[-5.33958,36.15542],[-5.33792,36.15208],[-5.33743,36.14792],[-5.33676,36.14375],[-5.33681,36.13958],[-5.33812,36.13542],[-5.33958,36.1325],[-5.33964,36.13125],[-5.33968,36.12708],[-5.33963,36.12292],[-5.33987,36.11875],[-5.34,36.11458],[-5.34375,36.11064],[-5.34722,36.11458],[-5.34792,36.11545],[-5.35091,36.11875],[-5.35208,36.12292],[-5.35202,36.12708],[-5.35208,36.12738],[-5.35547,36.13125],[-5.35587,36.13542],[-5.35625,36.13727],[-5.35741,36.13958],[-5.35833,36.14375],[-5.35625,36.14613],[-5.35433,36.14792],[-5.35208,36.15083],[-5.34958,36.15208],[-5.35208,36.15387],[-5.35486,36.15625],[-5.35625,36.15764],[-5.35958,36.16042],[-5.36042,36.16101],[-5.36319,36.16458],[-5.36458,36.16583],[-5.36875,36.16563],[-5.37292,36.16875],[-5.37523,36.17292],[-5.37708,36.17411],[-5.38125,36.17612],[-5.38272,36.17708],[-5.38542,36.17963],[-5.38958,36.17927],[-5.39375,36.1787],[-5.39792,36.17902],[-5.40208,36.1789],[-5.40625,36.17895],[-5.41042,36.17901],[-5.41458,36.17963],[-5.41875,36.17904],[-5.42292,36.17822],[-5.42448,36.17708],[-5.42708,36.17599],[-5.43125,36.17351],[-5.43333,36.17292],[-5.43363,36.16875],[-5.43542,36.16719],[-5.43773,36.16458],[-5.43958,36.16181],[-5.44097,36.16042],[-5.44375,36.15708],[-5.444,36.15625],[-5.44429,36.15208],[-5.44418,36.14792],[-5.44413,36.14375],[-5.44479,36.13958],[-5.44375,36.13708],[-5.44256,36.13542],[-5.44005,36.13125],[-5.44,36.12708],[-5.4399,36.12292],[-5.44034,36.11875],[-5.43958,36.11831],[-5.43586,36.11458],[-5.43542,36.11399],[-5.43264,36.11042],[-5.43224,36.10625],[-5.43542,36.10322],[-5.43769,36.10208],[-5.43958,36.1],[-5.44068,36.09792],[-5.44196,36.09375],[-5.44172,36.08958],[-5.43958,36.08799],[-5.43691,36.08542],[-5.43542,36.08482],[-5.43125,36.08468],[-5.42733,36.08125],[-5.42708,36.0807],[-5.42403,36.07708],[-5.42708,36.07381],[-5.42826,36.07292],[-5.43125,36.06892],[-5.43143,36.06875],[-5.43542,36.06627],[-5.43958,36.06562],[-5.44133,36.06458],[-5.44375,36.06117],[-5.44613,36.06042],[-5.44792,36.05985],[-5.45208,36.05708],[-5.45625,36.05663],[-5.46042,36.05668],[-5.46096,36.05625],[-5.46458,36.0527],[-5.46875,36.05258],[-5.46989,36.05208],[-5.47292,36.0483],[-5.47708,36.04954],[-5.48125,36.0501],[-5.48542,36.05069],[-5.48958,36.05089],[-5.49375,36.04881],[-5.49643,36.04792],[-5.49792,36.04669],[-5.50208,36.04463],[-5.50326,36.04375],[-5.50625,36.04083],[-5.51042,36.03992],[-5.51088,36.03958],[-5.51458,36.03662],[-5.51875,36.03609],[-5.52292,36.03559],[-5.52333,36.03542],[-5.52708,36.03321],[-5.53125,36.03181],[-5.53542,36.03132],[-5.5356,36.03125],[-5.53958,36.02855],[-5.54375,36.02731],[-5.5442,36.02708],[-5.54735,36.02292],[-5.54792,36.02232],[-5.55208,36.02083],[-5.55465,36.01875],[-5.55625,36.01741],[-5.56042,36.01651],[-5.56458,36.01692],[-5.56641,36.01458],[-5.56875,36.01261],[-5.57292,36.01188],[-5.57708,36.01186],[-5.58125,36.01315],[-5.58542,36.01238],[-5.58958,36.0117],[-5.59375,36.0115],[-5.59792,36.01185],[-5.60208,36.01185],[-5.60378,36.01042],[-5.60625,36.00691],[-5.60942,36.01042],[-5.61042,36.0119],[-5.6133,36.01458],[-5.61458,36.01569],[-5.61667,36.01875],[-5.61875,36.02161],[-5.62014,36.02292],[-5.61875,36.02708],[-5.62292,36.03042],[-5.62396,36.03125],[-5.62708,36.03413],[-5.62946,36.03542],[-5.63125,36.0372],[-5.63403,36.03958],[-5.63542,36.04077],[-5.63958,36.04153],[-5.64196,36.04375],[-5.64375,36.04514],[-5.64687,36.04792],[-5.64792,36.04896],[-5.65208,36.05156],[-5.65268,36.05208],[-5.65625,36.05317],[-5.66042,36.05372],[-5.66458,36.05478],[-5.66875,36.05375],[-5.67159,36.05625],[-5.67292,36.05833],[-5.67557,36.06042],[-5.67708,36.0617],[-5.68125,36.06319],[-5.68333,36.06458],[-5.68542,36.06667],[-5.68958,36.06829],[-5.69375,36.06681],[-5.69571,36.06458],[-5.69792,36.06288],[-5.70062,36.06042],[-5.70208,36.05903],[-5.70625,36.0577],[-5.71042,36.05753],[-5.71458,36.05764],[-5.71875,36.05814],[-5.72292,36.05896],[-5.72486,36.06042],[-5.72708,36.062],[-5.73009,36.06458],[-5.73125,36.06493],[-5.73542,36.06534],[-5.73958,36.06581],[-5.74343,36.06875],[-5.74375,36.06896],[-5.74792,36.06994],[-5.75208,36.07163],[-5.75375,36.07292],[-5.75625,36.07519],[-5.75972,36.07708],[-5.76042,36.07755],[-5.76458,36.07917],[-5.76686,36.08125],[-5.76875,36.08314],[-5.77292,36.08368],[-5.77589,36.08542],[-5.77708,36.08606],[-5.77784,36.08542],[-5.78125,36.08274],[-5.78542,36.0815],[-5.78557,36.08125],[-5.78958,36.07837],[-5.79375,36.07865],[-5.79792,36.07862],[-5.80104,36.08125],[-5.80208,36.08204],[-5.80562,36.08542],[-5.80625,36.08582],[-5.8099,36.08958],[-5.81042,36.09007],[-5.81371,36.09375],[-5.81436,36.09792],[-5.81458,36.09818],[-5.81875,36.09899],[-5.82292,36.09989],[-5.82523,36.10208],[-5.82633,36.10625],[-5.82708,36.11042],[-5.83125,36.11298],[-5.83274,36.11458],[-5.83403,36.11875],[-5.83542,36.12014],[-5.83798,36.12292],[-5.83958,36.12481],[-5.84167,36.12708],[-5.84375,36.13125],[-5.84653,36.13542],[-5.84792,36.13558],[-5.85208,36.13958],[-5.85625,36.14323],[-5.85677,36.14375],[-5.86008,36.14792],[-5.86042,36.14838],[-5.86458,36.15069],[-5.86637,36.15208],[-5.86875,36.1536],[-5.87292,36.15433],[-5.87484,36.15625],[-5.87708,36.1599],[-5.87778,36.16042],[-5.88125,36.1625],[-5.88542,36.16333],[-5.88667,36.16458],[-5.88958,36.1675],[-5.89115,36.16875],[-5.89375,36.17222],[-5.89479,36.17292],[-5.89792,36.17604],[-5.90208,36.17604],[-5.90347,36.17708],[-5.90625,36.18042],[-5.91042,36.18056],[-5.91146,36.18125],[-5.91458,36.18304],[-5.91875,36.18292],[-5.92292,36.18292],[-5.92708,36.18423],[-5.92917,36.18542],[-5.93125,36.18575],[-5.93244,36.18542],[-5.93542,36.18244],[-5.93731,36.18542],[-5.93958,36.186],[-5.94375,36.18576],[-5.94435,36.18542],[-5.94792,36.18279],[-5.95208,36.18176],[-5.955,36.18125],[-5.95625,36.18063],[-5.96042,36.17816],[-5.96458,36.17757],[-5.96756,36.17708],[-5.96875,36.17621],[-5.97292,36.17375],[-5.97708,36.17393],[-5.98125,36.1739],[-5.98542,36.17399],[-5.98958,36.175],[-5.99271,36.17708],[-5.99375,36.17737],[-5.99792,36.17806],[-6.00208,36.17938],[-6.00497,36.18125],[-6.00625,36.18197],[-6.01042,36.18297],[-6.01458,36.18428],[-6.01875,36.18381],[-6.02292,36.18285],[-6.02708,36.18438],[-6.02971,36.18125],[-6.03125,36.17833],[-6.0339,36.18125],[-6.03333,36.18542],[-6.03542,36.18958],[-6.03958,36.19137],[-6.04167,36.19375],[-6.04375,36.19527],[-6.04667,36.19792],[-6.04792,36.19948],[-6.05052,36.20208],[-6.05208,36.20458],[-6.05375,36.20625],[-6.05625,36.20764],[-6.05875,36.21042],[-6.05937,36.21458],[-6.06042,36.21563],[-6.06319,36.21875],[-6.06383,36.22292],[-6.06458,36.22411],[-6.06756,36.22708],[-6.06875,36.22827],[-6.07135,36.23125],[-6.07292,36.23438],[-6.07351,36.23542],[-6.07431,36.23958],[-6.07708,36.24196],[-6.07865,36.24375],[-6.07847,36.24792],[-6.07958,36.25208],[-6.08125,36.25486],[-6.08208,36.25625],[-6.08264,36.26042],[-6.08542,36.26458],[-6.08819,36.26875],[-6.08958,36.26944],[-6.09256,36.27292],[-6.09375,36.2733],[-6.09737,36.27708],[-6.09792,36.27771],[-6.10129,36.28125],[-6.10208,36.28194],[-6.10625,36.28319],[-6.10833,36.28542],[-6.11042,36.28675],[-6.11337,36.28958],[-6.11458,36.29085],[-6.11875,36.29092],[-6.12292,36.29375],[-6.12708,36.29451],[-6.13125,36.29489],[-6.13375,36.29375],[-6.13542,36.29264],[-6.13708,36.29375],[-6.13958,36.295],[-6.14375,36.29592],[-6.14574,36.29792],[-6.14631,36.30208],[-6.14792,36.30375],[-6.15032,36.30625],[-6.15208,36.30854],[-6.15387,36.31042],[-6.15467,36.31458],[-6.15625,36.31649],[-6.15833,36.31875],[-6.15865,36.32292],[-6.16042,36.32533],[-6.16208,36.32708],[-6.16285,36.33125],[-6.1633,36.33542],[-6.16458,36.33738],[-6.16646,36.33958],[-6.16712,36.34375],[-6.16875,36.34572],[-6.17094,36.34792],[-6.1714,36.35208],[-6.17292,36.35384],[-6.17533,36.35625],[-6.17708,36.35847],[-6.17891,36.36042],[-6.17979,36.36458],[-6.18125,36.3662],[-6.18431,36.36875],[-6.18542,36.36986],[-6.18894,36.37292],[-6.18958,36.37338],[-6.19375,36.37344],[-6.19792,36.37367],[-6.20133,36.37708],[-6.20167,36.38125],[-6.20208,36.38194],[-6.20625,36.38229],[-6.20875,36.38542],[-6.20875,36.38958],[-6.21042,36.39097],[-6.21458,36.39306],[-6.21528,36.39375],[-6.21562,36.39792],[-6.21875,36.40042],[-6.22042,36.40208],[-6.22014,36.40625],[-6.22014,36.41042],[-6.22292,36.41319],[-6.22431,36.41458],[-6.22708,36.41875],[-6.22778,36.42292],[-6.23125,36.42523],[-6.2331,36.42708],[-6.2331,36.43125],[-6.23542,36.43385],[-6.23681,36.43542],[-6.23727,36.43958],[-6.23958,36.44219],[-6.24375,36.44256],[-6.24458,36.44375],[-6.24687,36.44792],[-6.24792,36.45],[-6.24838,36.45208],[-6.25208,36.45625],[-6.2536,36.46042],[-6.25625,36.46406],[-6.25667,36.46458],[-6.2575,36.46875],[-6.26042,36.47167],[-6.26167,36.47292],[-6.26458,36.47583],[-6.26572,36.47708],[-6.26648,36.48125],[-6.26875,36.48403],[-6.27031,36.48542],[-6.27083,36.48958],[-6.27292,36.4911],[-6.27535,36.49375],[-6.27656,36.49792],[-6.27708,36.49844],[-6.28051,36.50208],[-6.28125,36.50278],[-6.28454,36.50625],[-6.2851,36.51042],[-6.28542,36.51068],[-6.28889,36.51458],[-6.28958,36.51524],[-6.29292,36.51875],[-6.2934,36.52292],[-6.29375,36.52333],[-6.29732,36.52708],[-6.29375,36.52976],[-6.28958,36.52972],[-6.28542,36.52933],[-6.28125,36.52839],[-6.27965,36.52708],[-6.2786,36.52292],[-6.27708,36.52133],[-6.2739,36.51875],[-6.27292,36.51764],[-6.2691,36.51458],[-6.26875,36.51042],[-6.26458,36.50949],[-6.26193,36.50625],[-6.2628,36.50208],[-6.26458,36.49896],[-6.26534,36.49792],[-6.26505,36.49375],[-6.26458,36.49292],[-6.26042,36.49375],[-6.25625,36.49167],[-6.25208,36.49375],[-6.24792,36.48958],[-6.24792,36.48542],[-6.24792,36.48125],[-6.24375,36.47708],[-6.23958,36.47708],[-6.23542,36.47292],[-6.23125,36.47292],[-6.22708,36.47083],[-6.22292,36.47153],[-6.22153,36.47292],[-6.21875,36.47708],[-6.21667,36.48125],[-6.21458,36.48333],[-6.21042,36.48542],[-6.20625,36.48819],[-6.20208,36.48958],[-6.19792,36.49167],[-6.19375,36.49375],[-6.19514,36.49792],[-6.19494,36.50208],[-6.19375,36.50327],[-6.19236,36.50208],[-6.19208,36.49792],[-6.18958,36.49583],[-6.18542,36.49583],[-6.18423,36.49792],[-6.18542,36.50208],[-6.18208,36.50625],[-6.18125,36.50729],[-6.17708,36.50833],[-6.175,36.51042],[-6.17708,36.5125],[-6.17917,36.51458],[-6.18125,36.51597],[-6.18542,36.51875],[-6.18958,36.52083],[-6.19375,36.51958],[-6.19792,36.51875],[-6.20208,36.51625],[-6.20417,36.51458],[-6.20506,36.51042],[-6.20625,36.50949],[-6.21042,36.50949],[-6.21458,36.50923],[-6.21875,36.50833],[-6.22292,36.50764],[-6.22396,36.50625],[-6.22708,36.50375],[-6.23125,36.50365],[-6.23542,36.50436],[-6.23958,36.50556],[-6.24034,36.50625],[-6.24375,36.50875],[-6.24583,36.51042],[-6.24792,36.51234],[-6.25,36.51458],[-6.25208,36.51683],[-6.25387,36.51875],[-6.25208,36.52083],[-6.24792,36.52216],[-6.24375,36.52292],[-6.23958,36.52604],[-6.23542,36.52616],[-6.23375,36.52708],[-6.23542,36.52917],[-6.23958,36.52875],[-6.24208,36.53125],[-6.23958,36.53375],[-6.23792,36.53542],[-6.23542,36.53854],[-6.23458,36.53958],[-6.23125,36.54236],[-6.22847,36.54375],[-6.22917,36.54792],[-6.22958,36.55208],[-6.22708,36.55458],[-6.22542,36.55625],[-6.22569,36.56042],[-6.22542,36.56458],[-6.22569,36.56875],[-6.22604,36.57292],[-6.22604,36.57708],[-6.22708,36.57847],[-6.23021,36.58125],[-6.23125,36.58244],[-6.23472,36.58542],[-6.23542,36.58588],[-6.23958,36.58606],[-6.24018,36.58542],[-6.24375,36.58185],[-6.24792,36.58151],[-6.25208,36.58125],[-6.25625,36.58125],[-6.26042,36.57831],[-6.26458,36.57847],[-6.2675,36.58125],[-6.26875,36.58272],[-6.27145,36.58542],[-6.27138,36.58958],[-6.27292,36.59104],[-6.27562,36.59375],[-6.27708,36.59514],[-6.27986,36.59792],[-6.2808,36.60208],[-6.28125,36.60242],[-6.28542,36.60573],[-6.28594,36.60625],[-6.28926,36.61042],[-6.28958,36.61071],[-6.29375,36.61076],[-6.29792,36.61181],[-6.30069,36.61458],[-6.30208,36.61481],[-6.30625,36.61507],[-6.31042,36.61597],[-6.31319,36.61875],[-6.31458,36.62049],[-6.31875,36.62083],[-6.32292,36.62163],[-6.32443,36.62292],[-6.32708,36.62463],[-6.33125,36.62489],[-6.33542,36.62438],[-6.33958,36.62388],[-6.34375,36.62389],[-6.34792,36.62325],[-6.34931,36.62292],[-6.35069,36.61875],[-6.35208,36.61667],[-6.35625,36.61458],[-6.36042,36.61458],[-6.36458,36.6149],[-6.36815,36.61875],[-6.36875,36.61931],[-6.37292,36.61939],[-6.37708,36.61989],[-6.38079,36.62292],[-6.38125,36.62333],[-6.38542,36.62405],[-6.38912,36.62708],[-6.38958,36.6275],[-6.39333,36.63125],[-6.39375,36.63185],[-6.39687,36.63542],[-6.39583,36.63958],[-6.39583,36.64375],[-6.39602,36.64792],[-6.39792,36.65],[-6.39981,36.65208],[-6.40104,36.65625],[-6.40208,36.65833],[-6.40312,36.66042],[-6.40625,36.66234],[-6.40849,36.66458],[-6.4099,36.66875],[-6.41042,36.66958],[-6.41227,36.67292],[-6.41458,36.67552],[-6.41615,36.67708],[-6.4169,36.68125],[-6.41736,36.68542],[-6.41875,36.68698],[-6.42173,36.68958],[-6.42292,36.69077],[-6.42523,36.69375],[-6.4253,36.69792],[-6.42708,36.6997],[-6.42986,36.70208],[-6.43125,36.70347],[-6.4331,36.70625],[-6.43333,36.71042],[-6.43542,36.7125],[-6.43727,36.71458],[-6.43958,36.71667],[-6.44148,36.71875],[-6.44167,36.72292],[-6.44223,36.72708],[-6.44247,36.73125],[-6.44247,36.73542],[-6.44261,36.73958],[-6.43958,36.74236],[-6.43819,36.74375],[-6.43542,36.74653],[-6.43125,36.74673],[-6.42708,36.74514],[-6.42431,36.74792],[-6.42292,36.74931],[-6.41875,36.75208],[-6.41458,36.75625],[-6.41198,36.76042],[-6.41042,36.7622],[-6.40625,36.76339],[-6.40347,36.76458],[-6.40208,36.76597],[-6.39792,36.76756],[-6.39375,36.76792],[-6.39097,36.76875],[-6.38958,36.77292],[-6.38542,36.77604],[-6.38403,36.77708],[-6.38125,36.77827],[-6.37708,36.78042],[-6.37292,36.78125],[-6.36875,36.78244],[-6.36458,36.78314],[-6.36042,36.78333],[-6.35792,36.78542],[-6.35625,36.78727],[-6.35208,36.78769],[-6.34792,36.78785],[-6.34583,36.78958],[-6.34375,36.79375],[-6.34062,36.79792],[-6.33958,36.79958],[-6.3378,36.80208],[-6.33708,36.80625],[-6.33708,36.81042],[-6.33958,36.81354],[-6.34062,36.81458],[-6.34062,36.81875],[-6.34375,36.82188],[-6.34479,36.82292],[-6.34792,36.82542],[-6.34958,36.82708],[-6.34875,36.83125],[-6.34861,36.83542],[-6.34896,36.83958],[-6.34896,36.84375],[-6.34884,36.84792],[-6.34838,36.85208],[-6.34884,36.85625],[-6.34844,36.86042],[-6.34792,36.86094],[-6.34427,36.86458],[-6.34479,36.86875],[-6.34514,36.87292],[-6.34542,36.87708],[-6.34514,36.88125],[-6.34514,36.88542],[-6.34792,36.88819],[-6.35069,36.88542],[-6.35069,36.88125],[-6.35208,36.87986],[-6.35417,36.87708],[-6.35486,36.87292],[-6.35506,36.86875],[-6.35625,36.86771],[-6.35937,36.86458],[-6.35937,36.86042],[-6.35937,36.85625],[-6.35937,36.85208],[-6.35903,36.84792],[-6.35856,36.84375],[-6.35833,36.83958],[-6.35729,36.83542],[-6.35677,36.83125],[-6.35625,36.82708],[-6.35268,36.82292],[-6.35208,36.81875],[-6.34844,36.81458],[-6.34856,36.81042],[-6.34881,36.80625],[-6.34984,36.80208],[-6.35116,36.79792],[-6.35208,36.79699],[-6.35625,36.79583],[-6.36042,36.79547],[-6.36458,36.79514],[-6.36875,36.79535],[-6.37292,36.79542],[-6.37649,36.79792],[-6.37708,36.79851],[-6.38125,36.79861],[-6.38542,36.79911],[-6.38958,36.7997],[-6.39292,36.80208],[-6.39375,36.80268],[-6.39792,36.80625],[-6.40208,36.81042],[-6.40208,36.81458],[-6.40469,36.81875],[-6.40532,36.82292],[-6.40625,36.82411],[-6.40885,36.82708],[-6.40949,36.83125],[-6.41042,36.83208],[-6.41319,36.83542],[-6.41458,36.83958],[-6.41833,36.84375],[-6.41875,36.84792],[-6.42014,36.85208],[-6.42245,36.85625],[-6.42292,36.85677],[-6.42656,36.86042],[-6.42708,36.8625],[-6.42917,36.86458],[-6.43065,36.86875],[-6.43065,36.87292],[-6.43125,36.87361],[-6.43385,36.87708],[-6.43403,36.88125],[-6.43542,36.88264],[-6.43792,36.88542],[-6.43819,36.88958],[-6.43958,36.89137],[-6.44167,36.89375],[-6.44196,36.89792],[-6.44375,36.8997],[-6.4456,36.90208],[-6.44792,36.90417],[-6.45,36.90625],[-6.45208,36.90856],[-6.45394,36.91042],[-6.45625,36.91273],[-6.4581,36.91458],[-6.45958,36.91875],[-6.46042,36.91979],[-6.46292,36.92292],[-6.46458,36.92431],[-6.46736,36.92708],[-6.46875,36.92827],[-6.47173,36.93125],[-6.47292,36.93264],[-6.47569,36.93542],[-6.47708,36.93681],[-6.47986,36.93958],[-6.48125,36.94062],[-6.48437,36.94375],[-6.48542,36.94494],[-6.48889,36.94792],[-6.48958,36.94861],[-6.49375,36.95208],[-6.49792,36.95625],[-6.50208,36.96042],[-6.50625,36.96354],[-6.50764,36.96458],[-6.51042,36.96563],[-6.51399,36.96875],[-6.51458,36.96927],[-6.51875,36.97292],[-6.52292,36.97569],[-6.52431,36.97708],[-6.52708,36.97792],[-6.53079,36.98125],[-6.53125,36.98155],[-6.53512,36.98542],[-6.53542,36.98563],[-6.53958,36.98611],[-6.54349,36.98958],[-6.54375,36.98978],[-6.54792,36.99046],[-6.55208,36.99306],[-6.55417,36.99375],[-6.55625,36.99401],[-6.55993,36.99792],[-6.56042,36.99831],[-6.56458,36.9987],[-6.56875,37.00208],[-6.57292,37.00469],[-6.57708,37.00625],[-6.58102,37.01042],[-6.58125,37.01058],[-6.58542,37.01121],[-6.58935,37.01458],[-6.58958,37.01474],[-6.5936,37.01875],[-6.59375,37.01885],[-6.59792,37.01902],[-6.60208,37.01958],[-6.60542,37.02292],[-6.60625,37.02338],[-6.61042,37.02353],[-6.61408,37.02708],[-6.61458,37.0276],[-6.61875,37.02804],[-6.62254,37.03125],[-6.62292,37.03152],[-6.62708,37.03352],[-6.62898,37.03542],[-6.63125,37.03615],[-6.63542,37.0375],[-6.63958,37.03958],[-6.64375,37.04271],[-6.64479,37.04375],[-6.64792,37.04439],[-6.65208,37.04688],[-6.65486,37.04792],[-6.65625,37.04804],[-6.66042,37.05052],[-6.6625,37.05208],[-6.66458,37.05251],[-6.66875,37.05417],[-6.67083,37.05625],[-6.67292,37.05702],[-6.67708,37.05875],[-6.67894,37.06042],[-6.68125,37.06114],[-6.6851,37.06458],[-6.68542,37.06485],[-6.68958,37.06549],[-6.69375,37.06771],[-6.69479,37.06875],[-6.69792,37.06971],[-6.70208,37.07135],[-6.70365,37.07292],[-6.70625,37.07396],[-6.70937,37.07708],[-6.71042,37.07799],[-6.71458,37.07869],[-6.71875,37.08021],[-6.71994,37.08125],[-6.72292,37.08229],[-6.72708,37.08482],[-6.72778,37.08542],[-6.73125,37.08622],[-6.73542,37.08802],[-6.73698,37.08958],[-6.73958,37.09167],[-6.74256,37.09375],[-6.74375,37.09405],[-6.74792,37.09549],[-6.75208,37.09722],[-6.75278,37.09792],[-6.75625,37.10023],[-6.75958,37.10208],[-6.76042,37.10223],[-6.76458,37.10417],[-6.76875,37.10506],[-6.76979,37.10625],[-6.77292,37.10903],[-6.77542,37.11042],[-6.77708,37.11066],[-6.78125,37.1109],[-6.78494,37.11458],[-6.78542,37.11496],[-6.78958,37.11508],[-6.79375,37.11756],[-6.79583,37.11875],[-6.79792,37.1191],[-6.80208,37.11949],[-6.80625,37.12083],[-6.80937,37.12292],[-6.81042,37.12314],[-6.81458,37.12324],[-6.81875,37.12388],[-6.82292,37.12552],[-6.82708,37.12639],[-6.82812,37.12708],[-6.83125,37.12917],[-6.83437,37.13125],[-6.83542,37.13148],[-6.83958,37.13244],[-6.84219,37.13542],[-6.84375,37.13659],[-6.84792,37.13642],[-6.85085,37.13958],[-6.85208,37.14063],[-6.85625,37.14103],[-6.86042,37.14125],[-6.86458,37.14144],[-6.8669,37.14375],[-6.86875,37.14514],[-6.87178,37.14792],[-6.87292,37.14905],[-6.87708,37.15],[-6.88125,37.15],[-6.88281,37.15208],[-6.88542,37.15417],[-6.8875,37.15625],[-6.88958,37.15814],[-6.89375,37.15856],[-6.89542,37.16042],[-6.89792,37.1625],[-6.89984,37.16458],[-6.90208,37.16653],[-6.90625,37.16745],[-6.90748,37.16875],[-6.91042,37.17138],[-6.91224,37.17292],[-6.91458,37.17512],[-6.91875,37.17633],[-6.91958,37.17708],[-6.92292,37.17931],[-6.92516,37.18125],[-6.92708,37.18292],[-6.92906,37.18542],[-6.93125,37.18787],[-6.93279,37.18958],[-6.93321,37.19375],[-6.93542,37.19583],[-6.93792,37.19792],[-6.93798,37.20208],[-6.93542,37.20417],[-6.93264,37.20208],[-6.93125,37.20069],[-6.9294,37.20208],[-6.93125,37.20417],[-6.93264,37.20625],[-6.93125,37.20863],[-6.93,37.21042],[-6.92875,37.21458],[-6.92708,37.21625],[-6.925,37.21875],[-6.92292,37.22125],[-6.91875,37.22292],[-6.91458,37.22708],[-6.91042,37.23042],[-6.90958,37.23125],[-6.90792,37.23542],[-6.90625,37.2375],[-6.90458,37.23958],[-6.90208,37.24167],[-6.9,37.24375],[-6.89792,37.24625],[-6.89375,37.24688],[-6.89236,37.24792],[-6.89097,37.25208],[-6.89375,37.25327],[-6.89792,37.25284],[-6.89884,37.25208],[-6.90208,37.24884],[-6.90327,37.24792],[-6.90625,37.24531],[-6.90764,37.24375],[-6.91042,37.24063],[-6.91161,37.23958],[-6.91458,37.23698],[-6.91875,37.23667],[-6.92014,37.23542],[-6.92031,37.23125],[-6.92292,37.22917],[-6.925,37.22708],[-6.92708,37.22477],[-6.92875,37.22292],[-6.93125,37.22014],[-6.93264,37.21875],[-6.93542,37.21597],[-6.93698,37.21458],[-6.93958,37.21269],[-6.94375,37.2125],[-6.94583,37.21458],[-6.94602,37.21875],[-6.94792,37.22083],[-6.94981,37.22292],[-6.95208,37.22542],[-6.95394,37.22708],[-6.95417,37.23125],[-6.95436,37.23542],[-6.95625,37.23802],[-6.95804,37.23958],[-6.95781,37.24375],[-6.95856,37.24792],[-6.96042,37.2503],[-6.9622,37.25208],[-6.9625,37.25625],[-6.96319,37.26042],[-6.96339,37.26458],[-6.96375,37.26875],[-6.96292,37.27292],[-6.9625,37.27708],[-6.96458,37.27875],[-6.96875,37.27917],[-6.97042,37.27708],[-6.97042,37.27292],[-6.97042,37.26875],[-6.97125,37.26458],[-6.97042,37.26042],[-6.96875,37.25833],[-6.96708,37.25625],[-6.96792,37.25208],[-6.96458,37.24875],[-6.96375,37.24792],[-6.96389,37.24375],[-6.96319,37.23958],[-6.96181,37.23542],[-6.9625,37.23125],[-6.9625,37.22708],[-6.96292,37.22292],[-6.96042,37.22083],[-6.95885,37.21875],[-6.96042,37.21625],[-6.96458,37.21708],[-6.96625,37.21875],[-6.96875,37.22125],[-6.97153,37.22292],[-6.97292,37.225],[-6.97396,37.22292],[-6.97292,37.22153],[-6.97125,37.21875],[-6.96875,37.21625],[-6.96708,37.21458],[-6.96458,37.2125],[-6.96042,37.21292],[-6.95625,37.21208],[-6.95506,37.21042],[-6.95208,37.20781],[-6.95112,37.20625],[-6.94792,37.20304],[-6.94696,37.20208],[-6.94375,37.19911],[-6.94208,37.19792],[-6.94264,37.19375],[-6.93958,37.19105],[-6.93819,37.18958],[-6.93802,37.18542],[-6.93958,37.18349],[-6.94375,37.18352],[-6.94792,37.18356],[-6.95208,37.18403],[-6.95625,37.18375],[-6.9581,37.18542],[-6.96042,37.18839],[-6.96146,37.18958],[-6.96458,37.19186],[-6.96719,37.19375],[-6.96637,37.19792],[-6.96875,37.2003],[-6.97031,37.20208],[-6.97292,37.2044],[-6.975,37.20625],[-6.975,37.21042],[-6.97708,37.2125],[-6.97917,37.21458],[-6.98125,37.21708],[-6.98375,37.21458],[-6.98125,37.2125],[-6.97917,37.21042],[-6.98125,37.20792],[-6.98218,37.20625],[-6.98125,37.20556],[-6.97708,37.20506],[-6.97431,37.20208],[-6.97292,37.2006],[-6.97003,37.19792],[-6.96971,37.19375],[-6.96875,37.19271],[-6.96625,37.18958],[-6.96458,37.18792],[-6.9619,37.18542],[-6.96042,37.18403],[-6.95781,37.18125],[-6.95625,37.17958],[-6.95284,37.17708],[-6.95208,37.17604],[-6.94958,37.17292],[-6.95208,37.16979],[-6.95625,37.16927],[-6.95949,37.17292],[-6.96042,37.17367],[-6.96458,37.17367],[-6.96875,37.17375],[-6.97245,37.17708],[-6.97292,37.17743],[-6.97708,37.17784],[-6.98125,37.18125],[-6.98542,37.18125],[-6.98958,37.18177],[-6.99375,37.18542],[-6.99792,37.18601],[-7.00208,37.18958],[-7.00625,37.19054],[-7.01004,37.19375],[-7.01042,37.1941],[-7.01458,37.19417],[-7.01833,37.19792],[-7.01875,37.19819],[-7.02292,37.19851],[-7.02708,37.19911],[-7.03125,37.20069],[-7.03542,37.2],[-7.03958,37.20069],[-7.04375,37.20104],[-7.04792,37.2],[-7.05208,37.20208],[-7.05625,37.20208],[-7.06042,37.20292],[-7.06458,37.20292],[-7.06875,37.20347],[-7.07292,37.20313],[-7.07708,37.20417],[-7.08125,37.20417],[-7.08542,37.20486],[-7.08958,37.20625],[-7.09375,37.20375],[-7.09792,37.20365],[-7.10208,37.20301],[-7.10625,37.20313],[-7.11042,37.20313],[-7.11458,37.20347],[-7.11875,37.20347],[-7.12292,37.20365],[-7.12708,37.20333],[-7.13125,37.20301],[-7.13542,37.20327],[-7.13958,37.20313],[-7.14375,37.20347],[-7.14792,37.20333],[-7.15208,37.20398],[-7.15625,37.2044],[-7.16042,37.20394],[-7.16458,37.20417],[-7.16875,37.20417],[-7.17292,37.20375],[-7.17708,37.20458],[-7.18125,37.20417],[-7.18542,37.20387],[-7.18958,37.20458],[-7.19375,37.20387],[-7.19792,37.20365],[-7.20208,37.20365],[-7.20521,37.20208],[-7.20625,37.20139],[-7.21042,37.20089],[-7.21458,37.2],[-7.21875,37.19958],[-7.22292,37.19958],[-7.22708,37.19981],[-7.23125,37.19977],[-7.23542,37.19958],[-7.23958,37.19943],[-7.24375,37.19943],[-7.24792,37.19943],[-7.25208,37.1992],[-7.25625,37.19965],[-7.26042,37.19981],[-7.26458,37.19981],[-7.26875,37.19917],[-7.27292,37.19917],[-7.27708,37.19931],[-7.28125,37.19861],[-7.28542,37.19792],[-7.28958,37.19708],[-7.29375,37.19688],[-7.29792,37.19458],[-7.30208,37.19375],[-7.30625,37.19271],[-7.31042,37.19034],[-7.31458,37.19097],[-7.31875,37.19042],[-7.32292,37.18958],[-7.32708,37.18958],[-7.33125,37.18958],[-7.33542,37.18542],[-7.33958,37.18208],[-7.34375,37.18125],[-7.34375,37.17708],[-7.34653,37.17292],[-7.34792,37.17083],[-7.35,37.17292],[-7.35,37.17708],[-7.35208,37.17792],[-7.35292,37.17708],[-7.35625,37.17375],[-7.36042,37.17361],[-7.36101,37.17292],[-7.36458,37.16935],[-7.36875,37.16875],[-7.37292,37.16875],[-7.37708,37.16875],[-7.37917,37.16458],[-7.38125,37.1625],[-7.38333,37.16458],[-7.38542,37.16875],[-7.38958,37.16875],[-7.39375,37.16875],[-7.39792,37.16736],[-7.40208,37.16736],[-7.40625,37.16625],[-7.40875,37.16875],[-7.41042,37.17014],[-7.41458,37.16979],[-7.41815,37.17292],[-7.41875,37.17338],[-7.42292,37.17338],[-7.42708,37.17292],[-7.43125,37.17351],[-7.43542,37.17458],[-7.43958,37.175],[-7.44375,37.175],[-7.44792,37.175],[-7.45208,37.175],[-7.45625,37.17465],[-7.46042,37.17431],[-7.46458,37.17396],[-7.46875,37.17351],[-7.47083,37.17292],[-7.47292,37.17222],[-7.47708,37.17208],[-7.48125,37.17014],[-7.48542,37.17083],[-7.48958,37.16958],[-7.49375,37.16875],[-7.49792,37.16771],[-7.50208,37.16577],[-7.50625,37.16528],[-7.50833,37.16458],[-7.51042,37.16375],[-7.51458,37.16292],[-7.51875,37.16161],[-7.52292,37.16042],[-7.52708,37.15744],[-7.52875,37.15625],[-7.53125,37.15417],[-7.53437,37.15208],[-7.53542,37.15139],[-7.53958,37.14958],[-7.54315,37.15208],[-7.54375,37.15236],[-7.54514,37.15208],[-7.54792,37.14792],[-7.55208,37.14673],[-7.55625,37.14542],[-7.56042,37.14514],[-7.5625,37.14375],[-7.56458,37.14292],[-7.56875,37.14097],[-7.57292,37.13958],[-7.57708,37.13708],[-7.57917,37.13542],[-7.58125,37.13403],[-7.58542,37.13542],[-7.58958,37.13333],[-7.59097,37.13125],[-7.59375,37.12958],[-7.59687,37.12708],[-7.59792,37.12625],[-7.60208,37.125],[-7.60625,37.125],[-7.60833,37.12292],[-7.61042,37.12083],[-7.61146,37.11875],[-7.61458,37.11625],[-7.61577,37.11458],[-7.61875,37.11227],[-7.6206,37.11042],[-7.62292,37.10852],[-7.62708,37.10903],[-7.63021,37.11042],[-7.63125,37.1125],[-7.63542,37.1125],[-7.63681,37.11042],[-7.63542,37.10938],[-7.63125,37.10938],[-7.62986,37.10625],[-7.63125,37.10486],[-7.63375,37.10208],[-7.63542,37.09875],[-7.63958,37.0997],[-7.64292,37.10208],[-7.64375,37.10313],[-7.64792,37.10208],[-7.64375,37.10139],[-7.64115,37.09792],[-7.64375,37.0956],[-7.64792,37.09554],[-7.64948,37.09375],[-7.65208,37.09115],[-7.65365,37.08958],[-7.65625,37.08611],[-7.66042,37.08681],[-7.66161,37.08542],[-7.66458,37.08194],[-7.66875,37.08244],[-7.66994,37.08125],[-7.67292,37.07827],[-7.67396,37.07708],[-7.67708,37.07458],[-7.68125,37.07411],[-7.68542,37.07361],[-7.68611,37.07292],[-7.68958,37.07031],[-7.69375,37.07014],[-7.69494,37.06875],[-7.69792,37.06615],[-7.70208,37.06542],[-7.70268,37.06458],[-7.70521,37.06042],[-7.70625,37.05972],[-7.71042,37.05833],[-7.71458,37.05938],[-7.71708,37.05625],[-7.71875,37.05486],[-7.72208,37.05208],[-7.72292,37.05104],[-7.72708,37.04896],[-7.73125,37.04896],[-7.73333,37.04792],[-7.73542,37.04653],[-7.73958,37.04375],[-7.74375,37.04236],[-7.74792,37.03958],[-7.75208,37.0375],[-7.75625,37.03542],[-7.76042,37.03194],[-7.76458,37.03229],[-7.76562,37.03125],[-7.76875,37.02917],[-7.77031,37.02708],[-7.77292,37.02411],[-7.77708,37.02411],[-7.77827,37.02292],[-7.78125,37.01875],[-7.78542,37.01979],[-7.78594,37.01875],[-7.78681,37.01458],[-7.78542,37.0125],[-7.78333,37.01042],[-7.78333,37.00625],[-7.78542,37.00417],[-7.78958,37.00625],[-7.79375,37.00938],[-7.79444,37.01042],[-7.79375,37.01458],[-7.79792,37.01563],[-7.80208,37.01615],[-7.80556,37.01875],[-7.80625,37.02014],[-7.80833,37.01875],[-7.80833,37.01458],[-7.80903,37.01042],[-7.81042,37.00833],[-7.81458,37.00833],[-7.81875,37.00833],[-7.82292,37.00938],[-7.82708,37.00903],[-7.83125,37.00833],[-7.83333,37.00625],[-7.83542,37.00556],[-7.83958,37.00458],[-7.84271,37.00208],[-7.84375,37.00125],[-7.84792,37.00042],[-7.85208,37.00042],[-7.85417,36.99792],[-7.85521,36.99375],[-7.85625,36.99271],[-7.85937,36.98958],[-7.86042,36.98854],[-7.86354,36.98542],[-7.86458,36.98333],[-7.86667,36.98542],[-7.86875,36.98681],[-7.86951,36.98958],[-7.87292,36.99299],[-7.87396,36.99375],[-7.8747,36.99792],[-7.87708,37.00069],[-7.87986,36.99792],[-7.88021,36.99375],[-7.87708,36.99063],[-7.87633,36.98958],[-7.87292,36.98583],[-7.87083,36.98542],[-7.87262,36.98125],[-7.87292,36.97986],[-7.87708,36.97917],[-7.88125,36.97958],[-7.88208,36.98125],[-7.88542,36.98458],[-7.88958,36.98403],[-7.89097,36.98542],[-7.89375,36.98875],[-7.89583,36.98958],[-7.89792,36.99375],[-7.90208,36.99167],[-7.90625,36.99063],[-7.90875,36.99375],[-7.90764,36.99792],[-7.91042,36.99958],[-7.91181,36.99792],[-7.91208,36.99375],[-7.91042,36.99167],[-7.90764,36.98958],[-7.90625,36.98819],[-7.90506,36.98542],[-7.90208,36.98244],[-7.89861,36.98542],[-7.89792,36.9875],[-7.89708,36.98542],[-7.89625,36.98125],[-7.89375,36.97875],[-7.89167,36.97708],[-7.88958,36.975],[-7.88681,36.97292],[-7.88542,36.97153],[-7.88125,36.97153],[-7.88056,36.97292],[-7.87708,36.97639],[-7.87477,36.97292],[-7.87292,36.97106],[-7.87118,36.96875],[-7.87292,36.96776],[-7.875,36.96458],[-7.87708,36.96141],[-7.88125,36.96063],[-7.88542,36.96081],[-7.88958,36.96068],[-7.89375,36.96042],[-7.89792,36.96146],[-7.90208,36.96117],[-7.90583,36.96458],[-7.90625,36.96597],[-7.91042,36.96625],[-7.91458,36.9651],[-7.91875,36.96563],[-7.92292,36.96875],[-7.92708,36.96696],[-7.93021,36.96875],[-7.93125,36.97292],[-7.93542,36.97431],[-7.93958,36.97431],[-7.94375,36.9747],[-7.94653,36.97708],[-7.94792,36.97917],[-7.95208,36.9774],[-7.95625,36.98056],[-7.95833,36.98125],[-7.96042,36.98163],[-7.96389,36.98542],[-7.96458,36.98819],[-7.96875,36.98792],[-7.97042,36.98958],[-7.97292,36.99097],[-7.97569,36.99375],[-7.97708,36.99625],[-7.97986,36.99792],[-7.98125,36.99931],[-7.98542,36.99931],[-7.98854,37.00208],[-7.98958,37.00327],[-7.99148,37.00625],[-7.99375,37.00938],[-7.99792,37.00677],[-8.00181,37.01042],[-8.00208,37.0125],[-8.00625,37.0119],[-8.00966,37.01458],[-8.01042,37.01563],[-8.01458,37.0161],[-8.0175,37.01875],[-8.01875,37.02014],[-8.02292,37.02222],[-8.02396,37.02292],[-8.02708,37.02448],[-8.03125,37.02639],[-8.03229,37.02708],[-8.03542,37.02917],[-8.03792,37.03125],[-8.03958,37.03218],[-8.04375,37.03333],[-8.04613,37.03542],[-8.04792,37.03667],[-8.05156,37.03958],[-8.05208,37.03996],[-8.05625,37.04107],[-8.06,37.04375],[-8.06042,37.04395],[-8.06458,37.04606],[-8.06792,37.04792],[-8.06875,37.04816],[-8.07292,37.05],[-8.07552,37.05208],[-8.07708,37.05458],[-8.08125,37.05521],[-8.08264,37.05625],[-8.08542,37.05753],[-8.08958,37.05856],[-8.09167,37.06042],[-8.09375,37.0617],[-8.09792,37.06339],[-8.09958,37.06458],[-8.10208,37.06528],[-8.10625,37.06644],[-8.11042,37.06875],[-8.11458,37.06968],[-8.11875,37.07125],[-8.12153,37.07292],[-8.12292,37.075],[-8.12708,37.07458],[-8.13125,37.07431],[-8.13542,37.07569],[-8.13958,37.07708],[-8.14375,37.07768],[-8.14792,37.07796],[-8.15208,37.08125],[-8.15625,37.08148],[-8.16042,37.08182],[-8.16458,37.08179],[-8.16875,37.08285],[-8.17208,37.08542],[-8.17292,37.08567],[-8.17708,37.08611],[-8.18125,37.08634],[-8.18542,37.0864],[-8.18958,37.0862],[-8.19375,37.08601],[-8.19792,37.08591],[-8.20208,37.08594],[-8.20625,37.08596],[-8.21042,37.08564],[-8.21094,37.08542],[-8.21458,37.0825],[-8.21875,37.0816],[-8.22292,37.08153],[-8.22708,37.08177],[-8.22986,37.08125],[-8.23125,37.08083],[-8.23264,37.08125],[-8.23542,37.08161],[-8.23958,37.08187],[-8.24375,37.0822],[-8.24792,37.08229],[-8.25208,37.08212],[-8.2544,37.08125],[-8.25625,37.07997],[-8.26042,37.07855],[-8.26458,37.0776],[-8.26548,37.07708],[-8.26875,37.07467],[-8.27292,37.07391],[-8.27523,37.07292],[-8.27708,37.07163],[-8.28125,37.07083],[-8.28542,37.07072],[-8.28958,37.07034],[-8.29375,37.07045],[-8.29792,37.07083],[-8.30208,37.07153],[-8.30417,37.07292],[-8.30625,37.07401],[-8.31042,37.0747],[-8.31375,37.07708],[-8.31458,37.07764],[-8.31845,37.08125],[-8.31875,37.0815],[-8.32292,37.08363],[-8.32542,37.08542],[-8.32708,37.08681],[-8.33125,37.08773],[-8.33403,37.08958],[-8.33542,37.09051],[-8.33958,37.09087],[-8.34333,37.09375],[-8.34375,37.09413],[-8.34792,37.09542],[-8.35208,37.09732],[-8.35347,37.09792],[-8.35625,37.09884],[-8.36042,37.0989],[-8.36458,37.09884],[-8.36875,37.09875],[-8.37292,37.09851],[-8.37417,37.09792],[-8.37708,37.09583],[-8.38125,37.09557],[-8.38542,37.09451],[-8.38958,37.0939],[-8.38977,37.09375],[-8.39375,37.0901],[-8.39687,37.08958],[-8.39792,37.08917],[-8.40208,37.08792],[-8.40625,37.08724],[-8.41042,37.08681],[-8.41458,37.08608],[-8.4161,37.08542],[-8.41875,37.0838],[-8.42292,37.08343],[-8.42708,37.08323],[-8.43125,37.08323],[-8.43542,37.08323],[-8.43958,37.08333],[-8.44375,37.08343],[-8.44594,37.08542],[-8.44792,37.08625],[-8.45208,37.08681],[-8.45556,37.08958],[-8.45625,37.08998],[-8.46042,37.0903],[-8.46458,37.09063],[-8.46875,37.09102],[-8.47212,37.09375],[-8.47292,37.09435],[-8.47708,37.09466],[-8.48125,37.09625],[-8.48403,37.09792],[-8.48542,37.09823],[-8.48958,37.09844],[-8.49375,37.09855],[-8.49792,37.09885],[-8.50208,37.09882],[-8.50625,37.10037],[-8.5089,37.10208],[-8.51042,37.10255],[-8.51458,37.10317],[-8.51766,37.10625],[-8.51875,37.10817],[-8.52099,37.11042],[-8.52083,37.11458],[-8.52226,37.11875],[-8.52237,37.12292],[-8.52292,37.125],[-8.52431,37.12708],[-8.52431,37.13125],[-8.52458,37.13542],[-8.52708,37.13854],[-8.52875,37.13958],[-8.53125,37.14137],[-8.53203,37.13958],[-8.53264,37.13542],[-8.53214,37.13125],[-8.53125,37.12917],[-8.52986,37.12708],[-8.52917,37.12292],[-8.53125,37.12083],[-8.53191,37.11875],[-8.53542,37.11542],[-8.53958,37.11505],[-8.54375,37.11524],[-8.54792,37.11505],[-8.55208,37.1159],[-8.55625,37.11723],[-8.56042,37.1175],[-8.56458,37.11546],[-8.56875,37.11484],[-8.57292,37.11494],[-8.57708,37.11513],[-8.58125,37.11806],[-8.58264,37.11875],[-8.58542,37.11931],[-8.58958,37.11949],[-8.59375,37.12042],[-8.59792,37.12083],[-8.60208,37.12102],[-8.60625,37.12102],[-8.61042,37.12113],[-8.61458,37.12188],[-8.61597,37.12292],[-8.61458,37.125],[-8.61042,37.12604],[-8.60903,37.12708],[-8.61042,37.12746],[-8.6142,37.13125],[-8.61458,37.13542],[-8.61667,37.13958],[-8.61875,37.14375],[-8.62292,37.14583],[-8.625,37.14375],[-8.62431,37.13958],[-8.625,37.13542],[-8.62625,37.13125],[-8.62375,37.12708],[-8.62292,37.12569],[-8.62083,37.12292],[-8.62292,37.12083],[-8.62569,37.11875],[-8.62708,37.11815],[-8.63125,37.11736],[-8.63542,37.11632],[-8.63958,37.11875],[-8.64375,37.11736],[-8.64514,37.11458],[-8.64792,37.11319],[-8.65208,37.11161],[-8.65375,37.11042],[-8.65625,37.10903],[-8.66042,37.10708],[-8.66181,37.10625],[-8.66458,37.10417],[-8.66597,37.10208],[-8.66528,37.09792],[-8.66473,37.09375],[-8.66482,37.08958],[-8.66531,37.08542],[-8.66533,37.08125],[-8.66875,37.07826],[-8.6723,37.08125],[-8.67292,37.08162],[-8.67708,37.08162],[-8.68125,37.08161],[-8.68542,37.08224],[-8.68958,37.08248],[-8.69375,37.08176],[-8.69792,37.08152],[-8.70208,37.08147],[-8.70625,37.08152],[-8.71042,37.08137],[-8.71458,37.08153],[-8.71875,37.08185],[-8.72292,37.08295],[-8.72708,37.08363],[-8.73125,37.08239],[-8.73317,37.08125],[-8.73542,37.07979],[-8.73958,37.0783],[-8.74167,37.07708],[-8.74375,37.07555],[-8.74792,37.07409],[-8.75042,37.07292],[-8.75208,37.0716],[-8.75625,37.07075],[-8.76042,37.07009],[-8.76458,37.06982],[-8.76875,37.06963],[-8.77292,37.06947],[-8.77407,37.06875],[-8.77708,37.06639],[-8.78125,37.0654],[-8.78495,37.06458],[-8.78542,37.0642],[-8.78958,37.06117],[-8.79375,37.06163],[-8.79792,37.06231],[-8.80208,37.06354],[-8.80542,37.06458],[-8.80625,37.06468],[-8.80671,37.06458],[-8.81042,37.06273],[-8.81458,37.06198],[-8.81875,37.06146],[-8.82292,37.06269],[-8.82708,37.06138],[-8.82986,37.06042],[-8.83125,37.05958],[-8.83542,37.05885],[-8.83958,37.05807],[-8.84375,37.05644],[-8.84494,37.05625],[-8.84792,37.05476],[-8.85208,37.0522],[-8.85243,37.05208],[-8.85625,37.04826],[-8.85634,37.04792],[-8.86042,37.04375],[-8.86458,37.0441],[-8.86875,37.04407],[-8.87292,37.0441],[-8.87708,37.04395],[-8.87746,37.04375],[-8.88125,37.04201],[-8.88542,37.04071],[-8.88958,37.03989],[-8.89167,37.03958],[-8.89375,37.03833],[-8.89456,37.03542],[-8.89792,37.03261],[-8.89937,37.03125],[-8.90208,37.02724],[-8.90222,37.02708],[-8.90625,37.02318],[-8.90764,37.02292],[-8.91042,37.02216],[-8.91458,37.02064],[-8.91875,37.01979],[-8.92292,37.02063],[-8.92708,37.01939],[-8.92792,37.01875],[-8.92898,37.01458],[-8.93125,37.0125],[-8.93208,37.01042],[-8.93229,37.00625],[-8.93125,37.00433],[-8.93017,37.00208],[-8.93125,37.00087],[-8.93333,37.00208],[-8.93542,37.00325],[-8.93958,37.00288],[-8.94375,37.00278],[-8.94792,37.00238],[-8.95038,37.00625],[-8.95064,37.01042],[-8.95208,37.0131],[-8.95398,37.01458],[-8.95625,37.01605],[-8.9588,37.01875],[-8.96042,37.02002],[-8.96359,37.02292],[-8.96458,37.02353],[-8.96875,37.02398],[-8.97292,37.02394],[-8.97708,37.02409],[-8.9809,37.02708],[-8.98125,37.02729],[-8.98151,37.02708],[-8.98249,37.02292],[-8.98542,37.02022],[-8.98958,37.02035],[-8.99375,37.02063],[-8.99563,37.02292],[-8.99375,37.02509],[-8.99238,37.02708],[-8.98958,37.03034],[-8.98876,37.03125],[-8.98542,37.03483],[-8.9848,37.03542],[-8.98125,37.03949],[-8.98116,37.03958],[-8.98094,37.04375],[-8.98125,37.04489],[-8.98284,37.04792],[-8.98125,37.05014],[-8.98072,37.05208],[-8.98054,37.05625],[-8.97708,37.05977],[-8.97292,37.06021],[-8.97271,37.06042],[-8.96875,37.06453],[-8.96869,37.06458],[-8.96458,37.06856],[-8.96438,37.06875],[-8.96403,37.07292],[-8.96365,37.07708],[-8.96042,37.08104],[-8.96035,37.08125],[-8.96015,37.08542],[-8.95833,37.08958],[-8.95895,37.09375],[-8.95625,37.0965],[-8.95263,37.09375],[-8.95208,37.0936],[-8.95189,37.09375],[-8.94792,37.09784],[-8.9477,37.09792],[-8.94705,37.10208],[-8.94375,37.10551],[-8.93958,37.10614],[-8.93943,37.10625],[-8.93864,37.11042],[-8.93542,37.11396],[-8.93522,37.11458],[-8.93125,37.11862],[-8.93107,37.11875],[-8.93082,37.12292],[-8.92708,37.12674],[-8.9268,37.12708],[-8.92667,37.13125],[-8.92292,37.13507],[-8.92267,37.13542],[-8.91875,37.13943],[-8.9186,37.13958],[-8.91831,37.14375],[-8.91458,37.14776],[-8.91447,37.14792],[-8.914,37.15208],[-8.91042,37.15588],[-8.9101,37.15625],[-8.90625,37.1602],[-8.90601,37.16042],[-8.90387,37.16458],[-8.90327,37.16875],[-8.90625,37.16955],[-8.90907,37.17292],[-8.90953,37.17708],[-8.91024,37.18125],[-8.91042,37.18194],[-8.91157,37.18542],[-8.91333,37.18958],[-8.91458,37.19062],[-8.9172,37.19375],[-8.91458,37.19631],[-8.9129,37.19792],[-8.91042,37.20023],[-8.90641,37.19792],[-8.90625,37.19781],[-8.9059,37.19792],[-8.90208,37.20119],[-8.9003,37.20208],[-8.89792,37.20486],[-8.89761,37.20625],[-8.89375,37.20984],[-8.89324,37.21042],[-8.88958,37.21431],[-8.88939,37.21458],[-8.88542,37.21865],[-8.88536,37.21875],[-8.88519,37.22292],[-8.88125,37.22693],[-8.88115,37.22708],[-8.88091,37.23125],[-8.87708,37.23528],[-8.87698,37.23542],[-8.87292,37.23953],[-8.87287,37.23958],[-8.8728,37.24375],[-8.86875,37.24786],[-8.86862,37.24792],[-8.86809,37.25208],[-8.86814,37.25625],[-8.86458,37.26015],[-8.86437,37.26042],[-8.86292,37.26458],[-8.86393,37.26875],[-8.86111,37.27292],[-8.86458,37.27359],[-8.86759,37.27708],[-8.86677,37.28125],[-8.86569,37.28542],[-8.86458,37.28875],[-8.86446,37.28958],[-8.86458,37.28971],[-8.8683,37.29375],[-8.86875,37.29414],[-8.87292,37.29463],[-8.87604,37.29792],[-8.87596,37.30208],[-8.87615,37.30625],[-8.87292,37.31002],[-8.87264,37.31042],[-8.87292,37.31079],[-8.87671,37.31458],[-8.87668,37.31875],[-8.87292,37.32244],[-8.86875,37.32285],[-8.86867,37.32292],[-8.86815,37.32708],[-8.86458,37.33046],[-8.86395,37.33125],[-8.86042,37.33503],[-8.85991,37.33542],[-8.85625,37.33919],[-8.85551,37.33958],[-8.85208,37.34347],[-8.85199,37.34375],[-8.85108,37.34792],[-8.84792,37.35122],[-8.84494,37.35208],[-8.84375,37.35486],[-8.84364,37.35625],[-8.83958,37.36031],[-8.8395,37.36042],[-8.83916,37.36458],[-8.83542,37.36842],[-8.83513,37.36875],[-8.83456,37.37292],[-8.83125,37.37633],[-8.8308,37.37708],[-8.82708,37.38101],[-8.82679,37.38125],[-8.82292,37.38532],[-8.82285,37.38542],[-8.82258,37.38958],[-8.81875,37.39366],[-8.81866,37.39375],[-8.81831,37.39792],[-8.81505,37.40208],[-8.81458,37.40313],[-8.81432,37.40625],[-8.81042,37.41032],[-8.81034,37.41042],[-8.80994,37.41458],[-8.80958,37.41875],[-8.80956,37.42292],[-8.80923,37.42708],[-8.80625,37.4308],[-8.80597,37.43125],[-8.80562,37.43542],[-8.80208,37.43925],[-8.80167,37.43958],[-8.80128,37.44375],[-8.80132,37.44792],[-8.80132,37.45208],[-8.79792,37.45612],[-8.79785,37.45625],[-8.79792,37.45642],[-8.80114,37.46042],[-8.79792,37.46412],[-8.79765,37.46458],[-8.79792,37.46505],[-8.80062,37.46875],[-8.80099,37.47292],[-8.79792,37.47668],[-8.79769,37.47708],[-8.79542,37.48125],[-8.79667,37.48542],[-8.79687,37.48958],[-8.79646,37.49375],[-8.79633,37.49792],[-8.79375,37.5011],[-8.79313,37.50208],[-8.79322,37.50625],[-8.79349,37.51042],[-8.79278,37.51458],[-8.78958,37.51842],[-8.78937,37.51875],[-8.78889,37.52292],[-8.78923,37.52708],[-8.78542,37.53112],[-8.78532,37.53125],[-8.78542,37.53143],[-8.78858,37.53542],[-8.78891,37.53958],[-8.78958,37.54315],[-8.79005,37.54375],[-8.79284,37.54792],[-8.79345,37.55208],[-8.79361,37.55625],[-8.79375,37.55667],[-8.79562,37.56042],[-8.79738,37.56458],[-8.79792,37.5652],[-8.80079,37.56875],[-8.80208,37.57111],[-8.80382,37.57292],[-8.80613,37.57708],[-8.80625,37.57719],[-8.81042,37.57949],[-8.81225,37.58125],[-8.81345,37.58542],[-8.81418,37.58958],[-8.81458,37.5901],[-8.81765,37.59375],[-8.81758,37.59792],[-8.81677,37.60208],[-8.81658,37.60625],[-8.81458,37.60911],[-8.81389,37.61042],[-8.8125,37.61458],[-8.81146,37.61875],[-8.81042,37.62031],[-8.8101,37.62292],[-8.81016,37.62708],[-8.81008,37.63125],[-8.80991,37.63542],[-8.80946,37.63958],[-8.80625,37.64337],[-8.80607,37.64375],[-8.80573,37.64792],[-8.80208,37.65194],[-8.80194,37.65208],[-8.80156,37.65625],[-8.80149,37.66042],[-8.80114,37.66458],[-8.79792,37.66852],[-8.79778,37.66875],[-8.7976,37.67292],[-8.79754,37.67708],[-8.79722,37.68125],[-8.79375,37.68516],[-8.79358,37.68542],[-8.7934,37.68958],[-8.79346,37.69375],[-8.79375,37.69479],[-8.79602,37.69792],[-8.79635,37.70208],[-8.79375,37.70556],[-8.79319,37.70625],[-8.79062,37.71042],[-8.78958,37.7125],[-8.78935,37.71458],[-8.78958,37.71563],[-8.79167,37.71875],[-8.79292,37.72292],[-8.79375,37.725],[-8.79479,37.72708],[-8.79792,37.73021],[-8.79861,37.73125],[-8.80116,37.73542],[-8.80208,37.73601],[-8.80625,37.73673],[-8.80944,37.73958],[-8.81042,37.74056],[-8.81312,37.74375],[-8.81307,37.74792],[-8.81042,37.75128],[-8.80992,37.75208],[-8.80981,37.75625],[-8.80625,37.7603],[-8.80615,37.76042],[-8.8059,37.76458],[-8.80568,37.76875],[-8.80574,37.77292],[-8.80382,37.77708],[-8.80434,37.78125],[-8.80208,37.78512],[-8.80186,37.78542],[-8.80208,37.7875],[-8.8025,37.78958],[-8.80428,37.79375],[-8.80208,37.79754],[-8.80182,37.79792],[-8.80078,37.80208],[-8.79792,37.80561],[-8.79745,37.80625],[-8.79729,37.81042],[-8.79435,37.81458],[-8.79375,37.81667],[-8.79349,37.81875],[-8.79311,37.82292],[-8.79287,37.82708],[-8.79347,37.83125],[-8.79097,37.83542],[-8.79306,37.83958],[-8.79321,37.84375],[-8.79375,37.84583],[-8.79554,37.84792],[-8.79667,37.85208],[-8.79417,37.85625],[-8.7955,37.86042],[-8.79375,37.86345],[-8.79325,37.86458],[-8.79327,37.86875],[-8.79375,37.86958],[-8.79687,37.87292],[-8.79737,37.87708],[-8.79755,37.88125],[-8.7974,37.88542],[-8.79745,37.88958],[-8.79764,37.89375],[-8.79792,37.89583],[-8.79851,37.89792],[-8.79931,37.90208],[-8.80083,37.90625],[-8.80184,37.91042],[-8.80208,37.91088],[-8.80486,37.91458],[-8.80551,37.91875],[-8.80625,37.92054],[-8.80792,37.92292],[-8.81042,37.92649],[-8.81125,37.92708],[-8.81458,37.92875],[-8.81875,37.93056],[-8.82083,37.93125],[-8.82292,37.93163],[-8.82708,37.93277],[-8.83125,37.93333],[-8.83352,37.93542],[-8.83542,37.93664],[-8.83958,37.93646],[-8.84375,37.93574],[-8.84792,37.9375],[-8.85208,37.93681],[-8.85347,37.93958],[-8.85625,37.94196],[-8.8575,37.94375],[-8.85849,37.94792],[-8.86042,37.94867],[-8.8643,37.95208],[-8.86458,37.95228],[-8.86507,37.95208],[-8.86875,37.95],[-8.87292,37.95014],[-8.87708,37.95085],[-8.88125,37.95208],[-8.88542,37.95401],[-8.88724,37.95625],[-8.88693,37.96042],[-8.88542,37.96121],[-8.88234,37.96458],[-8.88125,37.96554],[-8.87708,37.96696],[-8.87292,37.96806],[-8.87216,37.96875],[-8.86875,37.97263],[-8.86831,37.97292],[-8.86458,37.97614],[-8.86343,37.97708],[-8.86131,37.98125],[-8.86042,37.98239],[-8.85856,37.98542],[-8.85625,37.98787],[-8.85498,37.98958],[-8.85455,37.99375],[-8.85208,37.99631],[-8.85074,37.99792],[-8.84985,38.00208],[-8.84792,38.00455],[-8.84658,38.00625],[-8.84375,38.01021],[-8.84355,38.01042],[-8.84186,38.01458],[-8.83958,38.01752],[-8.83872,38.01875],[-8.83795,38.02292],[-8.83542,38.026],[-8.83403,38.02708],[-8.83279,38.03125],[-8.83125,38.03333],[-8.83021,38.03542],[-8.82981,38.03958],[-8.82708,38.04266],[-8.82625,38.04375],[-8.82583,38.04792],[-8.82292,38.05142],[-8.8224,38.05208],[-8.82158,38.05625],[-8.81875,38.05985],[-8.81833,38.06042],[-8.81758,38.06458],[-8.81682,38.06875],[-8.81458,38.07204],[-8.8136,38.07292],[-8.81215,38.07708],[-8.81042,38.08006],[-8.8099,38.08125],[-8.80895,38.08542],[-8.80843,38.08958],[-8.80625,38.09311],[-8.80561,38.09375],[-8.80292,38.09792],[-8.80208,38.10069],[-8.79792,38.10156],[-8.79375,38.10208],[-8.79375,38.10625],[-8.79687,38.11042],[-8.79708,38.11458],[-8.79661,38.11875],[-8.79583,38.12292],[-8.79375,38.12595],[-8.79301,38.12708],[-8.79144,38.13125],[-8.79153,38.13542],[-8.79077,38.13958],[-8.78958,38.14167],[-8.7883,38.14375],[-8.78787,38.14792],[-8.7878,38.15208],[-8.78542,38.15542],[-8.78499,38.15625],[-8.78468,38.16042],[-8.78461,38.16458],[-8.78424,38.16875],[-8.78356,38.17292],[-8.78125,38.17659],[-8.78093,38.17708],[-8.78064,38.18125],[-8.78067,38.18542],[-8.78052,38.18958],[-8.78029,38.19375],[-8.78002,38.19792],[-8.77708,38.20192],[-8.777,38.20208],[-8.77686,38.20625],[-8.77679,38.21042],[-8.77668,38.21458],[-8.77656,38.21875],[-8.77646,38.22292],[-8.77632,38.22708],[-8.7762,38.23125],[-8.7763,38.23542],[-8.77639,38.23958],[-8.77637,38.24375],[-8.77639,38.24792],[-8.77646,38.25208],[-8.77653,38.25625],[-8.77657,38.26042],[-8.77652,38.26458],[-8.77659,38.26875],[-8.77667,38.27292],[-8.77692,38.27708],[-8.77708,38.27738],[-8.77955,38.28125],[-8.77929,38.28542],[-8.77992,38.28958],[-8.77978,38.29375],[-8.77898,38.29792],[-8.77958,38.30208],[-8.78049,38.30625],[-8.78079,38.31042],[-8.78125,38.31146],[-8.78229,38.31458],[-8.78333,38.31875],[-8.78314,38.32292],[-8.78352,38.32708],[-8.78403,38.33125],[-8.78472,38.33542],[-8.78542,38.33646],[-8.78698,38.33958],[-8.78883,38.34375],[-8.78958,38.34514],[-8.79097,38.34792],[-8.79208,38.35208],[-8.79333,38.35625],[-8.79375,38.35671],[-8.79597,38.36042],[-8.79702,38.36458],[-8.79792,38.36771],[-8.79833,38.36875],[-8.79977,38.37292],[-8.80208,38.37552],[-8.80304,38.37708],[-8.80465,38.38125],[-8.80579,38.38542],[-8.80625,38.38625],[-8.80792,38.38958],[-8.80995,38.39375],[-8.81042,38.39413],[-8.81362,38.39792],[-8.81458,38.39931],[-8.81637,38.40208],[-8.81736,38.40625],[-8.81875,38.40777],[-8.82099,38.41042],[-8.82254,38.41458],[-8.82292,38.41496],[-8.82612,38.41875],[-8.82708,38.41971],[-8.83029,38.42292],[-8.83125,38.42396],[-8.83413,38.42708],[-8.83542,38.4286],[-8.83866,38.43125],[-8.83958,38.43208],[-8.84329,38.43542],[-8.84375,38.43594],[-8.84699,38.43958],[-8.84792,38.44042],[-8.85208,38.44271],[-8.85312,38.44375],[-8.85625,38.44583],[-8.85875,38.44792],[-8.86042,38.44884],[-8.86366,38.45208],[-8.86458,38.45284],[-8.86799,38.45625],[-8.86875,38.45729],[-8.87292,38.45718],[-8.87616,38.46042],[-8.87708,38.46106],[-8.88061,38.46458],[-8.88125,38.46542],[-8.88458,38.46875],[-8.88542,38.46968],[-8.88958,38.46989],[-8.89329,38.47292],[-8.89375,38.47361],[-8.89635,38.47708],[-8.89583,38.48125],[-8.89375,38.48542],[-8.88958,38.48319],[-8.8875,38.48125],[-8.88655,38.47708],[-8.88542,38.47583],[-8.88292,38.47708],[-8.88218,38.48125],[-8.88542,38.4849],[-8.88588,38.48542],[-8.88542,38.48583],[-8.88519,38.48542],[-8.88125,38.48169],[-8.88073,38.48125],[-8.87708,38.4786],[-8.87569,38.47708],[-8.87292,38.47452],[-8.8706,38.47292],[-8.86875,38.47116],[-8.86667,38.46875],[-8.86458,38.4662],[-8.86167,38.46458],[-8.86042,38.46375],[-8.85708,38.46042],[-8.85625,38.45958],[-8.85292,38.45625],[-8.85208,38.45521],[-8.84833,38.45208],[-8.84792,38.45167],[-8.84375,38.45208],[-8.83958,38.45179],[-8.83542,38.4497],[-8.83125,38.44844],[-8.82917,38.44792],[-8.82708,38.44708],[-8.82292,38.44653],[-8.82014,38.44375],[-8.81875,38.44236],[-8.81667,38.43958],[-8.81736,38.43542],[-8.81667,38.43125],[-8.81458,38.42917],[-8.8125,38.43125],[-8.81181,38.43542],[-8.81042,38.43958],[-8.80625,38.44375],[-8.80208,38.44514],[-8.8,38.44375],[-8.79792,38.44167],[-8.79375,38.44167],[-8.79167,38.43958],[-8.78958,38.4375],[-8.7875,38.43542],[-8.78958,38.43403],[-8.79236,38.43125],[-8.78958,38.42847],[-8.78542,38.42847],[-8.78264,38.43125],[-8.78125,38.43333],[-8.77986,38.43125],[-8.77708,38.42708],[-8.77292,38.42292],[-8.76875,38.42708],[-8.76458,38.42708],[-8.76042,38.42292],[-8.75625,38.42083],[-8.75417,38.42292],[-8.75625,38.425],[-8.75764,38.42708],[-8.75792,38.43125],[-8.75625,38.43292],[-8.75208,38.43229],[-8.74792,38.43208],[-8.74687,38.43125],[-8.74583,38.42708],[-8.74375,38.42292],[-8.73958,38.42292],[-8.73542,38.425],[-8.73125,38.42292],[-8.72708,38.42188],[-8.72292,38.42153],[-8.71875,38.41875],[-8.71458,38.4175],[-8.71042,38.41518],[-8.70625,38.41875],[-8.70208,38.41458],[-8.69792,38.41458],[-8.69375,38.41875],[-8.68958,38.41458],[-8.68542,38.41458],[-8.68125,38.4125],[-8.67708,38.41042],[-8.67292,38.40903],[-8.66875,38.40833],[-8.66597,38.40625],[-8.66458,38.40486],[-8.66042,38.40347],[-8.65625,38.40347],[-8.65208,38.40417],[-8.64792,38.40625],[-8.65208,38.41042],[-8.65625,38.41042],[-8.66042,38.41042],[-8.66458,38.41042],[-8.66875,38.41458],[-8.67292,38.41458],[-8.67708,38.41875],[-8.68125,38.42292],[-8.68542,38.42153],[-8.6875,38.42292],[-8.68958,38.42396],[-8.69375,38.42569],[-8.69514,38.42708],[-8.69792,38.42917],[-8.70069,38.43125],[-8.70208,38.43208],[-8.70625,38.43458],[-8.71042,38.43542],[-8.71458,38.43542],[-8.71875,38.4375],[-8.72292,38.43958],[-8.72292,38.44375],[-8.72708,38.44653],[-8.72812,38.44792],[-8.72708,38.45],[-8.72604,38.45208],[-8.72708,38.45625],[-8.73125,38.45625],[-8.73403,38.45208],[-8.73437,38.44792],[-8.73542,38.44653],[-8.7375,38.44792],[-8.73958,38.45],[-8.74375,38.44792],[-8.74792,38.45],[-8.75,38.45208],[-8.74931,38.45625],[-8.74931,38.46042],[-8.74792,38.46181],[-8.74375,38.4625],[-8.73958,38.46042],[-8.73542,38.46042],[-8.73125,38.4625],[-8.72917,38.46458],[-8.72708,38.46667],[-8.725,38.46875],[-8.72708,38.47083],[-8.73125,38.47292],[-8.72708,38.47396],[-8.72458,38.47708],[-8.72708,38.48021],[-8.72792,38.48125],[-8.72792,38.48542],[-8.72917,38.48958],[-8.73093,38.49375],[-8.73083,38.49792],[-8.73006,38.50208],[-8.73095,38.50625],[-8.73125,38.50729],[-8.73375,38.51042],[-8.73125,38.51354],[-8.72917,38.51458],[-8.73125,38.51542],[-8.73458,38.51875],[-8.73542,38.51905],[-8.73958,38.51994],[-8.74256,38.52292],[-8.74311,38.52708],[-8.74375,38.52792],[-8.74678,38.53125],[-8.74479,38.53542],[-8.74375,38.5375],[-8.74236,38.53958],[-8.74375,38.54375],[-8.74792,38.54375],[-8.75208,38.54236],[-8.75417,38.53958],[-8.75625,38.53542],[-8.76042,38.53125],[-8.76458,38.53021],[-8.76875,38.52708],[-8.77292,38.52708],[-8.77708,38.52708],[-8.78125,38.52708],[-8.78542,38.52292],[-8.78403,38.51875],[-8.78125,38.51458],[-8.77708,38.51875],[-8.77292,38.51875],[-8.76875,38.51875],[-8.76458,38.51458],[-8.76319,38.51042],[-8.76042,38.50625],[-8.75958,38.50208],[-8.75625,38.49875],[-8.75486,38.49792],[-8.75417,38.49375],[-8.75417,38.48958],[-8.75625,38.48819],[-8.75903,38.48542],[-8.76042,38.48438],[-8.76354,38.48125],[-8.76458,38.47986],[-8.76736,38.47708],[-8.76875,38.475],[-8.77014,38.47708],[-8.77292,38.47986],[-8.77431,38.47708],[-8.77443,38.47292],[-8.77708,38.47097],[-8.78125,38.47143],[-8.78542,38.47222],[-8.78958,38.47187],[-8.79375,38.47145],[-8.79792,38.4726],[-8.8,38.47292],[-8.80104,38.47708],[-8.80208,38.47847],[-8.80312,38.47708],[-8.80625,38.47595],[-8.80804,38.47708],[-8.81042,38.48042],[-8.81181,38.48125],[-8.81458,38.48403],[-8.81505,38.48542],[-8.81875,38.48875],[-8.81979,38.48958],[-8.82292,38.49083],[-8.82708,38.49048],[-8.83125,38.49125],[-8.83375,38.49375],[-8.83542,38.49522],[-8.8376,38.49792],[-8.83958,38.49958],[-8.84271,38.50208],[-8.84375,38.50324],[-8.8466,38.50625],[-8.84792,38.50817],[-8.85208,38.50859],[-8.85625,38.50923],[-8.86042,38.51012],[-8.86071,38.51042],[-8.86458,38.51313],[-8.86875,38.513],[-8.87027,38.51458],[-8.87292,38.51641],[-8.87708,38.51736],[-8.87847,38.51875],[-8.88125,38.52029],[-8.88542,38.52102],[-8.88958,38.52116],[-8.89375,38.52116],[-8.89792,38.52057],[-8.9,38.51875],[-8.90208,38.51721],[-8.90625,38.51556],[-8.91042,38.51495],[-8.91085,38.51458],[-8.91458,38.51093],[-8.91875,38.51063],[-8.91913,38.51042],[-8.92292,38.50735],[-8.92451,38.50625],[-8.92708,38.50368],[-8.92829,38.50208],[-8.92825,38.49792],[-8.93125,38.49487],[-8.93215,38.49375],[-8.93233,38.48958],[-8.93542,38.48615],[-8.93627,38.48542],[-8.93958,38.48206],[-8.94375,38.48173],[-8.94792,38.4813],[-8.95208,38.48144],[-8.95625,38.48144],[-8.96042,38.48146],[-8.96458,38.48143],[-8.96503,38.48125],[-8.96875,38.47778],[-8.97292,38.4775],[-8.97708,38.4774],[-8.98125,38.47717],[-8.98134,38.47708],[-8.98125,38.47292],[-8.98542,38.46875],[-8.98958,38.46471],[-8.98963,38.46458],[-8.99375,38.4608],[-8.99453,38.46042],[-8.99792,38.45729],[-9.00208,38.45663],[-9.00271,38.45625],[-9.00625,38.45275],[-9.01042,38.45244],[-9.01458,38.45252],[-9.01554,38.45208],[-9.01875,38.44894],[-9.02292,38.44832],[-9.02708,38.44808],[-9.02738,38.44792],[-9.03125,38.4455],[-9.03542,38.44405],[-9.03958,38.44399],[-9.04089,38.44375],[-9.04375,38.44267],[-9.04792,38.44126],[-9.05208,38.43991],[-9.05625,38.43971],[-9.05807,38.43958],[-9.06042,38.43908],[-9.06458,38.43644],[-9.0664,38.43542],[-9.06875,38.43194],[-9.07292,38.43185],[-9.07708,38.43248],[-9.08125,38.43315],[-9.08398,38.43542],[-9.08542,38.43577],[-9.08958,38.43607],[-9.09346,38.43958],[-9.09375,38.4398],[-9.09792,38.44032],[-9.10208,38.44056],[-9.10625,38.44026],[-9.11042,38.44009],[-9.11103,38.43958],[-9.11153,38.43542],[-9.11458,38.43358],[-9.11875,38.43177],[-9.12292,38.4313],[-9.12318,38.43125],[-9.12708,38.42917],[-9.13125,38.42792],[-9.13542,38.42738],[-9.13958,38.42739],[-9.14375,38.42744],[-9.14792,38.4275],[-9.15208,38.42754],[-9.15625,38.42762],[-9.16042,38.42762],[-9.16458,38.4277],[-9.16577,38.42708],[-9.16875,38.42434],[-9.17292,38.42394],[-9.1747,38.42292],[-9.17708,38.42069],[-9.17962,38.41875],[-9.18125,38.41719],[-9.18542,38.4154],[-9.18627,38.41458],[-9.18886,38.41042],[-9.18958,38.4098],[-9.19375,38.40806],[-9.19792,38.40776],[-9.20208,38.40728],[-9.20625,38.40729],[-9.20975,38.41042],[-9.21042,38.41092],[-9.21458,38.41114],[-9.21875,38.41147],[-9.22229,38.41458],[-9.21875,38.4185],[-9.21859,38.41875],[-9.21458,38.42284],[-9.2145,38.42292],[-9.21458,38.42314],[-9.21784,38.42708],[-9.21458,38.43065],[-9.21408,38.43125],[-9.21042,38.43532],[-9.21035,38.43542],[-9.21003,38.43958],[-9.20685,38.44375],[-9.20625,38.44458],[-9.2059,38.44792],[-9.20208,38.45166],[-9.20143,38.45208],[-9.19792,38.45596],[-9.19774,38.45625],[-9.19736,38.46042],[-9.19375,38.46415],[-9.19345,38.46458],[-9.19125,38.46875],[-9.18958,38.47042],[-9.18913,38.47292],[-9.18542,38.47692],[-9.18528,38.47708],[-9.18487,38.48125],[-9.18441,38.48542],[-9.18375,38.48958],[-9.18397,38.49375],[-9.18403,38.49792],[-9.18437,38.50208],[-9.18413,38.50625],[-9.18383,38.51042],[-9.18333,38.51458],[-9.18214,38.51875],[-9.18189,38.52292],[-9.1845,38.52708],[-9.18484,38.53125],[-9.18501,38.53542],[-9.18513,38.53958],[-9.18535,38.54375],[-9.18542,38.54395],[-9.18904,38.54792],[-9.18936,38.55208],[-9.18951,38.55625],[-9.18958,38.55635],[-9.19345,38.56042],[-9.19375,38.56111],[-9.19687,38.56458],[-9.19583,38.56875],[-9.19778,38.57292],[-9.19792,38.57316],[-9.20162,38.57708],[-9.20208,38.57986],[-9.20278,38.58125],[-9.20556,38.58542],[-9.20625,38.58819],[-9.20685,38.58958],[-9.20804,38.59375],[-9.20982,38.59792],[-9.21042,38.6],[-9.21146,38.60208],[-9.21406,38.60625],[-9.21458,38.60833],[-9.21542,38.61042],[-9.21792,38.61458],[-9.21875,38.61518],[-9.22232,38.61875],[-9.22292,38.62083],[-9.22431,38.62292],[-9.22708,38.62569],[-9.22812,38.62708],[-9.23056,38.63125],[-9.23125,38.63194],[-9.23472,38.63542],[-9.23542,38.63601],[-9.23854,38.63958],[-9.23958,38.64063],[-9.24271,38.64375],[-9.24375,38.64479],[-9.24653,38.64792],[-9.24732,38.65208],[-9.24792,38.65278],[-9.25139,38.65625],[-9.25208,38.65694],[-9.25625,38.65804],[-9.25833,38.66042],[-9.25804,38.66458],[-9.25625,38.66615],[-9.25208,38.66719],[-9.24792,38.66815],[-9.24653,38.66875],[-9.24375,38.66968],[-9.2411,38.67292],[-9.23958,38.67338],[-9.23542,38.6735],[-9.23125,38.67408],[-9.22708,38.67556],[-9.22292,38.67575],[-9.21875,38.67533],[-9.21458,38.67579],[-9.21203,38.67708],[-9.21042,38.67858],[-9.20625,38.67894],[-9.20208,38.67954],[-9.19792,38.67957],[-9.19375,38.67979],[-9.18958,38.68015],[-9.18542,38.68004],[-9.18125,38.68011],[-9.17708,38.68022],[-9.17531,38.68125],[-9.17292,38.6836],[-9.16875,38.68436],[-9.16458,38.68436],[-9.16042,38.68435],[-9.15909,38.68542],[-9.15625,38.68833],[-9.15208,38.68798],[-9.14792,38.68651],[-9.14643,38.68542],[-9.14792,38.68361],[-9.14905,38.68125],[-9.15208,38.67769],[-9.15269,38.67708],[-9.15333,38.67292],[-9.15208,38.67173],[-9.14924,38.66875],[-9.14792,38.66771],[-9.14468,38.66875],[-9.14375,38.66968],[-9.14208,38.66875],[-9.14034,38.66458],[-9.13958,38.6642],[-9.13542,38.66181],[-9.13125,38.6625],[-9.12708,38.66042],[-9.12292,38.66458],[-9.11875,38.66667],[-9.11458,38.66458],[-9.11042,38.66875],[-9.10833,38.67292],[-9.10625,38.67431],[-9.10208,38.67431],[-9.09792,38.67292],[-9.09375,38.67292],[-9.09583,38.66875],[-9.09375,38.66667],[-9.08958,38.66597],[-9.08542,38.66542],[-9.08125,38.66518],[-9.07708,38.66736],[-9.07375,38.66875],[-9.07292,38.66979],[-9.06979,38.67292],[-9.06875,38.67431],[-9.06458,38.67292],[-9.0625,38.67708],[-9.06042,38.67813],[-9.05625,38.67708],[-9.05208,38.67986],[-9.04792,38.67986],[-9.04479,38.67708],[-9.04451,38.67292],[-9.04375,38.66875],[-9.04097,38.67292],[-9.04097,38.67708],[-9.04375,38.67917],[-9.04542,38.68125],[-9.04479,38.68542],[-9.04375,38.68681],[-9.03958,38.68681],[-9.0375,38.68542],[-9.03542,38.68333],[-9.03125,38.68542],[-9.03264,38.68958],[-9.03542,38.69236],[-9.03681,38.69375],[-9.0375,38.69792],[-9.03958,38.69931],[-9.04062,38.69792],[-9.04375,38.69583],[-9.04625,38.69375],[-9.04792,38.69208],[-9.05208,38.69042],[-9.05542,38.69375],[-9.05486,38.69792],[-9.05625,38.70208],[-9.05486,38.70625],[-9.05208,38.70903],[-9.05,38.71042],[-9.05162,38.71458],[-9.05019,38.71875],[-9.04792,38.72102],[-9.04375,38.72178],[-9.03958,38.72245],[-9.0375,38.72292],[-9.03681,38.72708],[-9.0375,38.73125],[-9.03542,38.73333],[-9.03125,38.73333],[-9.02917,38.73542],[-9.02917,38.73958],[-9.02847,38.74375],[-9.02708,38.74792],[-9.02292,38.75208],[-9.01875,38.75625],[-9.01667,38.76042],[-9.01458,38.76458],[-9.01458,38.76875],[-9.01042,38.77083],[-9.00625,38.77292],[-9.00625,38.77708],[-9.00208,38.78125],[-9.00625,38.78542],[-9.01042,38.78542],[-9.01458,38.78333],[-9.01667,38.78125],[-9.01458,38.77917],[-9.0125,38.77708],[-9.01458,38.775],[-9.01875,38.77569],[-9.02292,38.775],[-9.02708,38.775],[-9.03125,38.77292],[-9.03125,38.76875],[-9.03125,38.77292],[-9.03125,38.77708],[-9.03264,38.78125],[-9.03542,38.78542],[-9.03958,38.78125],[-9.03958,38.77708],[-9.03958,38.77292],[-9.04375,38.77292],[-9.04792,38.76875],[-9.05,38.76458],[-9.04792,38.76042],[-9.04792,38.75625],[-9.05208,38.75625],[-9.05625,38.75208],[-9.06042,38.75],[-9.06458,38.75069],[-9.06875,38.75],[-9.07292,38.74792],[-9.07708,38.74792],[-9.07708,38.75208],[-9.07708,38.75625],[-9.07917,38.76042],[-9.07708,38.76458],[-9.07292,38.76875],[-9.07292,38.77292],[-9.06875,38.77083],[-9.06667,38.77292],[-9.06458,38.77708],[-9.06875,38.78125],[-9.07292,38.78264],[-9.07708,38.78542],[-9.08125,38.78125],[-9.08542,38.78125],[-9.0875,38.77708],[-9.08958,38.775],[-9.09042,38.77292],[-9.09208,38.76875],[-9.09375,38.76667],[-9.09427,38.76458],[-9.09397,38.76042],[-9.09451,38.75625],[-9.09503,38.75208],[-9.09468,38.74792],[-9.0956,38.74375],[-9.09792,38.73958],[-9.09911,38.73542],[-9.10208,38.73244],[-9.10306,38.73125],[-9.10625,38.7284],[-9.10772,38.72708],[-9.11042,38.72422],[-9.11136,38.72292],[-9.11287,38.71875],[-9.11458,38.71703],[-9.11875,38.71579],[-9.11974,38.71458],[-9.12292,38.71156],[-9.12475,38.71042],[-9.12708,38.70833],[-9.13125,38.70747],[-9.13379,38.70625],[-9.13542,38.70475],[-9.13958,38.70431],[-9.14375,38.70409],[-9.14792,38.70438],[-9.15208,38.70406],[-9.15625,38.70317],[-9.16042,38.70303],[-9.16273,38.70208],[-9.16458,38.70101],[-9.16875,38.70076],[-9.17292,38.70096],[-9.17652,38.69792],[-9.17708,38.69744],[-9.18125,38.69715],[-9.18542,38.69684],[-9.18958,38.69648],[-9.19375,38.69606],[-9.19792,38.69599],[-9.20181,38.69375],[-9.20208,38.69354],[-9.20625,38.69253],[-9.21042,38.69258],[-9.21458,38.69256],[-9.21875,38.69196],[-9.22102,38.69375],[-9.22292,38.69505],[-9.22708,38.69514],[-9.23125,38.69602],[-9.23542,38.69606],[-9.23875,38.69792],[-9.23958,38.69804],[-9.24375,38.6981],[-9.24468,38.69792],[-9.24792,38.6962],[-9.25083,38.69792],[-9.25208,38.69881],[-9.25625,38.69871],[-9.26042,38.69855],[-9.26458,38.69835],[-9.26558,38.69792],[-9.26875,38.69569],[-9.27292,38.69625],[-9.27569,38.69792],[-9.27708,38.69858],[-9.27792,38.69792],[-9.28125,38.69514],[-9.28542,38.6947],[-9.28764,38.69375],[-9.28958,38.69221],[-9.29375,38.69081],[-9.29491,38.68958],[-9.29792,38.687],[-9.2995,38.68542],[-9.30208,38.68361],[-9.30625,38.68233],[-9.31042,38.68242],[-9.31204,38.68125],[-9.31458,38.67839],[-9.31563,38.67708],[-9.31875,38.67458],[-9.32292,38.67424],[-9.32708,38.67484],[-9.33032,38.67708],[-9.33125,38.67755],[-9.33542,38.67806],[-9.33958,38.67847],[-9.34375,38.67837],[-9.34663,38.68125],[-9.34792,38.68218],[-9.35208,38.68285],[-9.35367,38.68542],[-9.35625,38.68716],[-9.36042,38.6872],[-9.3625,38.68958],[-9.36458,38.69101],[-9.36875,38.69045],[-9.37292,38.69092],[-9.37587,38.69375],[-9.37708,38.69463],[-9.38125,38.69508],[-9.3842,38.69792],[-9.38542,38.699],[-9.38958,38.69917],[-9.39375,38.69923],[-9.39792,38.69954],[-9.40046,38.70208],[-9.40208,38.70292],[-9.40316,38.70208],[-9.40625,38.69888],[-9.41042,38.69878],[-9.41458,38.69851],[-9.41548,38.69792],[-9.41654,38.69375],[-9.41875,38.69125],[-9.42054,38.68958],[-9.42292,38.68783],[-9.42458,38.68958],[-9.42708,38.69097],[-9.43125,38.69097],[-9.43464,38.69375],[-9.43542,38.69431],[-9.43958,38.69454],[-9.44375,38.69452],[-9.44792,38.69464],[-9.45208,38.69447],[-9.45625,38.69479],[-9.46042,38.69542],[-9.46458,38.6963],[-9.46653,38.69792],[-9.46875,38.6992],[-9.47292,38.69958],[-9.47569,38.70208],[-9.47708,38.70304],[-9.48125,38.70429],[-9.48403,38.70625],[-9.48472,38.71042],[-9.48397,38.71458],[-9.48125,38.7178],[-9.4806,38.71875],[-9.48021,38.72292],[-9.47708,38.72633],[-9.47636,38.72708],[-9.47629,38.73125],[-9.47292,38.73519],[-9.47277,38.73542],[-9.4728,38.73958],[-9.47266,38.74375],[-9.47272,38.74792],[-9.47282,38.75208],[-9.47292,38.75216],[-9.47708,38.7527],[-9.48125,38.75359],[-9.48377,38.75625],[-9.48542,38.75938],[-9.48802,38.76042],[-9.48958,38.7612],[-9.49122,38.76458],[-9.49362,38.76875],[-9.49363,38.77292],[-9.49375,38.77316],[-9.49767,38.77708],[-9.49792,38.77727],[-9.50152,38.78125],[-9.49792,38.78514],[-9.49769,38.78542],[-9.49375,38.78947],[-9.4936,38.78958],[-9.49327,38.79375],[-9.48958,38.79763],[-9.48925,38.79792],[-9.48736,38.80208],[-9.48542,38.80473],[-9.48516,38.80625],[-9.48125,38.81029],[-9.48112,38.81042],[-9.48021,38.81458],[-9.47708,38.81784],[-9.47647,38.81875],[-9.47292,38.82265],[-9.47254,38.82292],[-9.46935,38.82708],[-9.46875,38.82792],[-9.46831,38.83125],[-9.46784,38.83542],[-9.46458,38.83914],[-9.46428,38.83958],[-9.46042,38.84354],[-9.46031,38.84375],[-9.46004,38.84792],[-9.45625,38.85188],[-9.4561,38.85208],[-9.45208,38.8562],[-9.45203,38.85625],[-9.45185,38.86042],[-9.45152,38.86458],[-9.45143,38.86875],[-9.44792,38.8726],[-9.44768,38.87292],[-9.44375,38.87696],[-9.44366,38.87708],[-9.4435,38.88125],[-9.43958,38.88526],[-9.43945,38.88542],[-9.43936,38.88958],[-9.43908,38.89375],[-9.43542,38.89782],[-9.43535,38.89792],[-9.43505,38.90208],[-9.43479,38.90625],[-9.43125,38.91024],[-9.43111,38.91042],[-9.43062,38.91458],[-9.42708,38.91852],[-9.42694,38.91875],[-9.42448,38.92292],[-9.42292,38.92604],[-9.42285,38.92708],[-9.41875,38.93118],[-9.4186,38.93125],[-9.41859,38.93542],[-9.41799,38.93958],[-9.41637,38.94375],[-9.41835,38.94792],[-9.41829,38.95208],[-9.41814,38.95625],[-9.41875,38.95781],[-9.42073,38.96042],[-9.42184,38.96458],[-9.42245,38.96875],[-9.42237,38.97292],[-9.42243,38.97708],[-9.42244,38.98125],[-9.41875,38.98524],[-9.41868,38.98542],[-9.41875,38.98576],[-9.42181,38.98958],[-9.42292,38.99042],[-9.42595,38.99375],[-9.42639,38.99792],[-9.42663,39.00208],[-9.42661,39.00625],[-9.42611,39.01042],[-9.42292,39.01441],[-9.42278,39.01458],[-9.42292,39.01471],[-9.42619,39.01875],[-9.42623,39.02292],[-9.42292,39.0267],[-9.42267,39.02708],[-9.41875,39.031],[-9.41844,39.03125],[-9.4186,39.03542],[-9.4185,39.03958],[-9.41836,39.04375],[-9.41846,39.04792],[-9.41835,39.05208],[-9.41597,39.05625],[-9.41809,39.06042],[-9.41834,39.06458],[-9.4186,39.06875],[-9.41875,39.06901],[-9.42254,39.07292],[-9.4224,39.07708],[-9.41875,39.08073],[-9.41853,39.08125],[-9.41822,39.08542],[-9.41458,39.08914],[-9.41427,39.08958],[-9.41042,39.09351],[-9.4102,39.09375],[-9.40625,39.0977],[-9.40597,39.09792],[-9.40417,39.10208],[-9.40208,39.10476],[-9.39792,39.10579],[-9.39625,39.10625],[-9.39673,39.11042],[-9.39375,39.11389],[-9.39348,39.11458],[-9.39354,39.11875],[-9.39328,39.12292],[-9.38958,39.12679],[-9.38928,39.12708],[-9.38542,39.13095],[-9.38506,39.13125],[-9.38455,39.13542],[-9.38125,39.13884],[-9.38062,39.13958],[-9.37708,39.14335],[-9.37669,39.14375],[-9.37292,39.14778],[-9.37282,39.14792],[-9.37235,39.15208],[-9.36875,39.156],[-9.3685,39.15625],[-9.36795,39.16042],[-9.36458,39.16406],[-9.36408,39.16458],[-9.36328,39.16875],[-9.36042,39.17202],[-9.35982,39.17292],[-9.35946,39.17708],[-9.35937,39.18125],[-9.35625,39.18454],[-9.35576,39.18542],[-9.35208,39.1892],[-9.35184,39.18958],[-9.35177,39.19375],[-9.34792,39.19775],[-9.34778,39.19792],[-9.34745,39.20208],[-9.34653,39.20625],[-9.34746,39.21042],[-9.34375,39.21448],[-9.34363,39.21458],[-9.3434,39.21875],[-9.34327,39.22292],[-9.33958,39.22698],[-9.33951,39.22708],[-9.33958,39.22917],[-9.3401,39.23125],[-9.34051,39.23542],[-9.34338,39.23958],[-9.34335,39.24375],[-9.3431,39.24792],[-9.33958,39.25198],[-9.33952,39.25208],[-9.33924,39.25625],[-9.33792,39.26042],[-9.33661,39.26458],[-9.33625,39.26875],[-9.33611,39.27292],[-9.33872,39.27708],[-9.33661,39.28125],[-9.33908,39.28542],[-9.33958,39.2859],[-9.34313,39.28958],[-9.34325,39.29375],[-9.34347,39.29792],[-9.34375,39.2987],[-9.34694,39.30208],[-9.3476,39.30625],[-9.34755,39.31042],[-9.34792,39.31181],[-9.35069,39.31458],[-9.35208,39.31637],[-9.35486,39.31875],[-9.35602,39.32292],[-9.35625,39.32324],[-9.35958,39.32708],[-9.35952,39.33125],[-9.35928,39.33542],[-9.36007,39.33958],[-9.36042,39.34],[-9.36354,39.34375],[-9.36389,39.34792],[-9.36458,39.34896],[-9.36667,39.35208],[-9.36875,39.35521],[-9.37083,39.35625],[-9.37292,39.35708],[-9.37708,39.35625],[-9.38125,39.35313],[-9.38542,39.35401],[-9.38958,39.35353],[-9.39375,39.35521],[-9.39708,39.35625],[-9.39792,39.35642],[-9.40192,39.36042],[-9.40208,39.36063],[-9.40525,39.36458],[-9.40208,39.36752],[-9.40063,39.36875],[-9.39792,39.37125],[-9.39375,39.3713],[-9.38958,39.37157],[-9.38542,39.37165],[-9.38125,39.37146],[-9.37708,39.37153],[-9.37292,39.37188],[-9.37153,39.36875],[-9.37054,39.36458],[-9.36875,39.3625],[-9.36458,39.3622],[-9.36042,39.3625],[-9.35625,39.36269],[-9.35208,39.3622],[-9.34792,39.3625],[-9.34375,39.36354],[-9.34256,39.36458],[-9.34018,39.36875],[-9.34097,39.37292],[-9.33958,39.37443],[-9.33542,39.37542],[-9.33125,39.37569],[-9.32708,39.37621],[-9.32292,39.37659],[-9.32014,39.37708],[-9.31875,39.3776],[-9.31458,39.381],[-9.31042,39.3811],[-9.31014,39.38125],[-9.30625,39.38417],[-9.30208,39.38482],[-9.30149,39.38542],[-9.29792,39.38836],[-9.29375,39.38926],[-9.29339,39.38958],[-9.28958,39.39323],[-9.28542,39.3933],[-9.28487,39.39375],[-9.28125,39.39722],[-9.27917,39.39792],[-9.27708,39.39977],[-9.27361,39.40208],[-9.27292,39.4026],[-9.26875,39.40593],[-9.26835,39.40625],[-9.26458,39.4099],[-9.26125,39.41042],[-9.26042,39.41111],[-9.25625,39.41443],[-9.256,39.41458],[-9.25208,39.41829],[-9.25133,39.41875],[-9.24792,39.42201],[-9.24375,39.42279],[-9.2436,39.42292],[-9.23958,39.42655],[-9.2375,39.42708],[-9.23542,39.42894],[-9.23368,39.43125],[-9.23125,39.4339],[-9.22792,39.43542],[-9.22708,39.43625],[-9.2267,39.43958],[-9.22292,39.44337],[-9.22262,39.44375],[-9.21875,39.44762],[-9.21848,39.44792],[-9.21458,39.45181],[-9.21432,39.45208],[-9.21042,39.45618],[-9.21037,39.45625],[-9.21005,39.46042],[-9.20625,39.46427],[-9.20608,39.46458],[-9.20572,39.46875],[-9.20512,39.47292],[-9.20208,39.47609],[-9.19792,39.47678],[-9.19375,39.47704],[-9.1937,39.47708],[-9.18958,39.4812],[-9.18952,39.48125],[-9.18542,39.48508],[-9.18497,39.48542],[-9.18125,39.48927],[-9.181,39.48958],[-9.17708,39.49344],[-9.17677,39.49375],[-9.17292,39.49743],[-9.17241,39.49792],[-9.17153,39.50208],[-9.16875,39.50486],[-9.16458,39.50558],[-9.16042,39.50599],[-9.16005,39.50625],[-9.15625,39.50974],[-9.15208,39.51013],[-9.14792,39.50979],[-9.14403,39.50625],[-9.14375,39.50486],[-9.13958,39.50506],[-9.13681,39.50625],[-9.13661,39.51042],[-9.13844,39.51458],[-9.13958,39.51528],[-9.14353,39.51875],[-9.13958,39.52233],[-9.13542,39.52259],[-9.13506,39.52292],[-9.13125,39.52679],[-9.131,39.52708],[-9.12708,39.53119],[-9.12703,39.53125],[-9.1268,39.53542],[-9.12292,39.53915],[-9.12231,39.53958],[-9.11875,39.54302],[-9.11756,39.54375],[-9.11458,39.54673],[-9.11292,39.54792],[-9.11042,39.55032],[-9.10787,39.55208],[-9.10625,39.5537],[-9.10339,39.55625],[-9.10208,39.55774],[-9.09988,39.56042],[-9.09792,39.56227],[-9.09547,39.56458],[-9.09375,39.56667],[-9.09151,39.56875],[-9.08958,39.57102],[-9.08785,39.57292],[-9.08542,39.57557],[-9.08356,39.57708],[-9.08379,39.58125],[-9.08125,39.58379],[-9.07928,39.58542],[-9.07708,39.58723],[-9.0737,39.58958],[-9.0746,39.59375],[-9.07378,39.59792],[-9.0756,39.60208],[-9.07708,39.60257],[-9.08125,39.60274],[-9.08506,39.60625],[-9.08519,39.61042],[-9.0851,39.61458],[-9.08509,39.61875],[-9.0848,39.62292],[-9.08125,39.62675],[-9.08109,39.62708],[-9.08106,39.63125],[-9.07847,39.63542],[-9.07708,39.6375],[-9.07686,39.63958],[-9.07658,39.64375],[-9.07292,39.64778],[-9.07283,39.64792],[-9.07257,39.65208],[-9.06875,39.65601],[-9.06862,39.65625],[-9.06858,39.66042],[-9.06806,39.66458],[-9.06458,39.66862],[-9.06451,39.66875],[-9.06436,39.67292],[-9.06354,39.67708],[-9.06042,39.68083],[-9.06026,39.68125],[-9.05993,39.68542],[-9.05625,39.68945],[-9.05617,39.68958],[-9.05583,39.69375],[-9.05208,39.6975],[-9.05172,39.69792],[-9.05121,39.70208],[-9.05169,39.70625],[-9.05178,39.71042],[-9.05089,39.71458],[-9.05156,39.71875],[-9.05123,39.72292],[-9.04792,39.72655],[-9.04755,39.72708],[-9.04435,39.73125],[-9.04375,39.73208],[-9.04323,39.73542],[-9.04077,39.73958],[-9.03958,39.74236],[-9.03947,39.74375],[-9.03661,39.74792],[-9.03542,39.75],[-9.03519,39.75208],[-9.03292,39.75625],[-9.03229,39.76042],[-9.03125,39.76181],[-9.03071,39.76458],[-9.03002,39.76875],[-9.02708,39.77232],[-9.02675,39.77292],[-9.02431,39.77708],[-9.02292,39.77875],[-9.02232,39.78125],[-9.01875,39.785],[-9.01843,39.78542],[-9.01771,39.78958],[-9.01458,39.79326],[-9.01424,39.79375],[-9.01412,39.79792],[-9.01042,39.80162],[-9.00978,39.80208],[-9.00875,39.80625],[-9.00625,39.80982],[-9.00579,39.81042],[-9.00451,39.81458],[-9.00208,39.81823],[-9.00174,39.81875],[-9.00048,39.82292],[-8.99792,39.82625],[-8.99708,39.82708],[-8.99458,39.83125],[-8.99375,39.83264],[-8.99282,39.83542],[-8.99125,39.83958],[-8.98958,39.84236],[-8.98924,39.84375],[-8.98883,39.84792],[-8.98542,39.85167],[-8.98504,39.85208],[-8.98417,39.85625],[-8.98125,39.8599],[-8.98065,39.86042],[-8.97708,39.86399],[-8.97674,39.86458],[-8.97644,39.86875],[-8.97612,39.87292],[-8.97292,39.8767],[-8.9724,39.87708],[-8.97083,39.88125],[-8.96875,39.88438],[-8.96823,39.88542],[-8.96736,39.88958],[-8.96458,39.89315],[-8.96406,39.89375],[-8.96333,39.89792],[-8.96042,39.90208],[-8.95958,39.90625],[-8.9589,39.91042],[-8.95625,39.91366],[-8.95579,39.91458],[-8.95562,39.91875],[-8.95208,39.92269],[-8.95189,39.92292],[-8.95149,39.92708],[-8.94792,39.93093],[-8.94762,39.93125],[-8.94613,39.93542],[-8.94375,39.93819],[-8.94292,39.93958],[-8.94223,39.94375],[-8.94256,39.94792],[-8.93958,39.95112],[-8.93833,39.95208],[-8.93769,39.95625],[-8.93542,39.95938],[-8.93449,39.96042],[-8.93194,39.96458],[-8.93125,39.96667],[-8.93083,39.96875],[-8.93021,39.97292],[-8.92708,39.97649],[-8.9267,39.97708],[-8.92458,39.98125],[-8.92292,39.98333],[-8.92216,39.98542],[-8.92153,39.98958],[-8.91875,39.99329],[-8.91843,39.99375],[-8.91708,39.99792],[-8.91708,40]]},"properties":{"fid":860,"ID":859,"ELEV":0}},
{"type":"Feature","geometry":{"type":"LineString","coordinates":[[-3.45799,36.00208],[-3.46042,36.0006],[-3.46458,35.99957],[-3.46739,36.00208],[-3.46605,36.00625],[-3.46458,36.0079],[-3.46042,36.00995],[-3.45625,36.00764],[-3.45554,36.00625],[-3.45625,36.00458],[-3.45799,36.00208]]},"properties":{"fid":861,"ID":860,"ELEV":-1000}},
{"type":"Feature","geometry":{"type":"LineString","coordinates":[[-7.32708,36.00139],[-7.32569,36.00208],[-7.32708,36.00217],[-7.33125,36.00276],[-7.33287,36.00208],[-7.33125,36],[-7.32708,36.00139]]},"properties":{"fid":862,"ID":861,"ELEV":-1000}},
{"type":"Feature","geometry":{"type":"LineString","coordinates":[[-7.31875,36.00164],[-7.31771,36.00208],[-7.31875,36.00238],[-7.32125,36.00208],[-7.31875,36.00164]]},"properties":{"fid":863,"ID":862,"ELEV":-1000}},
{"type":"Feature","geometry":{"type":"LineString","coordinates":[[-3.50176,35.98125],[-3.50208,35.98097],[-3.50625,35.98106],[-3.5066,35.98125],[-3.51042,35.9835],[-3.51372,35.98125],[-3.51458,35.98072],[-3.51875,35.97878],[-3.52292,35.98073],[-3.52708,35.97852],[-3.53125,35.97996],[-3.53542,35.98018],[-3.53759,35.98125],[-3.53958,35.98225],[-3.54375,35.98475],[-3.54521,35.98542],[-3.54792,35.98734],[-3.54986,35.98958],[-3.55208,35.99333],[-3.55236,35.99375],[-3.55208,35.99447],[-3.54792,35.99562],[-3.5442,35.99792],[-3.54375,35.99834],[-3.54065,36.00208],[-3.53958,36.00375],[-3.5378,36.00625],[-3.53542,36.00741],[-3.53125,36.00822],[-3.52708,36.0084],[-3.52362,36.00625],[-3.52292,36.00581],[-3.51875,36.00433],[-3.51458,36.00319],[-3.51042,36.00308],[-3.50625,36.00324],[-3.50519,36.00208],[-3.50208,35.99927],[-3.50053,35.99792],[-3.49939,35.99375],[-3.49932,35.98958],[-3.49978,35.98542],[-3.50176,35.98125]]},"properties":{"fid":864,"ID":863,"ELEV":-1000}},
{"type":"Feature","geometry":{"type":"LineString","coordinates":[[-7.31875,35.967],[-7.31708,35.96875],[-7.31875,35.97153],[-7.32153,35.97292],[-7.32292,35.97333],[-7.32569,35.97292],[-7.32292,35.97187],[-7.32113,35.96875],[-7.31875,35.967]]},"properties":{"fid":865,"ID":864,"ELEV":-1000}},
{"type":"Feature","geometry":{"type":"LineString","coordinates":[[-8.20556,35.96458],[-8.20625,35.96354],[-8.20833,35.96458],[-8.20625,35.9649],[-8.20556,35.96458]]},"properties":{"fid":866,"ID":865,"ELEV":-2000}},
{"type":"Feature","geometry":{"type":"LineString","coordinates":[[-7.16042,35.95385],[-7.15789,35.95625],[-7.16042,35.96008],[-7.16181,35.96042],[-7.1625,35.96458],[-7.16458,35.96551],[-7.16558,35.96458],[-7.16615,35.96042],[-7.16811,35.95625],[-7.16458,35.95379],[-7.16042,35.95385]]},"properties":{"fid":867,"ID":866,"ELEV":-1000}},
{"type":"Feature","geometry":{"type":"LineString","coordinates":[[-7.34375,35.95069],[-7.33958,35.95208],[-7.34375,35.95486],[-7.34583,35.95625],[-7.34792,35.95708],[-7.35208,35.95903],[-7.35268,35.95625],[-7.35208,35.95208],[-7.34792,35.95019],[-7.34375,35.95069]]},"properties":{"fid":868,"ID":867,"ELEV":-1000}},
{"type":"Feature","geometry":{"type":"LineString","coordinates":[[-7.30625,35.90032],[-7.30426,35.90208],[-7.30298,35.90625],[-7.30499,35.91042],[-7.30625,35.91154],[-7.31042,35.91057],[-7.31069,35.91042],[-7.31427,35.90625],[-7.31458,35.90208],[-7.31042,35.89915],[-7.30625,35.90032]]},"properties":{"fid":869,"ID":868,"ELEV":-1000}},
{"type":"Feature","geometry":{"type":"LineString","coordinates":[[-7.11458,35.89678],[-7.11302,35.89792],[-7.11208,35.90208],[-7.11458,35.90322],[-7.11875,35.90229],[-7.11944,35.90208],[-7.12167,35.89792],[-7.11875,35.89638],[-7.11458,35.89678]]},"properties":{"fid":870,"ID":869,"ELEV":-1000}},
{"type":"Feature","geometry":{"type":"LineString","coordinates":[[-7.01875,35.89329],[-7.01845,35.89375],[-7.01875,35.89417],[-7.01944,35.89375],[-7.01875,35.89329]]},"properties":{"fid":871,"ID":870,"ELEV":-1000}},
{"type":"Feature","geometry":{"type":"LineString","coordinates":[[-5.28906,35.88958],[-5.28958,35.88906],[-5.29375,35.88875],[-5.29583,35.88958],[-5.29792,35.88995],[-5.30172,35.89375],[-5.29792,35.89755],[-5.29375,35.89784],[-5.29367,35.89792],[-5.28958,35.90171],[-5.28542,35.90167],[-5.28234,35.89792],[-5.28542,35.89387],[-5.28553,35.89375],[-5.28906,35.88958]]},"properties":{"fid":872,"ID":871,"ELEV":0}},
{"type":"Feature","geometry":{"type":"LineString","coordinates":[[-5.29839,35.88958],[-5.30208,35.88705],[-5.30567,35.88958],[-5.30208,35.89327],[-5.29839,35.88958]]},"properties":{"fid":873,"ID":872,"ELEV":0}},
{"type":"Feature","geometry":{"type":"LineString","coordinates":[[-8.16806,35.87708],[-8.16875,35.87639],[-8.1691,35.87708],[-8.16875,35.87792],[-8.16806,35.87708]]},"properties":{"fid":874,"ID":873,"ELEV":-2000}},
{"type":"Feature","geometry":{"type":"LineString","coordinates":[[-0.28832,35.87708],[-0.28958,35.87555],[-0.29141,35.87708],[-0.28958,35.87847],[-0.28832,35.87708]]},"properties":{"fid":875,"ID":874,"ELEV":0}},
{"type":"Feature","geometry":{"type":"LineString","coordinates":[[-0.48698,35.87292],[-0.48958,35.87208],[-0.49049,35.87292],[-0.48958,35.87552],[-0.48698,35.87292]]},"properties":{"fid":876,"ID":875,"ELEV":0}},
{"type":"Feature","geometry":{"type":"LineString","coordinates":[[-8.10208,35.86193],[-8.09984,35.86458],[-8.10208,35.8675],[-8.10625,35.86528],[-8.10729,35.86458],[-8.10625,35.86319],[-8.10208,35.86193]]},"properties":{"fid":877,"ID":876,"ELEV":-2000}},
{"type":"Feature","geometry":{"type":"LineString","coordinates":[[-7.31042,35.86328],[-7.30694,35.86458],[-7.30625,35.86563],[-7.30208,35.86686],[-7.30078,35.86875],[-7.30208,35.87014],[-7.30625,35.86984],[-7.31042,35.86979],[-7.31458,35.86875],[-7.31287,35.86458],[-7.31042,35.86328]]},"properties":{"fid":878,"ID":877,"ELEV":-1000}},
{"type":"Feature","geometry":{"type":"LineString","coordinates":[[-0.98958,35.85625],[-0.99375,35.85577],[-0.99414,35.85625],[-0.99574,35.86042],[-0.99375,35.86458],[-0.98958,35.86223],[-0.98861,35.86042],[-0.98958,35.85625]]},"properties":{"fid":879,"ID":878,"ELEV":-2000}},
{"type":"Feature","geometry":null,"properties":{"fid":880,"ID":879,"ELEV":0}},
{"type":"Feature","geometry":{"type":"LineString","coordinates":[[-7.30625,35.84728],[-7.30532,35.84792],[-7.30625,35.84911],[-7.30764,35.84792],[-7.30625,35.84728]]},"properties":{"fid":881,"ID":880,"ELEV":-1000}},
{"type":"Feature","geometry":{"type":"LineString","coordinates":[[-5.34792,35.84673],[-5.34673,35.84792],[-5.34792,35.84958],[-5.34943,35.84792],[-5.34792,35.84673]]},"properties":{"fid":882,"ID":881,"ELEV":0}},
{"type":"Feature","geometry":{"type":"LineString","coordinates":[[-1.87292,35.83505],[-1.87184,35.83542],[-1.86875,35.83689],[-1.86458,35.83941],[-1.86439,35.83958],[-1.86233,35.84375],[-1.86192,35.84792],[-1.86228,35.85208],[-1.86351,35.85625],[-1.86458,35.85774],[-1.86667,35.86042],[-1.86827,35.86458],[-1.86875,35.86806],[-1.86883,35.86875],[-1.87161,35.87292],[-1.87292,35.87394],[-1.87647,35.87708],[-1.87708,35.87771],[-1.88125,35.88069],[-1.8827,35.88125],[-1.88542,35.88226],[-1.88799,35.88542],[-1.88958,35.88658],[-1.89375,35.88893],[-1.89477,35.88958],[-1.89792,35.89104],[-1.90208,35.89314],[-1.90301,35.89375],[-1.90614,35.89792],[-1.90625,35.898],[-1.91042,35.89979],[-1.91458,35.90064],[-1.91875,35.90152],[-1.92292,35.90201],[-1.92303,35.90208],[-1.92708,35.90565],[-1.92832,35.90625],[-1.93125,35.9073],[-1.93542,35.90872],[-1.93791,35.91042],[-1.93958,35.91194],[-1.94375,35.91402],[-1.94792,35.91407],[-1.9497,35.91458],[-1.95208,35.91529],[-1.95625,35.9168],[-1.96042,35.91801],[-1.96262,35.91875],[-1.96458,35.91929],[-1.96875,35.92028],[-1.97292,35.92092],[-1.97708,35.92245],[-1.97789,35.92292],[-1.98125,35.92441],[-1.98542,35.92571],[-1.98958,35.925],[-1.99375,35.92483],[-1.99792,35.92549],[-2.00208,35.92629],[-2.00625,35.92638],[-2.01042,35.92696],[-2.01114,35.92708],[-2.01458,35.92806],[-2.01875,35.92931],[-2.02292,35.92996],[-2.02708,35.93105],[-2.03125,35.93042],[-2.03542,35.92991],[-2.03958,35.9305],[-2.04323,35.93125],[-2.04375,35.93138],[-2.04792,35.9322],[-2.05208,35.93309],[-2.05625,35.93427],[-2.05879,35.93542],[-2.06042,35.93623],[-2.06458,35.93798],[-2.06678,35.93958],[-2.06875,35.94069],[-2.07292,35.94208],[-2.07708,35.94256],[-2.08125,35.9419],[-2.08385,35.93958],[-2.08125,35.93542],[-2.07708,35.93264],[-2.07589,35.93125],[-2.07292,35.92804],[-2.07202,35.92708],[-2.07106,35.92292],[-2.07292,35.91989],[-2.07336,35.91875],[-2.07522,35.91458],[-2.07658,35.91042],[-2.07708,35.90833],[-2.07765,35.90625],[-2.07748,35.90208],[-2.07708,35.90042],[-2.07668,35.89792],[-2.07643,35.89375],[-2.07486,35.88958],[-2.07292,35.88681],[-2.07138,35.88542],[-2.06875,35.88356],[-2.06625,35.88125],[-2.06472,35.87708],[-2.06458,35.87679],[-2.06278,35.87292],[-2.06161,35.86875],[-2.06458,35.86649],[-2.06595,35.86458],[-2.06838,35.86042],[-2.06458,35.85625],[-2.06042,35.85641],[-2.05625,35.85676],[-2.05493,35.85625],[-2.05208,35.85297],[-2.05104,35.85208],[-2.04792,35.84884],[-2.04375,35.84805],[-2.03958,35.84792],[-2.03542,35.84593],[-2.03125,35.84437],[-2.02708,35.8454],[-2.02292,35.84725],[-2.01875,35.8474],[-2.01458,35.84578],[-2.01042,35.84482],[-2.00625,35.84708],[-2.00208,35.84598],[-1.99792,35.84472],[-1.99375,35.84443],[-1.98958,35.84431],[-1.98542,35.84413],[-1.98397,35.84375],[-1.98125,35.84319],[-1.97708,35.8423],[-1.97292,35.84156],[-1.96875,35.84035],[-1.96644,35.83958],[-1.96458,35.83884],[-1.96042,35.83768],[-1.95625,35.83713],[-1.95208,35.83617],[-1.95078,35.83542],[-1.94792,35.83317],[-1.94375,35.83377],[-1.93958,35.83476],[-1.93542,35.83526],[-1.9339,35.83542],[-1.93125,35.83568],[-1.92708,35.83576],[-1.92292,35.83635],[-1.91875,35.83602],[-1.91545,35.83542],[-1.91458,35.83527],[-1.91042,35.83524],[-1.90625,35.8349],[-1.90208,35.83466],[-1.89792,35.83451],[-1.89375,35.83484],[-1.88958,35.83492],[-1.88542,35.83445],[-1.88125,35.83432],[-1.87708,35.83418],[-1.87292,35.83505]]},"properties":{"fid":883,"ID":882,"ELEV":-2000}},
{"type":"Feature","geometry":{"type":"LineString","coordinates":[[0,37.50177],[-0.00208,37.50177],[-0.00316,37.50208],[-0.00625,37.50273],[-0.01042,37.50549],[-0.01138,37.50625],[-0.01458,37.50765],[-0.01716,37.50625],[-0.01875,37.50531],[-0.02292,37.50365],[-0.02708,37.5029],[-0.03125,37.50445],[-0.03282,37.50625],[-0.03516,37.51042],[-0.03542,37.51058],[-0.03555,37.51042],[-0.03761,37.50625],[-0.03958,37.50385],[-0.04251,37.50208],[-0.04375,37.50131],[-0.04792,37.50025],[-0.05208,37.50181],[-0.05446,37.50208],[-0.05625,37.50224],[-0.06042,37.50326],[-0.06458,37.50431],[-0.06566,37.50625],[-0.06458,37.50826],[-0.06331,37.51042],[-0.06458,37.51149],[-0.06875,37.51302],[-0.07064,37.51458],[-0.07292,37.51607],[-0.07448,37.51458],[-0.07708,37.51184],[-0.0786,37.51042],[-0.081,37.50625],[-0.08125,37.50583],[-0.0836,37.50208],[-0.08542,37.4982],[-0.08564,37.49792],[-0.08958,37.49456],[-0.09375,37.49583],[-0.09647,37.49792],[-0.09792,37.50006],[-0.09843,37.50208],[-0.09916,37.50625],[-0.10067,37.51042],[-0.10208,37.51136],[-0.1031,37.51042],[-0.10625,37.50755],[-0.10761,37.50625],[-0.11042,37.50399],[-0.11294,37.50208],[-0.11458,37.50062],[-0.118,37.49792],[-0.11875,37.49738],[-0.12101,37.49792],[-0.12292,37.49866],[-0.12502,37.50208],[-0.1265,37.50625],[-0.12708,37.50827],[-0.12763,37.51042],[-0.13067,37.51458],[-0.13125,37.51519],[-0.13542,37.51644],[-0.13674,37.51458],[-0.13815,37.51042],[-0.13837,37.50625],[-0.13855,37.50208],[-0.13912,37.49792],[-0.13958,37.49627],[-0.14375,37.4941],[-0.14792,37.49556],[-0.15208,37.49636],[-0.15625,37.4952],[-0.15975,37.49792],[-0.16042,37.49894],[-0.16458,37.50019],[-0.1683,37.50208],[-0.16875,37.50234],[-0.17292,37.50355],[-0.17708,37.50295],[-0.17723,37.50208],[-0.17708,37.50104],[-0.17643,37.49792],[-0.17708,37.4956],[-0.17798,37.49375],[-0.18125,37.49137],[-0.18542,37.49026],[-0.18958,37.49034],[-0.19375,37.49215],[-0.19774,37.49375],[-0.19792,37.49383],[-0.19806,37.49375],[-0.19955,37.48958],[-0.19843,37.48542],[-0.19905,37.48125],[-0.20208,37.48027],[-0.20625,37.48006],[-0.20972,37.47708],[-0.21042,37.47635],[-0.21458,37.47456],[-0.21875,37.47377],[-0.22208,37.47292],[-0.22292,37.47254],[-0.22311,37.47292],[-0.22708,37.47602],[-0.22761,37.47708],[-0.22944,37.48125],[-0.23125,37.4837],[-0.23289,37.48542],[-0.23542,37.48903],[-0.23667,37.48542],[-0.23693,37.48125],[-0.23694,37.47708],[-0.23752,37.47292],[-0.23789,37.46875],[-0.23865,37.46458],[-0.23958,37.46322],[-0.24331,37.46458],[-0.24375,37.46475],[-0.24792,37.46595],[-0.25208,37.46659],[-0.2539,37.46875],[-0.25625,37.47034],[-0.26042,37.47106],[-0.26131,37.46875],[-0.26164,37.46458],[-0.26302,37.46042],[-0.26458,37.45867],[-0.26667,37.45625],[-0.26875,37.45365],[-0.27292,37.45539],[-0.27708,37.4559],[-0.27943,37.45208],[-0.27988,37.44792],[-0.28125,37.44607],[-0.28542,37.44604],[-0.28834,37.44792],[-0.28958,37.44918],[-0.29331,37.44792],[-0.29375,37.44776],[-0.29729,37.44375],[-0.29792,37.44315],[-0.30208,37.44315],[-0.30625,37.44201],[-0.30903,37.44375],[-0.30778,37.44792],[-0.30686,37.45208],[-0.3071,37.45625],[-0.30889,37.46042],[-0.31042,37.46232],[-0.31458,37.46115],[-0.31521,37.46042],[-0.31875,37.45736],[-0.32003,37.45625],[-0.32273,37.45208],[-0.32292,37.45165],[-0.32577,37.44792],[-0.32708,37.4463],[-0.32963,37.44375],[-0.33125,37.44146],[-0.33287,37.44375],[-0.33542,37.44728],[-0.33559,37.44792],[-0.33745,37.45208],[-0.33958,37.45476],[-0.34175,37.45625],[-0.34375,37.45804],[-0.34792,37.45796],[-0.34971,37.45625],[-0.35208,37.45419],[-0.35329,37.45208],[-0.3553,37.44792],[-0.35625,37.44548],[-0.35875,37.44375],[-0.36042,37.44228],[-0.36186,37.44375],[-0.36458,37.44712],[-0.36495,37.44792],[-0.3665,37.45208],[-0.36796,37.45625],[-0.36875,37.45923],[-0.36907,37.46042],[-0.37051,37.46458],[-0.37183,37.46875],[-0.37292,37.47168],[-0.37389,37.46875],[-0.3752,37.46458],[-0.37658,37.46042],[-0.37708,37.45977],[-0.38021,37.45625],[-0.38125,37.45513],[-0.38444,37.45208],[-0.38542,37.45083],[-0.38734,37.44792],[-0.38958,37.44443],[-0.39007,37.44375],[-0.39375,37.44065],[-0.39792,37.43982],[-0.40208,37.44226],[-0.40323,37.44375],[-0.40625,37.44706],[-0.41042,37.44645],[-0.41323,37.44375],[-0.41458,37.4422],[-0.41875,37.44105],[-0.41963,37.44375],[-0.42273,37.44792],[-0.42292,37.4483],[-0.42455,37.45208],[-0.42708,37.45585],[-0.42748,37.45625],[-0.43125,37.46042],[-0.43298,37.46458],[-0.43433,37.46875],[-0.43542,37.47043],[-0.43793,37.47292],[-0.43958,37.47474],[-0.44367,37.47708],[-0.44375,37.47713],[-0.44792,37.47883],[-0.45189,37.47708],[-0.45208,37.47697],[-0.45625,37.47437],[-0.46042,37.47399],[-0.46458,37.47481],[-0.46875,37.4753],[-0.46973,37.47292],[-0.46875,37.47185],[-0.46458,37.47076],[-0.46225,37.46875],[-0.46042,37.46821],[-0.45625,37.46643],[-0.45208,37.46489],[-0.45173,37.46458],[-0.44833,37.46042],[-0.44792,37.45952],[-0.44676,37.45625],[-0.44658,37.45208],[-0.44705,37.44792],[-0.44677,37.44375],[-0.44754,37.43958],[-0.44792,37.43841],[-0.44972,37.43542],[-0.45132,37.43125],[-0.45208,37.43018],[-0.45625,37.42824],[-0.45986,37.43125],[-0.46042,37.43179],[-0.46458,37.43462],[-0.46632,37.43542],[-0.46875,37.43931],[-0.46883,37.43958],[-0.46911,37.44375],[-0.47292,37.44779],[-0.47311,37.44792],[-0.47708,37.45083],[-0.48125,37.45181],[-0.48542,37.45116],[-0.48843,37.44792],[-0.48958,37.44658],[-0.49058,37.44375],[-0.49158,37.43958],[-0.49303,37.43542],[-0.49375,37.43177],[-0.49398,37.43125],[-0.49792,37.42863],[-0.50208,37.42988],[-0.50625,37.42899],[-0.51042,37.4291],[-0.51458,37.43017],[-0.51823,37.43125],[-0.51875,37.43144],[-0.51935,37.43125],[-0.52292,37.42898],[-0.52382,37.42708],[-0.52708,37.4242],[-0.52819,37.42292],[-0.53108,37.41875],[-0.53125,37.41867],[-0.53138,37.41875],[-0.53542,37.42105],[-0.53699,37.42292],[-0.53958,37.425],[-0.54375,37.42652],[-0.54522,37.42708],[-0.54792,37.42824],[-0.5509,37.43125],[-0.55208,37.43257],[-0.55396,37.43542],[-0.55625,37.43912],[-0.5567,37.43958],[-0.5599,37.44375],[-0.56042,37.44425],[-0.56433,37.44792],[-0.56458,37.44818],[-0.56875,37.44938],[-0.56923,37.44792],[-0.56875,37.4467],[-0.56683,37.44375],[-0.56543,37.43958],[-0.56458,37.43785],[-0.56364,37.43542],[-0.5624,37.43125],[-0.56087,37.42708],[-0.56042,37.42618],[-0.55882,37.42292],[-0.56042,37.41875],[-0.56458,37.42058],[-0.56875,37.42278],[-0.56901,37.42292],[-0.57292,37.42464],[-0.57708,37.42572],[-0.58125,37.42592],[-0.58345,37.42708],[-0.58542,37.42827],[-0.58958,37.4312],[-0.59361,37.42708],[-0.59375,37.42696],[-0.59792,37.42322],[-0.6003,37.42292],[-0.60208,37.42249],[-0.60443,37.42292],[-0.60625,37.42312],[-0.61042,37.42463],[-0.61362,37.42708],[-0.61458,37.42896],[-0.61857,37.43125],[-0.61875,37.43131],[-0.62292,37.43152],[-0.62708,37.43464],[-0.63125,37.43212],[-0.63157,37.43125],[-0.63542,37.42708],[-0.63958,37.42423],[-0.64151,37.42292],[-0.64228,37.41875],[-0.64375,37.41789],[-0.64489,37.41875],[-0.64792,37.42071],[-0.65069,37.42292],[-0.65208,37.42526],[-0.65625,37.425],[-0.65781,37.42292],[-0.65831,37.41875],[-0.65769,37.41458],[-0.65625,37.41275],[-0.65488,37.41042],[-0.654,37.40625],[-0.65208,37.40362],[-0.65036,37.40208],[-0.65208,37.39987],[-0.65556,37.39792],[-0.65625,37.39772],[-0.66042,37.39598],[-0.66458,37.39524],[-0.66656,37.39375],[-0.66458,37.3928],[-0.66042,37.39033],[-0.65929,37.38958],[-0.65625,37.38785],[-0.65229,37.38542],[-0.65625,37.38378],[-0.66042,37.38238],[-0.66458,37.38223],[-0.66875,37.38247],[-0.67292,37.38302],[-0.67708,37.38347],[-0.68125,37.38283],[-0.68542,37.38192],[-0.68958,37.38249],[-0.69375,37.38418],[-0.6957,37.38542],[-0.69792,37.38706],[-0.7005,37.38958],[-0.70208,37.39131],[-0.70625,37.39255],[-0.71042,37.39313],[-0.71234,37.39375],[-0.71458,37.39476],[-0.71875,37.39653],[-0.71982,37.39375],[-0.72031,37.38958],[-0.72098,37.38542],[-0.72218,37.38125],[-0.72292,37.3796],[-0.72636,37.38125],[-0.72708,37.38145],[-0.73125,37.38346],[-0.7347,37.38542],[-0.73542,37.38585],[-0.73958,37.38827],[-0.74375,37.3891],[-0.74514,37.38958],[-0.74792,37.39041],[-0.75208,37.39139],[-0.75625,37.39217],[-0.76042,37.39272],[-0.76458,37.39172],[-0.76875,37.3898],[-0.76998,37.38958],[-0.77292,37.38802],[-0.77654,37.38542],[-0.77403,37.38125],[-0.77292,37.38092],[-0.76875,37.38014],[-0.76458,37.38025],[-0.76042,37.38013],[-0.75625,37.38019],[-0.75208,37.3812],[-0.74792,37.38009],[-0.74375,37.3772],[-0.74361,37.37708],[-0.74375,37.375],[-0.74411,37.37292],[-0.74375,37.36875],[-0.74792,37.36792],[-0.75125,37.36875],[-0.75208,37.36886],[-0.75234,37.36875],[-0.75625,37.3675],[-0.76042,37.36797],[-0.76292,37.36875],[-0.76458,37.36931],[-0.76875,37.37168],[-0.7722,37.37292],[-0.77292,37.37333],[-0.77708,37.37383],[-0.78125,37.37307],[-0.78542,37.37336],[-0.78958,37.37338],[-0.79375,37.37367],[-0.79792,37.37473],[-0.80208,37.37585],[-0.8039,37.37708],[-0.80625,37.37831],[-0.81042,37.37956],[-0.81458,37.37917],[-0.81556,37.37708],[-0.81875,37.37447],[-0.82292,37.37537],[-0.82708,37.3765],[-0.82878,37.37708],[-0.83125,37.37843],[-0.83272,37.37708],[-0.83431,37.37292],[-0.8322,37.36875],[-0.83542,37.36601],[-0.83666,37.36458],[-0.83715,37.36042],[-0.83958,37.35693],[-0.83995,37.35625],[-0.83973,37.35208],[-0.84046,37.34792],[-0.83997,37.34375],[-0.84141,37.33958],[-0.84341,37.33542],[-0.84375,37.33521],[-0.84792,37.33361],[-0.85208,37.33472],[-0.85413,37.33542],[-0.85625,37.33616],[-0.86042,37.33761],[-0.86341,37.33958],[-0.86458,37.3404],[-0.86875,37.34342],[-0.86935,37.34375],[-0.87292,37.34631],[-0.87464,37.34792],[-0.87621,37.35208],[-0.87708,37.35337],[-0.88044,37.35625],[-0.88125,37.35668],[-0.88542,37.36028],[-0.8855,37.36042],[-0.88618,37.36458],[-0.88873,37.36875],[-0.88958,37.36955],[-0.89375,37.37167],[-0.89792,37.3726],[-0.90037,37.37292],[-0.90208,37.37331],[-0.90613,37.37708],[-0.90576,37.38125],[-0.90625,37.38201],[-0.90699,37.38125],[-0.91042,37.38006],[-0.91458,37.37952],[-0.91875,37.37937],[-0.92292,37.37881],[-0.92708,37.37786],[-0.92837,37.37708],[-0.93125,37.37481],[-0.93356,37.37292],[-0.93542,37.37201],[-0.93734,37.37292],[-0.93823,37.37708],[-0.9384,37.38125],[-0.93774,37.38542],[-0.93746,37.38958],[-0.93958,37.39104],[-0.94175,37.38958],[-0.94375,37.38825],[-0.94792,37.38688],[-0.95208,37.38663],[-0.95385,37.38958],[-0.95533,37.39375],[-0.95625,37.39519],[-0.95845,37.39375],[-0.95998,37.38958],[-0.96042,37.38925],[-0.96458,37.38708],[-0.96676,37.38542],[-0.96875,37.38396],[-0.97292,37.38452],[-0.97443,37.38542],[-0.97708,37.38658],[-0.98125,37.38658],[-0.98307,37.38542],[-0.98542,37.38349],[-0.98958,37.38307],[-0.99375,37.38347],[-0.99792,37.38134],[-0.99805,37.38125],[-1.0009,37.37708],[-1.00208,37.37597],[-1.00625,37.37529],[-1.00992,37.37708],[-1.01042,37.37782],[-1.01158,37.38125],[-1.01208,37.38542],[-1.01458,37.38958],[-1.01875,37.39074],[-1.02098,37.39375],[-1.02107,37.39792],[-1.02031,37.40208],[-1.02021,37.40625],[-1.02292,37.40708],[-1.02544,37.40625],[-1.02708,37.40525],[-1.03125,37.40287],[-1.03375,37.40208],[-1.03542,37.40145],[-1.03617,37.40208],[-1.0393,37.40625],[-1.03958,37.40729],[-1.04199,37.41042],[-1.04375,37.41096],[-1.04506,37.41042],[-1.04792,37.40905],[-1.05208,37.4071],[-1.05359,37.40625],[-1.05452,37.40208],[-1.05555,37.39792],[-1.05625,37.39706],[-1.06042,37.39417],[-1.06458,37.39542],[-1.06526,37.39792],[-1.06629,37.40208],[-1.06726,37.40625],[-1.0683,37.41042],[-1.06875,37.41168],[-1.07258,37.41458],[-1.07292,37.41472],[-1.07306,37.41458],[-1.07708,37.41227],[-1.07962,37.41042],[-1.08125,37.40795],[-1.08251,37.40625],[-1.08542,37.40263],[-1.0858,37.40208],[-1.08958,37.39803],[-1.09375,37.3983],[-1.09543,37.40208],[-1.09792,37.40462],[-1.0992,37.40625],[-1.10208,37.4084],[-1.10625,37.40793],[-1.11042,37.40649],[-1.11131,37.40625],[-1.11458,37.40501],[-1.11811,37.40625],[-1.11875,37.40643],[-1.12092,37.41042],[-1.12292,37.41453],[-1.12297,37.41458],[-1.12618,37.41875],[-1.12708,37.41948],[-1.131,37.42292],[-1.13125,37.42346],[-1.13347,37.42708],[-1.13542,37.43113],[-1.13781,37.42708],[-1.13958,37.42573],[-1.14214,37.42292],[-1.14147,37.41875],[-1.14087,37.41458],[-1.14239,37.41042],[-1.14136,37.40625],[-1.14067,37.40208],[-1.13958,37.39989],[-1.13896,37.39792],[-1.13889,37.39375],[-1.13958,37.39279],[-1.14375,37.39195],[-1.14785,37.39375],[-1.14792,37.39378],[-1.15208,37.39771],[-1.15228,37.39792],[-1.1543,37.40208],[-1.15625,37.40428],[-1.15935,37.40625],[-1.16042,37.40709],[-1.16458,37.41014],[-1.16494,37.41042],[-1.16875,37.41178],[-1.17292,37.41301],[-1.17708,37.41394],[-1.18085,37.41042],[-1.18125,37.4087],[-1.18356,37.40625],[-1.18542,37.40292],[-1.1855,37.40208],[-1.18542,37.40042],[-1.1852,37.39792],[-1.18125,37.39403],[-1.181,37.39375],[-1.17708,37.38999],[-1.17679,37.38958],[-1.17375,37.38542],[-1.17292,37.38325],[-1.17216,37.38125],[-1.16903,37.37708],[-1.17268,37.37292],[-1.17292,37.37261],[-1.17708,37.37069],[-1.18125,37.37014],[-1.18542,37.36965],[-1.18635,37.36875],[-1.18542,37.36752],[-1.18146,37.36458],[-1.18125,37.36442],[-1.17708,37.36136],[-1.17566,37.36042],[-1.17456,37.35625],[-1.17708,37.35327],[-1.17794,37.35208],[-1.17792,37.34792],[-1.17708,37.34567],[-1.17652,37.34375],[-1.17708,37.34219],[-1.17805,37.33958],[-1.1811,37.33542],[-1.18125,37.33478],[-1.18366,37.33125],[-1.18542,37.33088],[-1.18875,37.33125],[-1.18958,37.33142],[-1.19375,37.33274],[-1.19792,37.33279],[-1.20208,37.33337],[-1.20625,37.33418],[-1.20942,37.33542],[-1.21042,37.33576],[-1.21458,37.33922],[-1.21518,37.33958],[-1.21875,37.34189],[-1.22091,37.34375],[-1.22292,37.34536],[-1.22708,37.34745],[-1.22818,37.34375],[-1.22708,37.34269],[-1.2242,37.33958],[-1.22292,37.33837],[-1.22102,37.33542],[-1.21888,37.33125],[-1.22033,37.32708],[-1.22292,37.32367],[-1.22625,37.32292],[-1.22708,37.32235],[-1.22897,37.31875],[-1.228,37.31458],[-1.22801,37.31042],[-1.23125,37.30918],[-1.23542,37.31018],[-1.23594,37.31042],[-1.23958,37.31167],[-1.24375,37.31276],[-1.24792,37.31367],[-1.25208,37.31167],[-1.25232,37.31042],[-1.25208,37.30903],[-1.25156,37.30625],[-1.25006,37.30208],[-1.25208,37.29918],[-1.25347,37.29792],[-1.25592,37.29375],[-1.25625,37.29315],[-1.26042,37.29231],[-1.26458,37.29323],[-1.26875,37.29375],[-1.27075,37.28958],[-1.27247,37.28542],[-1.27292,37.28446],[-1.27404,37.28125],[-1.2753,37.27708],[-1.27708,37.27491],[-1.28125,37.27333],[-1.28264,37.27292],[-1.28542,37.27125],[-1.28739,37.26875],[-1.28958,37.26656],[-1.29375,37.26576],[-1.29596,37.26458],[-1.29792,37.26339],[-1.30208,37.26107],[-1.30458,37.26042],[-1.30625,37.25991],[-1.31042,37.25899],[-1.31458,37.2589],[-1.31875,37.25938],[-1.32292,37.26042],[-1.32708,37.26012],[-1.33125,37.25645],[-1.33148,37.25625],[-1.33542,37.25317],[-1.33769,37.25208],[-1.33958,37.25],[-1.34148,37.24792],[-1.34236,37.24375],[-1.33958,37.24256],[-1.33542,37.2401],[-1.33466,37.23958],[-1.33125,37.23886],[-1.32708,37.2372],[-1.32396,37.23542],[-1.32292,37.23426],[-1.31973,37.23125],[-1.31903,37.22708],[-1.31875,37.22644],[-1.31684,37.22292],[-1.31487,37.21875],[-1.31458,37.2184],[-1.31369,37.21875],[-1.3112,37.22292],[-1.31042,37.22357],[-1.30625,37.22445],[-1.30208,37.22512],[-1.29792,37.22567],[-1.29375,37.22558],[-1.28958,37.22627],[-1.28661,37.22708],[-1.28542,37.22752],[-1.28304,37.22708],[-1.28125,37.22676],[-1.27812,37.22708],[-1.27708,37.22724],[-1.27292,37.22896],[-1.26875,37.22941],[-1.26458,37.2294],[-1.26042,37.22917],[-1.25625,37.22941],[-1.25208,37.22928],[-1.24792,37.22935],[-1.24375,37.22942],[-1.241,37.22708],[-1.23972,37.22292],[-1.23958,37.2224],[-1.2389,37.21875],[-1.23786,37.21458],[-1.23677,37.21042],[-1.23587,37.20625],[-1.23958,37.20236],[-1.23989,37.20208],[-1.24375,37.198],[-1.24388,37.19792],[-1.24375,37.19583],[-1.24363,37.19375],[-1.23958,37.19058],[-1.23631,37.18958],[-1.23542,37.18924],[-1.23125,37.18627],[-1.23021,37.18542],[-1.22708,37.18323],[-1.22494,37.18125],[-1.22331,37.17708],[-1.22637,37.17292],[-1.22708,37.17216],[-1.23021,37.16875],[-1.23125,37.16784],[-1.23542,37.16589],[-1.23889,37.16458],[-1.23958,37.16414],[-1.24365,37.16042],[-1.24375,37.15937],[-1.24429,37.15625],[-1.24792,37.15208],[-1.25208,37.15352],[-1.25625,37.15561],[-1.25667,37.15625],[-1.25842,37.16042],[-1.26031,37.16458],[-1.26042,37.1648],[-1.26342,37.16875],[-1.26458,37.17118],[-1.26574,37.17292],[-1.26458,37.17523],[-1.2633,37.17708],[-1.26431,37.18125],[-1.26458,37.18148],[-1.26875,37.1837],[-1.27099,37.18542],[-1.27292,37.18708],[-1.2756,37.18958],[-1.27708,37.19038],[-1.28125,37.19167],[-1.28542,37.19173],[-1.28958,37.19131],[-1.29375,37.19097],[-1.29792,37.19167],[-1.30208,37.19306],[-1.30625,37.19294],[-1.31042,37.19279],[-1.31458,37.19251],[-1.31875,37.1921],[-1.32292,37.19241],[-1.32708,37.19069],[-1.32875,37.18958],[-1.32943,37.18542],[-1.32917,37.18125],[-1.32795,37.17708],[-1.32708,37.17458],[-1.32649,37.17292],[-1.32708,37.17054],[-1.32958,37.16875],[-1.33125,37.16799],[-1.33542,37.16458],[-1.33673,37.16042],[-1.33736,37.15625],[-1.33958,37.15255],[-1.34062,37.15208],[-1.34375,37.15149],[-1.34792,37.15009],[-1.35208,37.14983],[-1.35625,37.14991],[-1.36042,37.14967],[-1.36458,37.14891],[-1.36756,37.14792],[-1.36875,37.14583],[-1.36951,37.14375],[-1.37292,37.14178],[-1.37708,37.14038],[-1.37837,37.13958],[-1.38125,37.1378],[-1.38542,37.13704],[-1.38724,37.13542],[-1.38958,37.13333],[-1.39333,37.13125],[-1.39375,37.1311],[-1.39792,37.12986],[-1.40208,37.12747],[-1.40271,37.12708],[-1.40625,37.12315],[-1.40639,37.12292],[-1.40806,37.11875],[-1.41042,37.11514],[-1.41125,37.11458],[-1.41458,37.11292],[-1.41875,37.1115],[-1.42187,37.11042],[-1.42292,37.10995],[-1.42708,37.10771],[-1.43125,37.10625],[-1.43542,37.10469],[-1.43792,37.10208],[-1.43958,37.10078],[-1.44206,37.09792],[-1.44375,37.09707],[-1.44792,37.09516],[-1.45208,37.09405],[-1.45312,37.09375],[-1.45625,37.09298],[-1.46042,37.08998],[-1.46157,37.08958],[-1.46458,37.08882],[-1.46875,37.0864],[-1.46981,37.08542],[-1.47292,37.08315],[-1.47673,37.08125],[-1.47708,37.08103],[-1.48125,37.07911],[-1.48542,37.07735],[-1.48592,37.07708],[-1.48958,37.07517],[-1.49375,37.07438],[-1.49792,37.07371],[-1.50086,37.07292],[-1.50208,37.07265],[-1.50625,37.07241],[-1.51042,37.07195],[-1.51458,37.07204],[-1.51875,37.07163],[-1.52292,37.07078],[-1.52708,37.07005],[-1.53125,37.06997],[-1.53542,37.06933],[-1.5375,37.06875],[-1.53958,37.06775],[-1.54375,37.06691],[-1.54792,37.06653],[-1.55208,37.06605],[-1.55625,37.06487],[-1.55729,37.06458],[-1.55625,37.0625],[-1.55486,37.06042],[-1.55208,37.06011],[-1.54792,37.06001],[-1.54375,37.05971],[-1.53958,37.05938],[-1.53542,37.05918],[-1.53125,37.05825],[-1.52708,37.05725],[-1.52292,37.0577],[-1.51875,37.05829],[-1.51458,37.05705],[-1.51111,37.05625],[-1.51042,37.05611],[-1.50625,37.0554],[-1.50208,37.05547],[-1.49792,37.05499],[-1.49375,37.05472],[-1.48958,37.05498],[-1.48542,37.05536],[-1.48142,37.05625],[-1.48125,37.05629],[-1.47708,37.05776],[-1.47292,37.05984],[-1.47182,37.06042],[-1.46875,37.06198],[-1.46458,37.06412],[-1.46288,37.06458],[-1.46042,37.06539],[-1.45625,37.06619],[-1.45208,37.06822],[-1.45134,37.06875],[-1.44792,37.07109],[-1.44375,37.07288],[-1.44349,37.07292],[-1.43958,37.07333],[-1.43542,37.07378],[-1.43125,37.0739],[-1.42708,37.07308],[-1.42292,37.07327],[-1.41917,37.07292],[-1.41875,37.07287],[-1.41458,37.07214],[-1.41042,37.07138],[-1.40693,37.07292],[-1.40625,37.07313],[-1.40208,37.07369],[-1.39792,37.07343],[-1.39375,37.07362],[-1.38958,37.07412],[-1.38542,37.0742],[-1.38125,37.07413],[-1.37708,37.07477],[-1.37513,37.07708],[-1.37292,37.07774],[-1.36875,37.07738],[-1.36833,37.07708],[-1.36875,37.07629],[-1.37147,37.07292],[-1.37292,37.07188],[-1.37708,37.07074],[-1.37963,37.06875],[-1.38125,37.06792],[-1.38542,37.06547],[-1.38654,37.06458],[-1.38958,37.0625],[-1.39375,37.06072],[-1.39458,37.06042],[-1.39792,37.0589],[-1.40208,37.058],[-1.40625,37.05708],[-1.40875,37.05625],[-1.41042,37.05493],[-1.4136,37.05208],[-1.41458,37.04875],[-1.41488,37.04792],[-1.41458,37.04583],[-1.41354,37.04375],[-1.41042,37.04261],[-1.40671,37.03958],[-1.40667,37.03542],[-1.40671,37.03125],[-1.40625,37.02917],[-1.40573,37.02708],[-1.40625,37.02292],[-1.40583,37.01875],[-1.4025,37.01458],[-1.40208,37.01406],[-1.39943,37.01042],[-1.39792,37.00944],[-1.39375,37.00819],[-1.38958,37.00755],[-1.3858,37.00625],[-1.38542,37.00556],[-1.38381,37.00208],[-1.38125,36.99905],[-1.38051,36.99792],[-1.37752,36.99375],[-1.37708,36.99319],[-1.37347,36.98958],[-1.37292,36.98854],[-1.37113,36.98542],[-1.37292,36.98125],[-1.37708,36.97928],[-1.38125,36.97826],[-1.38542,36.97766],[-1.38672,36.97708],[-1.38958,36.97439],[-1.39167,36.97292],[-1.39261,36.96875],[-1.38958,36.96542],[-1.38866,36.96458],[-1.38542,36.96342],[-1.38125,36.96121],[-1.38014,36.96042],[-1.37708,36.95714],[-1.37646,36.95625],[-1.37708,36.95446],[-1.37875,36.95208],[-1.38125,36.95165],[-1.38542,36.95008],[-1.38875,36.94792],[-1.38958,36.94749],[-1.39375,36.94532],[-1.39792,36.94408],[-1.40069,36.94375],[-1.40208,36.9435],[-1.40625,36.94003],[-1.4067,36.93958],[-1.40911,36.93542],[-1.40768,36.93125],[-1.40625,36.92896],[-1.40208,36.92774],[-1.39792,36.92814],[-1.39602,36.92708],[-1.39375,36.92555],[-1.3916,36.92292],[-1.39097,36.91875],[-1.39375,36.91611],[-1.39461,36.91458],[-1.39784,36.91042],[-1.39792,36.91035],[-1.40208,36.9097],[-1.40625,36.90886],[-1.40984,36.90625],[-1.40961,36.90208],[-1.41035,36.89792],[-1.41042,36.89782],[-1.41416,36.89375],[-1.41458,36.89339],[-1.41709,36.88958],[-1.4181,36.88542],[-1.41875,36.88389],[-1.42014,36.88125],[-1.42111,36.87708],[-1.42292,36.87361],[-1.42314,36.87292],[-1.42515,36.86875],[-1.42708,36.86805],[-1.42889,36.86875],[-1.43125,36.86958],[-1.43542,36.8705],[-1.43693,36.86875],[-1.43655,36.86458],[-1.43691,36.86042],[-1.43958,36.85644],[-1.43976,36.85625],[-1.44342,36.85208],[-1.44375,36.85052],[-1.4442,36.84792],[-1.44792,36.84512],[-1.45208,36.8449],[-1.45625,36.84538],[-1.46042,36.84703],[-1.46458,36.84452],[-1.46487,36.84375],[-1.46458,36.84236],[-1.46404,36.83958],[-1.46368,36.83542],[-1.46404,36.83125],[-1.46458,36.83051],[-1.46813,36.82708],[-1.46875,36.82633],[-1.47117,36.82292],[-1.47292,36.8216],[-1.47708,36.81969],[-1.48125,36.82006],[-1.48542,36.82129],[-1.48867,36.81875],[-1.48728,36.81458],[-1.48542,36.81123],[-1.48465,36.81042],[-1.48125,36.80802],[-1.47879,36.80625],[-1.47796,36.80208],[-1.48125,36.79937],[-1.48542,36.8],[-1.48958,36.79861],[-1.49375,36.79837],[-1.49792,36.7997],[-1.50208,36.80089],[-1.50517,36.79792],[-1.50575,36.79375],[-1.50625,36.79167],[-1.50692,36.78958],[-1.50718,36.78542],[-1.50637,36.78125],[-1.50658,36.77708],[-1.50995,36.77292],[-1.51042,36.77173],[-1.51136,36.76875],[-1.51104,36.76458],[-1.51167,36.76042],[-1.51108,36.75625],[-1.51042,36.7544],[-1.50937,36.75208],[-1.50844,36.74792],[-1.50986,36.74375],[-1.51042,36.74323],[-1.51458,36.7409],[-1.51736,36.73958],[-1.51875,36.7378],[-1.52027,36.73542],[-1.52125,36.73125],[-1.5225,36.72708],[-1.52292,36.72625],[-1.52384,36.72292],[-1.52379,36.71875],[-1.5237,36.71458],[-1.5242,36.71042],[-1.52292,36.70708],[-1.5224,36.70625],[-1.52135,36.70208],[-1.52292,36.69958],[-1.52396,36.69792],[-1.52519,36.69375],[-1.52595,36.68958],[-1.52685,36.68542],[-1.52708,36.68403],[-1.52792,36.68125],[-1.53125,36.67986],[-1.53442,36.67708],[-1.53542,36.67668],[-1.53958,36.67325],[-1.54024,36.67292],[-1.54375,36.67153],[-1.54792,36.66977],[-1.55023,36.66875],[-1.55208,36.66813],[-1.55625,36.66594],[-1.55814,36.66458],[-1.56042,36.66329],[-1.56389,36.66042],[-1.56458,36.66007],[-1.56875,36.65855],[-1.57292,36.65714],[-1.57625,36.65625],[-1.57708,36.65607],[-1.58125,36.65527],[-1.58542,36.65438],[-1.58958,36.65406],[-1.59375,36.6533],[-1.59792,36.65354],[-1.60208,36.65333],[-1.60625,36.65276],[-1.61042,36.65267],[-1.61458,36.6525],[-1.61875,36.65247],[-1.62292,36.65269],[-1.62708,36.65242],[-1.63125,36.65217],[-1.63244,36.65208],[-1.63125,36.65],[-1.63049,36.64792],[-1.62708,36.64717],[-1.62292,36.64604],[-1.61875,36.64514],[-1.61458,36.644],[-1.61302,36.64375],[-1.61042,36.64344],[-1.60625,36.64324],[-1.60208,36.64272],[-1.59792,36.64246],[-1.59375,36.64207],[-1.58958,36.64197],[-1.58542,36.6418],[-1.58125,36.64174],[-1.57708,36.64177],[-1.57292,36.64164],[-1.56875,36.642],[-1.56458,36.64228],[-1.56042,36.64142],[-1.55625,36.64088],[-1.55208,36.64055],[-1.54792,36.64042],[-1.54375,36.63958],[-1.53958,36.63724],[-1.53542,36.63542],[-1.53148,36.63125],[-1.53125,36.63102],[-1.52708,36.62966],[-1.52292,36.62817],[-1.52187,36.62708],[-1.51875,36.62292],[-1.51597,36.61875],[-1.51458,36.61736],[-1.51042,36.61608],[-1.50625,36.61492],[-1.50347,36.61458],[-1.50208,36.61436],[-1.49792,36.61333],[-1.49468,36.61042],[-1.49375,36.60954],[-1.48984,36.60625],[-1.48958,36.606],[-1.48542,36.60605],[-1.48437,36.60625],[-1.48125,36.60662],[-1.47708,36.6077],[-1.47448,36.61042],[-1.47292,36.61176],[-1.46875,36.61319],[-1.46679,36.61458],[-1.46458,36.61629],[-1.46042,36.6163],[-1.45625,36.61512],[-1.45208,36.615],[-1.44792,36.61829],[-1.44754,36.61875],[-1.44446,36.62292],[-1.44375,36.62385],[-1.4419,36.62708],[-1.43958,36.62853],[-1.43822,36.62708],[-1.43715,36.62292],[-1.43693,36.61875],[-1.43848,36.61458],[-1.43958,36.61261],[-1.4404,36.61042],[-1.44294,36.60625],[-1.44375,36.60486],[-1.44468,36.60208],[-1.44433,36.59792],[-1.44375,36.59609],[-1.44241,36.59375],[-1.43958,36.59102],[-1.43542,36.59],[-1.43125,36.58958],[-1.42708,36.58875],[-1.42292,36.58606],[-1.42153,36.58542],[-1.41875,36.58375],[-1.41696,36.58125],[-1.41458,36.57895],[-1.41042,36.58027],[-1.40625,36.58119],[-1.40208,36.58092],[-1.39792,36.57743],[-1.39375,36.57858],[-1.38958,36.5776],[-1.38542,36.58093],[-1.38525,36.58125],[-1.38276,36.58542],[-1.38125,36.58691],[-1.37708,36.58865],[-1.37292,36.58764],[-1.36875,36.58801],[-1.36458,36.5879],[-1.3608,36.58958],[-1.36042,36.58979],[-1.35781,36.59375],[-1.35625,36.59638],[-1.35514,36.59792],[-1.35296,36.60208],[-1.35208,36.60356],[-1.35014,36.60625],[-1.34792,36.60842],[-1.3461,36.60625],[-1.34568,36.60208],[-1.34472,36.59792],[-1.34375,36.5969],[-1.33958,36.59521],[-1.33542,36.59544],[-1.33125,36.59578],[-1.32734,36.59375],[-1.32708,36.59318],[-1.32642,36.58958],[-1.32708,36.58805],[-1.32854,36.58542],[-1.33125,36.58198],[-1.33234,36.58125],[-1.33542,36.57881],[-1.33667,36.57708],[-1.33894,36.57292],[-1.33958,36.57164],[-1.34124,36.56875],[-1.34341,36.56458],[-1.34344,36.56042],[-1.34375,36.55781],[-1.34388,36.55625],[-1.34523,36.55208],[-1.34792,36.548],[-1.35208,36.5488],[-1.35625,36.54981],[-1.35865,36.55208],[-1.36042,36.55519],[-1.36202,36.55625],[-1.36458,36.5571],[-1.36875,36.55765],[-1.37292,36.55833],[-1.37708,36.55836],[-1.38125,36.55718],[-1.38542,36.5584],[-1.38877,36.56042],[-1.38958,36.56115],[-1.39375,36.56203],[-1.39669,36.56042],[-1.39792,36.55911],[-1.39991,36.55625],[-1.39909,36.55208],[-1.40008,36.54792],[-1.40208,36.54657],[-1.40374,36.54375],[-1.40255,36.53958],[-1.40208,36.53792],[-1.40008,36.53542],[-1.39792,36.53465],[-1.39375,36.53207],[-1.39212,36.53125],[-1.39375,36.52955],[-1.39433,36.52708],[-1.39792,36.52432],[-1.40026,36.52292],[-1.40208,36.52181],[-1.40625,36.5216],[-1.41007,36.51875],[-1.41042,36.51845],[-1.41458,36.51628],[-1.41875,36.51575],[-1.42292,36.51472],[-1.42336,36.51458],[-1.42708,36.5131],[-1.43125,36.51053],[-1.43144,36.51042],[-1.43542,36.50888],[-1.43958,36.50711],[-1.44375,36.50681],[-1.44792,36.50783],[-1.45208,36.5068],[-1.45625,36.50726],[-1.45956,36.50625],[-1.46042,36.50595],[-1.46458,36.50617],[-1.4647,36.50625],[-1.46875,36.50836],[-1.47292,36.51027],[-1.47315,36.51042],[-1.47573,36.51458],[-1.47708,36.51701],[-1.47901,36.51875],[-1.48125,36.52008],[-1.48432,36.52292],[-1.48542,36.52378],[-1.48958,36.52524],[-1.49375,36.52454],[-1.49792,36.52316],[-1.49863,36.52292],[-1.50208,36.52023],[-1.5033,36.51875],[-1.50625,36.51704],[-1.51042,36.5156],[-1.51141,36.51458],[-1.51289,36.51042],[-1.51458,36.50863],[-1.51654,36.50625],[-1.51852,36.50208],[-1.51875,36.50192],[-1.52292,36.50199],[-1.52708,36.49896],[-1.53006,36.49792],[-1.53125,36.49762],[-1.53304,36.49792],[-1.53542,36.49831],[-1.53958,36.49987],[-1.54375,36.49828],[-1.54792,36.49872],[-1.55208,36.49815],[-1.55318,36.49792],[-1.55608,36.49375],[-1.55438,36.48958],[-1.55267,36.48542],[-1.55208,36.48299],[-1.55156,36.48125],[-1.55208,36.48023],[-1.55625,36.47816],[-1.56042,36.47738],[-1.56458,36.47864],[-1.56875,36.47819],[-1.5726,36.47708],[-1.57292,36.47699],[-1.57431,36.47708],[-1.57708,36.47725],[-1.58125,36.47732],[-1.58189,36.47708],[-1.58542,36.47581],[-1.58958,36.47375],[-1.59075,36.47292],[-1.59375,36.46992],[-1.59792,36.46898],[-1.59817,36.46875],[-1.60208,36.46552],[-1.60282,36.46458],[-1.60625,36.46101],[-1.60737,36.46042],[-1.61042,36.45916],[-1.61458,36.45826],[-1.61833,36.45625],[-1.61875,36.45446],[-1.61921,36.45208],[-1.62019,36.44792],[-1.61952,36.44375],[-1.61875,36.44077],[-1.61835,36.43958],[-1.61875,36.43839],[-1.62064,36.43542],[-1.62292,36.43458],[-1.62708,36.43185],[-1.62746,36.43125],[-1.62708,36.42917],[-1.62682,36.42708],[-1.62708,36.42604],[-1.62986,36.42292],[-1.63125,36.42229],[-1.63542,36.41984],[-1.63819,36.41875],[-1.63958,36.41801],[-1.64375,36.41493],[-1.64407,36.41458],[-1.64375,36.41319],[-1.64323,36.41042],[-1.64141,36.40625],[-1.64097,36.40208],[-1.64083,36.39792],[-1.64,36.39375],[-1.63958,36.38958],[-1.64,36.38542],[-1.64,36.38125],[-1.63958,36.37708],[-1.63542,36.37367],[-1.63472,36.37292],[-1.63125,36.36944],[-1.63032,36.36875],[-1.62801,36.36458],[-1.62847,36.36042],[-1.62958,36.35625],[-1.63125,36.35208],[-1.63482,36.34792],[-1.63542,36.34736],[-1.63958,36.34609],[-1.64375,36.34531],[-1.64792,36.3456],[-1.65208,36.34606],[-1.65625,36.3462],[-1.66042,36.34694],[-1.66458,36.34643],[-1.66875,36.34618],[-1.67292,36.34531],[-1.675,36.34375],[-1.67708,36.34125],[-1.67827,36.33958],[-1.68065,36.33542],[-1.68125,36.33458],[-1.68403,36.33125],[-1.68472,36.32708],[-1.68208,36.32292],[-1.68125,36.32232],[-1.67708,36.3206],[-1.67292,36.31913],[-1.67222,36.31875],[-1.66875,36.31667],[-1.66458,36.31458],[-1.6628,36.31042],[-1.66399,36.30625],[-1.66458,36.30486],[-1.66736,36.30208],[-1.66875,36.30104],[-1.67187,36.29792],[-1.67292,36.29722],[-1.67708,36.29375],[-1.68125,36.29137],[-1.68375,36.28958],[-1.68542,36.28792],[-1.68958,36.28542],[-1.69236,36.28125],[-1.69375,36.27708],[-1.69167,36.27292],[-1.68958,36.26875],[-1.68542,36.26458],[-1.68292,36.26042],[-1.68125,36.25625],[-1.67708,36.25208],[-1.67292,36.24844],[-1.67222,36.24792],[-1.66875,36.24618],[-1.66458,36.24514],[-1.66042,36.24375],[-1.65625,36.24252],[-1.65208,36.24151],[-1.64792,36.24115],[-1.64375,36.24054],[-1.64062,36.23958],[-1.63958,36.23917],[-1.63542,36.23693],[-1.63403,36.23542],[-1.63213,36.23125],[-1.63212,36.22708],[-1.63125,36.22361],[-1.63095,36.22292],[-1.62708,36.21875],[-1.62292,36.21502],[-1.62208,36.21458],[-1.61875,36.2122],[-1.61708,36.21042],[-1.61615,36.20625],[-1.61458,36.20284],[-1.61383,36.20208],[-1.61042,36.20021],[-1.60625,36.19836],[-1.60569,36.19792],[-1.60208,36.19545],[-1.5992,36.19375],[-1.59792,36.19282],[-1.59375,36.192],[-1.58958,36.19144],[-1.58542,36.19053],[-1.58194,36.18958],[-1.58125,36.18929],[-1.57708,36.1872],[-1.57431,36.18542],[-1.57292,36.18452],[-1.56964,36.18125],[-1.56875,36.18077],[-1.56458,36.18021],[-1.56042,36.17991],[-1.55625,36.17942],[-1.55208,36.17871],[-1.54792,36.17824],[-1.5456,36.17708],[-1.54375,36.17569],[-1.53958,36.17314],[-1.53924,36.17292],[-1.53866,36.16875],[-1.53958,36.16771],[-1.54375,36.16458],[-1.54792,36.16181],[-1.54931,36.16042],[-1.55208,36.15833],[-1.55417,36.15625],[-1.55542,36.15208],[-1.55562,36.14792],[-1.55561,36.14375],[-1.55625,36.14318],[-1.56042,36.14334],[-1.56458,36.1435],[-1.56875,36.14364],[-1.57292,36.14363],[-1.57396,36.14375],[-1.57708,36.14514],[-1.58125,36.14663],[-1.58542,36.14767],[-1.58625,36.14792],[-1.58958,36.14867],[-1.59375,36.14973],[-1.59792,36.15019],[-1.60208,36.15033],[-1.60625,36.15181],[-1.60729,36.15208],[-1.61042,36.15322],[-1.61458,36.15469],[-1.61875,36.15521],[-1.62292,36.15506],[-1.62708,36.15486],[-1.63125,36.15542],[-1.63542,36.15486],[-1.63958,36.15375],[-1.64167,36.15208],[-1.64375,36.15104],[-1.64792,36.14896],[-1.65069,36.14792],[-1.65208,36.14769],[-1.65625,36.14704],[-1.66042,36.14676],[-1.66458,36.14635],[-1.66875,36.14583],[-1.67292,36.14542],[-1.67708,36.14573],[-1.68125,36.14606],[-1.68542,36.14622],[-1.68958,36.14611],[-1.69375,36.14575],[-1.69792,36.14542],[-1.70208,36.14417],[-1.70625,36.14375],[-1.71042,36.14253],[-1.71458,36.14159],[-1.71875,36.14147],[-1.72292,36.1416],[-1.72708,36.14135],[-1.73125,36.14047],[-1.73542,36.14023],[-1.73958,36.14056],[-1.74375,36.14054],[-1.74792,36.14056],[-1.75208,36.14081],[-1.75625,36.14106],[-1.76042,36.14167],[-1.76458,36.14236],[-1.76875,36.14221],[-1.77292,36.14167],[-1.77708,36.14131],[-1.78125,36.14054],[-1.78542,36.1398],[-1.7875,36.13958],[-1.78958,36.13935],[-1.79375,36.13823],[-1.79792,36.1374],[-1.80139,36.13542],[-1.80208,36.13495],[-1.80625,36.13363],[-1.81042,36.13236],[-1.81403,36.13125],[-1.81458,36.131],[-1.81875,36.12912],[-1.82292,36.12754],[-1.82388,36.12708],[-1.82708,36.1247],[-1.83125,36.12337],[-1.83292,36.12292],[-1.83542,36.11979],[-1.83617,36.11875],[-1.83958,36.11458],[-1.84375,36.11131],[-1.84554,36.11042],[-1.84792,36.10903],[-1.85208,36.10625],[-1.85565,36.10208],[-1.85625,36.10139],[-1.85856,36.09792],[-1.86042,36.09514],[-1.86161,36.09375],[-1.86458,36.09186],[-1.86771,36.08958],[-1.86875,36.08889],[-1.87292,36.08681],[-1.87708,36.08542],[-1.88125,36.0849],[-1.88542,36.08385],[-1.88958,36.08356],[-1.89375,36.08333],[-1.89792,36.08177],[-1.9,36.08125],[-1.90208,36.08073],[-1.90625,36.07986],[-1.91042,36.07875],[-1.91458,36.07833],[-1.91875,36.07792],[-1.92042,36.07708],[-1.92292,36.07569],[-1.92708,36.07458],[-1.93125,36.07338],[-1.93229,36.07292],[-1.93542,36.06979],[-1.93646,36.06875],[-1.93958,36.06458],[-1.94236,36.06042],[-1.94375,36.05625],[-1.94062,36.05208],[-1.93958,36.05139],[-1.93542,36.04896],[-1.93333,36.04792],[-1.93125,36.04653],[-1.92708,36.04375],[-1.92812,36.03958],[-1.93125,36.03542],[-1.93333,36.03125],[-1.93264,36.02708],[-1.93125,36.025],[-1.92917,36.02292],[-1.92708,36.02153],[-1.92431,36.01875],[-1.92292,36.01736],[-1.91875,36.01458],[-1.91458,36.01458],[-1.91042,36.01319],[-1.90625,36.01181],[-1.90417,36.01042],[-1.90208,36.00982],[-1.89792,36.00885],[-1.89375,36.00685],[-1.89292,36.00625],[-1.88958,36.00347],[-1.88819,36.00208],[-1.88542,36],[-1.88125,35.99977],[-1.87708,35.99931],[-1.87292,35.99917],[-1.87042,35.99792],[-1.86875,35.99699],[-1.86458,35.9956],[-1.86042,35.99468],[-1.85903,35.99375],[-1.85625,35.99223],[-1.85208,35.98958],[-1.84792,35.98681],[-1.84375,35.98542],[-1.83958,35.98333],[-1.83727,35.98125],[-1.83542,35.9794],[-1.83125,35.97822],[-1.82917,35.97708],[-1.82708,35.97595],[-1.82292,35.97381],[-1.81875,35.97292],[-1.81458,35.97099],[-1.81042,35.97031],[-1.80625,35.96973],[-1.80387,35.96875],[-1.80208,35.96786],[-1.79792,35.96587],[-1.79375,35.96542],[-1.78958,35.96458],[-1.78542,35.96431],[-1.78403,35.96458],[-1.78125,35.96528],[-1.77708,35.96597],[-1.77292,35.96708],[-1.77083,35.96875],[-1.76875,35.97003],[-1.76458,35.97163],[-1.76042,35.97292],[-1.75625,35.97236],[-1.75208,35.97143],[-1.74792,35.9712],[-1.74375,35.97153],[-1.74144,35.97292],[-1.73958,35.97367],[-1.73646,35.97708],[-1.73542,35.97917],[-1.73514,35.98125],[-1.73365,35.98542],[-1.73125,35.9875],[-1.72925,35.98958],[-1.72708,35.99131],[-1.72292,35.99338],[-1.71875,35.99303],[-1.71458,35.99306],[-1.71042,35.99352],[-1.70625,35.99333],[-1.70208,35.99315],[-1.69792,35.99227],[-1.69375,35.99029],[-1.69273,35.98958],[-1.68958,35.9875],[-1.68542,35.98623],[-1.68181,35.98542],[-1.68125,35.98532],[-1.67847,35.98542],[-1.67708,35.98551],[-1.67292,35.98812],[-1.67067,35.98958],[-1.66875,35.99101],[-1.66458,35.98958],[-1.66042,35.99016],[-1.65625,35.99101],[-1.65208,35.99147],[-1.64792,35.99097],[-1.64613,35.98958],[-1.64676,35.98542],[-1.64792,35.98419],[-1.6503,35.98125],[-1.65188,35.97708],[-1.65208,35.97604],[-1.65286,35.97292],[-1.65208,35.96979],[-1.6517,35.96875],[-1.64792,35.9663],[-1.64468,35.96458],[-1.64375,35.96414],[-1.63958,35.96319],[-1.63542,35.96277],[-1.63125,35.96083],[-1.63006,35.96042],[-1.62708,35.95911],[-1.62292,35.95799],[-1.61875,35.95753],[-1.61458,35.95625],[-1.61042,35.95375],[-1.60708,35.95208],[-1.60625,35.95156],[-1.60208,35.94861],[-1.60104,35.94792],[-1.59792,35.94479],[-1.59375,35.94375],[-1.58958,35.94167],[-1.58681,35.93958],[-1.58542,35.9375],[-1.58423,35.93542],[-1.58194,35.93125],[-1.58125,35.93042],[-1.57847,35.92708],[-1.57708,35.92604],[-1.57351,35.92292],[-1.57292,35.9224],[-1.56875,35.91994],[-1.56708,35.91875],[-1.56458,35.91719],[-1.56111,35.91458],[-1.56042,35.91389],[-1.55625,35.9125],[-1.55208,35.91111],[-1.55,35.91042],[-1.54792,35.91004],[-1.54375,35.9081],[-1.54042,35.90625],[-1.53958,35.90565],[-1.53681,35.90208],[-1.53542,35.9003],[-1.53264,35.89792],[-1.53125,35.89699],[-1.52708,35.89514],[-1.52292,35.89489],[-1.51875,35.89567],[-1.51458,35.89567],[-1.51042,35.89542],[-1.50625,35.89458],[-1.50511,35.89375],[-1.50208,35.89216],[-1.49792,35.89148],[-1.49375,35.89058],[-1.49062,35.88958],[-1.48958,35.88917],[-1.48601,35.88542],[-1.48542,35.88458],[-1.48324,35.88125],[-1.48125,35.87949],[-1.47708,35.87743],[-1.47292,35.87996],[-1.47135,35.88125],[-1.46875,35.88341],[-1.46458,35.88448],[-1.46134,35.88542],[-1.46042,35.88571],[-1.45625,35.88681],[-1.45208,35.88716],[-1.44792,35.88722],[-1.44375,35.88808],[-1.44087,35.88958],[-1.43958,35.89051],[-1.43542,35.8912],[-1.43125,35.89067],[-1.42708,35.89107],[-1.425,35.89375],[-1.42298,35.89792],[-1.42292,35.89802],[-1.42283,35.89792],[-1.42062,35.89375],[-1.41875,35.89188],[-1.41654,35.88958],[-1.41458,35.88708],[-1.41192,35.88542],[-1.41042,35.88438],[-1.40679,35.88125],[-1.40625,35.88091],[-1.40208,35.87923],[-1.39792,35.87884],[-1.39583,35.87708],[-1.39611,35.87292],[-1.39375,35.87098],[-1.38958,35.86875],[-1.38542,35.86489],[-1.38516,35.86458],[-1.38435,35.86042],[-1.38194,35.85625],[-1.38125,35.85502],[-1.37964,35.85208],[-1.37708,35.84953],[-1.37292,35.85098],[-1.37132,35.85208],[-1.36875,35.85373],[-1.36542,35.85625],[-1.36458,35.85679],[-1.36042,35.85818],[-1.35907,35.85625],[-1.3568,35.85208],[-1.35625,35.8503],[-1.35553,35.84792],[-1.35463,35.84375],[-1.35208,35.84315],[-1.35065,35.84375],[-1.34792,35.84484],[-1.34375,35.84617],[-1.33958,35.84661],[-1.33542,35.84493],[-1.33125,35.84632],[-1.32708,35.84397],[-1.32292,35.84466],[-1.31875,35.84615],[-1.31576,35.84375],[-1.31458,35.84345],[-1.31042,35.84357],[-1.30625,35.84325],[-1.30208,35.84188],[-1.2989,35.83958],[-1.29792,35.83893],[-1.29375,35.83654],[-1.2928,35.83542],[-1.28958,35.83223],[-1.28542,35.83324],[-1.28125,35.83504],[-1.27708,35.8336],[-1.27292,35.83433],[-1.27052,35.83542],[-1.26875,35.83674],[-1.26603,35.83958],[-1.26458,35.8404],[-1.26042,35.83999],[-1.25625,35.83984],[-1.25545,35.83958],[-1.25208,35.83857],[-1.24792,35.83905],[-1.24375,35.83958],[-1.24144,35.83542],[-1.23966,35.83125],[-1.23958,35.83109],[-1.23732,35.82708],[-1.23542,35.825],[-1.23161,35.82292],[-1.23125,35.82279],[-1.22708,35.82159],[-1.22292,35.82118],[-1.21875,35.82151],[-1.21458,35.82179],[-1.21042,35.82201],[-1.20625,35.82208],[-1.20208,35.82218],[-1.19792,35.82259],[-1.19602,35.82292],[-1.19375,35.82334],[-1.18958,35.82431],[-1.18542,35.8251],[-1.18125,35.82624],[-1.17931,35.82708],[-1.17708,35.82805],[-1.17292,35.83025],[-1.17123,35.83125],[-1.16875,35.83264],[-1.16458,35.83525],[-1.16435,35.83542],[-1.16042,35.83848],[-1.15882,35.83958],[-1.15625,35.8403],[-1.15208,35.84229],[-1.14792,35.84259],[-1.14375,35.84265],[-1.13958,35.8424],[-1.13542,35.84175],[-1.13125,35.84112],[-1.12708,35.84056],[-1.12292,35.83998],[-1.11989,35.83958],[-1.11875,35.83941],[-1.11458,35.83904],[-1.11042,35.83897],[-1.10625,35.83879],[-1.10208,35.83833],[-1.09792,35.83758],[-1.09375,35.83834],[-1.09193,35.83958],[-1.08958,35.84097],[-1.08542,35.84299],[-1.08125,35.84375],[-1.07708,35.84369],[-1.07292,35.84292],[-1.06875,35.84128],[-1.06458,35.83958],[-1.06042,35.83843],[-1.05625,35.83694],[-1.05208,35.83554],[-1.05159,35.83542],[-1.04792,35.83462],[-1.04375,35.83352],[-1.03958,35.83143],[-1.03927,35.83125],[-1.03542,35.82766],[-1.03413,35.82708],[-1.03125,35.82635],[-1.02708,35.82545],[-1.02292,35.82482],[-1.01875,35.82474],[-1.01458,35.82496],[-1.01042,35.82484],[-1.00625,35.82446],[-1.00208,35.82401],[-0.99792,35.82393],[-0.99375,35.82565],[-0.99262,35.82708],[-0.99084,35.83125],[-0.99047,35.83542],[-0.99046,35.83958],[-0.98958,35.84375],[-0.98811,35.84792],[-0.98542,35.85108],[-0.98125,35.8516],[-0.97708,35.85055],[-0.97292,35.84909],[-0.96875,35.84803],[-0.96458,35.85042],[-0.96332,35.85208],[-0.96042,35.8547],[-0.95665,35.85625],[-0.95625,35.85645],[-0.95458,35.85625],[-0.95208,35.85604],[-0.94792,35.85451],[-0.94375,35.85232],[-0.94312,35.85208],[-0.93958,35.85036],[-0.93542,35.84974],[-0.93185,35.85208],[-0.93125,35.85256],[-0.92843,35.85625],[-0.92708,35.85833],[-0.92509,35.86042],[-0.92292,35.86181],[-0.91875,35.86201],[-0.91458,35.86095],[-0.91181,35.86042],[-0.91042,35.86026],[-0.90764,35.86042],[-0.90625,35.86052],[-0.90208,35.86087],[-0.89792,35.86115],[-0.89375,35.86188],[-0.88958,35.86307],[-0.88542,35.86389],[-0.88125,35.86409],[-0.87708,35.86411],[-0.87569,35.86458],[-0.87292,35.86577],[-0.86875,35.86799],[-0.86458,35.86806],[-0.86042,35.86731],[-0.85625,35.8671],[-0.85208,35.86789],[-0.84821,35.86875],[-0.84792,35.86885],[-0.84375,35.87027],[-0.83958,35.87156],[-0.83542,35.87164],[-0.83125,35.87098],[-0.82708,35.86983],[-0.82338,35.86875],[-0.82292,35.86868],[-0.81875,35.86782],[-0.81458,35.86599],[-0.81272,35.86458],[-0.81042,35.86253],[-0.80847,35.86042],[-0.80625,35.85857],[-0.80208,35.85659],[-0.79792,35.85633],[-0.79375,35.85767],[-0.78958,35.86024],[-0.78934,35.86042],[-0.78542,35.86367],[-0.78405,35.86458],[-0.78125,35.86653],[-0.77708,35.86822],[-0.77292,35.86862],[-0.76875,35.86789],[-0.76458,35.86624],[-0.76042,35.86476],[-0.75913,35.86458],[-0.75625,35.86403],[-0.75375,35.86458],[-0.75208,35.8649],[-0.74792,35.86715],[-0.74615,35.86875],[-0.74375,35.87101],[-0.74206,35.87292],[-0.73958,35.87629],[-0.73881,35.87708],[-0.73542,35.87975],[-0.73125,35.88116],[-0.73079,35.88125],[-0.72708,35.88214],[-0.72292,35.88289],[-0.71875,35.88349],[-0.71458,35.88412],[-0.71042,35.88506],[-0.70932,35.88542],[-0.70625,35.88636],[-0.70208,35.88797],[-0.69824,35.88958],[-0.69792,35.88968],[-0.69375,35.89071],[-0.68958,35.89129],[-0.68542,35.89227],[-0.68155,35.89375],[-0.68125,35.89388],[-0.67708,35.89553],[-0.67292,35.89664],[-0.66875,35.89679],[-0.66458,35.89565],[-0.66139,35.89375],[-0.66042,35.89305],[-0.65625,35.89218],[-0.65208,35.89359],[-0.65172,35.89375],[-0.64792,35.89594],[-0.64583,35.89792],[-0.64375,35.9002],[-0.64213,35.90208],[-0.63958,35.90463],[-0.63725,35.90625],[-0.63542,35.90713],[-0.63125,35.90777],[-0.62708,35.90784],[-0.62292,35.90775],[-0.61875,35.90843],[-0.61532,35.91042],[-0.61458,35.91117],[-0.61147,35.91458],[-0.61042,35.91554],[-0.60625,35.91841],[-0.60558,35.91875],[-0.60208,35.92036],[-0.59792,35.92161],[-0.59375,35.92258],[-0.59277,35.92292],[-0.58958,35.92474],[-0.58695,35.92708],[-0.58542,35.9295],[-0.58423,35.93125],[-0.58125,35.9346],[-0.58035,35.93542],[-0.57708,35.93698],[-0.57292,35.93853],[-0.56993,35.93958],[-0.56875,35.94005],[-0.56458,35.94124],[-0.56042,35.94215],[-0.55625,35.9434],[-0.55535,35.94375],[-0.55208,35.94524],[-0.54792,35.94669],[-0.54375,35.94781],[-0.54332,35.94792],[-0.53958,35.94894],[-0.53542,35.94987],[-0.53125,35.95075],[-0.52708,35.95149],[-0.52478,35.95208],[-0.52292,35.95285],[-0.51875,35.95557],[-0.51762,35.95625],[-0.51458,35.95836],[-0.51086,35.96042],[-0.51042,35.96075],[-0.50652,35.96458],[-0.50625,35.9649],[-0.5037,35.96875],[-0.50208,35.97098],[-0.5005,35.97292],[-0.49792,35.97546],[-0.4958,35.97708],[-0.49375,35.97844],[-0.48958,35.98059],[-0.48712,35.98125],[-0.48542,35.98155],[-0.48125,35.98235],[-0.47708,35.98337],[-0.47292,35.98502],[-0.4722,35.98542],[-0.46875,35.98741],[-0.46458,35.98942],[-0.46418,35.98958],[-0.46042,35.99094],[-0.45625,35.9922],[-0.45208,35.99371],[-0.452,35.99375],[-0.44792,35.99559],[-0.44375,35.99788],[-0.4437,35.99792],[-0.43958,36.00011],[-0.43542,36.00187],[-0.43488,36.00208],[-0.43125,36.00415],[-0.42721,36.00625],[-0.42708,36.00637],[-0.42377,36.01042],[-0.42292,36.01164],[-0.42088,36.01458],[-0.41875,36.01682],[-0.41573,36.01875],[-0.41458,36.01935],[-0.41042,36.02035],[-0.40625,36.0203],[-0.40208,36.01933],[-0.39958,36.01875],[-0.39792,36.01829],[-0.39375,36.01853],[-0.39315,36.01875],[-0.38958,36.02063],[-0.38723,36.02292],[-0.38542,36.02439],[-0.38125,36.02646],[-0.37917,36.02708],[-0.37708,36.02765],[-0.37292,36.02938],[-0.37087,36.03125],[-0.36875,36.03467],[-0.36846,36.03542],[-0.36757,36.03958],[-0.36599,36.04375],[-0.36458,36.04578],[-0.36267,36.04792],[-0.36042,36.04969],[-0.35625,36.05199],[-0.35604,36.05208],[-0.35208,36.05274],[-0.34792,36.05552],[-0.34685,36.05625],[-0.34375,36.05929],[-0.34278,36.06042],[-0.33958,36.06425],[-0.33929,36.06458],[-0.33542,36.06782],[-0.33389,36.06875],[-0.33125,36.07056],[-0.32863,36.07292],[-0.32708,36.07341],[-0.32363,36.07708],[-0.32292,36.07816],[-0.31995,36.08125],[-0.31875,36.08221],[-0.31458,36.0829],[-0.31181,36.08542],[-0.31042,36.08774],[-0.30625,36.08937],[-0.30564,36.08958],[-0.30208,36.0917],[-0.29792,36.09143],[-0.29375,36.08965],[-0.29365,36.08958],[-0.28958,36.08639],[-0.28542,36.08798],[-0.28453,36.08958],[-0.28384,36.09375],[-0.28263,36.09792],[-0.28125,36.1],[-0.27894,36.10208],[-0.27783,36.10625],[-0.27808,36.11042],[-0.27708,36.11146],[-0.27409,36.11458],[-0.27292,36.11538],[-0.27193,36.11458],[-0.26875,36.11134],[-0.26804,36.11042],[-0.26458,36.10736],[-0.26379,36.10625],[-0.26222,36.10208],[-0.26042,36.09969],[-0.25882,36.09792],[-0.25625,36.0971],[-0.25208,36.09747],[-0.25,36.09792],[-0.25208,36.10144],[-0.25226,36.10208],[-0.25208,36.10301],[-0.25102,36.10625],[-0.25138,36.11042],[-0.24792,36.11416],[-0.24713,36.11458],[-0.24503,36.11875],[-0.24375,36.12027],[-0.24121,36.12292],[-0.24057,36.12708],[-0.23958,36.13051],[-0.23542,36.13079],[-0.23125,36.12929],[-0.22708,36.12857],[-0.22433,36.12708],[-0.22292,36.12627],[-0.21984,36.12292],[-0.21875,36.12243],[-0.21458,36.12196],[-0.21319,36.12292],[-0.21042,36.12596],[-0.2096,36.12708],[-0.2102,36.13125],[-0.21042,36.13167],[-0.21458,36.13264],[-0.21524,36.13542],[-0.21458,36.13912],[-0.21451,36.13958],[-0.21401,36.14375],[-0.21042,36.14561],[-0.20625,36.14777],[-0.20614,36.14792],[-0.20625,36.14803],[-0.21042,36.14987],[-0.21322,36.15208],[-0.21115,36.15625],[-0.21042,36.157],[-0.20716,36.16042],[-0.20625,36.16092],[-0.20208,36.16272],[-0.19792,36.16293],[-0.19375,36.16231],[-0.18958,36.1624],[-0.18542,36.16085],[-0.18125,36.16107],[-0.17745,36.16042],[-0.17708,36.16038],[-0.17667,36.16042],[-0.17544,36.16458],[-0.17708,36.1659],[-0.17942,36.16875],[-0.18071,36.17292],[-0.17983,36.17708],[-0.17708,36.17986],[-0.17579,36.18125],[-0.17292,36.18385],[-0.17157,36.18542],[-0.16875,36.18797],[-0.16527,36.18958],[-0.16458,36.18995],[-0.16042,36.19218],[-0.15812,36.19375],[-0.15625,36.1952],[-0.15264,36.19792],[-0.15208,36.19824],[-0.15021,36.19792],[-0.14792,36.19745],[-0.14375,36.19685],[-0.13958,36.19527],[-0.13542,36.19683],[-0.13444,36.19792],[-0.13194,36.20208],[-0.13125,36.2032],[-0.12708,36.20562],[-0.12292,36.20284],[-0.12181,36.20208],[-0.12106,36.19792],[-0.11875,36.1944],[-0.1158,36.19792],[-0.11597,36.20208],[-0.11458,36.2057],[-0.11438,36.20625],[-0.11042,36.20954],[-0.10625,36.20872],[-0.10208,36.20683],[-0.10113,36.20625],[-0.09792,36.20306],[-0.09458,36.20208],[-0.09375,36.2019],[-0.08958,36.20137],[-0.08689,36.20208],[-0.08731,36.20625],[-0.08958,36.20953],[-0.09008,36.21042],[-0.09375,36.2132],[-0.09495,36.21458],[-0.09566,36.21875],[-0.09662,36.22292],[-0.09578,36.22708],[-0.09449,36.23125],[-0.09375,36.23178],[-0.08958,36.23263],[-0.08562,36.23125],[-0.08542,36.23118],[-0.08125,36.23096],[-0.07708,36.2306],[-0.07292,36.23082],[-0.07139,36.23125],[-0.06875,36.2324],[-0.0663,36.23542],[-0.06516,36.23958],[-0.06458,36.24052],[-0.06199,36.24375],[-0.0605,36.24792],[-0.06042,36.24797],[-0.05625,36.24984],[-0.05274,36.25208],[-0.05208,36.25235],[-0.04792,36.25337],[-0.04375,36.25503],[-0.0412,36.25625],[-0.03958,36.2577],[-0.03757,36.26042],[-0.03542,36.2618],[-0.03125,36.26361],[-0.02895,36.26458],[-0.02708,36.26655],[-0.02562,36.26875],[-0.02292,36.27222],[-0.01875,36.27231],[-0.01764,36.27292],[-0.01458,36.27636],[-0.01385,36.27708],[-0.01042,36.28012],[-0.00899,36.28125],[-0.00625,36.28431],[-0.00504,36.28542],[-0.00208,36.28745],[0,36.28745]]},"properties":{"fid":884,"ID":883,"ELEV":-2000}},
{"type":"Feature","geometry":{"type":"LineString","coordinates":[[-7.24089,35.82292],[-7.24375,35.82108],[-7.24792,35.82129],[-7.25208,35.82094],[-7.25625,35.8206],[-7.26042,35.82153],[-7.26458,35.82031],[-7.26875,35.82216],[-7.27014,35.82292],[-7.26875,35.82339],[-7.26458,35.82399],[-7.26042,35.82344],[-7.25625,35.8244],[-7.25208,35.82402],[-7.24792,35.82436],[-7.24375,35.82521],[-7.24089,35.82292]]},"properties":{"fid":885,"ID":884,"ELEV":-1000}},
{"type":"Feature","geometry":{"type":"LineString","coordinates":[[-8.10625,35.80801],[-8.10278,35.81042],[-8.10208,35.81107],[-8.09838,35.81458],[-8.09792,35.81551],[-8.09646,35.81875],[-8.09792,35.8214],[-8.09858,35.82292],[-8.1,35.82708],[-8.10208,35.83021],[-8.10549,35.82708],[-8.10625,35.82672],[-8.1099,35.82292],[-8.11042,35.8224],[-8.11458,35.81917],[-8.11483,35.81875],[-8.11506,35.81458],[-8.11458,35.81302],[-8.11328,35.81042],[-8.11042,35.80907],[-8.10625,35.80801]]},"properties":{"fid":886,"ID":885,"ELEV":-2000}},
{"type":"Feature","geometry":{"type":"LineString","coordinates":[[-3.83346,35.80625],[-3.83542,35.80322],[-3.83958,35.80347],[-3.84375,35.80409],[-3.84524,35.80625],[-3.84375,35.80856],[-3.83958,35.80744],[-3.83542,35.80701],[-3.83346,35.80625]]},"properties":{"fid":887,"ID":886,"ELEV":-1000}},
{"type":"Feature","geometry":{"type":"LineString","coordinates":[[-8.16815,35.79792],[-8.16875,35.79782],[-8.16898,35.79792],[-8.17292,35.80185],[-8.17303,35.80208],[-8.17292,35.80219],[-8.16875,35.80336],[-8.16458,35.80339],[-8.16354,35.80208],[-8.16458,35.80019],[-8.16815,35.79792]]},"properties":{"fid":888,"ID":887,"ELEV":-2000}},
{"type":"Feature","geometry":{"type":"LineString","coordinates":[[-3.87027,35.78125],[-3.87292,35.77889],[-3.87708,35.77907],[-3.87981,35.78125],[-3.88125,35.78423],[-3.88184,35.78542],[-3.88246,35.78958],[-3.88125,35.79236],[-3.87969,35.79375],[-3.87708,35.7957],[-3.87517,35.79792],[-3.87292,35.80017],[-3.87214,35.80208],[-3.86875,35.80508],[-3.86573,35.80625],[-3.86458,35.80682],[-3.86401,35.80625],[-3.86042,35.80346],[-3.85888,35.80208],[-3.85625,35.79792],[-3.85731,35.79375],[-3.85949,35.78958],[-3.86042,35.78905],[-3.86458,35.78679],[-3.86615,35.78542],[-3.86875,35.78281],[-3.87027,35.78125]]},"properties":{"fid":889,"ID":888,"ELEV":-1000}},
{"type":"Feature","geometry":{"type":"LineString","coordinates":[[-6.99792,35.78125],[-7.00069,35.78542],[-6.99792,35.7878],[-6.99633,35.78542],[-6.99792,35.78125]]},"properties":{"fid":890,"ID":889,"ELEV":-1000}},
{"type":"Feature","geometry":{"type":"LineString","coordinates":[[-0.10208,35.76458],[-0.09792,35.76875],[-0.10208,35.77292],[-0.10625,35.76875],[-0.10208,35.76458]]},"properties":{"fid":891,"ID":890,"ELEV":0}},
{"type":"Feature","geometry":null,"properties":{"fid":892,"ID":891,"ELEV":0}},
{"type":"Feature","geometry":{"type":"LineString","coordinates":[[-6.98542,35.7599],[-6.98495,35.76042],[-6.98403,35.76458],[-6.98125,35.76761],[-6.98082,35.76875],[-6.98125,35.77188],[-6.98542,35.76994],[-6.98597,35.76875],[-6.98708,35.76458],[-6.98646,35.76042],[-6.98542,35.7599]]},"properties":{"fid":893,"ID":892,"ELEV":-1000}},
{"type":"Feature","geometry":{"type":"LineString","coordinates":[[-4.01342,35.74375],[-4.01458,35.74341],[-4.01875,35.74273],[-4.02292,35.74202],[-4.02708,35.74156],[-4.03125,35.74266],[-4.03382,35.74375],[-4.03542,35.74634],[-4.03869,35.74792],[-4.03958,35.74836],[-4.04375,35.75047],[-4.04638,35.75208],[-4.04792,35.75325],[-4.04958,35.75625],[-4.05208,35.75893],[-4.05492,35.76042],[-4.05596,35.76458],[-4.05625,35.76597],[-4.05645,35.76875],[-4.05706,35.77292],[-4.05625,35.775],[-4.05509,35.77708],[-4.05571,35.78125],[-4.05491,35.78542],[-4.05466,35.78958],[-4.05208,35.79319],[-4.04792,35.79375],[-4.04375,35.79574],[-4.03958,35.79792],[-4.03617,35.80208],[-4.03542,35.80327],[-4.03398,35.80625],[-4.03194,35.81042],[-4.03125,35.81131],[-4.02942,35.81458],[-4.02978,35.81875],[-4.03125,35.82027],[-4.0324,35.82292],[-4.03428,35.82708],[-4.03542,35.83094],[-4.03549,35.83125],[-4.0356,35.83542],[-4.03542,35.83589],[-4.03125,35.83934],[-4.03091,35.83958],[-4.02708,35.84232],[-4.02292,35.84369],[-4.01875,35.84355],[-4.01458,35.84238],[-4.01042,35.84163],[-4.00746,35.83958],[-4.00625,35.83798],[-4.00208,35.83613],[-4.00069,35.83542],[-3.99792,35.83373],[-3.99375,35.83248],[-3.98958,35.83353],[-3.98542,35.83367],[-3.98125,35.83285],[-3.97877,35.83125],[-3.97708,35.83055],[-3.97292,35.83061],[-3.96875,35.83047],[-3.96458,35.8307],[-3.96042,35.83112],[-3.95946,35.83125],[-3.95625,35.83238],[-3.95208,35.83305],[-3.94792,35.83214],[-3.94375,35.83125],[-3.93958,35.83243],[-3.93542,35.83309],[-3.93125,35.83381],[-3.92708,35.83473],[-3.92292,35.83382],[-3.91875,35.83288],[-3.91483,35.83125],[-3.91458,35.83111],[-3.91042,35.82917],[-3.90908,35.82708],[-3.90856,35.82292],[-3.90955,35.81875],[-3.90833,35.81458],[-3.90625,35.8127],[-3.90448,35.81042],[-3.90359,35.80625],[-3.90443,35.80208],[-3.90489,35.79792],[-3.90625,35.79567],[-3.9068,35.79375],[-3.90854,35.78958],[-3.91042,35.78842],[-3.91458,35.78729],[-3.91875,35.78671],[-3.92282,35.78542],[-3.92292,35.78536],[-3.92708,35.78289],[-3.92957,35.78125],[-3.93125,35.78022],[-3.93542,35.77967],[-3.93958,35.7804],[-3.94024,35.78125],[-3.94375,35.78421],[-3.94792,35.78402],[-3.95208,35.78381],[-3.95625,35.78379],[-3.96042,35.78485],[-3.96458,35.78264],[-3.9656,35.78125],[-3.96458,35.77934],[-3.9639,35.77708],[-3.96414,35.77292],[-3.96066,35.76875],[-3.96458,35.76828],[-3.96875,35.76729],[-3.97292,35.76635],[-3.97708,35.76611],[-3.98125,35.76512],[-3.98333,35.76458],[-3.98542,35.76344],[-3.9875,35.76042],[-3.98861,35.75625],[-3.9892,35.75208],[-3.98958,35.75146],[-3.99375,35.74947],[-3.99792,35.74841],[-3.99877,35.74792],[-4.00208,35.74688],[-4.00625,35.74599],[-4.01042,35.74533],[-4.01342,35.74375]]},"properties":{"fid":894,"ID":893,"ELEV":-1000}},
{"type":"Feature","geometry":{"type":"LineString","coordinates":[[-8.18958,35.73403],[-8.18681,35.73542],[-8.18958,35.73875],[-8.19196,35.73542],[-8.18958,35.73403]]},"properties":{"fid":895,"ID":894,"ELEV":-2000}},
{"type":"Feature","geometry":{"type":"LineString","coordinates":[[-1.11875,35.72708],[-1.12292,35.72804],[-1.12422,35.73125],[-1.12292,35.7317],[-1.12157,35.73125],[-1.11875,35.72708]]},"properties":{"fid":896,"ID":895,"ELEV":0}},
{"type":"Feature","geometry":null,"properties":{"fid":897,"ID":896,"ELEV":0}},
{"type":"Feature","geometry":{"type":"LineString","coordinates":[[-1.12708,35.72292],[-1.13125,35.71935],[-1.13542,35.72028],[-1.13872,35.72292],[-1.13542,35.72622],[-1.13411,35.72708],[-1.13125,35.72804],[-1.12708,35.72877],[-1.12361,35.72708],[-1.12708,35.72292]]},"properties":{"fid":898,"ID":897,"ELEV":0}},
{"type":"Feature","geometry":{"type":"LineString","coordinates":[[-0.14375,35.71458],[-0.13958,35.71875],[-0.13542,35.72292],[-0.13958,35.72708],[-0.13542,35.73125],[-0.13125,35.73125],[-0.13125,35.72708],[-0.12708,35.725],[-0.12292,35.72708],[-0.11875,35.72708],[-0.11458,35.73125],[-0.11458,35.73542],[-0.11042,35.73958],[-0.11042,35.74375],[-0.11042,35.74792],[-0.11042,35.75208],[-0.11458,35.75625],[-0.11042,35.76042],[-0.11042,35.76458],[-0.11042,35.76875],[-0.11042,35.77292],[-0.11389,35.77708],[-0.11389,35.78125],[-0.11458,35.78229],[-0.11875,35.78125],[-0.12292,35.77708],[-0.12396,35.77292],[-0.12708,35.76875],[-0.12755,35.76458],[-0.12986,35.76042],[-0.13125,35.75833],[-0.13264,35.75625],[-0.13542,35.75347],[-0.13611,35.75208],[-0.13958,35.74861],[-0.14042,35.74792],[-0.14375,35.74458],[-0.14458,35.74375],[-0.14792,35.73958],[-0.14792,35.73542],[-0.15208,35.73542],[-0.15625,35.73229],[-0.16042,35.73171],[-0.16208,35.73125],[-0.16458,35.72917],[-0.16875,35.72708],[-0.17292,35.72292],[-0.16875,35.71875],[-0.16458,35.71875],[-0.16042,35.71458],[-0.15625,35.71458],[-0.15208,35.71875],[-0.15625,35.72292],[-0.15208,35.71875],[-0.14792,35.71458],[-0.14375,35.71458]]},"properties":{"fid":899,"ID":898,"ELEV":0}},
{"type":"Feature","geometry":null,"properties":{"fid":900,"ID":899,"ELEV":-1000}},
{"type":"Feature","geometry":{"type":"LineString","coordinates":[[-0.16875,35.71042],[-0.16458,35.71458],[-0.16875,35.71875],[-0.17292,35.72292],[-0.17708,35.71875],[-0.17708,35.71458],[-0.17292,35.71042],[-0.16875,35.71042]]},"properties":{"fid":901,"ID":900,"ELEV":0}},
{"type":"Feature","geometry":{"type":"LineString","coordinates":[[-0.18125,35.68958],[-0.17708,35.69375],[-0.18125,35.69792],[-0.18542,35.69375],[-0.18125,35.68958]]},"properties":{"fid":902,"ID":901,"ELEV":0}},
{"type":"Feature","geometry":{"type":"LineString","coordinates":[[-6.94792,35.62292],[-6.95208,35.62708],[-6.94792,35.62736],[-6.94375,35.62812],[-6.93958,35.62887],[-6.93646,35.62708],[-6.93958,35.62608],[-6.94375,35.62569],[-6.94792,35.62292]]},"properties":{"fid":903,"ID":902,"ELEV":-1000}},
{"type":"Feature","geometry":{"type":"LineString","coordinates":[[-4.51425,35.62292],[-4.51458,35.62222],[-4.51875,35.62292],[-4.51458,35.62319],[-4.51425,35.62292]]},"properties":{"fid":904,"ID":903,"ELEV":-1000}},
{"type":"Feature","geometry":{"type":"LineString","coordinates":[[-7.00146,35.61875],[-7.00208,35.61845],[-7.00625,35.61701],[-7.01042,35.61642],[-7.01458,35.61708],[-7.01625,35.61875],[-7.01458,35.6226],[-7.01435,35.62292],[-7.01458,35.62375],[-7.015,35.62708],[-7.01458,35.62739],[-7.01042,35.62898],[-7.00814,35.63125],[-7.00625,35.63299],[-7.00208,35.63542],[-6.99792,35.63565],[-6.99375,35.63664],[-6.98958,35.63558],[-6.98931,35.63542],[-6.98542,35.63403],[-6.98218,35.63125],[-6.98542,35.62749],[-6.98958,35.62759],[-6.99375,35.6279],[-6.99596,35.62708],[-6.99608,35.62292],[-6.99792,35.62128],[-7.00146,35.61875]]},"properties":{"fid":905,"ID":904,"ELEV":-1000}},
{"type":"Feature","geometry":{"type":"LineString","coordinates":[[-3.99435,35.59792],[-3.99792,35.59692],[-4.00208,35.59755],[-4.00223,35.59792],[-4.00208,35.59812],[-3.99792,35.5985],[-3.99435,35.59792]]},"properties":{"fid":906,"ID":905,"ELEV":-1000}},
{"type":"Feature","geometry":{"type":"LineString","coordinates":[[-5.97292,35.58542],[-5.96875,35.58958],[-5.96875,35.59375],[-5.96875,35.59792],[-5.97292,35.59896],[-5.975,35.59792],[-5.97708,35.59583],[-5.97917,35.59375],[-5.97917,35.58958],[-5.97708,35.5875],[-5.97292,35.58542]]},"properties":{"fid":907,"ID":906,"ELEV":0}},
{"type":"Feature","geometry":{"type":"LineString","coordinates":[[-8.25347,35.56458],[-8.25625,35.56422],[-8.26042,35.5643],[-8.26458,35.56446],[-8.26478,35.56458],[-8.26506,35.56875],[-8.26581,35.57292],[-8.26567,35.57708],[-8.26594,35.58125],[-8.26558,35.58542],[-8.265,35.58958],[-8.26458,35.59125],[-8.26302,35.59375],[-8.26092,35.59792],[-8.26065,35.60208],[-8.26042,35.60252],[-8.25688,35.60625],[-8.2566,35.61042],[-8.25958,35.61458],[-8.26042,35.6151],[-8.26099,35.61875],[-8.26098,35.62292],[-8.26042,35.62382],[-8.25911,35.62292],[-8.25625,35.61964],[-8.25511,35.61875],[-8.25208,35.61542],[-8.25089,35.61458],[-8.24792,35.61198],[-8.24375,35.61083],[-8.24271,35.61042],[-8.23958,35.60946],[-8.23542,35.60781],[-8.23417,35.60625],[-8.23333,35.60208],[-8.23355,35.59792],[-8.23542,35.59375],[-8.23813,35.58958],[-8.23904,35.58542],[-8.23958,35.58462],[-8.24339,35.58125],[-8.24375,35.58073],[-8.24764,35.57708],[-8.24792,35.57625],[-8.24903,35.57292],[-8.25057,35.56875],[-8.25208,35.56597],[-8.25347,35.56458]]},"properties":{"fid":908,"ID":907,"ELEV":-2000}},
{"type":"Feature","geometry":{"type":"LineString","coordinates":[[-8.14792,35.54429],[-8.14429,35.54792],[-8.14375,35.5484],[-8.13976,35.55208],[-8.13958,35.55243],[-8.13717,35.55625],[-8.1365,35.56042],[-8.13658,35.56458],[-8.13958,35.56853],[-8.14375,35.56875],[-8.14792,35.56896],[-8.15208,35.56893],[-8.15292,35.56875],[-8.15625,35.56847],[-8.16007,35.56458],[-8.16042,35.56421],[-8.16458,35.5635],[-8.16875,35.56319],[-8.17173,35.56042],[-8.17292,35.55856],[-8.17552,35.55625],[-8.17292,35.55451],[-8.17027,35.55208],[-8.16875,35.5508],[-8.16458,35.54848],[-8.16375,35.54792],[-8.16042,35.54599],[-8.15625,35.54392],[-8.15208,35.54375],[-8.14792,35.54429]]},"properties":{"fid":909,"ID":908,"ELEV":-2000}},
{"type":"Feature","geometry":{"type":"LineString","coordinates":[[-8.12708,35.5419],[-8.12431,35.54375],[-8.12569,35.54792],[-8.12708,35.54931],[-8.12917,35.54792],[-8.12813,35.54375],[-8.12708,35.5419]]},"properties":{"fid":910,"ID":909,"ELEV":-2000}},
{"type":"Feature","geometry":{"type":"LineString","coordinates":[[-6.95208,35.52384],[-6.95125,35.52708],[-6.95208,35.52792],[-6.95299,35.52708],[-6.95208,35.52384]]},"properties":{"fid":911,"ID":910,"ELEV":-1000}},
{"type":"Feature","geometry":{"type":"LineString","coordinates":[[-6.95625,35.52144],[-6.95255,35.52292],[-6.95625,35.52454],[-6.96042,35.52454],[-6.96332,35.52292],[-6.96042,35.52121],[-6.95625,35.52144]]},"properties":{"fid":912,"ID":911,"ELEV":-1000}},
{"type":"Feature","geometry":{"type":"LineString","coordinates":[[-7.14236,35.51458],[-7.14375,35.5138],[-7.14514,35.51458],[-7.14375,35.51523],[-7.14236,35.51458]]},"properties":{"fid":913,"ID":912,"ELEV":-1000}},
{"type":"Feature","geometry":{"type":"LineString","coordinates":[[-8.16042,35.50122],[-8.15881,35.50208],[-8.15625,35.50309],[-8.15208,35.504],[-8.14792,35.50511],[-8.14417,35.50625],[-8.14375,35.50645],[-8.14066,35.51042],[-8.14042,35.51458],[-8.14158,35.51875],[-8.14375,35.52146],[-8.14618,35.52292],[-8.14792,35.52378],[-8.15208,35.52566],[-8.15424,35.52708],[-8.15625,35.5279],[-8.16042,35.52851],[-8.16384,35.52708],[-8.16458,35.52672],[-8.16875,35.52421],[-8.16955,35.52292],[-8.17089,35.51875],[-8.16994,35.51458],[-8.16907,35.51042],[-8.16875,35.5097],[-8.16605,35.50625],[-8.16458,35.5045],[-8.16132,35.50208],[-8.16042,35.50122]]},"properties":{"fid":914,"ID":913,"ELEV":-2000}},
{"type":"Feature","geometry":{"type":"LineString","coordinates":[[0,37.57508],[-0.00208,37.57508],[-0.00436,37.57708],[-0.00625,37.57767],[-0.01042,37.57728],[-0.01163,37.57708],[-0.01458,37.57639],[-0.01875,37.57455],[-0.02199,37.57292],[-0.02292,37.5724],[-0.02708,37.57042],[-0.03125,37.56875],[-0.03542,37.56881],[-0.03586,37.56875],[-0.03958,37.56823],[-0.04375,37.56732],[-0.04792,37.56641],[-0.05208,37.5658],[-0.05625,37.56464],[-0.0564,37.56458],[-0.06042,37.56293],[-0.06458,37.56272],[-0.06875,37.56258],[-0.06953,37.56458],[-0.0705,37.56875],[-0.07173,37.57292],[-0.07292,37.57477],[-0.07708,37.57379],[-0.07847,37.57292],[-0.08125,37.57106],[-0.08542,37.56898],[-0.08567,37.56875],[-0.08958,37.5649],[-0.08995,37.56458],[-0.09375,37.56202],[-0.09541,37.56042],[-0.09774,37.55625],[-0.09792,37.55593],[-0.10208,37.55615],[-0.10212,37.55625],[-0.10457,37.56042],[-0.10625,37.5619],[-0.11042,37.56392],[-0.11155,37.56458],[-0.11458,37.56762],[-0.11524,37.56875],[-0.11875,37.57163],[-0.12115,37.57292],[-0.12292,37.57449],[-0.12489,37.57708],[-0.12708,37.57967],[-0.13002,37.58125],[-0.13125,37.58177],[-0.13542,37.58151],[-0.13658,37.58125],[-0.13958,37.58059],[-0.14375,37.57954],[-0.14686,37.57708],[-0.14792,37.57597],[-0.15208,37.57461],[-0.15625,37.57505],[-0.16042,37.57416],[-0.16458,37.5733],[-0.16522,37.57292],[-0.16875,37.57091],[-0.17177,37.56875],[-0.17292,37.56761],[-0.17658,37.56458],[-0.17708,37.56429],[-0.18125,37.56275],[-0.18516,37.56042],[-0.18542,37.56019],[-0.1876,37.55625],[-0.18931,37.55208],[-0.18871,37.54792],[-0.18958,37.54461],[-0.19125,37.54375],[-0.19375,37.54339],[-0.19457,37.54375],[-0.19792,37.54505],[-0.20208,37.54776],[-0.20244,37.54792],[-0.20625,37.54919],[-0.21042,37.54857],[-0.2124,37.54792],[-0.21458,37.54726],[-0.21875,37.54636],[-0.22292,37.54513],[-0.22708,37.54425],[-0.23125,37.54392],[-0.23542,37.54452],[-0.23958,37.54504],[-0.24375,37.54449],[-0.24543,37.54375],[-0.24792,37.54179],[-0.25208,37.54028],[-0.25336,37.53958],[-0.25625,37.53806],[-0.26042,37.53696],[-0.26458,37.53637],[-0.26657,37.53542],[-0.26875,37.53351],[-0.27262,37.53125],[-0.27292,37.53102],[-0.27708,37.5309],[-0.27875,37.53125],[-0.28125,37.5317],[-0.28542,37.5329],[-0.28958,37.53266],[-0.29356,37.53125],[-0.29375,37.53119],[-0.29792,37.52875],[-0.30196,37.52708],[-0.30208,37.52705],[-0.30625,37.52543],[-0.31042,37.52592],[-0.31189,37.52708],[-0.31458,37.52977],[-0.31609,37.53125],[-0.31875,37.53542],[-0.32292,37.5351],[-0.32708,37.53264],[-0.33125,37.53178],[-0.33542,37.53391],[-0.33958,37.53415],[-0.34337,37.53542],[-0.34375,37.53562],[-0.34666,37.53958],[-0.34792,37.54079],[-0.35208,37.54315],[-0.35625,37.5417],[-0.358,37.53958],[-0.36042,37.53599],[-0.36087,37.53542],[-0.36403,37.53125],[-0.36458,37.53042],[-0.36526,37.53125],[-0.36824,37.53542],[-0.36875,37.53632],[-0.37292,37.53953],[-0.37316,37.53958],[-0.37708,37.54035],[-0.38125,37.53997],[-0.38171,37.53958],[-0.38542,37.53593],[-0.38584,37.53542],[-0.38919,37.53125],[-0.38958,37.53081],[-0.39375,37.5293],[-0.39792,37.53016],[-0.40019,37.53125],[-0.4018,37.53542],[-0.40208,37.53638],[-0.4029,37.53958],[-0.40304,37.54375],[-0.40312,37.54792],[-0.40404,37.55208],[-0.40625,37.55426],[-0.41042,37.55545],[-0.41458,37.55568],[-0.41875,37.5555],[-0.4198,37.55625],[-0.42292,37.55828],[-0.42562,37.56042],[-0.42708,37.56138],[-0.43125,37.5607],[-0.43176,37.56042],[-0.43542,37.55816],[-0.43958,37.55845],[-0.44375,37.55657],[-0.44792,37.55638],[-0.45208,37.55753],[-0.45419,37.55625],[-0.45625,37.55464],[-0.46042,37.55432],[-0.46458,37.5546],[-0.46875,37.55488],[-0.47073,37.55208],[-0.47195,37.54792],[-0.47292,37.54415],[-0.47307,37.54375],[-0.47341,37.53958],[-0.47292,37.53895],[-0.47101,37.53542],[-0.47227,37.53125],[-0.47292,37.53063],[-0.47563,37.52708],[-0.47708,37.52426],[-0.47791,37.52292],[-0.48125,37.52051],[-0.48542,37.51894],[-0.48595,37.51875],[-0.48958,37.51679],[-0.49375,37.51875],[-0.49792,37.51902],[-0.50208,37.52137],[-0.50398,37.52292],[-0.50625,37.52456],[-0.51042,37.52445],[-0.51313,37.52292],[-0.514,37.51875],[-0.51458,37.51577],[-0.51551,37.51458],[-0.51875,37.51375],[-0.52118,37.51458],[-0.52292,37.51528],[-0.52708,37.51529],[-0.53125,37.51481],[-0.53177,37.51458],[-0.53542,37.51245],[-0.53829,37.51042],[-0.53944,37.50625],[-0.53958,37.50532],[-0.53984,37.50625],[-0.54375,37.50773],[-0.54663,37.51042],[-0.54792,37.51118],[-0.55208,37.51422],[-0.55625,37.51236],[-0.55685,37.51042],[-0.56042,37.50828],[-0.56217,37.50625],[-0.56458,37.50283],[-0.56875,37.50349],[-0.57292,37.50456],[-0.57708,37.50504],[-0.58004,37.50208],[-0.57948,37.49792],[-0.58087,37.49375],[-0.58125,37.49355],[-0.58185,37.49375],[-0.58542,37.49487],[-0.58958,37.49598],[-0.59375,37.4967],[-0.59792,37.49448],[-0.60208,37.49375],[-0.60625,37.49542],[-0.60819,37.49792],[-0.60949,37.50208],[-0.61042,37.50374],[-0.61363,37.50625],[-0.61458,37.50684],[-0.61875,37.50674],[-0.62002,37.50625],[-0.62292,37.50432],[-0.62461,37.50208],[-0.62708,37.5005],[-0.63125,37.49893],[-0.63253,37.49792],[-0.63125,37.49539],[-0.6304,37.49375],[-0.62944,37.48958],[-0.63016,37.48542],[-0.62874,37.48125],[-0.62708,37.47839],[-0.6264,37.47708],[-0.62708,37.47341],[-0.62716,37.47292],[-0.63015,37.46875],[-0.63125,37.46852],[-0.63542,37.46804],[-0.63715,37.46875],[-0.63958,37.47017],[-0.6426,37.47292],[-0.64375,37.47368],[-0.64792,37.47654],[-0.64941,37.47708],[-0.65208,37.47764],[-0.65625,37.47901],[-0.66042,37.47774],[-0.66104,37.47708],[-0.66458,37.47348],[-0.66495,37.47292],[-0.66803,37.46875],[-0.66875,37.46786],[-0.67194,37.46875],[-0.67292,37.46888],[-0.67319,37.46875],[-0.67635,37.46458],[-0.6769,37.46042],[-0.67708,37.46022],[-0.68125,37.45847],[-0.68542,37.45751],[-0.68958,37.45666],[-0.69375,37.45642],[-0.69396,37.45625],[-0.69697,37.45208],[-0.69792,37.45147],[-0.70208,37.44929],[-0.70625,37.44868],[-0.71042,37.45008],[-0.71317,37.45208],[-0.71458,37.45327],[-0.71875,37.45505],[-0.71995,37.45625],[-0.72172,37.46042],[-0.72181,37.46458],[-0.72292,37.46485],[-0.72421,37.46458],[-0.72468,37.46042],[-0.72578,37.45625],[-0.72708,37.45424],[-0.72853,37.45208],[-0.73009,37.44792],[-0.73125,37.44695],[-0.73542,37.44644],[-0.73958,37.4457],[-0.74334,37.44375],[-0.74375,37.44331],[-0.74792,37.43994],[-0.74901,37.43958],[-0.75208,37.43902],[-0.75286,37.43958],[-0.75625,37.44192],[-0.76042,37.44216],[-0.76458,37.44048],[-0.76604,37.43958],[-0.76875,37.43622],[-0.77113,37.43542],[-0.77292,37.43513],[-0.77708,37.43508],[-0.78125,37.4338],[-0.78542,37.43208],[-0.78938,37.43542],[-0.78958,37.43582],[-0.79058,37.43958],[-0.79257,37.44375],[-0.79375,37.4447],[-0.79704,37.44792],[-0.79786,37.45208],[-0.79792,37.45212],[-0.79798,37.45208],[-0.80208,37.44948],[-0.80379,37.44792],[-0.80625,37.44517],[-0.80714,37.44375],[-0.80848,37.43958],[-0.81042,37.43763],[-0.81458,37.43943],[-0.8147,37.43958],[-0.81875,37.44319],[-0.82292,37.44076],[-0.82708,37.43968],[-0.83125,37.44044],[-0.83542,37.44068],[-0.83614,37.43958],[-0.83637,37.43542],[-0.8365,37.43125],[-0.83888,37.42708],[-0.83958,37.42628],[-0.84375,37.42547],[-0.8467,37.42708],[-0.84792,37.42779],[-0.85208,37.42712],[-0.85625,37.42882],[-0.85725,37.43125],[-0.85896,37.43542],[-0.86042,37.43691],[-0.86361,37.43958],[-0.8634,37.44375],[-0.86458,37.44504],[-0.86875,37.44693],[-0.87011,37.44792],[-0.87292,37.44995],[-0.87708,37.45024],[-0.88125,37.45131],[-0.88542,37.44851],[-0.88588,37.44792],[-0.88823,37.44375],[-0.88888,37.43958],[-0.88958,37.43649],[-0.89024,37.43542],[-0.89375,37.4315],[-0.89391,37.43125],[-0.89748,37.42708],[-0.89792,37.42666],[-0.8988,37.42708],[-0.90208,37.4287],[-0.90377,37.43125],[-0.90625,37.43412],[-0.90806,37.43542],[-0.91042,37.43651],[-0.91458,37.43811],[-0.91826,37.43958],[-0.91875,37.44021],[-0.91973,37.44375],[-0.92051,37.44792],[-0.92243,37.45208],[-0.92292,37.45321],[-0.92708,37.45521],[-0.93097,37.45208],[-0.93125,37.45188],[-0.93542,37.45073],[-0.93958,37.44852],[-0.94037,37.44792],[-0.94375,37.44574],[-0.94792,37.44379],[-0.95208,37.44537],[-0.95625,37.44742],[-0.96042,37.44781],[-0.96073,37.44792],[-0.96458,37.44956],[-0.96726,37.45208],[-0.96875,37.45384],[-0.97292,37.45562],[-0.97598,37.45208],[-0.97708,37.45121],[-0.98099,37.44792],[-0.98125,37.44771],[-0.98542,37.44688],[-0.9875,37.44792],[-0.98958,37.44924],[-0.99375,37.45028],[-0.99792,37.44836],[-0.99907,37.44792],[-1.00208,37.44643],[-1.00425,37.44792],[-1.00625,37.44893],[-1.01042,37.45176],[-1.01067,37.45208],[-1.01266,37.45625],[-1.01458,37.45856],[-1.01875,37.4597],[-1.02292,37.45656],[-1.02333,37.45625],[-1.02708,37.45349],[-1.03125,37.45356],[-1.03542,37.45379],[-1.03958,37.45326],[-1.04313,37.45208],[-1.04375,37.45185],[-1.04792,37.452],[-1.04802,37.45208],[-1.04967,37.45625],[-1.05208,37.45959],[-1.05285,37.46042],[-1.05547,37.46458],[-1.05625,37.46634],[-1.0576,37.46875],[-1.06042,37.47117],[-1.06458,37.47136],[-1.06824,37.46875],[-1.06875,37.46851],[-1.07292,37.46794],[-1.07708,37.46458],[-1.08125,37.46131],[-1.08233,37.46042],[-1.08542,37.4575],[-1.08609,37.45625],[-1.0874,37.45208],[-1.0892,37.44792],[-1.08958,37.44742],[-1.09375,37.44758],[-1.09451,37.44792],[-1.09792,37.45145],[-1.09826,37.45208],[-1.10025,37.45625],[-1.10208,37.45885],[-1.10583,37.46042],[-1.10625,37.46061],[-1.10824,37.46458],[-1.10887,37.46875],[-1.10835,37.47292],[-1.11042,37.4762],[-1.11458,37.47575],[-1.11875,37.47582],[-1.12019,37.47708],[-1.12292,37.47853],[-1.12708,37.47954],[-1.13096,37.48125],[-1.13125,37.48156],[-1.13542,37.48375],[-1.13785,37.48125],[-1.13958,37.47773],[-1.14004,37.47708],[-1.14375,37.47297],[-1.14381,37.47292],[-1.14792,37.46992],[-1.1492,37.46875],[-1.15039,37.46458],[-1.15208,37.46208],[-1.1533,37.46042],[-1.15625,37.45816],[-1.16042,37.45933],[-1.16247,37.46042],[-1.16458,37.46135],[-1.16766,37.46042],[-1.16875,37.45988],[-1.17135,37.45625],[-1.17292,37.45403],[-1.17708,37.4538],[-1.18125,37.45413],[-1.18457,37.45625],[-1.18542,37.45995],[-1.18551,37.46042],[-1.18958,37.46297],[-1.19375,37.46269],[-1.19586,37.46458],[-1.19792,37.46614],[-1.20166,37.46458],[-1.20208,37.46438],[-1.20625,37.46227],[-1.21042,37.46212],[-1.21221,37.46042],[-1.21332,37.45625],[-1.21458,37.45286],[-1.21526,37.45208],[-1.21875,37.44802],[-1.21882,37.44792],[-1.21875,37.4478],[-1.21492,37.44375],[-1.21875,37.4417],[-1.2202,37.44375],[-1.22292,37.44587],[-1.22708,37.44772],[-1.22798,37.44792],[-1.23125,37.44859],[-1.23542,37.44917],[-1.23958,37.45032],[-1.24375,37.45102],[-1.24792,37.45076],[-1.25208,37.45161],[-1.25317,37.45208],[-1.25625,37.45353],[-1.25962,37.45208],[-1.25864,37.44792],[-1.25801,37.44375],[-1.25625,37.44288],[-1.25216,37.43958],[-1.25208,37.4395],[-1.24792,37.43709],[-1.24416,37.43542],[-1.24375,37.435],[-1.24229,37.43125],[-1.24278,37.42708],[-1.24214,37.42292],[-1.24152,37.41875],[-1.24098,37.41458],[-1.24045,37.41042],[-1.24375,37.40805],[-1.24693,37.40625],[-1.24792,37.40592],[-1.25208,37.40605],[-1.25625,37.40625],[-1.25918,37.40208],[-1.26042,37.40033],[-1.26242,37.39792],[-1.26458,37.39477],[-1.26569,37.39375],[-1.26875,37.39251],[-1.27292,37.39243],[-1.27597,37.39375],[-1.27708,37.3943],[-1.28125,37.39672],[-1.28527,37.39792],[-1.28542,37.39798],[-1.28958,37.40053],[-1.29164,37.40208],[-1.29375,37.40336],[-1.29792,37.40466],[-1.30208,37.40415],[-1.30625,37.40436],[-1.31042,37.40229],[-1.31056,37.40208],[-1.31042,37.40149],[-1.30954,37.39792],[-1.30625,37.39438],[-1.30541,37.39375],[-1.30208,37.39153],[-1.3,37.38958],[-1.30016,37.38542],[-1.30208,37.38418],[-1.30481,37.38125],[-1.30488,37.37708],[-1.30625,37.37565],[-1.31042,37.37432],[-1.31458,37.37508],[-1.31875,37.37484],[-1.32292,37.37447],[-1.32583,37.37292],[-1.32708,37.37168],[-1.33125,37.36892],[-1.33314,37.36875],[-1.33542,37.36851],[-1.33958,37.36596],[-1.34375,37.36854],[-1.34792,37.36709],[-1.35015,37.36458],[-1.35208,37.36297],[-1.35625,37.36074],[-1.36042,37.36425],[-1.36458,37.36175],[-1.36673,37.36042],[-1.36875,37.35961],[-1.37292,37.3592],[-1.37708,37.35655],[-1.37793,37.35625],[-1.38125,37.35502],[-1.38542,37.35467],[-1.38958,37.35485],[-1.39375,37.35431],[-1.39792,37.35291],[-1.39987,37.35208],[-1.40208,37.35089],[-1.40625,37.34899],[-1.40875,37.35208],[-1.41042,37.35389],[-1.41405,37.35625],[-1.41458,37.35663],[-1.41505,37.35625],[-1.41814,37.35208],[-1.41875,37.35095],[-1.42005,37.34792],[-1.42292,37.34469],[-1.42381,37.34375],[-1.42682,37.33958],[-1.42708,37.33927],[-1.43125,37.33624],[-1.43542,37.33545],[-1.43548,37.33542],[-1.43958,37.33347],[-1.44375,37.33143],[-1.44411,37.33125],[-1.44792,37.32852],[-1.45208,37.32732],[-1.45625,37.32717],[-1.45714,37.32708],[-1.46042,37.32679],[-1.46458,37.3252],[-1.46857,37.32292],[-1.46875,37.32281],[-1.47292,37.32077],[-1.47708,37.32],[-1.48125,37.3201],[-1.48542,37.32039],[-1.48958,37.31897],[-1.48996,37.31875],[-1.49375,37.31661],[-1.49792,37.3166],[-1.501,37.31458],[-1.50208,37.3142],[-1.50625,37.3134],[-1.51042,37.31218],[-1.51458,37.31144],[-1.51875,37.31114],[-1.52292,37.31054],[-1.52319,37.31042],[-1.52555,37.30625],[-1.52708,37.3053],[-1.53125,37.30293],[-1.53257,37.30208],[-1.53519,37.29792],[-1.53542,37.29781],[-1.53958,37.29667],[-1.54375,37.29583],[-1.54792,37.29412],[-1.54889,37.29375],[-1.55208,37.29201],[-1.5555,37.28958],[-1.55625,37.28819],[-1.55729,37.28542],[-1.56042,37.28288],[-1.56458,37.28309],[-1.56875,37.28395],[-1.57292,37.28386],[-1.57569,37.28125],[-1.57488,37.27708],[-1.57292,37.27479],[-1.56929,37.27292],[-1.56875,37.27256],[-1.56458,37.27106],[-1.56042,37.2695],[-1.55963,37.26875],[-1.55861,37.26458],[-1.55779,37.26042],[-1.55946,37.25625],[-1.56042,37.25515],[-1.56458,37.25494],[-1.56875,37.25625],[-1.57292,37.25795],[-1.57708,37.25811],[-1.58125,37.25683],[-1.58169,37.25625],[-1.58125,37.25567],[-1.57802,37.25208],[-1.58125,37.25013],[-1.5853,37.24792],[-1.58542,37.24785],[-1.58958,37.2454],[-1.59089,37.24375],[-1.58958,37.24212],[-1.58542,37.24121],[-1.58125,37.24026],[-1.57708,37.23979],[-1.57616,37.23958],[-1.57292,37.23542],[-1.57708,37.23299],[-1.57928,37.23125],[-1.58037,37.22708],[-1.58081,37.22292],[-1.58125,37.22228],[-1.58542,37.21875],[-1.58785,37.21458],[-1.58693,37.21042],[-1.58638,37.20625],[-1.58542,37.20313],[-1.58514,37.20208],[-1.58413,37.19792],[-1.58504,37.19375],[-1.58542,37.19315],[-1.58792,37.18958],[-1.58958,37.1875],[-1.59097,37.18542],[-1.59375,37.18264],[-1.59527,37.18125],[-1.59792,37.1786],[-1.59958,37.17708],[-1.60208,37.17561],[-1.60478,37.17292],[-1.60608,37.16875],[-1.60625,37.16736],[-1.60671,37.16458],[-1.60681,37.16042],[-1.60718,37.15625],[-1.61003,37.15208],[-1.61042,37.1518],[-1.61458,37.1501],[-1.61786,37.14792],[-1.61875,37.1475],[-1.62292,37.14618],[-1.62708,37.14461],[-1.62838,37.14375],[-1.63125,37.1424],[-1.63429,37.13958],[-1.63542,37.13821],[-1.63958,37.13558],[-1.63984,37.13542],[-1.64375,37.13207],[-1.64792,37.13137],[-1.65208,37.13442],[-1.65436,37.13542],[-1.65625,37.13575],[-1.66042,37.13555],[-1.66373,37.13958],[-1.66458,37.14084],[-1.66546,37.14375],[-1.666,37.14792],[-1.66653,37.15208],[-1.66777,37.15625],[-1.66875,37.15924],[-1.66909,37.16042],[-1.67056,37.16458],[-1.67262,37.16875],[-1.67292,37.16935],[-1.67603,37.17292],[-1.67708,37.1735],[-1.68125,37.17574],[-1.68487,37.17708],[-1.68542,37.17731],[-1.68958,37.17771],[-1.69375,37.17768],[-1.69517,37.17708],[-1.69792,37.17592],[-1.70208,37.17493],[-1.70404,37.17292],[-1.70498,37.16875],[-1.70625,37.16572],[-1.70666,37.16458],[-1.70759,37.16042],[-1.70625,37.15901],[-1.70428,37.16042],[-1.70208,37.16174],[-1.69792,37.16433],[-1.69745,37.16458],[-1.69375,37.16675],[-1.69136,37.16458],[-1.68994,37.16042],[-1.68958,37.15926],[-1.68836,37.15625],[-1.6875,37.15208],[-1.68794,37.14792],[-1.68958,37.14454],[-1.69375,37.14393],[-1.69458,37.14375],[-1.69792,37.14313],[-1.70208,37.14171],[-1.70625,37.14055],[-1.70812,37.13958],[-1.71042,37.13625],[-1.71083,37.13542],[-1.71212,37.13125],[-1.71278,37.12708],[-1.71358,37.12292],[-1.71275,37.11875],[-1.71042,37.11503],[-1.71005,37.11458],[-1.70625,37.11274],[-1.70208,37.11148],[-1.70066,37.11042],[-1.69959,37.10625],[-1.70208,37.10301],[-1.70306,37.10208],[-1.70625,37.09801],[-1.70632,37.09792],[-1.70758,37.09375],[-1.70805,37.08958],[-1.70991,37.08542],[-1.71042,37.08503],[-1.71458,37.08455],[-1.71875,37.08368],[-1.72292,37.08206],[-1.72708,37.08146],[-1.73125,37.08309],[-1.73542,37.08245],[-1.73958,37.08161],[-1.73991,37.08125],[-1.74244,37.07708],[-1.74375,37.07569],[-1.74593,37.07292],[-1.74792,37.07078],[-1.7499,37.06875],[-1.75208,37.06667],[-1.75377,37.06458],[-1.75625,37.061],[-1.75833,37.06042],[-1.76042,37.06013],[-1.76458,37.05892],[-1.76875,37.05881],[-1.77292,37.05878],[-1.77708,37.05897],[-1.78125,37.05886],[-1.78542,37.05877],[-1.78958,37.05986],[-1.79271,37.06042],[-1.79375,37.06061],[-1.79395,37.06042],[-1.79375,37.06022],[-1.79165,37.05625],[-1.78958,37.05247],[-1.78924,37.05208],[-1.78744,37.04792],[-1.78958,37.04721],[-1.79375,37.04514],[-1.79792,37.0442],[-1.79937,37.04375],[-1.79792,37.04233],[-1.79375,37.04078],[-1.79275,37.03958],[-1.78958,37.03793],[-1.78542,37.03688],[-1.78125,37.03552],[-1.78088,37.03542],[-1.77708,37.03421],[-1.77292,37.03381],[-1.76875,37.03297],[-1.76458,37.03198],[-1.76205,37.03125],[-1.76073,37.02708],[-1.76042,37.0263],[-1.75833,37.02292],[-1.75703,37.01875],[-1.75625,37.01563],[-1.75547,37.01458],[-1.75208,37.01272],[-1.74792,37.01296],[-1.74375,37.01357],[-1.73958,37.01256],[-1.73542,37.01269],[-1.73125,37.01294],[-1.72708,37.0129],[-1.72292,37.01424],[-1.71875,37.01125],[-1.71458,37.01067],[-1.71042,37.01069],[-1.70875,37.01042],[-1.70625,37.00917],[-1.70301,37.00625],[-1.70208,37.00458],[-1.70141,37.00208],[-1.69951,36.99792],[-1.69792,36.99566],[-1.69608,36.99375],[-1.69375,36.99208],[-1.69025,36.98958],[-1.68958,36.9875],[-1.6886,36.98542],[-1.68958,36.98413],[-1.69048,36.98125],[-1.69226,36.97708],[-1.69236,36.97292],[-1.69153,36.96875],[-1.69352,36.96458],[-1.69375,36.96399],[-1.69475,36.96042],[-1.69375,36.95657],[-1.69362,36.95625],[-1.69156,36.95208],[-1.69,36.94792],[-1.68958,36.94722],[-1.68542,36.94504],[-1.68125,36.94401],[-1.68032,36.94375],[-1.67734,36.93958],[-1.68053,36.93542],[-1.68125,36.93431],[-1.68343,36.93125],[-1.68235,36.92708],[-1.68169,36.92292],[-1.68476,36.91875],[-1.68542,36.91786],[-1.68847,36.91458],[-1.68958,36.9125],[-1.69031,36.91042],[-1.68958,36.90913],[-1.68583,36.90625],[-1.68542,36.90587],[-1.68244,36.90208],[-1.68236,36.89792],[-1.68333,36.89375],[-1.68413,36.88958],[-1.68423,36.88542],[-1.68452,36.88125],[-1.68423,36.87708],[-1.68458,36.87292],[-1.68403,36.86875],[-1.6825,36.86458],[-1.68125,36.86208],[-1.67847,36.86042],[-1.67708,36.8599],[-1.67292,36.8589],[-1.66875,36.8575],[-1.66458,36.85667],[-1.66042,36.85729],[-1.65625,36.85946],[-1.65208,36.86014],[-1.65,36.86042],[-1.64792,36.86071],[-1.64375,36.8617],[-1.63958,36.86333],[-1.63708,36.86458],[-1.63542,36.86542],[-1.63125,36.86771],[-1.62812,36.86875],[-1.62708,36.8691],[-1.62292,36.87228],[-1.62014,36.87292],[-1.61875,36.87324],[-1.61458,36.87589],[-1.6133,36.87708],[-1.61042,36.88049],[-1.60958,36.88125],[-1.60625,36.88428],[-1.60542,36.88542],[-1.60208,36.88759],[-1.60025,36.88958],[-1.59792,36.89108],[-1.59565,36.89375],[-1.59375,36.89529],[-1.58958,36.89701],[-1.58557,36.89792],[-1.58542,36.89796],[-1.58125,36.89907],[-1.57708,36.89998],[-1.57292,36.90043],[-1.56875,36.89967],[-1.56458,36.89913],[-1.56042,36.89941],[-1.55625,36.90059],[-1.55208,36.90053],[-1.54792,36.90003],[-1.54375,36.89985],[-1.5421,36.90208],[-1.54038,36.90625],[-1.53958,36.90736],[-1.53542,36.91022],[-1.53333,36.91042],[-1.53125,36.91063],[-1.52708,36.91304],[-1.52292,36.91181],[-1.52192,36.91042],[-1.51875,36.90883],[-1.51575,36.90625],[-1.51458,36.9044],[-1.51042,36.90479],[-1.50859,36.90625],[-1.50625,36.90744],[-1.50208,36.90756],[-1.50092,36.90625],[-1.49813,36.90208],[-1.49872,36.89792],[-1.50208,36.8948],[-1.50306,36.89375],[-1.50588,36.88958],[-1.50625,36.88922],[-1.5075,36.88958],[-1.51042,36.89063],[-1.51362,36.89375],[-1.51458,36.89507],[-1.51875,36.89629],[-1.52292,36.8962],[-1.52708,36.89538],[-1.53125,36.89392],[-1.53148,36.89375],[-1.53277,36.88958],[-1.53356,36.88542],[-1.53542,36.88136],[-1.53548,36.88125],[-1.53704,36.87708],[-1.53796,36.87292],[-1.53958,36.87121],[-1.54375,36.87114],[-1.54684,36.87292],[-1.54792,36.87339],[-1.55208,36.8737],[-1.55593,36.87292],[-1.55625,36.8727],[-1.56,36.86875],[-1.56042,36.86857],[-1.56458,36.86512],[-1.56504,36.86458],[-1.56617,36.86042],[-1.56667,36.85625],[-1.56766,36.85208],[-1.56644,36.84792],[-1.56458,36.84389],[-1.5645,36.84375],[-1.56139,36.83958],[-1.56042,36.83611],[-1.5603,36.83542],[-1.56001,36.83125],[-1.56042,36.82917],[-1.56157,36.82708],[-1.56458,36.82606],[-1.56767,36.82292],[-1.56875,36.82125],[-1.56977,36.81875],[-1.57193,36.81458],[-1.57292,36.81341],[-1.57505,36.81042],[-1.57708,36.80895],[-1.58125,36.80708],[-1.58262,36.80625],[-1.58542,36.80507],[-1.58958,36.80468],[-1.59375,36.80356],[-1.59668,36.80208],[-1.59792,36.8016],[-1.60208,36.80025],[-1.60625,36.79796],[-1.60635,36.79792],[-1.61042,36.7967],[-1.61458,36.79527],[-1.61875,36.79528],[-1.62292,36.79505],[-1.62708,36.79516],[-1.63125,36.79658],[-1.63542,36.79677],[-1.63674,36.79375],[-1.63696,36.78958],[-1.63745,36.78542],[-1.63846,36.78125],[-1.63938,36.77708],[-1.63958,36.77692],[-1.64375,36.77537],[-1.64792,36.77447],[-1.65208,36.77483],[-1.65625,36.77446],[-1.66042,36.77449],[-1.66458,36.77419],[-1.66597,36.77292],[-1.66825,36.76875],[-1.66875,36.76777],[-1.66954,36.76458],[-1.67093,36.76042],[-1.67268,36.75625],[-1.67292,36.7557],[-1.6742,36.75208],[-1.67661,36.74792],[-1.67708,36.74755],[-1.68125,36.74565],[-1.68452,36.74375],[-1.68542,36.74291],[-1.68958,36.73972],[-1.68966,36.73958],[-1.69081,36.73542],[-1.69138,36.73125],[-1.69214,36.72708],[-1.69375,36.72318],[-1.69388,36.72292],[-1.69674,36.71875],[-1.69792,36.71693],[-1.70208,36.71489],[-1.70417,36.71458],[-1.70625,36.71412],[-1.71042,36.71357],[-1.71458,36.71304],[-1.71875,36.71188],[-1.72292,36.71055],[-1.72708,36.71138],[-1.73087,36.71458],[-1.73125,36.71486],[-1.73542,36.71849],[-1.73559,36.71875],[-1.73542,36.72049],[-1.73519,36.72292],[-1.73125,36.72705],[-1.73122,36.72708],[-1.72752,36.73125],[-1.72708,36.73208],[-1.7257,36.73542],[-1.72478,36.73958],[-1.72292,36.74165],[-1.71875,36.74348],[-1.7182,36.74375],[-1.71458,36.74783],[-1.71452,36.74792],[-1.7131,36.75208],[-1.71239,36.75625],[-1.71049,36.76042],[-1.71042,36.7606],[-1.70919,36.76458],[-1.70687,36.76875],[-1.70625,36.77042],[-1.70511,36.77292],[-1.70625,36.77708],[-1.71042,36.7786],[-1.71406,36.78125],[-1.71458,36.78542],[-1.71394,36.78958],[-1.7142,36.79375],[-1.71458,36.79792],[-1.71875,36.79844],[-1.72292,36.79792],[-1.72708,36.79833],[-1.73125,36.79917],[-1.73542,36.80069],[-1.73958,36.80104],[-1.74375,36.8],[-1.74792,36.79838],[-1.74844,36.79792],[-1.75208,36.79549],[-1.75625,36.79403],[-1.75729,36.79375],[-1.76042,36.79318],[-1.76458,36.79306],[-1.76875,36.79292],[-1.77208,36.78958],[-1.77292,36.78875],[-1.77708,36.78564],[-1.77733,36.78542],[-1.78006,36.78125],[-1.78125,36.77993],[-1.78542,36.77799],[-1.78889,36.77708],[-1.78958,36.77685],[-1.79331,36.77292],[-1.79375,36.77245],[-1.79792,36.77047],[-1.80083,36.76875],[-1.80208,36.76761],[-1.80417,36.76458],[-1.80625,36.76202],[-1.80755,36.76042],[-1.81042,36.75842],[-1.81458,36.7574],[-1.81875,36.75688],[-1.82106,36.75625],[-1.82187,36.75208],[-1.82292,36.74977],[-1.82708,36.74815],[-1.83125,36.7498],[-1.83542,36.74935],[-1.83894,36.74792],[-1.83958,36.74772],[-1.84375,36.74708],[-1.84792,36.74588],[-1.85208,36.74396],[-1.85238,36.74375],[-1.85544,36.73958],[-1.85625,36.7385],[-1.8579,36.73542],[-1.86029,36.73125],[-1.86042,36.7311],[-1.86458,36.72995],[-1.86875,36.73064],[-1.87292,36.72992],[-1.87589,36.72708],[-1.87708,36.72619],[-1.88125,36.72478],[-1.88542,36.72463],[-1.88958,36.72547],[-1.89375,36.72412],[-1.89792,36.72441],[-1.90208,36.72431],[-1.90625,36.725],[-1.91042,36.7255],[-1.913,36.72292],[-1.91458,36.72133],[-1.91633,36.71875],[-1.91635,36.71458],[-1.91719,36.71042],[-1.91875,36.70972],[-1.92014,36.71042],[-1.92292,36.71153],[-1.92627,36.71458],[-1.92708,36.71517],[-1.92977,36.71875],[-1.93125,36.72096],[-1.9347,36.72292],[-1.93542,36.72331],[-1.93958,36.72351],[-1.94375,36.72434],[-1.94497,36.72292],[-1.94634,36.71875],[-1.94624,36.71458],[-1.94543,36.71042],[-1.94505,36.70625],[-1.94384,36.70208],[-1.94375,36.70167],[-1.94279,36.69792],[-1.94211,36.69375],[-1.9433,36.68958],[-1.94375,36.68927],[-1.94792,36.68958],[-1.95208,36.69264],[-1.95625,36.69229],[-1.96042,36.69203],[-1.96458,36.69167],[-1.96875,36.69076],[-1.97292,36.68999],[-1.97708,36.6911],[-1.98125,36.6932],[-1.98229,36.69375],[-1.98542,36.69533],[-1.98958,36.69527],[-1.99236,36.69375],[-1.98982,36.68958],[-1.98958,36.68927],[-1.98611,36.68542],[-1.98542,36.68264],[-1.98512,36.68125],[-1.98542,36.67965],[-1.98603,36.67708],[-1.98542,36.6758],[-1.98216,36.67292],[-1.98125,36.67254],[-1.97708,36.67052],[-1.97535,36.66875],[-1.97292,36.66723],[-1.96875,36.66599],[-1.96562,36.66458],[-1.96458,36.66397],[-1.96042,36.66239],[-1.95688,36.66042],[-1.95625,36.65999],[-1.95208,36.65971],[-1.94931,36.66042],[-1.94792,36.66057],[-1.94458,36.66042],[-1.94375,36.6602],[-1.94141,36.65625],[-1.94187,36.65208],[-1.93958,36.64979],[-1.93542,36.64806],[-1.93125,36.64792],[-1.92708,36.64711],[-1.92292,36.64763],[-1.91875,36.64761],[-1.91458,36.64611],[-1.91042,36.64559],[-1.90625,36.64519],[-1.90208,36.64429],[-1.90112,36.64375],[-1.89792,36.64156],[-1.89583,36.63958],[-1.89397,36.63542],[-1.89375,36.63482],[-1.89236,36.63125],[-1.89097,36.62708],[-1.89107,36.62292],[-1.89375,36.61875],[-1.89792,36.61632],[-1.90089,36.61458],[-1.90208,36.61383],[-1.90625,36.61042],[-1.91042,36.60792],[-1.91354,36.60625],[-1.91458,36.60556],[-1.91837,36.60208],[-1.91875,36.60179],[-1.92292,36.59881],[-1.92708,36.59861],[-1.93125,36.59856],[-1.93333,36.59792],[-1.93542,36.59722],[-1.93958,36.59489],[-1.94115,36.59375],[-1.94375,36.5928],[-1.94792,36.59108],[-1.95208,36.59005],[-1.95625,36.58988],[-1.95677,36.58958],[-1.96042,36.58561],[-1.96458,36.58556],[-1.96875,36.58555],[-1.96958,36.58542],[-1.97292,36.58449],[-1.97708,36.58297],[-1.98125,36.58174],[-1.98244,36.58125],[-1.98381,36.57708],[-1.98125,36.57512],[-1.97875,36.57292],[-1.97708,36.57188],[-1.97292,36.56929],[-1.97202,36.56875],[-1.96875,36.56646],[-1.96534,36.56458],[-1.96708,36.56042],[-1.96875,36.55982],[-1.97292,36.55817],[-1.97708,36.55657],[-1.97847,36.55625],[-1.98125,36.55542],[-1.98333,36.55625],[-1.98542,36.55701],[-1.98958,36.55881],[-1.99375,36.55859],[-1.99792,36.55833],[-2.00208,36.5581],[-2.00625,36.55814],[-2.01042,36.55823],[-2.01458,36.55755],[-2.01607,36.55625],[-2.01875,36.55208],[-2.02292,36.55052],[-2.02708,36.5492],[-2.03125,36.54819],[-2.03542,36.54818],[-2.03594,36.54792],[-2.03958,36.54527],[-2.04042,36.54375],[-2.04375,36.54072],[-2.04792,36.54058],[-2.05074,36.54375],[-2.05208,36.54792],[-2.05326,36.55208],[-2.05381,36.55625],[-2.0548,36.56042],[-2.05625,36.5625],[-2.06042,36.56121],[-2.06181,36.56042],[-2.06458,36.55903],[-2.06875,36.55638],[-2.06896,36.55625],[-2.07292,36.55321],[-2.07363,36.55208],[-2.07586,36.54792],[-2.07708,36.54554],[-2.07858,36.54375],[-2.08125,36.54137],[-2.08325,36.53958],[-2.08495,36.53542],[-2.08542,36.53403],[-2.08667,36.53125],[-2.08889,36.52708],[-2.08958,36.52569],[-2.09134,36.52292],[-2.09375,36.51939],[-2.09439,36.51875],[-2.09792,36.51548],[-2.09881,36.51458],[-2.10208,36.51153],[-2.10301,36.51042],[-2.10625,36.50735],[-2.1068,36.50625],[-2.10931,36.50208],[-2.11042,36.50131],[-2.11285,36.49792],[-2.11458,36.49591],[-2.11875,36.49448],[-2.12111,36.49375],[-2.12039,36.48958],[-2.12157,36.48542],[-2.12292,36.48163],[-2.12306,36.48125],[-2.12292,36.48107],[-2.11875,36.47797],[-2.11758,36.47708],[-2.11875,36.47599],[-2.12292,36.4748],[-2.12583,36.47292],[-2.12708,36.47014],[-2.13125,36.47139],[-2.13246,36.47292],[-2.13542,36.4756],[-2.13757,36.47708],[-2.13958,36.47798],[-2.14036,36.47708],[-2.1415,36.47292],[-2.14375,36.4706],[-2.14583,36.46875],[-2.14514,36.46458],[-2.14699,36.46042],[-2.14792,36.45833],[-2.14973,36.45625],[-2.15208,36.45367],[-2.15446,36.45208],[-2.15625,36.45089],[-2.16042,36.44925],[-2.16458,36.44988],[-2.16766,36.44792],[-2.16875,36.44653],[-2.17292,36.44442],[-2.17477,36.44375],[-2.17708,36.44319],[-2.18125,36.44097],[-2.18347,36.43958],[-2.18542,36.43819],[-2.18958,36.43922],[-2.19007,36.43958],[-2.19375,36.4419],[-2.19792,36.44271],[-2.20208,36.44357],[-2.20625,36.44287],[-2.21042,36.44257],[-2.21233,36.44375],[-2.21458,36.44525],[-2.21875,36.44575],[-2.22292,36.4477],[-2.22708,36.44712],[-2.23125,36.44737],[-2.23173,36.44792],[-2.23526,36.45208],[-2.23542,36.45218],[-2.23958,36.45229],[-2.23979,36.45208],[-2.24375,36.44848],[-2.24471,36.44792],[-2.24792,36.44514],[-2.25011,36.44375],[-2.25208,36.44254],[-2.25625,36.4431],[-2.25928,36.44375],[-2.26042,36.4441],[-2.26098,36.44375],[-2.26458,36.44149],[-2.2685,36.43958],[-2.26875,36.43932],[-2.27292,36.43845],[-2.27375,36.43542],[-2.27433,36.43125],[-2.27506,36.42708],[-2.27708,36.42536],[-2.28108,36.42292],[-2.28125,36.42285],[-2.28542,36.4224],[-2.28958,36.42182],[-2.29375,36.42012],[-2.29573,36.41875],[-2.29493,36.41458],[-2.29375,36.41153],[-2.29308,36.41042],[-2.29375,36.41007],[-2.29792,36.40856],[-2.30208,36.40734],[-2.30625,36.40666],[-2.30903,36.40625],[-2.31042,36.40598],[-2.31458,36.40544],[-2.31875,36.40504],[-2.32292,36.40561],[-2.32411,36.40625],[-2.32708,36.40738],[-2.33125,36.40906],[-2.33542,36.41025],[-2.33634,36.41042],[-2.33958,36.41109],[-2.34375,36.41192],[-2.34792,36.41181],[-2.35208,36.41264],[-2.35482,36.41458],[-2.35625,36.41533],[-2.35789,36.41458],[-2.36042,36.41317],[-2.36458,36.41198],[-2.36648,36.41042],[-2.36875,36.4093],[-2.37292,36.40648],[-2.3732,36.40625],[-2.37708,36.40218],[-2.3775,36.40208],[-2.38125,36.40087],[-2.38542,36.40142],[-2.38629,36.40208],[-2.38958,36.40404],[-2.39375,36.40455],[-2.39767,36.40208],[-2.39792,36.40181],[-2.40156,36.39792],[-2.40208,36.39772],[-2.40625,36.39727],[-2.41042,36.39731],[-2.41458,36.39727],[-2.41875,36.39758],[-2.42014,36.39792],[-2.42292,36.39875],[-2.42708,36.39955],[-2.43125,36.39977],[-2.43542,36.3997],[-2.43958,36.39948],[-2.44375,36.39991],[-2.44792,36.40038],[-2.45208,36.39979],[-2.45625,36.39813],[-2.45694,36.39792],[-2.46042,36.39692],[-2.46458,36.39726],[-2.46875,36.3974],[-2.47292,36.39702],[-2.47708,36.39678],[-2.48125,36.39583],[-2.48458,36.39375],[-2.48542,36.39361],[-2.48958,36.39375],[-2.49375,36.39662],[-2.49792,36.39719],[-2.50208,36.39757],[-2.50322,36.39792],[-2.50625,36.4],[-2.50784,36.40208],[-2.50903,36.40625],[-2.51042,36.40937],[-2.51101,36.41042],[-2.51458,36.41292],[-2.5161,36.41458],[-2.51875,36.41683],[-2.52125,36.41875],[-2.52292,36.4206],[-2.52401,36.42292],[-2.52597,36.42708],[-2.52653,36.43125],[-2.52643,36.43542],[-2.52708,36.43792],[-2.52784,36.43958],[-2.53056,36.44375],[-2.53125,36.44514],[-2.53264,36.44792],[-2.53426,36.45208],[-2.53385,36.45625],[-2.53333,36.46042],[-2.53221,36.46458],[-2.53185,36.46875],[-2.53542,36.47153],[-2.5375,36.47292],[-2.53542,36.47604],[-2.53504,36.47708],[-2.53542,36.48125],[-2.53958,36.47986],[-2.54375,36.47946],[-2.54687,36.48125],[-2.54531,36.48542],[-2.54479,36.48958],[-2.54503,36.49375],[-2.54461,36.49792],[-2.54375,36.49888],[-2.54167,36.50208],[-2.53987,36.50625],[-2.53958,36.50667],[-2.5369,36.51042],[-2.53542,36.51313],[-2.53444,36.51458],[-2.53343,36.51875],[-2.53542,36.52173],[-2.53685,36.51875],[-2.53958,36.51545],[-2.54007,36.51458],[-2.54375,36.51062],[-2.54431,36.51042],[-2.54792,36.50906],[-2.55143,36.50625],[-2.55208,36.50577],[-2.55625,36.50332],[-2.55784,36.50208],[-2.55976,36.49792],[-2.56042,36.49458],[-2.56458,36.49375],[-2.56875,36.49435],[-2.57083,36.49375],[-2.57292,36.49356],[-2.57708,36.49052],[-2.58125,36.49042],[-2.58214,36.48958],[-2.5848,36.48542],[-2.58542,36.48482],[-2.58958,36.48175],[-2.59208,36.48125],[-2.59375,36.48094],[-2.59792,36.48002],[-2.60208,36.47917],[-2.60625,36.47875],[-2.61042,36.48002],[-2.61458,36.47943],[-2.61833,36.47708],[-2.61875,36.47689],[-2.62292,36.47649],[-2.62708,36.47481],[-2.63125,36.47455],[-2.635,36.47292],[-2.63542,36.4727],[-2.63958,36.47269],[-2.64375,36.47031],[-2.64792,36.46931],[-2.65208,36.46919],[-2.65312,36.46875],[-2.65625,36.46563],[-2.65764,36.46458],[-2.66042,36.46292],[-2.66458,36.46117],[-2.66562,36.46042],[-2.66875,36.45903],[-2.67292,36.45739],[-2.67708,36.45625],[-2.68125,36.45549],[-2.68542,36.45466],[-2.68958,36.45308],[-2.69148,36.45208],[-2.69375,36.45077],[-2.69792,36.44871],[-2.69943,36.44792],[-2.70208,36.4463],[-2.70625,36.44421],[-2.70669,36.44375],[-2.71042,36.44092],[-2.7128,36.43958],[-2.71458,36.43792],[-2.71693,36.43542],[-2.71849,36.43125],[-2.71875,36.43087],[-2.72292,36.42736],[-2.72315,36.42708],[-2.72708,36.42472],[-2.73069,36.42292],[-2.73125,36.42254],[-2.73542,36.42034],[-2.73819,36.41875],[-2.73958,36.41792],[-2.74375,36.41524],[-2.74531,36.41458],[-2.74792,36.41269],[-2.75069,36.41042],[-2.75208,36.40958],[-2.75625,36.40741],[-2.76042,36.40658],[-2.76458,36.4074],[-2.76875,36.40655],[-2.76979,36.40625],[-2.77292,36.405],[-2.77708,36.40509],[-2.78125,36.40473],[-2.78542,36.40358],[-2.78917,36.40208],[-2.78958,36.4017],[-2.79375,36.40162],[-2.79583,36.40208],[-2.79792,36.40227],[-2.80208,36.40246],[-2.80486,36.40208],[-2.80486,36.39792],[-2.80625,36.39583],[-2.80937,36.39375],[-2.81042,36.39349],[-2.8125,36.39375],[-2.81458,36.39417],[-2.81875,36.395],[-2.82292,36.39527],[-2.82708,36.39635],[-2.83125,36.39602],[-2.83542,36.39421],[-2.83625,36.39375],[-2.83958,36.39072],[-2.84208,36.38958],[-2.84375,36.38894],[-2.84792,36.38792],[-2.85208,36.38632],[-2.85469,36.38542],[-2.85625,36.38479],[-2.86042,36.38295],[-2.86458,36.38142],[-2.86486,36.38125],[-2.86496,36.37708],[-2.86458,36.37569],[-2.86389,36.37292],[-2.86458,36.37222],[-2.86875,36.36901],[-2.86958,36.36875],[-2.87292,36.36792],[-2.87708,36.36716],[-2.88125,36.36736],[-2.88542,36.3673],[-2.88958,36.36538],[-2.89042,36.36458],[-2.89375,36.36107],[-2.89583,36.36042],[-2.89792,36.3599],[-2.90208,36.35878],[-2.90625,36.35804],[-2.91042,36.35667],[-2.91161,36.35625],[-2.91458,36.35521],[-2.91875,36.35417],[-2.92292,36.35365],[-2.92708,36.35327],[-2.93125,36.35278],[-2.93542,36.35208],[-2.93958,36.35095],[-2.94375,36.35069],[-2.94792,36.35042],[-2.95208,36.34792],[-2.95625,36.3475],[-2.95833,36.34375],[-2.96042,36.34034],[-2.96208,36.33958],[-2.96458,36.33885],[-2.96875,36.33926],[-2.97292,36.33894],[-2.97708,36.3375],[-2.98125,36.33698],[-2.98542,36.33625],[-2.98958,36.33601],[-2.99056,36.33542],[-2.99375,36.33372],[-2.99705,36.33125],[-2.99792,36.33048],[-3.00208,36.32778],[-3.00272,36.32708],[-3.00476,36.32292],[-3.00208,36.3219],[-2.99792,36.32099],[-2.99485,36.31875],[-2.99375,36.31803],[-2.99005,36.31458],[-2.98958,36.31417],[-2.98542,36.31212],[-2.98363,36.31042],[-2.98125,36.30869],[-2.97708,36.30625],[-2.975,36.30208],[-2.97365,36.29792],[-2.97452,36.29375],[-2.97595,36.28958],[-2.97633,36.28542],[-2.97625,36.28125],[-2.97384,36.27708],[-2.97292,36.27431],[-2.97232,36.27292],[-2.9706,36.26875],[-2.96875,36.26708],[-2.96518,36.26458],[-2.96458,36.26434],[-2.96042,36.2625],[-2.95833,36.26042],[-2.95625,36.25875],[-2.95208,36.25667],[-2.95153,36.25625],[-2.95097,36.25208],[-2.94792,36.24939],[-2.94375,36.24933],[-2.94005,36.24792],[-2.93958,36.24772],[-2.93542,36.24562],[-2.93125,36.24484],[-2.9282,36.24375],[-2.92708,36.24296],[-2.92292,36.24078],[-2.91875,36.24139],[-2.91458,36.24325],[-2.91042,36.24194],[-2.90669,36.23958],[-2.90625,36.23933],[-2.90208,36.23653],[-2.90122,36.23542],[-2.89792,36.23271],[-2.89562,36.23125],[-2.89375,36.23011],[-2.88985,36.22708],[-2.88958,36.22687],[-2.88542,36.22359],[-2.88426,36.22292],[-2.88252,36.21875],[-2.88542,36.21761],[-2.88958,36.21728],[-2.89375,36.21726],[-2.89792,36.21632],[-2.90208,36.21654],[-2.90625,36.2164],[-2.91042,36.21615],[-2.91458,36.21487],[-2.91501,36.21458],[-2.91875,36.21211],[-2.92292,36.21047],[-2.92301,36.21042],[-2.92708,36.20707],[-2.92937,36.20625],[-2.93125,36.20551],[-2.93542,36.20556],[-2.93615,36.20625],[-2.93958,36.207],[-2.94075,36.20625],[-2.93982,36.20208],[-2.93976,36.19792],[-2.93958,36.19669],[-2.93842,36.19375],[-2.93958,36.19264],[-2.94375,36.18963],[-2.94386,36.18958],[-2.94792,36.18858],[-2.95198,36.18542],[-2.95208,36.18526],[-2.95545,36.18125],[-2.95625,36.1775],[-2.96042,36.17897],[-2.96458,36.17964],[-2.96875,36.17792],[-2.97182,36.17708],[-2.97292,36.17688],[-2.97708,36.17484],[-2.98125,36.17501],[-2.98542,36.17498],[-2.98789,36.17292],[-2.98958,36.16987],[-2.99012,36.16875],[-2.98981,36.16458],[-2.9905,36.16042],[-2.99375,36.15733],[-2.9974,36.16042],[-2.99792,36.16088],[-2.99937,36.16042],[-3.00208,36.15893],[-3.00539,36.15625],[-3.00625,36.15544],[-3.01042,36.15442],[-3.01458,36.15337],[-3.01652,36.15208],[-3.01875,36.15093],[-3.02292,36.15021],[-3.02708,36.15022],[-3.03125,36.1508],[-3.03542,36.15181],[-3.03632,36.15208],[-3.03958,36.15288],[-3.04271,36.15208],[-3.04375,36.15095],[-3.04642,36.14792],[-3.04792,36.14674],[-3.05208,36.14609],[-3.05431,36.14792],[-3.05625,36.15008],[-3.05797,36.15208],[-3.06042,36.15604],[-3.06181,36.15625],[-3.06458,36.15701],[-3.06736,36.15625],[-3.06875,36.15585],[-3.07292,36.15375],[-3.07443,36.15208],[-3.07708,36.14792],[-3.08125,36.14646],[-3.08542,36.14692],[-3.08958,36.14618],[-3.09375,36.14497],[-3.09708,36.14375],[-3.09792,36.14363],[-3.10208,36.14313],[-3.10625,36.14258],[-3.11042,36.14282],[-3.11272,36.14375],[-3.11458,36.14467],[-3.11875,36.14611],[-3.12292,36.14712],[-3.12708,36.14755],[-3.12824,36.14792],[-3.13125,36.14932],[-3.13542,36.15071],[-3.13958,36.152],[-3.13969,36.15208],[-3.14375,36.15525],[-3.14613,36.15625],[-3.14792,36.15688],[-3.15208,36.15757],[-3.15625,36.15849],[-3.15845,36.15625],[-3.15629,36.15208],[-3.15625,36.15206],[-3.15208,36.15044],[-3.14952,36.14792],[-3.14792,36.14708],[-3.14375,36.14438],[-3.14298,36.14375],[-3.13958,36.14236],[-3.13542,36.14036],[-3.13413,36.13958],[-3.13125,36.13829],[-3.12708,36.13583],[-3.12661,36.13542],[-3.12292,36.13275],[-3.12081,36.13125],[-3.11875,36.12966],[-3.11559,36.12708],[-3.11495,36.12292],[-3.11875,36.12033],[-3.12292,36.1203],[-3.12708,36.12266],[-3.13125,36.12223],[-3.13542,36.11879],[-3.13558,36.11875],[-3.13958,36.11778],[-3.14375,36.11634],[-3.14792,36.1149],[-3.14907,36.11458],[-3.15208,36.1137],[-3.15625,36.11236],[-3.16042,36.11048],[-3.16066,36.11042],[-3.16458,36.10974],[-3.16875,36.10878],[-3.17292,36.1078],[-3.17708,36.10773],[-3.18125,36.10833],[-3.18542,36.10967],[-3.18958,36.10961],[-3.19375,36.10903],[-3.19792,36.10894],[-3.20208,36.10942],[-3.20625,36.10846],[-3.20838,36.10625],[-3.20859,36.10208],[-3.207,36.09792],[-3.21042,36.09441],[-3.21146,36.09375],[-3.21458,36.09321],[-3.21875,36.09364],[-3.22292,36.09346],[-3.22477,36.09375],[-3.22708,36.09426],[-3.22885,36.09792],[-3.23052,36.10208],[-3.23082,36.10625],[-3.23118,36.11042],[-3.23125,36.11048],[-3.23542,36.11439],[-3.23646,36.11458],[-3.23958,36.11521],[-3.24105,36.11458],[-3.24375,36.11373],[-3.24792,36.11233],[-3.2516,36.11042],[-3.25208,36.10985],[-3.25625,36.10706],[-3.26042,36.1066],[-3.26458,36.10731],[-3.26875,36.10796],[-3.27292,36.10837],[-3.27708,36.10871],[-3.28125,36.10919],[-3.28542,36.10955],[-3.28958,36.10938],[-3.29375,36.10936],[-3.29792,36.10864],[-3.30208,36.10708],[-3.30453,36.10625],[-3.30625,36.10548],[-3.31042,36.10417],[-3.31359,36.10208],[-3.31458,36.10147],[-3.31875,36.09812],[-3.31907,36.09792],[-3.32292,36.09599],[-3.32681,36.09375],[-3.32708,36.09356],[-3.33125,36.09181],[-3.33542,36.08969],[-3.33564,36.08958],[-3.33958,36.08681],[-3.34121,36.08542],[-3.34375,36.0838],[-3.34792,36.08224],[-3.35042,36.08125],[-3.35208,36.08029],[-3.35625,36.07816],[-3.35847,36.07708],[-3.36042,36.0762],[-3.36458,36.07442],[-3.36716,36.07292],[-3.36875,36.07106],[-3.37173,36.06875],[-3.37292,36.06667],[-3.3739,36.06875],[-3.37708,36.07111],[-3.38125,36.06974],[-3.38542,36.07027],[-3.38958,36.07042],[-3.39375,36.07139],[-3.39792,36.07121],[-3.40058,36.07292],[-3.40208,36.07359],[-3.40298,36.07292],[-3.40625,36.07055],[-3.40818,36.06875],[-3.41042,36.06705],[-3.41269,36.06458],[-3.41458,36.0625],[-3.41683,36.06042],[-3.41875,36.05625],[-3.41965,36.05208],[-3.42168,36.04792],[-3.42292,36.04668],[-3.42535,36.04375],[-3.42708,36.03958],[-3.42695,36.03542],[-3.42708,36.03498],[-3.42902,36.03125],[-3.43072,36.02708],[-3.43125,36.0267],[-3.43542,36.02357],[-3.43638,36.02708],[-3.43616,36.03125],[-3.43542,36.03349],[-3.43375,36.03542],[-3.43192,36.03958],[-3.43163,36.04375],[-3.43542,36.04678],[-3.43958,36.04628],[-3.44375,36.04577],[-3.44792,36.04546],[-3.45208,36.04567],[-3.45521,36.04792],[-3.45625,36.04954],[-3.46042,36.05073],[-3.46276,36.04792],[-3.4621,36.04375],[-3.46042,36.04153],[-3.45764,36.03958],[-3.45625,36.03693],[-3.45506,36.03542],[-3.45565,36.03125],[-3.45478,36.02708],[-3.45208,36.02475],[-3.45041,36.02292],[-3.44792,36.02033],[-3.44651,36.01875],[-3.44375,36.01478],[-3.44358,36.01458],[-3.44375,36.01414],[-3.44792,36.01424],[-3.44831,36.01458],[-3.45208,36.01794],[-3.45312,36.01875],[-3.45625,36.02069],[-3.46042,36.02153],[-3.46458,36.01976],[-3.4662,36.01875],[-3.46875,36.01711],[-3.47292,36.01458],[-3.47708,36.01172],[-3.4794,36.01042],[-3.48125,36.00923],[-3.48542,36.00903],[-3.48875,36.01042],[-3.48958,36.0108],[-3.49375,36.01341],[-3.49687,36.01458],[-3.49792,36.01497],[-3.50208,36.01837],[-3.50274,36.01875],[-3.50625,36.02071],[-3.51042,36.02225],[-3.51458,36.02277],[-3.51562,36.02292],[-3.51875,36.02338],[-3.52292,36.02417],[-3.52708,36.02497],[-3.53125,36.02534],[-3.53542,36.02574],[-3.53958,36.02587],[-3.54375,36.02611],[-3.54792,36.02652],[-3.55208,36.02674],[-3.55625,36.02694],[-3.55875,36.02708],[-3.56042,36.02725],[-3.56458,36.02756],[-3.56875,36.02763],[-3.57292,36.02708],[-3.57708,36.02621],[-3.58125,36.02566],[-3.58542,36.02524],[-3.58958,36.02475],[-3.59375,36.02483],[-3.59792,36.02523],[-3.60208,36.02544],[-3.60625,36.02591],[-3.61042,36.02641],[-3.61458,36.02569],[-3.61875,36.02574],[-3.62292,36.02654],[-3.625,36.02708],[-3.62708,36.02755],[-3.63125,36.02778],[-3.63542,36.02757],[-3.63958,36.02755],[-3.64292,36.02708],[-3.64375,36.02698],[-3.64792,36.02552],[-3.64926,36.02292],[-3.65208,36.01995],[-3.65625,36.02012],[-3.65867,36.02292],[-3.65625,36.02593],[-3.6525,36.02708],[-3.65362,36.03125],[-3.65625,36.03342],[-3.66042,36.03161],[-3.66111,36.03125],[-3.66196,36.02708],[-3.66343,36.02292],[-3.66458,36.02244],[-3.66581,36.02292],[-3.66825,36.02708],[-3.66875,36.02958],[-3.66951,36.03125],[-3.67292,36.03313],[-3.67578,36.03542],[-3.67708,36.03622],[-3.68125,36.03861],[-3.6839,36.03958],[-3.68542,36.04007],[-3.68958,36.04088],[-3.69375,36.04142],[-3.69792,36.04148],[-3.70208,36.04157],[-3.70625,36.04187],[-3.71042,36.04256],[-3.71458,36.04355],[-3.71518,36.04375],[-3.71875,36.04531],[-3.72292,36.04653],[-3.72639,36.04792],[-3.72708,36.04931],[-3.72986,36.05208],[-3.72997,36.05625],[-3.73125,36.05665],[-3.73542,36.05704],[-3.73708,36.05625],[-3.73958,36.05208],[-3.74375,36.05362],[-3.7476,36.05625],[-3.74792,36.0564],[-3.75208,36.05855],[-3.75493,36.06042],[-3.75625,36.06167],[-3.76042,36.06458],[-3.76458,36.06736],[-3.76667,36.06875],[-3.76875,36.07049],[-3.77292,36.07262],[-3.77361,36.07292],[-3.77708,36.07391],[-3.78125,36.07577],[-3.78437,36.07708],[-3.78542,36.07764],[-3.78958,36.08097],[-3.7899,36.08125],[-3.79375,36.08419],[-3.79549,36.08542],[-3.79792,36.08713],[-3.80089,36.08958],[-3.80208,36.09034],[-3.80625,36.09266],[-3.80781,36.09375],[-3.81042,36.09583],[-3.8142,36.09792],[-3.81458,36.09813],[-3.81875,36.1001],[-3.82222,36.10208],[-3.82292,36.10257],[-3.82682,36.10625],[-3.82708,36.10646],[-3.83125,36.10888],[-3.83264,36.11042],[-3.83462,36.11458],[-3.83542,36.11644],[-3.83657,36.11875],[-3.83827,36.12292],[-3.83958,36.12484],[-3.84153,36.12708],[-3.84375,36.13011],[-3.84437,36.13125],[-3.84529,36.13542],[-3.84767,36.13958],[-3.84792,36.13973],[-3.85208,36.14208],[-3.85417,36.14375],[-3.85625,36.14549],[-3.85833,36.14792],[-3.86042,36.15083],[-3.86167,36.15208],[-3.86378,36.15625],[-3.86458,36.15716],[-3.86799,36.16042],[-3.86875,36.16153],[-3.87145,36.16458],[-3.87292,36.16532],[-3.87708,36.16615],[-3.88125,36.16745],[-3.88333,36.16875],[-3.88542,36.17005],[-3.88958,36.17251],[-3.89015,36.17292],[-3.89375,36.17476],[-3.89792,36.17584],[-3.90078,36.17708],[-3.90208,36.17813],[-3.90599,36.18125],[-3.90625,36.18147],[-3.91042,36.18432],[-3.91231,36.18542],[-3.91458,36.18681],[-3.91875,36.18889],[-3.92031,36.18958],[-3.92292,36.19058],[-3.92708,36.19223],[-3.93125,36.19339],[-3.93264,36.19375],[-3.93542,36.19479],[-3.93958,36.19596],[-3.94329,36.19792],[-3.94375,36.19815],[-3.94792,36.19988],[-3.95208,36.20184],[-3.95268,36.20208],[-3.95625,36.20375],[-3.96042,36.20625],[-3.96458,36.20859],[-3.96875,36.20972],[-3.97125,36.21042],[-3.97292,36.21106],[-3.97708,36.2125],[-3.98125,36.21345],[-3.98542,36.2142],[-3.98958,36.21458],[-3.99375,36.21505],[-3.99792,36.21572],[-4.00208,36.21625],[-4.00625,36.21667],[-4.01042,36.21723],[-4.01458,36.21833],[-4.01667,36.21875],[-4.01875,36.2191],[-4.02292,36.21944],[-4.02708,36.22003],[-4.03125,36.22049],[-4.03449,36.22292],[-4.03542,36.22356],[-4.03958,36.22452],[-4.04375,36.225],[-4.04792,36.225],[-4.05116,36.22708],[-4.05208,36.22772],[-4.05625,36.22901],[-4.06042,36.22901],[-4.06458,36.22901],[-4.06875,36.22917],[-4.07292,36.22917],[-4.07708,36.22917],[-4.08125,36.22901],[-4.08542,36.22887],[-4.08958,36.22887],[-4.09375,36.22869],[-4.09792,36.22857],[-4.10208,36.22827],[-4.10625,36.22827],[-4.11042,36.22827],[-4.11458,36.22819],[-4.11875,36.22839],[-4.12292,36.2287],[-4.12708,36.22904],[-4.13125,36.22929],[-4.13542,36.22986],[-4.13958,36.23032],[-4.14375,36.23081],[-4.14792,36.23104],[-4.15208,36.23125],[-4.15625,36.23171],[-4.16042,36.23194],[-4.16458,36.2325],[-4.16875,36.23277],[-4.17292,36.23295],[-4.17708,36.23271],[-4.18125,36.23313],[-4.18542,36.23352],[-4.18958,36.23393],[-4.19375,36.23423],[-4.19792,36.23375],[-4.20208,36.23379],[-4.20625,36.23403],[-4.21042,36.23428],[-4.21458,36.23466],[-4.21875,36.23505],[-4.22292,36.23542],[-4.22708,36.23562],[-4.23125,36.23628],[-4.23542,36.2365],[-4.23958,36.23661],[-4.24375,36.23661],[-4.24792,36.23712],[-4.25208,36.23742],[-4.25625,36.238],[-4.26042,36.23884],[-4.26458,36.23908],[-4.26875,36.23942],[-4.27083,36.23958],[-4.27292,36.23971],[-4.27708,36.23984],[-4.28125,36.23987],[-4.28542,36.23988],[-4.28958,36.23989],[-4.29375,36.23992],[-4.29792,36.24058],[-4.30208,36.24158],[-4.30625,36.24215],[-4.31042,36.24298],[-4.31389,36.24375],[-4.31458,36.244],[-4.31875,36.24537],[-4.32292,36.2466],[-4.32708,36.2475],[-4.32875,36.24792],[-4.33125,36.24857],[-4.33542,36.24907],[-4.33958,36.25],[-4.34375,36.25121],[-4.34792,36.25208],[-4.35208,36.25278],[-4.35625,36.25362],[-4.36042,36.25471],[-4.36458,36.25547],[-4.36875,36.25547],[-4.37187,36.25625],[-4.37292,36.25642],[-4.37708,36.25679],[-4.38125,36.25701],[-4.38542,36.25708],[-4.38958,36.25735],[-4.39375,36.25703],[-4.39792,36.25653],[-4.39875,36.25625],[-4.40208,36.25387],[-4.40458,36.25208],[-4.40625,36.25089],[-4.41042,36.24792],[-4.41389,36.24375],[-4.41458,36.24323],[-4.41875,36.24196],[-4.42292,36.24077],[-4.42708,36.23958],[-4.43125,36.2375],[-4.43542,36.23542],[-4.43958,36.23403],[-4.44375,36.23177],[-4.44479,36.23125],[-4.44792,36.22969],[-4.45208,36.22708],[-4.45625,36.22616],[-4.46042,36.22344],[-4.46125,36.22292],[-4.46458,36.22083],[-4.46736,36.21875],[-4.46875,36.21756],[-4.47292,36.21782],[-4.47708,36.21667],[-4.47917,36.21458],[-4.48125,36.2128],[-4.48542,36.21161],[-4.48819,36.21042],[-4.48958,36.21],[-4.49375,36.20928],[-4.49792,36.20913],[-4.50208,36.20833],[-4.50625,36.20718],[-4.51042,36.20667],[-4.5125,36.20625],[-4.51458,36.20579],[-4.51875,36.20532],[-4.52292,36.20469],[-4.52708,36.20446],[-4.53125,36.20625],[-4.53542,36.20833],[-4.53958,36.20863],[-4.54375,36.20863],[-4.54792,36.20792],[-4.55208,36.2081],[-4.55625,36.2075],[-4.56042,36.2075],[-4.56458,36.20792],[-4.56875,36.20833],[-4.57292,36.20677],[-4.57708,36.20677],[-4.58125,36.20671],[-4.58542,36.20792],[-4.58958,36.20799],[-4.59375,36.20833],[-4.59792,36.20885],[-4.60208,36.20833],[-4.60625,36.20744],[-4.61042,36.20685],[-4.61458,36.20625],[-4.61875,36.20486],[-4.62292,36.20268],[-4.62708,36.20208],[-4.63125,36.20208],[-4.63542,36.20069],[-4.63958,36.19958],[-4.64236,36.19792],[-4.64375,36.19583],[-4.64514,36.19375],[-4.64792,36.19236],[-4.65208,36.19196],[-4.65625,36.18958],[-4.65718,36.18542],[-4.65625,36.18264],[-4.65573,36.18125],[-4.65529,36.17708],[-4.65542,36.17292],[-4.65542,36.16875],[-4.65542,36.16458],[-4.65569,36.16042],[-4.65625,36.15764],[-4.65708,36.15625],[-4.65903,36.15208],[-4.66042,36.14931],[-4.66458,36.14792],[-4.66875,36.14375],[-4.66875,36.13958],[-4.67292,36.1375],[-4.675,36.13542],[-4.67708,36.13472],[-4.68125,36.13363],[-4.68542,36.13304],[-4.68958,36.13304],[-4.69375,36.13208],[-4.69479,36.13125],[-4.69792,36.12812],[-4.70208,36.12708],[-4.70347,36.12292],[-4.70417,36.11875],[-4.70625,36.11458],[-4.70625,36.11042],[-4.70208,36.10903],[-4.70069,36.10625],[-4.69851,36.10208],[-4.70208,36.1],[-4.70625,36.09884],[-4.70729,36.09792],[-4.70895,36.09375],[-4.70852,36.08958],[-4.71042,36.08769],[-4.71458,36.08631],[-4.71875,36.08542],[-4.72292,36.08125],[-4.72604,36.07708],[-4.72708,36.07662],[-4.73125,36.07396],[-4.73542,36.07292],[-4.73958,36.06979],[-4.74077,36.06875],[-4.74375,36.06667],[-4.74722,36.06458],[-4.74792,36.06406],[-4.75208,36.06101],[-4.75292,36.06042],[-4.75375,36.05625],[-4.75458,36.05208],[-4.75625,36.04792],[-4.75625,36.04375],[-4.75625,36.03958],[-4.75694,36.03542],[-4.75833,36.03125],[-4.76042,36.02917],[-4.7625,36.02708],[-4.76458,36.02292],[-4.76875,36.02083],[-4.77014,36.01875],[-4.76875,36.01667],[-4.76736,36.01458],[-4.76458,36.01042],[-4.76458,36.00625],[-4.76875,36.00625],[-4.77292,36.00625],[-4.77708,36.00208],[-4.77917,35.99792],[-4.77917,35.99375],[-4.77792,35.98958],[-4.77708,35.98542],[-4.77431,35.98125],[-4.77292,35.97917],[-4.77187,35.97708],[-4.76875,35.97292],[-4.76792,35.96875],[-4.76875,35.96458],[-4.77292,35.96354],[-4.77708,35.96208],[-4.77847,35.96042],[-4.77958,35.95625],[-4.78125,35.95521],[-4.78542,35.95436],[-4.78958,35.95394],[-4.79375,35.95301],[-4.79653,35.95208],[-4.79792,35.95167],[-4.80208,35.94917],[-4.80521,35.94792],[-4.80625,35.94722],[-4.80972,35.94375],[-4.81042,35.94329],[-4.81458,35.94054],[-4.81771,35.93958],[-4.81875,35.93917],[-4.82292,35.93708],[-4.82708,35.93542],[-4.83125,35.93542],[-4.83542,35.93542],[-4.83819,35.93125],[-4.83738,35.92708],[-4.83542,35.92292],[-4.83409,35.91875],[-4.83411,35.91458],[-4.83542,35.91269],[-4.83958,35.91066],[-4.84028,35.91042],[-4.84375,35.90926],[-4.84676,35.90625],[-4.84792,35.90417],[-4.85052,35.90208],[-4.85208,35.89958],[-4.85278,35.89792],[-4.85208,35.89688],[-4.84981,35.89375],[-4.84792,35.89115],[-4.84729,35.88958],[-4.84508,35.88542],[-4.84375,35.88299],[-4.84245,35.88125],[-4.83958,35.87743],[-4.83932,35.87708],[-4.8375,35.87292],[-4.83542,35.86875],[-4.83125,35.86628],[-4.82917,35.86458],[-4.82708,35.86259],[-4.825,35.86042],[-4.8234,35.85625],[-4.82292,35.85516],[-4.81984,35.85208],[-4.81875,35.85137],[-4.81458,35.84851],[-4.81394,35.84792],[-4.81042,35.8455],[-4.80708,35.84375],[-4.80625,35.84324],[-4.80222,35.83958],[-4.80208,35.83929],[-4.80034,35.83542],[-4.79792,35.83314],[-4.79551,35.83125],[-4.79375,35.82942],[-4.79193,35.82708],[-4.78958,35.82516],[-4.78646,35.82292],[-4.78542,35.82198],[-4.78125,35.81944],[-4.78058,35.81875],[-4.77732,35.81458],[-4.77708,35.81422],[-4.77328,35.81042],[-4.77292,35.81012],[-4.76875,35.80692],[-4.76803,35.80625],[-4.76458,35.80265],[-4.76399,35.80208],[-4.76042,35.79851],[-4.75972,35.79792],[-4.75625,35.79375],[-4.75208,35.79053],[-4.75104,35.78958],[-4.74792,35.78646],[-4.74697,35.78542],[-4.74375,35.78188],[-4.74325,35.78125],[-4.73989,35.77708],[-4.73958,35.77677],[-4.73542,35.77392],[-4.73395,35.77292],[-4.73125,35.7705],[-4.73014,35.76875],[-4.72766,35.76458],[-4.72708,35.76371],[-4.72379,35.76042],[-4.72292,35.75962],[-4.71898,35.75625],[-4.71875,35.75599],[-4.71577,35.75208],[-4.71458,35.75042],[-4.71288,35.74792],[-4.71042,35.74405],[-4.71023,35.74375],[-4.70647,35.73958],[-4.70625,35.73926],[-4.70362,35.73542],[-4.70208,35.73317],[-4.7003,35.73125],[-4.69792,35.72869],[-4.69669,35.72708],[-4.69375,35.72414],[-4.69236,35.72292],[-4.68958,35.71944],[-4.68889,35.71875],[-4.68542,35.71577],[-4.68413,35.71458],[-4.68125,35.7119],[-4.67986,35.71042],[-4.67708,35.70764],[-4.67578,35.70625],[-4.67292,35.70272],[-4.67208,35.70208],[-4.66875,35.69952],[-4.66644,35.69792],[-4.66458,35.6964],[-4.66215,35.69375],[-4.66042,35.69226],[-4.65625,35.69],[-4.65573,35.68958],[-4.65208,35.68569],[-4.65176,35.68542],[-4.64792,35.68185],[-4.64732,35.68125],[-4.64375,35.67847],[-4.64208,35.67708],[-4.63958,35.67574],[-4.63542,35.67423],[-4.63125,35.67314],[-4.63073,35.67292],[-4.62708,35.67049],[-4.62388,35.66875],[-4.62292,35.66835],[-4.61875,35.66673],[-4.61458,35.66548],[-4.61042,35.66645],[-4.60625,35.66695],[-4.60208,35.66627],[-4.59792,35.66543],[-4.59656,35.66458],[-4.5943,35.66042],[-4.59375,35.66003],[-4.5907,35.65625],[-4.58958,35.65472],[-4.58542,35.65215],[-4.58519,35.65208],[-4.58125,35.65084],[-4.57708,35.64889],[-4.57455,35.64792],[-4.57292,35.6473],[-4.56875,35.64562],[-4.56496,35.64375],[-4.56458,35.64341],[-4.56042,35.64275],[-4.55625,35.641],[-4.55208,35.63964],[-4.55179,35.63958],[-4.54792,35.637],[-4.54653,35.63542],[-4.54792,35.63264],[-4.54977,35.63125],[-4.55208,35.62827],[-4.55327,35.62708],[-4.55625,35.6256],[-4.56042,35.62448],[-4.56458,35.62292],[-4.56875,35.62113],[-4.57292,35.62042],[-4.57708,35.61979],[-4.58125,35.61875],[-4.58542,35.61799],[-4.58958,35.61667],[-4.59087,35.61458],[-4.58958,35.6125],[-4.5875,35.61042],[-4.58542,35.60764],[-4.58437,35.60625],[-4.58125,35.60375],[-4.5794,35.60208],[-4.57708,35.6],[-4.57519,35.59792],[-4.57292,35.59653],[-4.56875,35.59431],[-4.56782,35.59375],[-4.56458,35.59292],[-4.56042,35.59185],[-4.55625,35.5913],[-4.55208,35.59063],[-4.54792,35.5902],[-4.54375,35.58974],[-4.54236,35.58958],[-4.53958,35.58927],[-4.53542,35.58894],[-4.53125,35.58868],[-4.52708,35.58814],[-4.52292,35.58766],[-4.51875,35.58725],[-4.51458,35.58698],[-4.51042,35.58668],[-4.50625,35.58604],[-4.50312,35.58542],[-4.50208,35.58523],[-4.49792,35.58397],[-4.49375,35.58292],[-4.48958,35.58213],[-4.48625,35.58125],[-4.48542,35.58108],[-4.48125,35.58081],[-4.47847,35.58125],[-4.47708,35.58229],[-4.47569,35.58125],[-4.47292,35.58042],[-4.46875,35.57894],[-4.46458,35.57708],[-4.46042,35.57516],[-4.45625,35.57396],[-4.45417,35.57292],[-4.45208,35.57153],[-4.44792,35.56917],[-4.44722,35.56875],[-4.44375,35.56686],[-4.43958,35.56514],[-4.43792,35.56458],[-4.43542,35.56369],[-4.43125,35.5625],[-4.42708,35.56111],[-4.42396,35.56042],[-4.42292,35.56028],[-4.41875,35.56042],[-4.41458,35.56004],[-4.41292,35.56042],[-4.41042,35.56125],[-4.40625,35.56262],[-4.40208,35.56283],[-4.39792,35.5628],[-4.39535,35.56042],[-4.39407,35.55625],[-4.39375,35.55579],[-4.38958,35.55319],[-4.38542,35.55317],[-4.38125,35.55316],[-4.37708,35.55375],[-4.37292,35.55442],[-4.36875,35.55404],[-4.36542,35.55208],[-4.36458,35.55133],[-4.36231,35.54792],[-4.36042,35.54542],[-4.35861,35.54375],[-4.35625,35.54252],[-4.35208,35.54054],[-4.34875,35.53958],[-4.34792,35.53936],[-4.34375,35.53779],[-4.33958,35.53681],[-4.33542,35.53658],[-4.33125,35.53728],[-4.32867,35.53958],[-4.32708,35.54087],[-4.32292,35.541],[-4.31875,35.54181],[-4.31458,35.54282],[-4.31181,35.54375],[-4.31042,35.54414],[-4.30625,35.54556],[-4.30208,35.54723],[-4.3003,35.54792],[-4.29792,35.5487],[-4.29375,35.54912],[-4.29131,35.54792],[-4.28958,35.54708],[-4.28664,35.54792],[-4.28542,35.54828],[-4.28125,35.54888],[-4.27708,35.54921],[-4.27292,35.54989],[-4.26875,35.55009],[-4.26458,35.55009],[-4.26042,35.54964],[-4.25625,35.54845],[-4.25506,35.54792],[-4.25208,35.54613],[-4.24792,35.5453],[-4.24375,35.54552],[-4.23958,35.54501],[-4.23542,35.54375],[-4.23125,35.54375],[-4.22708,35.54599],[-4.22292,35.54676],[-4.21875,35.54706],[-4.21498,35.54375],[-4.21458,35.54351],[-4.2124,35.54375],[-4.21042,35.54485],[-4.20625,35.54601],[-4.20208,35.54681],[-4.19923,35.54792],[-4.19792,35.54867],[-4.19375,35.54944],[-4.18958,35.55034],[-4.18542,35.55135],[-4.18125,35.55185],[-4.18032,35.55208],[-4.17708,35.55253],[-4.17292,35.55391],[-4.16875,35.55337],[-4.16625,35.55625],[-4.16458,35.55699],[-4.16042,35.55816],[-4.15625,35.55923],[-4.15246,35.56042],[-4.15208,35.56053],[-4.14792,35.56185],[-4.14375,35.56324],[-4.13958,35.56458],[-4.13542,35.56586],[-4.13125,35.56701],[-4.12708,35.56806],[-4.12431,35.56875],[-4.12292,35.5691],[-4.11875,35.57002],[-4.11458,35.571],[-4.11042,35.57182],[-4.10625,35.5726],[-4.10469,35.57292],[-4.10208,35.57346],[-4.09792,35.57427],[-4.09375,35.57449],[-4.08958,35.57439],[-4.08542,35.57458],[-4.08125,35.5754],[-4.07708,35.57629],[-4.07292,35.57708],[-4.06875,35.57805],[-4.06458,35.57907],[-4.06042,35.57996],[-4.05625,35.58092],[-4.05469,35.58125],[-4.05208,35.58177],[-4.04792,35.58264],[-4.04375,35.58377],[-4.03958,35.5852],[-4.03883,35.58542],[-4.03542,35.58643],[-4.03125,35.58732],[-4.02708,35.58815],[-4.02292,35.58905],[-4.02014,35.58958],[-4.01875,35.58985],[-4.01458,35.59049],[-4.01042,35.59093],[-4.00625,35.5912],[-4.00208,35.59132],[-3.99792,35.59149],[-3.99375,35.59179],[-3.98958,35.59211],[-3.98542,35.59219],[-3.98125,35.59246],[-3.97708,35.59284],[-3.97292,35.59271],[-3.96875,35.59223],[-3.96458,35.59172],[-3.96042,35.59026],[-3.95625,35.58992],[-3.95347,35.58958],[-3.95208,35.58939],[-3.94792,35.58902],[-3.94375,35.58845],[-3.93958,35.58848],[-3.93542,35.58852],[-3.93125,35.58781],[-3.92708,35.58693],[-3.92292,35.58831],[-3.92005,35.58958],[-3.91875,35.58993],[-3.91824,35.58958],[-3.91458,35.58632],[-3.91042,35.58565],[-3.90885,35.58542],[-3.90625,35.58511],[-3.90208,35.58475],[-3.89792,35.58458],[-3.89375,35.58455],[-3.88958,35.58492],[-3.8875,35.58542],[-3.88958,35.58589],[-3.89375,35.58618],[-3.89792,35.58617],[-3.90002,35.58958],[-3.90208,35.5935],[-3.90486,35.59375],[-3.90208,35.59404],[-3.89792,35.59426],[-3.89375,35.59442],[-3.88958,35.59479],[-3.88542,35.59527],[-3.88125,35.59556],[-3.87708,35.59555],[-3.87292,35.59542],[-3.86875,35.59511],[-3.86458,35.59499],[-3.86042,35.59464],[-3.85625,35.59517],[-3.85208,35.59703],[-3.84983,35.59792],[-3.84792,35.59874],[-3.84375,35.5996],[-3.83958,35.60072],[-3.83542,35.60181],[-3.83437,35.60208],[-3.83125,35.60327],[-3.82708,35.60564],[-3.82589,35.60625],[-3.82292,35.60716],[-3.81875,35.60827],[-3.81458,35.60955],[-3.81257,35.61042],[-3.81042,35.61181],[-3.80625,35.614],[-3.80524,35.61458],[-3.80208,35.6172],[-3.79937,35.61875],[-3.79792,35.61966],[-3.79432,35.62292],[-3.79375,35.62331],[-3.78958,35.62668],[-3.78889,35.62708],[-3.78542,35.62917],[-3.78221,35.63125],[-3.78125,35.63191],[-3.77708,35.63479],[-3.77625,35.63542],[-3.77292,35.63899],[-3.77204,35.63958],[-3.76875,35.64148],[-3.76518,35.64375],[-3.76458,35.64409],[-3.76042,35.64637],[-3.75833,35.64792],[-3.75625,35.64904],[-3.75208,35.65181],[-3.75172,35.65208],[-3.74792,35.65466],[-3.74566,35.65625],[-3.74375,35.65749],[-3.73958,35.66017],[-3.73917,35.66042],[-3.73542,35.66292],[-3.73304,35.66458],[-3.73125,35.66597],[-3.72708,35.66875],[-3.72292,35.6723],[-3.72204,35.67292],[-3.71875,35.6747],[-3.71458,35.67697],[-3.71439,35.67708],[-3.71042,35.67982],[-3.70833,35.68125],[-3.70625,35.68295],[-3.70208,35.68542],[-3.69792,35.688],[-3.69537,35.68958],[-3.69375,35.69033],[-3.68958,35.69257],[-3.68606,35.69375],[-3.68542,35.69402],[-3.68125,35.69608],[-3.67812,35.69792],[-3.67708,35.69846],[-3.67292,35.70058],[-3.66973,35.70208],[-3.66875,35.70253],[-3.66458,35.70445],[-3.66088,35.70625],[-3.66042,35.70644],[-3.65625,35.70849],[-3.65208,35.71017],[-3.65149,35.71042],[-3.64792,35.71193],[-3.64375,35.7138],[-3.64183,35.71458],[-3.63958,35.71552],[-3.63542,35.71818],[-3.63461,35.71875],[-3.63125,35.72117],[-3.62799,35.72292],[-3.62708,35.72329],[-3.62292,35.7262],[-3.62131,35.72708],[-3.61875,35.7286],[-3.61486,35.73125],[-3.61458,35.73141],[-3.61042,35.73455],[-3.60926,35.73542],[-3.60625,35.738],[-3.60395,35.73958],[-3.60208,35.74122],[-3.59888,35.74375],[-3.59792,35.74439],[-3.59375,35.74661],[-3.59028,35.74792],[-3.58958,35.74816],[-3.58542,35.74935],[-3.58125,35.75081],[-3.57917,35.75208],[-3.57708,35.75339],[-3.57292,35.75489],[-3.56875,35.75597],[-3.56458,35.75625],[-3.56042,35.75711],[-3.55625,35.75867],[-3.55266,35.76042],[-3.55208,35.76078],[-3.54792,35.76245],[-3.54436,35.76458],[-3.54375,35.76501],[-3.53958,35.76749],[-3.53801,35.76875],[-3.53542,35.77199],[-3.53431,35.77292],[-3.53125,35.77515],[-3.52708,35.77649],[-3.52623,35.77708],[-3.52316,35.78125],[-3.52292,35.78156],[-3.51875,35.78392],[-3.5151,35.78542],[-3.51458,35.78561],[-3.51042,35.78755],[-3.50679,35.78958],[-3.50625,35.78981],[-3.50208,35.79133],[-3.49792,35.7929],[-3.49531,35.79375],[-3.49375,35.79443],[-3.48958,35.79704],[-3.48773,35.79792],[-3.48542,35.79901],[-3.48125,35.8015],[-3.48034,35.80208],[-3.47708,35.80411],[-3.47378,35.80625],[-3.47292,35.80669],[-3.46875,35.80838],[-3.46477,35.81042],[-3.46458,35.81054],[-3.46042,35.81294],[-3.45801,35.81458],[-3.45625,35.81606],[-3.45246,35.81875],[-3.45208,35.81904],[-3.44792,35.82211],[-3.44702,35.82292],[-3.44375,35.82561],[-3.44214,35.82708],[-3.43958,35.83038],[-3.43878,35.83125],[-3.43542,35.83542],[-3.43277,35.83958],[-3.43125,35.84144],[-3.42965,35.84375],[-3.42847,35.84792],[-3.42847,35.85208],[-3.42781,35.85625],[-3.42708,35.85903],[-3.42681,35.86042],[-3.42635,35.86458],[-3.42623,35.86875],[-3.42633,35.87292],[-3.42708,35.87604],[-3.42743,35.87708],[-3.42708,35.87986],[-3.42698,35.88125],[-3.42579,35.88542],[-3.42391,35.88958],[-3.42292,35.89071],[-3.41875,35.89363],[-3.41815,35.89375],[-3.41458,35.89443],[-3.41042,35.89778],[-3.41004,35.89792],[-3.40625,35.89896],[-3.40208,35.89896],[-3.4005,35.89792],[-3.39792,35.89591],[-3.39375,35.89597],[-3.38958,35.89721],[-3.38542,35.8974],[-3.38125,35.89641],[-3.37708,35.8947],[-3.37292,35.89443],[-3.36875,35.89484],[-3.36458,35.89524],[-3.36042,35.89554],[-3.35625,35.89569],[-3.35208,35.896],[-3.34792,35.89631],[-3.34375,35.89692],[-3.34034,35.89792],[-3.33958,35.89809],[-3.33542,35.8987],[-3.33125,35.89923],[-3.32708,35.89991],[-3.32292,35.90024],[-3.31875,35.9008],[-3.31458,35.90168],[-3.31283,35.90208],[-3.31042,35.90262],[-3.30625,35.90364],[-3.30208,35.90458],[-3.29792,35.90538],[-3.29392,35.90625],[-3.29375,35.90629],[-3.28958,35.90709],[-3.28542,35.90733],[-3.28125,35.90737],[-3.27708,35.90745],[-3.27292,35.90815],[-3.26875,35.90878],[-3.26458,35.91009],[-3.2635,35.91042],[-3.26042,35.91245],[-3.25729,35.91458],[-3.25625,35.91519],[-3.25208,35.91592],[-3.24792,35.91675],[-3.24375,35.91831],[-3.24226,35.91875],[-3.23958,35.92025],[-3.23542,35.92292],[-3.23125,35.92399],[-3.22708,35.92556],[-3.22411,35.92708],[-3.22292,35.92801],[-3.21875,35.93073],[-3.21771,35.93125],[-3.21458,35.93292],[-3.21042,35.93528],[-3.21021,35.93542],[-3.20625,35.93846],[-3.20417,35.93958],[-3.20208,35.94025],[-3.19792,35.9419],[-3.19421,35.94375],[-3.19375,35.94403],[-3.18958,35.94769],[-3.18922,35.94792],[-3.18542,35.95031],[-3.18142,35.95208],[-3.18125,35.95216],[-3.17708,35.95413],[-3.17292,35.95605],[-3.17247,35.95625],[-3.16875,35.95785],[-3.16458,35.9595],[-3.16293,35.96042],[-3.16042,35.96222],[-3.15719,35.96458],[-3.15625,35.96516],[-3.15208,35.96749],[-3.15008,35.96875],[-3.14792,35.97006],[-3.14375,35.97277],[-3.1436,35.97292],[-3.14018,35.97708],[-3.13958,35.97772],[-3.1355,35.98125],[-3.13542,35.98137],[-3.13218,35.98542],[-3.13125,35.98681],[-3.1277,35.98958],[-3.12708,35.98981],[-3.12335,35.99375],[-3.12292,35.99411],[-3.11875,35.99558],[-3.11458,35.99742],[-3.11319,35.99792],[-3.11042,35.99906],[-3.10625,36.00113],[-3.10401,36.00208],[-3.10208,36.00276],[-3.09792,36.00396],[-3.09375,36.00484],[-3.09004,36.00625],[-3.08958,36.00646],[-3.08542,36.00754],[-3.08125,36.00895],[-3.07708,36.00998],[-3.07582,36.01042],[-3.07292,36.01156],[-3.06875,36.01233],[-3.06458,36.01294],[-3.06042,36.01382],[-3.05784,36.01458],[-3.05625,36.01496],[-3.05208,36.01522],[-3.04792,36.01555],[-3.04375,36.01592],[-3.03958,36.01773],[-3.03542,36.01875],[-3.03125,36.01955],[-3.02708,36.0215],[-3.02292,36.02077],[-3.01875,36.02188],[-3.01544,36.02292],[-3.01458,36.02317],[-3.01042,36.02423],[-3.00625,36.02512],[-3.00208,36.02604],[-2.99792,36.02679],[-2.99704,36.02708],[-2.99375,36.02905],[-2.98958,36.03076],[-2.98542,36.03089],[-2.98502,36.03125],[-2.98125,36.03488],[-2.97708,36.03246],[-2.97508,36.03542],[-2.97292,36.03906],[-2.97042,36.03958],[-2.96875,36.03985],[-2.96458,36.04066],[-2.96042,36.0413],[-2.95744,36.04375],[-2.95625,36.04399],[-2.95208,36.04384],[-2.94792,36.04473],[-2.94375,36.04577],[-2.93958,36.04666],[-2.93542,36.04735],[-2.93375,36.04792],[-2.93125,36.04898],[-2.92708,36.05014],[-2.92292,36.05142],[-2.92083,36.05208],[-2.91875,36.05337],[-2.91458,36.05587],[-2.91302,36.05625],[-2.91042,36.0565],[-2.90625,36.05658],[-2.90436,36.05625],[-2.90208,36.05573],[-2.89792,36.05472],[-2.89375,36.0556],[-2.88958,36.05565],[-2.88542,36.05499],[-2.88125,36.05534],[-2.87708,36.05564],[-2.87292,36.05592],[-2.87153,36.05625],[-2.86875,36.05685],[-2.86458,36.05704],[-2.86042,36.05625],[-2.85625,36.05581],[-2.85539,36.05625],[-2.85208,36.05757],[-2.84792,36.05793],[-2.84375,36.05779],[-2.83958,36.05875],[-2.83542,36.0595],[-2.83125,36.05999],[-2.82708,36.06019],[-2.82292,36.06016],[-2.81875,36.06001],[-2.81458,36.06006],[-2.81258,36.06042],[-2.81042,36.06106],[-2.80625,36.0617],[-2.80208,36.06238],[-2.79792,36.06376],[-2.79375,36.0636],[-2.78958,36.06238],[-2.78542,36.06181],[-2.78125,36.06143],[-2.77708,36.06047],[-2.77684,36.06042],[-2.77292,36.05883],[-2.76875,36.05669],[-2.76458,36.05705],[-2.76227,36.05625],[-2.76042,36.05585],[-2.75625,36.05517],[-2.75208,36.05464],[-2.74792,36.05393],[-2.74375,36.05379],[-2.73958,36.05582],[-2.73914,36.05625],[-2.73542,36.0576],[-2.73125,36.05758],[-2.72708,36.05651],[-2.72639,36.05625],[-2.72292,36.05451],[-2.72009,36.05208],[-2.71875,36.05078],[-2.71458,36.04945],[-2.71207,36.04792],[-2.71042,36.04693],[-2.70625,36.04522],[-2.70302,36.04375],[-2.70208,36.04315],[-2.69792,36.04179],[-2.69375,36.04126],[-2.68958,36.04019],[-2.6883,36.03958],[-2.68542,36.03783],[-2.68125,36.03606],[-2.68004,36.03542],[-2.67708,36.03338],[-2.67378,36.03125],[-2.67311,36.02708],[-2.67292,36.02656],[-2.66927,36.02292],[-2.67292,36.01927],[-2.67319,36.01875],[-2.67667,36.01458],[-2.67708,36.01424],[-2.68125,36.01164],[-2.68251,36.01042],[-2.68542,36.00802],[-2.68795,36.00625],[-2.68958,36.00507],[-2.69192,36.00208],[-2.69375,35.99995],[-2.69725,35.99792],[-2.69792,35.9973],[-2.70208,35.99425],[-2.70299,35.99375],[-2.70625,35.99154],[-2.70942,35.98958],[-2.71042,35.98884],[-2.71458,35.98692],[-2.71833,35.98542],[-2.71875,35.98525],[-2.72292,35.98357],[-2.72708,35.98198],[-2.73021,35.98125],[-2.73125,35.9809],[-2.73542,35.97973],[-2.73958,35.97887],[-2.74375,35.97803],[-2.74792,35.97767],[-2.75208,35.97728],[-2.75375,35.97708],[-2.75625,35.97653],[-2.76042,35.97479],[-2.76458,35.97436],[-2.76875,35.97326],[-2.7697,35.97292],[-2.77292,35.9711],[-2.77708,35.96917],[-2.77815,35.96875],[-2.78125,35.96706],[-2.78542,35.96592],[-2.78703,35.96458],[-2.78958,35.96314],[-2.79375,35.96099],[-2.79518,35.96042],[-2.79792,35.9593],[-2.80208,35.95836],[-2.80625,35.95737],[-2.80821,35.95625],[-2.81042,35.95438],[-2.81458,35.95244],[-2.81505,35.95208],[-2.81875,35.94931],[-2.82113,35.94792],[-2.82292,35.94705],[-2.82708,35.94428],[-2.8291,35.94375],[-2.83125,35.94244],[-2.83542,35.93989],[-2.83605,35.93958],[-2.83958,35.93646],[-2.84076,35.93542],[-2.84375,35.93309],[-2.84792,35.93158],[-2.84882,35.93125],[-2.85208,35.92964],[-2.85625,35.9276],[-2.8572,35.92708],[-2.86042,35.9252],[-2.86458,35.92458],[-2.86875,35.92297],[-2.86886,35.92292],[-2.87224,35.91875],[-2.87292,35.91812],[-2.87708,35.91517],[-2.87891,35.91458],[-2.88125,35.9136],[-2.88542,35.91162],[-2.88879,35.91042],[-2.88958,35.91016],[-2.89375,35.90885],[-2.89792,35.90795],[-2.90208,35.90728],[-2.90625,35.90663],[-2.90819,35.90625],[-2.91042,35.90524],[-2.91458,35.90384],[-2.91875,35.90256],[-2.92034,35.90208],[-2.92292,35.9008],[-2.92708,35.89911],[-2.92931,35.89792],[-2.93125,35.89555],[-2.93517,35.89375],[-2.93542,35.89366],[-2.93958,35.89153],[-2.94375,35.89053],[-2.94705,35.88958],[-2.94792,35.88915],[-2.95208,35.88717],[-2.95625,35.88552],[-2.95833,35.88542],[-2.96042,35.88526],[-2.96458,35.88542],[-2.96875,35.8839],[-2.97292,35.88221],[-2.97365,35.88125],[-2.97649,35.87708],[-2.97708,35.87644],[-2.98107,35.87292],[-2.98125,35.87264],[-2.9839,35.86875],[-2.98542,35.86572],[-2.98604,35.86458],[-2.98792,35.86042],[-2.98958,35.85875],[-2.99375,35.85679],[-2.99792,35.85667],[-2.99896,35.85625],[-3.00208,35.85357],[-3.00625,35.8524],[-3.00863,35.85625],[-3.01042,35.85726],[-3.01458,35.85878],[-3.01875,35.85875],[-3.02292,35.85768],[-3.02649,35.85625],[-3.02708,35.85587],[-3.03125,35.85443],[-3.03393,35.85208],[-3.03542,35.85099],[-3.03958,35.84826],[-3.04028,35.84792],[-3.04375,35.84687],[-3.04792,35.84673],[-3.05139,35.84375],[-3.05208,35.84292],[-3.05625,35.842],[-3.06042,35.83974],[-3.06101,35.83958],[-3.06458,35.83731],[-3.06875,35.83571],[-3.06921,35.83542],[-3.07292,35.83239],[-3.0747,35.83125],[-3.07708,35.82973],[-3.08125,35.82755],[-3.08264,35.82708],[-3.08542,35.82625],[-3.08958,35.82431],[-3.09375,35.82292],[-3.09678,35.81875],[-3.09792,35.81786],[-3.10208,35.81615],[-3.10436,35.81458],[-3.10625,35.81343],[-3.11012,35.81042],[-3.11042,35.8102],[-3.11458,35.80814],[-3.11779,35.80625],[-3.11875,35.80542],[-3.12292,35.8026],[-3.12351,35.80208],[-3.12679,35.79792],[-3.12708,35.79766],[-3.13125,35.79583],[-3.13449,35.79375],[-3.13542,35.79331],[-3.13958,35.79104],[-3.14282,35.78958],[-3.14375,35.78899],[-3.14792,35.7875],[-3.15208,35.78674],[-3.15625,35.78581],[-3.15701,35.78542],[-3.15931,35.78125],[-3.15982,35.77708],[-3.16042,35.77431],[-3.16458,35.77357],[-3.16771,35.77292],[-3.16875,35.7725],[-3.17292,35.76968],[-3.17367,35.76875],[-3.17708,35.76587],[-3.17847,35.76458],[-3.18125,35.76181],[-3.18333,35.76042],[-3.18542,35.75923],[-3.18958,35.75714],[-3.19208,35.75625],[-3.19375,35.75573],[-3.19792,35.7545],[-3.20208,35.7523],[-3.2024,35.75208],[-3.20625,35.74851],[-3.20701,35.74792],[-3.21042,35.74503],[-3.21208,35.74375],[-3.21458,35.74266],[-3.21875,35.7408],[-3.22167,35.73958],[-3.22292,35.73906],[-3.22642,35.73542],[-3.22708,35.73475],[-3.23125,35.73239],[-3.23254,35.73125],[-3.23542,35.7288],[-3.23931,35.72708],[-3.23958,35.72693],[-3.24375,35.72345],[-3.24485,35.72292],[-3.24792,35.72038],[-3.24955,35.71875],[-3.25208,35.71687],[-3.25503,35.71458],[-3.25625,35.71373],[-3.26,35.71042],[-3.26042,35.71017],[-3.26458,35.70817],[-3.26875,35.70643],[-3.26917,35.70625],[-3.27292,35.70451],[-3.27708,35.70265],[-3.27875,35.70208],[-3.28125,35.70138],[-3.28542,35.70023],[-3.28958,35.69925],[-3.29375,35.69878],[-3.29792,35.69885],[-3.30208,35.69858],[-3.30625,35.69792],[-3.31042,35.69733],[-3.31458,35.69685],[-3.31875,35.69669],[-3.32292,35.69634],[-3.32708,35.69509],[-3.33125,35.69375],[-3.33542,35.69302],[-3.33958,35.69274],[-3.34375,35.69232],[-3.34792,35.69271],[-3.35208,35.69313],[-3.35625,35.69327],[-3.36042,35.69358],[-3.36458,35.69299],[-3.36875,35.69332],[-3.37292,35.69325],[-3.37708,35.69328],[-3.38125,35.69298],[-3.38542,35.69269],[-3.38958,35.69239],[-3.39375,35.69179],[-3.39792,35.69201],[-3.40208,35.69162],[-3.40625,35.69067],[-3.41042,35.68975],[-3.41319,35.68958],[-3.41458,35.68942],[-3.41875,35.68694],[-3.42161,35.68542],[-3.42292,35.68474],[-3.42708,35.68137],[-3.42728,35.68125],[-3.43125,35.6794],[-3.43472,35.67708],[-3.43542,35.67647],[-3.43958,35.67396],[-3.44135,35.67292],[-3.44375,35.67139],[-3.44792,35.66931],[-3.44954,35.66875],[-3.45208,35.66768],[-3.45625,35.6658],[-3.45802,35.66458],[-3.46042,35.66274],[-3.46426,35.66042],[-3.46458,35.65995],[-3.46776,35.65625],[-3.46875,35.65327],[-3.46931,35.65208],[-3.46875,35.64931],[-3.46806,35.64792],[-3.46458,35.64531],[-3.46208,35.64375],[-3.46042,35.64315],[-3.45625,35.64028],[-3.45506,35.63958],[-3.4544,35.63542],[-3.45625,35.63125],[-3.45972,35.62708],[-3.46042,35.6267],[-3.46458,35.62436],[-3.46799,35.62292],[-3.46875,35.62267],[-3.47292,35.62224],[-3.47708,35.62201],[-3.48125,35.62083],[-3.48472,35.61875],[-3.48542,35.61815],[-3.48958,35.61563],[-3.49072,35.61458],[-3.49375,35.61125],[-3.49444,35.61042],[-3.49549,35.60625],[-3.49635,35.60208],[-3.49792,35.59896],[-3.49856,35.59792],[-3.5006,35.59375],[-3.50208,35.59028],[-3.50243,35.58958],[-3.50511,35.58542],[-3.50625,35.58403],[-3.50937,35.58125],[-3.51042,35.58006],[-3.51389,35.57708],[-3.51458,35.575],[-3.51562,35.57292],[-3.51518,35.56875],[-3.51458,35.56736],[-3.51319,35.56458],[-3.51042,35.56125],[-3.50958,35.56042],[-3.50694,35.55625],[-3.50792,35.55208],[-3.50625,35.55133],[-3.50208,35.54981],[-3.49861,35.54792],[-3.49792,35.5474],[-3.49375,35.54375],[-3.49048,35.53958],[-3.48958,35.53542],[-3.48542,35.53125],[-3.48229,35.52708],[-3.48125,35.52649],[-3.47708,35.52431],[-3.47411,35.52292],[-3.47292,35.52222],[-3.46875,35.52125],[-3.46458,35.52069],[-3.46042,35.51935],[-3.45949,35.51875],[-3.45625,35.51551],[-3.45532,35.51458],[-3.45208,35.51296],[-3.44792,35.51261],[-3.44375,35.51168],[-3.43958,35.5109],[-3.43646,35.51042],[-3.43542,35.51034],[-3.43125,35.50952],[-3.42708,35.50917],[-3.42292,35.50712],[-3.42143,35.50625],[-3.41875,35.50428],[-3.41458,35.50271],[-3.41208,35.50208],[-3.41042,35.50174],[-3.40625,35.50112],[-3.40208,35.50089],[-3.39792,35.49965],[-3.39413,35.49792],[-3.39375,35.49774],[-3.38958,35.49692],[-3.38542,35.49716],[-3.38125,35.49776],[-3.37708,35.49792],[-3.37292,35.49792],[-3.36875,35.49772],[-3.36458,35.49679],[-3.36042,35.4961],[-3.35625,35.49741],[-3.35534,35.49792],[-3.35208,35.50006],[-3.34792,35.50167],[-3.3456,35.50208],[-3.34375,35.50262],[-3.33958,35.50481],[-3.33873,35.50625],[-3.33599,35.51042],[-3.33542,35.51091],[-3.33125,35.51439],[-3.33098,35.51458],[-3.32708,35.5171],[-3.32444,35.51875],[-3.32292,35.5197],[-3.31875,35.5219],[-3.31699,35.52292],[-3.31458,35.52452],[-3.31181,35.52708],[-3.31042,35.52881],[-3.30625,35.53031],[-3.30333,35.53125],[-3.30208,35.53171],[-3.29792,35.53378],[-3.29375,35.53529],[-3.29337,35.53542],[-3.28958,35.53681],[-3.28542,35.53769],[-3.28125,35.53843],[-3.27708,35.53935],[-3.27625,35.53958],[-3.27292,35.54073],[-3.26875,35.54231],[-3.26554,35.54375],[-3.26458,35.54435],[-3.26042,35.54692],[-3.25881,35.54792],[-3.25625,35.54937],[-3.25208,35.55208],[-3.24792,35.55462],[-3.24524,35.55625],[-3.24375,35.55661],[-3.24215,35.55625],[-3.23958,35.55558],[-3.23542,35.55568],[-3.23125,35.55587],[-3.23083,35.55625],[-3.22708,35.55938],[-3.22542,35.56042],[-3.22292,35.56198],[-3.21875,35.5633],[-3.21505,35.56458],[-3.21458,35.56477],[-3.21157,35.56875],[-3.21042,35.56958],[-3.20708,35.56875],[-3.20625,35.56852],[-3.20208,35.56701],[-3.19792,35.56534],[-3.19645,35.56458],[-3.19375,35.56331],[-3.18958,35.5614],[-3.18646,35.56042],[-3.18542,35.56013],[-3.18125,35.55984],[-3.17708,35.56042],[-3.17326,35.56458],[-3.17292,35.56551],[-3.17219,35.56875],[-3.17101,35.57292],[-3.16964,35.57708],[-3.16875,35.57917],[-3.16761,35.58125],[-3.16458,35.58542],[-3.16042,35.58899],[-3.15903,35.58958],[-3.15625,35.59097],[-3.15208,35.59132],[-3.14792,35.59119],[-3.14375,35.59141],[-3.13958,35.59154],[-3.13542,35.59179],[-3.13125,35.5919],[-3.12708,35.59221],[-3.12292,35.59292],[-3.12014,35.59375],[-3.11875,35.59417],[-3.11458,35.59534],[-3.11042,35.59673],[-3.10729,35.59792],[-3.10625,35.59833],[-3.10208,35.59981],[-3.09792,35.60095],[-3.09375,35.6019],[-3.09315,35.60208],[-3.08958,35.60365],[-3.08542,35.60521],[-3.08125,35.60625],[-3.07708,35.60663],[-3.07292,35.60642],[-3.07257,35.60625],[-3.06896,35.60208],[-3.06875,35.60198],[-3.06667,35.60208],[-3.06458,35.60278],[-3.06042,35.60542],[-3.05958,35.60625],[-3.05821,35.61042],[-3.05816,35.61458],[-3.05747,35.61875],[-3.05625,35.62292],[-3.05312,35.62708],[-3.0526,35.63125],[-3.05278,35.63542],[-3.05292,35.63958],[-3.05208,35.64167],[-3.05174,35.64375],[-3.05208,35.64458],[-3.05394,35.64792],[-3.05469,35.65208],[-3.05417,35.65625],[-3.05542,35.66042],[-3.05625,35.66458],[-3.05583,35.66875],[-3.05625,35.67292],[-3.06042,35.67708],[-3.06146,35.68125],[-3.0625,35.68542],[-3.06458,35.68819],[-3.06597,35.68958],[-3.06542,35.69375],[-3.06458,35.69421],[-3.06042,35.69583],[-3.05833,35.69792],[-3.05625,35.69948],[-3.05327,35.70208],[-3.05208,35.70375],[-3.04896,35.70625],[-3.05104,35.71042],[-3.05069,35.71458],[-3.05208,35.71736],[-3.05625,35.71792],[-3.06042,35.71875],[-3.06458,35.71563],[-3.06562,35.71458],[-3.06875,35.71208],[-3.07083,35.71042],[-3.07292,35.70903],[-3.07569,35.70625],[-3.07708,35.70417],[-3.08125,35.70313],[-3.08542,35.70313],[-3.08958,35.70506],[-3.09125,35.70625],[-3.09375,35.70764],[-3.09792,35.70885],[-3.10042,35.71042],[-3.10208,35.7125],[-3.10312,35.71458],[-3.10208,35.71736],[-3.10104,35.71875],[-3.09792,35.72292],[-3.09375,35.72589],[-3.09097,35.72708],[-3.08958,35.73125],[-3.08542,35.73244],[-3.08194,35.73542],[-3.08125,35.73611],[-3.07708,35.73958],[-3.07292,35.74046],[-3.06875,35.74042],[-3.06458,35.74007],[-3.06339,35.73958],[-3.06042,35.73727],[-3.05764,35.73542],[-3.05625,35.73449],[-3.05208,35.7325],[-3.0503,35.73125],[-3.04792,35.73014],[-3.04375,35.73056],[-3.03958,35.73125],[-3.03542,35.73363],[-3.03363,35.73542],[-3.03125,35.73875],[-3.03065,35.73958],[-3.02708,35.74315],[-3.02662,35.74375],[-3.025,35.74792],[-3.02321,35.75208],[-3.02597,35.75625],[-3.02708,35.75792],[-3.02958,35.76042],[-3.02708,35.76208],[-3.02292,35.76238],[-3.01875,35.76042],[-3.01458,35.75982],[-3.01354,35.76042],[-3.01042,35.76167],[-3.0075,35.76458],[-3.00625,35.76554],[-3.00208,35.7684],[-3.00156,35.76875],[-2.99792,35.77057],[-2.99594,35.77292],[-2.99755,35.77708],[-2.99454,35.78125],[-2.99375,35.78229],[-2.98958,35.78476],[-2.98819,35.78542],[-2.98542,35.78634],[-2.98125,35.7872],[-2.97708,35.7875],[-2.97292,35.78862],[-2.97042,35.78958],[-2.96875,35.79031],[-2.96458,35.79077],[-2.96042,35.79176],[-2.95625,35.79356],[-2.9559,35.79375],[-2.95208,35.79645],[-2.94792,35.79772],[-2.94708,35.79792],[-2.94375,35.79871],[-2.93958,35.80009],[-2.93542,35.80035],[-2.93125,35.80062],[-2.92708,35.80152],[-2.92552,35.80208],[-2.92292,35.80285],[-2.91875,35.80353],[-2.91458,35.80573],[-2.91354,35.80625],[-2.91042,35.80739],[-2.90625,35.80722],[-2.90208,35.80694],[-2.89792,35.80748],[-2.89375,35.80819],[-2.88958,35.80819],[-2.88542,35.80812],[-2.88125,35.80923],[-2.87708,35.80947],[-2.875,35.81042],[-2.87292,35.81122],[-2.86875,35.81225],[-2.86458,35.81385],[-2.86042,35.81066],[-2.85625,35.81042],[-2.85208,35.81399],[-2.85,35.81458],[-2.84792,35.81492],[-2.84583,35.81458],[-2.84375,35.81429],[-2.83958,35.81389],[-2.83542,35.81326],[-2.83177,35.81458],[-2.83125,35.81875],[-2.82708,35.82083],[-2.82679,35.82292],[-2.82708,35.825],[-2.82776,35.82708],[-2.82708,35.83125],[-2.82465,35.83542],[-2.82292,35.83743],[-2.81875,35.83843],[-2.81458,35.83917],[-2.8125,35.83958],[-2.81042,35.84001],[-2.80625,35.8416],[-2.80208,35.84265],[-2.79792,35.84352],[-2.79716,35.84375],[-2.79375,35.84545],[-2.78958,35.84692],[-2.7875,35.84792],[-2.78542,35.84923],[-2.78125,35.85083],[-2.77875,35.85208],[-2.77708,35.85319],[-2.77292,35.85625],[-2.76875,35.85752],[-2.76458,35.85938],[-2.76231,35.86042],[-2.76042,35.86157],[-2.75625,35.86385],[-2.75446,35.86458],[-2.75208,35.86542],[-2.74792,35.86678],[-2.74375,35.8685],[-2.74329,35.86875],[-2.73958,35.87042],[-2.73542,35.87169],[-2.73194,35.87292],[-2.73125,35.87309],[-2.72708,35.87413],[-2.72292,35.8755],[-2.71875,35.8767],[-2.71736,35.87708],[-2.71458,35.87796],[-2.71042,35.87906],[-2.70625,35.88125],[-2.70208,35.88271],[-2.69792,35.88423],[-2.69375,35.88505],[-2.69282,35.88542],[-2.68958,35.88681],[-2.68542,35.88773],[-2.68125,35.88875],[-2.67847,35.88958],[-2.67708,35.88989],[-2.67292,35.89092],[-2.66875,35.89173],[-2.66458,35.8924],[-2.66042,35.893],[-2.6575,35.89375],[-2.65625,35.89417],[-2.65208,35.8953],[-2.64792,35.89595],[-2.64375,35.89662],[-2.63958,35.89715],[-2.63542,35.89792],[-2.63125,35.89888],[-2.62708,35.89979],[-2.62292,35.89893],[-2.61979,35.89792],[-2.61875,35.89678],[-2.61542,35.89375],[-2.61458,35.89347],[-2.61042,35.89249],[-2.60625,35.89211],[-2.60208,35.89225],[-2.59955,35.89375],[-2.59792,35.89479],[-2.59664,35.89792],[-2.59375,35.90109],[-2.58958,35.9017],[-2.5875,35.90208],[-2.58542,35.90253],[-2.58125,35.90417],[-2.57708,35.90583],[-2.57641,35.90625],[-2.57292,35.90859],[-2.56875,35.90959],[-2.56458,35.90957],[-2.56208,35.91042],[-2.56042,35.91161],[-2.55625,35.91204],[-2.55208,35.91141],[-2.54838,35.91042],[-2.54792,35.91026],[-2.54375,35.90886],[-2.53958,35.90848],[-2.53542,35.90878],[-2.53356,35.91042],[-2.53267,35.91458],[-2.53521,35.91875],[-2.53125,35.92059],[-2.52708,35.92019],[-2.52292,35.92043],[-2.51875,35.91971],[-2.51458,35.92063],[-2.51042,35.92188],[-2.50625,35.92113],[-2.50208,35.92251],[-2.50156,35.92292],[-2.49792,35.92445],[-2.49375,35.92528],[-2.48958,35.92523],[-2.48542,35.92388],[-2.48363,35.92292],[-2.48125,35.92133],[-2.47938,35.91875],[-2.48097,35.91458],[-2.47708,35.91215],[-2.47361,35.91042],[-2.47292,35.91005],[-2.46894,35.90625],[-2.46875,35.90587],[-2.46656,35.90208],[-2.46458,35.90038],[-2.46042,35.89812],[-2.45625,35.89808],[-2.45208,35.89985],[-2.44977,35.90208],[-2.44792,35.90317],[-2.44375,35.9048],[-2.43958,35.90597],[-2.43542,35.90486],[-2.43125,35.90371],[-2.42708,35.90396],[-2.42292,35.90497],[-2.42125,35.90625],[-2.41875,35.90825],[-2.41458,35.90932],[-2.41042,35.90981],[-2.40625,35.91028],[-2.40208,35.90951],[-2.39792,35.90996],[-2.39375,35.90924],[-2.38958,35.90932],[-2.38542,35.91004],[-2.38125,35.9091],[-2.37708,35.90838],[-2.37292,35.90896],[-2.36875,35.90919],[-2.36458,35.90919],[-2.36042,35.90916],[-2.35625,35.90943],[-2.35208,35.90991],[-2.34792,35.90955],[-2.34375,35.90895],[-2.33958,35.90829],[-2.33542,35.90795],[-2.33125,35.90765],[-2.32708,35.90726],[-2.32292,35.90657],[-2.31989,35.90625],[-2.31875,35.90599],[-2.31458,35.90443],[-2.31127,35.90208],[-2.31042,35.90151],[-2.30847,35.89792],[-2.30803,35.89375],[-2.30838,35.88958],[-2.30625,35.88777],[-2.30266,35.88542],[-2.30208,35.88497],[-2.29926,35.88125],[-2.29792,35.87865],[-2.29479,35.87708],[-2.29728,35.87292],[-2.2952,35.86875],[-2.2949,35.86458],[-2.29375,35.86259],[-2.29232,35.86042],[-2.28958,35.8591],[-2.28793,35.86042],[-2.28859,35.86458],[-2.28823,35.86875],[-2.28542,35.87132],[-2.28125,35.87163],[-2.27708,35.87263],[-2.27669,35.87292],[-2.27517,35.87708],[-2.27373,35.88125],[-2.27292,35.88375],[-2.27217,35.88542],[-2.27292,35.88931],[-2.27294,35.88958],[-2.27403,35.89375],[-2.27474,35.89792],[-2.27708,35.90062],[-2.27915,35.90208],[-2.27708,35.90445],[-2.27382,35.90208],[-2.27292,35.90141],[-2.26875,35.89891],[-2.26837,35.89792],[-2.26875,35.89537],[-2.26928,35.89375],[-2.26875,35.89132],[-2.26861,35.88958],[-2.26694,35.88542],[-2.26458,35.88212],[-2.26386,35.88125],[-2.26458,35.87975],[-2.26708,35.87708],[-2.26875,35.8745],[-2.26947,35.87292],[-2.26875,35.87232],[-2.26458,35.86955],[-2.26042,35.86965],[-2.25625,35.87027],[-2.25208,35.87271],[-2.252,35.87292],[-2.25022,35.87708],[-2.25069,35.88125],[-2.24859,35.88542],[-2.24792,35.88652],[-2.24375,35.88673],[-2.24003,35.88542],[-2.23958,35.88529],[-2.23542,35.88457],[-2.23125,35.88371],[-2.22708,35.88387],[-2.22436,35.88542],[-2.22292,35.88668],[-2.21984,35.88542],[-2.21875,35.88468],[-2.21458,35.88154],[-2.21422,35.88125],[-2.21042,35.87945],[-2.20625,35.87797],[-2.20391,35.87708],[-2.20208,35.87629],[-2.19792,35.87513],[-2.19375,35.87413],[-2.18989,35.87292],[-2.18958,35.87274],[-2.18542,35.87063],[-2.18125,35.86928],[-2.18,35.86875],[-2.17708,35.86685],[-2.17308,35.86458],[-2.17292,35.86438],[-2.17102,35.86042],[-2.16875,35.85923],[-2.16458,35.85734],[-2.16202,35.85625],[-2.16042,35.8554],[-2.15625,35.85256],[-2.15574,35.85208],[-2.15208,35.84801],[-2.15196,35.84792],[-2.15208,35.8475],[-2.15274,35.84375],[-2.15446,35.83958],[-2.15354,35.83542],[-2.15208,35.83258],[-2.15012,35.83125],[-2.14995,35.82708],[-2.14792,35.82543],[-2.14375,35.82553],[-2.13958,35.82638],[-2.13542,35.82653],[-2.13125,35.82527],[-2.12708,35.82406],[-2.12436,35.82292],[-2.12292,35.82192],[-2.11875,35.81882],[-2.11868,35.81875],[-2.11522,35.81458],[-2.11458,35.81401],[-2.11042,35.81188],[-2.10839,35.81042],[-2.10625,35.80921],[-2.10208,35.80788],[-2.09792,35.80657],[-2.09714,35.80625],[-2.09375,35.8034],[-2.09167,35.80208],[-2.08958,35.80089],[-2.08775,35.79792],[-2.08542,35.79415],[-2.08511,35.79375],[-2.08125,35.79093],[-2.07708,35.78993],[-2.07604,35.78958],[-2.07292,35.78819],[-2.06875,35.78667],[-2.06641,35.78542],[-2.06458,35.78461],[-2.06042,35.78279],[-2.05625,35.78137],[-2.05542,35.78125],[-2.05208,35.78065],[-2.04792,35.78003],[-2.04375,35.77871],[-2.03958,35.77743],[-2.03839,35.77708],[-2.03542,35.77604],[-2.03125,35.77489],[-2.02708,35.77438],[-2.02292,35.774],[-2.01875,35.77375],[-2.01458,35.77361],[-2.01042,35.77355],[-2.00625,35.773],[-2.00521,35.77292],[-2.00208,35.77229],[-1.99792,35.77165],[-1.99375,35.77061],[-1.98958,35.77094],[-1.98542,35.77036],[-1.98125,35.76997],[-1.97708,35.76995],[-1.97292,35.77035],[-1.96875,35.77039],[-1.96458,35.77034],[-1.96042,35.77031],[-1.95625,35.77012],[-1.95208,35.76947],[-1.95054,35.76875],[-1.94792,35.76751],[-1.94375,35.76626],[-1.93958,35.76549],[-1.93542,35.76481],[-1.93356,35.76458],[-1.93125,35.76417],[-1.92708,35.76192],[-1.92511,35.76042],[-1.92292,35.75893],[-1.91875,35.75649],[-1.91786,35.75625],[-1.91458,35.7553],[-1.91042,35.75493],[-1.90625,35.7548],[-1.90403,35.75625],[-1.90208,35.75752],[-1.89792,35.75934],[-1.89427,35.76042],[-1.89375,35.76058],[-1.88958,35.76234],[-1.88542,35.76441],[-1.8849,35.76458],[-1.88125,35.76612],[-1.87708,35.76875],[-1.87292,35.77106],[-1.86989,35.77292],[-1.86875,35.77365],[-1.86458,35.77616],[-1.8625,35.77708],[-1.86042,35.77792],[-1.85625,35.77924],[-1.85208,35.77943],[-1.84792,35.78021],[-1.84375,35.78125],[-1.83958,35.7815],[-1.83681,35.78125],[-1.83542,35.78112],[-1.83125,35.78054],[-1.82708,35.77979],[-1.82292,35.77885],[-1.81875,35.77813],[-1.81458,35.77762],[-1.81042,35.77727],[-1.80792,35.77708],[-1.80625,35.77694],[-1.80208,35.77701],[-1.79792,35.77687],[-1.79375,35.77656],[-1.78958,35.77624],[-1.78542,35.77616],[-1.78125,35.77587],[-1.77708,35.77567],[-1.77292,35.77618],[-1.76944,35.77708],[-1.76875,35.77727],[-1.76458,35.77809],[-1.76042,35.77986],[-1.75875,35.78125],[-1.75625,35.78333],[-1.75275,35.78542],[-1.75208,35.78574],[-1.74792,35.78703],[-1.74375,35.7878],[-1.73958,35.78883],[-1.73542,35.78958],[-1.73125,35.78965],[-1.72708,35.78958],[-1.72292,35.78971],[-1.71875,35.79001],[-1.71458,35.79029],[-1.71042,35.79082],[-1.70625,35.79138],[-1.70208,35.79171],[-1.69792,35.79211],[-1.69375,35.79236],[-1.68958,35.78958],[-1.68542,35.78974],[-1.68333,35.78958],[-1.68125,35.78949],[-1.68042,35.78958],[-1.67708,35.78997],[-1.67292,35.79155],[-1.66875,35.79277],[-1.66609,35.79375],[-1.66458,35.79439],[-1.66229,35.79792],[-1.66042,35.79996],[-1.65625,35.80189],[-1.65208,35.80151],[-1.64792,35.80146],[-1.64375,35.80206],[-1.6437,35.80208],[-1.63958,35.80404],[-1.63542,35.80606],[-1.63125,35.80558],[-1.62708,35.8049],[-1.62292,35.80516],[-1.61875,35.80568],[-1.61458,35.80617],[-1.61394,35.80625],[-1.61042,35.80666],[-1.60625,35.80711],[-1.60208,35.80814],[-1.59792,35.80894],[-1.59375,35.8089],[-1.58958,35.80874],[-1.58542,35.80992],[-1.58274,35.81042],[-1.58125,35.81076],[-1.57708,35.81165],[-1.57292,35.81301],[-1.57002,35.81458],[-1.56875,35.81522],[-1.56458,35.81606],[-1.56042,35.81639],[-1.55625,35.81679],[-1.55208,35.8179],[-1.54861,35.81875],[-1.54792,35.81891],[-1.54375,35.81985],[-1.53958,35.82085],[-1.53542,35.82178],[-1.53125,35.82234],[-1.52708,35.82242],[-1.52491,35.82292],[-1.52292,35.82333],[-1.51875,35.82443],[-1.51458,35.82476],[-1.51042,35.82513],[-1.50625,35.82529],[-1.50208,35.82504],[-1.49792,35.82448],[-1.49375,35.82362],[-1.48958,35.82332],[-1.48542,35.82344],[-1.48373,35.82292],[-1.48125,35.82184],[-1.47708,35.8189],[-1.47667,35.81875],[-1.47292,35.8175],[-1.46875,35.8162],[-1.46458,35.81571],[-1.46042,35.81468],[-1.46016,35.81458],[-1.45625,35.81325],[-1.45208,35.81202],[-1.44792,35.81051],[-1.4477,35.81042],[-1.44375,35.80926],[-1.43958,35.80782],[-1.43542,35.8064],[-1.43497,35.80625],[-1.43125,35.80493],[-1.42708,35.80438],[-1.42292,35.80344],[-1.41875,35.80266],[-1.41583,35.80208],[-1.41458,35.80175],[-1.41042,35.8006],[-1.40625,35.79937],[-1.40445,35.79792],[-1.40242,35.79375],[-1.40208,35.79355],[-1.39792,35.79137],[-1.39375,35.79285],[-1.39071,35.79375],[-1.38958,35.79476],[-1.38542,35.79473],[-1.38125,35.79441],[-1.37708,35.79419],[-1.37292,35.79515],[-1.36875,35.79703],[-1.36688,35.79792],[-1.36458,35.79929],[-1.36056,35.80208],[-1.36042,35.80217],[-1.35625,35.80342],[-1.35208,35.80511],[-1.34792,35.80581],[-1.34685,35.80625],[-1.34375,35.80897],[-1.33958,35.8094],[-1.33542,35.80862],[-1.33125,35.80771],[-1.32708,35.80725],[-1.32292,35.80722],[-1.31875,35.80753],[-1.31458,35.80787],[-1.31042,35.80794],[-1.30625,35.80753],[-1.30208,35.80642],[-1.30158,35.80625],[-1.29792,35.8045],[-1.29375,35.80235],[-1.2934,35.80208],[-1.29002,35.79792],[-1.28958,35.79745],[-1.28581,35.79375],[-1.28542,35.79354],[-1.28125,35.79141],[-1.2777,35.78958],[-1.27708,35.78935],[-1.27292,35.78793],[-1.26875,35.78689],[-1.26458,35.78576],[-1.26375,35.78542],[-1.26042,35.7837],[-1.25739,35.78125],[-1.25625,35.77965],[-1.25417,35.77708],[-1.25208,35.77502],[-1.24904,35.77292],[-1.24792,35.77222],[-1.24375,35.77027],[-1.23958,35.76886],[-1.23906,35.76875],[-1.23542,35.76798],[-1.23125,35.76716],[-1.22708,35.76667],[-1.22292,35.76693],[-1.21875,35.76797],[-1.21647,35.76875],[-1.21458,35.76934],[-1.21042,35.7703],[-1.20625,35.7706],[-1.20208,35.77037],[-1.19792,35.76965],[-1.19375,35.76875],[-1.18958,35.76839],[-1.1875,35.76875],[-1.18542,35.76909],[-1.18125,35.77103],[-1.17732,35.77292],[-1.17708,35.773],[-1.17292,35.77414],[-1.16875,35.77469],[-1.16458,35.77522],[-1.16042,35.77687],[-1.16013,35.77708],[-1.15761,35.78125],[-1.15625,35.78367],[-1.15533,35.78542],[-1.15208,35.78933],[-1.15186,35.78958],[-1.14792,35.79251],[-1.14514,35.79375],[-1.14375,35.79417],[-1.13958,35.79436],[-1.13693,35.79375],[-1.13542,35.79327],[-1.13125,35.79175],[-1.12708,35.79173],[-1.12292,35.79334],[-1.12192,35.79375],[-1.11875,35.79457],[-1.11458,35.79457],[-1.11042,35.79375],[-1.10625,35.79105],[-1.10424,35.78958],[-1.10208,35.78715],[-1.09792,35.78729],[-1.09375,35.78717],[-1.08958,35.78547],[-1.0895,35.78542],[-1.08542,35.78311],[-1.08185,35.78125],[-1.08125,35.78097],[-1.07708,35.77979],[-1.07292,35.77912],[-1.06875,35.77865],[-1.06505,35.77708],[-1.06458,35.77656],[-1.06228,35.77292],[-1.06042,35.77029],[-1.05721,35.76875],[-1.05625,35.76854],[-1.05529,35.76875],[-1.05208,35.76935],[-1.04792,35.77026],[-1.04375,35.77128],[-1.03958,35.77281],[-1.03925,35.77292],[-1.03542,35.77394],[-1.03125,35.77479],[-1.02708,35.77557],[-1.02292,35.77616],[-1.01875,35.77651],[-1.01458,35.77677],[-1.01042,35.77672],[-1.00625,35.77626],[-1.00208,35.77541],[-0.99792,35.77395],[-0.99626,35.77292],[-0.99375,35.77133],[-0.9904,35.76875],[-0.98958,35.76831],[-0.98542,35.7662],[-0.98188,35.76458],[-0.98125,35.76441],[-0.97708,35.76424],[-0.97602,35.76458],[-0.97292,35.76641],[-0.97019,35.76875],[-0.96875,35.7716],[-0.96821,35.77292],[-0.96682,35.77708],[-0.96463,35.78125],[-0.96458,35.78137],[-0.96309,35.78542],[-0.96172,35.78958],[-0.96042,35.793],[-0.96006,35.79375],[-0.95733,35.79792],[-0.95625,35.79924],[-0.95208,35.802],[-0.95193,35.80208],[-0.94792,35.80465],[-0.94608,35.80625],[-0.94375,35.80831],[-0.94086,35.81042],[-0.93958,35.81103],[-0.93542,35.81206],[-0.93125,35.81218],[-0.92708,35.8123],[-0.92292,35.81338],[-0.92037,35.81458],[-0.91875,35.8153],[-0.91458,35.81697],[-0.91042,35.81843],[-0.90967,35.81875],[-0.90625,35.82059],[-0.90224,35.82292],[-0.90208,35.82302],[-0.89792,35.8259],[-0.89597,35.82708],[-0.89375,35.82846],[-0.88958,35.82961],[-0.88542,35.82975],[-0.88125,35.82905],[-0.87708,35.82772],[-0.87492,35.82708],[-0.87292,35.82656],[-0.86875,35.82592],[-0.86458,35.82572],[-0.86042,35.8263],[-0.8585,35.82708],[-0.85625,35.82821],[-0.85208,35.83125],[-0.84792,35.83409],[-0.84408,35.83542],[-0.84375,35.83552],[-0.83958,35.83566],[-0.8367,35.83542],[-0.83542,35.8353],[-0.83125,35.83445],[-0.82708,35.83302],[-0.82292,35.83125],[-0.81875,35.82975],[-0.81458,35.82862],[-0.81042,35.82738],[-0.8099,35.82708],[-0.80625,35.82396],[-0.80535,35.82292],[-0.80208,35.81962],[-0.79947,35.81875],[-0.79792,35.81831],[-0.79525,35.81875],[-0.79375,35.81901],[-0.78958,35.82151],[-0.78731,35.82292],[-0.78542,35.82388],[-0.78125,35.82539],[-0.77708,35.82614],[-0.77292,35.82618],[-0.76875,35.82551],[-0.76458,35.82402],[-0.76215,35.82292],[-0.76042,35.8214],[-0.75772,35.81875],[-0.75625,35.81684],[-0.75349,35.81458],[-0.75208,35.81378],[-0.74792,35.81288],[-0.74375,35.81349],[-0.74064,35.81458],[-0.73958,35.81496],[-0.73542,35.81688],[-0.73125,35.81872],[-0.73118,35.81875],[-0.72708,35.82035],[-0.72292,35.82182],[-0.71972,35.82292],[-0.71875,35.82336],[-0.71458,35.82605],[-0.71344,35.82708],[-0.71101,35.83125],[-0.71042,35.83243],[-0.70851,35.83542],[-0.70625,35.83929],[-0.70613,35.83958],[-0.70567,35.84375],[-0.70334,35.84792],[-0.70208,35.84918],[-0.69792,35.85121],[-0.69375,35.8519],[-0.69252,35.85208],[-0.68958,35.8526],[-0.68542,35.85483],[-0.68408,35.85625],[-0.68125,35.85876],[-0.67966,35.86042],[-0.67708,35.86293],[-0.675,35.86458],[-0.67292,35.86566],[-0.66875,35.86646],[-0.66516,35.86458],[-0.66458,35.86405],[-0.66221,35.86042],[-0.66042,35.85826],[-0.65777,35.85625],[-0.65625,35.85419],[-0.65259,35.85208],[-0.65208,35.85177],[-0.64792,35.85113],[-0.64392,35.85208],[-0.64375,35.85212],[-0.63958,35.8544],[-0.63734,35.85625],[-0.63542,35.85779],[-0.63284,35.86042],[-0.63125,35.86151],[-0.62708,35.86393],[-0.6259,35.86458],[-0.62292,35.86588],[-0.61875,35.8679],[-0.61673,35.86875],[-0.61458,35.87003],[-0.61042,35.8722],[-0.60906,35.87292],[-0.60625,35.8753],[-0.60371,35.87708],[-0.60208,35.87826],[-0.59792,35.88057],[-0.59674,35.88125],[-0.59375,35.88292],[-0.59041,35.88542],[-0.58958,35.88612],[-0.58578,35.88958],[-0.58542,35.88991],[-0.58125,35.89371],[-0.58121,35.89375],[-0.57708,35.89708],[-0.57589,35.89792],[-0.57292,35.89978],[-0.56886,35.90208],[-0.56875,35.90214],[-0.56458,35.90455],[-0.56108,35.90625],[-0.56042,35.90659],[-0.55625,35.90833],[-0.55208,35.91009],[-0.55136,35.91042],[-0.54792,35.91261],[-0.54523,35.91458],[-0.54375,35.91587],[-0.54065,35.91875],[-0.53958,35.91962],[-0.53542,35.92256],[-0.53481,35.92292],[-0.53125,35.9247],[-0.52708,35.92609],[-0.52292,35.92704],[-0.52265,35.92708],[-0.51875,35.92774],[-0.51458,35.9282],[-0.51042,35.92832],[-0.50625,35.92794],[-0.50219,35.92708],[-0.50208,35.92706],[-0.49792,35.92583],[-0.49375,35.92436],[-0.48958,35.92378],[-0.48542,35.9261],[-0.48432,35.92708],[-0.48125,35.9305],[-0.48067,35.93125],[-0.478,35.93542],[-0.47708,35.93686],[-0.47444,35.93958],[-0.47292,35.94052],[-0.46875,35.94184],[-0.46458,35.94246],[-0.46042,35.94297],[-0.45802,35.94375],[-0.45625,35.9446],[-0.45369,35.94792],[-0.45208,35.9505],[-0.45144,35.95208],[-0.4486,35.95625],[-0.44792,35.95687],[-0.44375,35.95933],[-0.43992,35.96042],[-0.43958,35.96057],[-0.43542,35.96296],[-0.43322,35.96458],[-0.43125,35.96644],[-0.42847,35.96875],[-0.42708,35.96962],[-0.42292,35.97069],[-0.41875,35.97155],[-0.41458,35.97264],[-0.41354,35.97292],[-0.41042,35.97377],[-0.40625,35.97477],[-0.40208,35.9751],[-0.39792,35.97392],[-0.3965,35.97292],[-0.39375,35.9706],[-0.39184,35.96875],[-0.38958,35.96676],[-0.38542,35.96508],[-0.38125,35.96532],[-0.37708,35.96741],[-0.37572,35.96875],[-0.37292,35.97134],[-0.37155,35.97292],[-0.36875,35.97528],[-0.36688,35.97708],[-0.36458,35.97917],[-0.36268,35.98125],[-0.36042,35.98378],[-0.35856,35.98542],[-0.35625,35.98696],[-0.35208,35.98869],[-0.34806,35.98958],[-0.34792,35.98963],[-0.34375,35.99115],[-0.33958,35.99293],[-0.337,35.99375],[-0.33542,35.99422],[-0.33125,35.99572],[-0.32825,35.99792],[-0.32805,36.00208],[-0.32964,36.00625],[-0.33125,36.0087],[-0.33238,36.01042],[-0.33398,36.01458],[-0.33125,36.01691],[-0.32708,36.01738],[-0.32292,36.01716],[-0.31875,36.01654],[-0.31458,36.0159],[-0.31042,36.01584],[-0.30625,36.01726],[-0.30449,36.01875],[-0.30208,36.02229],[-0.30172,36.02292],[-0.30022,36.02708],[-0.29832,36.03125],[-0.29792,36.03167],[-0.29375,36.03526],[-0.29357,36.03542],[-0.28958,36.03946],[-0.2895,36.03958],[-0.28732,36.04375],[-0.28685,36.04792],[-0.28654,36.05208],[-0.28542,36.05417],[-0.28411,36.05625],[-0.28125,36.05856],[-0.27708,36.05967],[-0.27292,36.05976],[-0.26875,36.05965],[-0.26458,36.05953],[-0.26042,36.05975],[-0.25719,36.06042],[-0.25625,36.06066],[-0.25208,36.06163],[-0.24792,36.06182],[-0.24375,36.06094],[-0.24206,36.06042],[-0.23958,36.05979],[-0.23542,36.05943],[-0.23125,36.05974],[-0.22771,36.06042],[-0.22708,36.0606],[-0.22292,36.06304],[-0.22148,36.06458],[-0.21937,36.06875],[-0.21916,36.07292],[-0.21957,36.07708],[-0.21875,36.07949],[-0.21781,36.08125],[-0.21458,36.08512],[-0.21419,36.08542],[-0.21042,36.08808],[-0.20625,36.0888],[-0.20208,36.08768],[-0.19792,36.08618],[-0.19501,36.08542],[-0.19375,36.08511],[-0.18958,36.08473],[-0.18542,36.08517],[-0.18441,36.08542],[-0.18125,36.08634],[-0.17708,36.08801],[-0.17466,36.08958],[-0.17292,36.09375],[-0.17305,36.09792],[-0.17292,36.09888],[-0.17245,36.10208],[-0.17153,36.10625],[-0.17055,36.11042],[-0.17106,36.11458],[-0.17292,36.1166],[-0.17449,36.11875],[-0.1753,36.12292],[-0.17413,36.12708],[-0.17292,36.129],[-0.17059,36.13125],[-0.16875,36.13261],[-0.16458,36.13398],[-0.16042,36.13453],[-0.15625,36.13535],[-0.15608,36.13542],[-0.15208,36.13707],[-0.14792,36.13944],[-0.14766,36.13958],[-0.14375,36.14193],[-0.14081,36.14375],[-0.13958,36.14467],[-0.13542,36.14767],[-0.13504,36.14792],[-0.13125,36.15048],[-0.12815,36.15208],[-0.12708,36.15253],[-0.12292,36.15341],[-0.11875,36.15318],[-0.11458,36.15235],[-0.11264,36.15208],[-0.11042,36.15173],[-0.10739,36.15208],[-0.10625,36.1522],[-0.10208,36.15332],[-0.09792,36.15499],[-0.0953,36.15625],[-0.09375,36.15693],[-0.08958,36.15838],[-0.08542,36.15922],[-0.08125,36.15911],[-0.07708,36.15807],[-0.07315,36.15625],[-0.07292,36.15616],[-0.06875,36.15579],[-0.06713,36.15625],[-0.06458,36.15686],[-0.06042,36.15798],[-0.05625,36.15801],[-0.05208,36.15757],[-0.04792,36.15709],[-0.04375,36.15746],[-0.03958,36.15913],[-0.03732,36.16042],[-0.03542,36.16278],[-0.03423,36.16458],[-0.03338,36.16875],[-0.03333,36.17292],[-0.03387,36.17708],[-0.03475,36.18125],[-0.03542,36.18449],[-0.03559,36.18542],[-0.03657,36.18958],[-0.03704,36.19375],[-0.03549,36.19792],[-0.03542,36.19803],[-0.03256,36.20208],[-0.03125,36.20359],[-0.02865,36.20625],[-0.02708,36.20781],[-0.02453,36.21042],[-0.02292,36.21289],[-0.0216,36.21458],[-0.0191,36.21875],[-0.01875,36.21921],[-0.01458,36.2214],[-0.01042,36.22215],[-0.00625,36.22242],[-0.00208,36.22245],[0,36.22245]]},"properties":{"fid":915,"ID":914,"ELEV":-1000}},
{"type":"Feature","geometry":{"type":"LineString","coordinates":[[-8.84792,35.48762],[-8.84489,35.48958],[-8.84494,35.49375],[-8.84792,35.49673],[-8.85208,35.49444],[-8.85556,35.49792],[-8.85625,35.4983],[-8.85729,35.49792],[-8.85625,35.49583],[-8.85417,35.49375],[-8.85208,35.49306],[-8.85048,35.48958],[-8.84792,35.48762]]},"properties":{"fid":916,"ID":915,"ELEV":-3000}},
{"type":"Feature","geometry":{"type":"LineString","coordinates":[[-8.13958,35.48412],[-8.13738,35.48542],[-8.13542,35.48958],[-8.13958,35.49208],[-8.14375,35.49081],[-8.14564,35.48958],[-8.14792,35.48542],[-8.14375,35.48393],[-8.13958,35.48412]]},"properties":{"fid":918,"ID":917,"ELEV":-2000}},
{"type":"Feature","geometry":{"type":"LineString","coordinates":[[-8.17292,35.46667],[-8.16958,35.46875],[-8.16991,35.47292],[-8.17257,35.47708],[-8.17292,35.47746],[-8.17708,35.48049],[-8.18125,35.48093],[-8.18542,35.47903],[-8.1865,35.47708],[-8.18744,35.47292],[-8.18542,35.46938],[-8.18428,35.46875],[-8.18125,35.4669],[-8.17708,35.46667],[-8.17292,35.46667]]},"properties":{"fid":920,"ID":919,"ELEV":-2000}},
{"type":"Feature","geometry":{"type":"LineString","coordinates":[[-10,35.56582],[-9.99792,35.56582],[-9.99375,35.56526],[-9.98958,35.56509],[-9.98542,35.56482],[-9.98437,35.56458],[-9.98125,35.5628],[-9.97837,35.56458],[-9.97708,35.56486],[-9.97292,35.56491],[-9.97182,35.56458],[-9.96875,35.56094],[-9.96532,35.56458],[-9.96458,35.56476],[-9.96042,35.56463],[-9.96036,35.56458],[-9.95625,35.56047],[-9.95618,35.56042],[-9.95617,35.55625],[-9.95616,35.55208],[-9.95593,35.54792],[-9.95208,35.54407],[-9.95179,35.54375],[-9.95135,35.53958],[-9.94792,35.53594],[-9.94745,35.53542],[-9.94792,35.53498],[-9.95208,35.53125],[-9.94792,35.52752],[-9.94736,35.52708],[-9.94375,35.52569],[-9.94149,35.52708],[-9.93958,35.52829],[-9.93542,35.52818],[-9.93125,35.52798],[-9.92708,35.52773],[-9.92292,35.52746],[-9.92263,35.52708],[-9.92221,35.52292],[-9.91875,35.51922],[-9.91458,35.52008],[-9.91042,35.52117],[-9.90625,35.52205],[-9.90478,35.52292],[-9.90208,35.5235],[-9.89879,35.52708],[-9.89792,35.52773],[-9.89375,35.52732],[-9.88958,35.52716],[-9.88944,35.52708],[-9.88542,35.52312],[-9.88521,35.52292],[-9.88125,35.51882],[-9.88108,35.51875],[-9.87708,35.51641],[-9.87292,35.51755],[-9.86875,35.51783],[-9.86458,35.51771],[-9.86042,35.51753],[-9.85625,35.51693],[-9.85208,35.51722],[-9.84939,35.51875],[-9.84792,35.51905],[-9.84375,35.51906],[-9.84301,35.51875],[-9.83958,35.51632],[-9.83542,35.51585],[-9.83125,35.51503],[-9.82708,35.51466],[-9.82292,35.51466],[-9.81875,35.51536],[-9.81458,35.51593],[-9.81042,35.51563],[-9.80625,35.51523],[-9.80208,35.51489],[-9.79792,35.51494],[-9.79694,35.51458],[-9.79375,35.51101],[-9.78958,35.51109],[-9.78542,35.5108],[-9.78125,35.51042],[-9.77708,35.50676],[-9.77292,35.50764],[-9.76875,35.50775],[-9.76458,35.50739],[-9.76042,35.50712],[-9.75625,35.50657],[-9.75208,35.50658],[-9.75161,35.50625],[-9.74792,35.50255],[-9.74375,35.50256],[-9.74296,35.50208],[-9.73958,35.49854],[-9.73542,35.49905],[-9.73125,35.49907],[-9.72708,35.49817],[-9.72677,35.49792],[-9.72658,35.49375],[-9.72292,35.48997],[-9.71875,35.4899],[-9.71818,35.48958],[-9.71458,35.48727],[-9.71042,35.48648],[-9.70625,35.48626],[-9.70208,35.4858],[-9.70035,35.48542],[-9.69792,35.48478],[-9.69549,35.48542],[-9.69375,35.48576],[-9.68958,35.48555],[-9.6895,35.48542],[-9.68542,35.48173],[-9.68248,35.48125],[-9.68165,35.47708],[-9.68125,35.47481],[-9.67917,35.47708],[-9.67708,35.47833],[-9.67292,35.47834],[-9.66989,35.47708],[-9.66875,35.47396],[-9.66458,35.47336],[-9.66369,35.47292],[-9.66042,35.47174],[-9.65625,35.47108],[-9.65208,35.47014],[-9.64821,35.46875],[-9.64792,35.46867],[-9.6477,35.46875],[-9.64375,35.47143],[-9.64028,35.47292],[-9.63958,35.47321],[-9.63792,35.47292],[-9.63542,35.47259],[-9.63125,35.46979],[-9.62929,35.46875],[-9.62732,35.46458],[-9.62708,35.46425],[-9.62409,35.46042],[-9.62292,35.45912],[-9.61944,35.45625],[-9.61875,35.45587],[-9.61458,35.456],[-9.61444,35.45625],[-9.61458,35.45671],[-9.61715,35.46042],[-9.61875,35.46132],[-9.62216,35.46458],[-9.62292,35.46625],[-9.62458,35.46875],[-9.62351,35.47292],[-9.62292,35.47379],[-9.61994,35.47708],[-9.61875,35.47751],[-9.61708,35.47708],[-9.61458,35.47632],[-9.61042,35.47292],[-9.60625,35.46989],[-9.60409,35.46875],[-9.60208,35.46762],[-9.59792,35.46812],[-9.59618,35.46875],[-9.59375,35.47083],[-9.59151,35.47292],[-9.59036,35.47708],[-9.5901,35.48125],[-9.58974,35.48542],[-9.58958,35.48564],[-9.58658,35.48958],[-9.58542,35.49025],[-9.58125,35.49046],[-9.57708,35.49176],[-9.57509,35.49375],[-9.57292,35.49575],[-9.56991,35.49792],[-9.56875,35.49859],[-9.56547,35.50208],[-9.56458,35.50309],[-9.56042,35.50625],[-9.5599,35.51042],[-9.55849,35.51458],[-9.55625,35.51667],[-9.55208,35.51771],[-9.54931,35.51875],[-9.54792,35.51927],[-9.54375,35.52125],[-9.54306,35.52292],[-9.54097,35.52708],[-9.53958,35.52887],[-9.53792,35.53125],[-9.53866,35.53542],[-9.53958,35.53708],[-9.54375,35.53883],[-9.54792,35.53932],[-9.54808,35.53958],[-9.54833,35.54375],[-9.5487,35.54792],[-9.54828,35.55208],[-9.54853,35.55625],[-9.54792,35.55667],[-9.54375,35.55716],[-9.54,35.56042],[-9.53958,35.56088],[-9.53655,35.56458],[-9.53542,35.56562],[-9.53229,35.56875],[-9.53125,35.56951],[-9.52708,35.5714],[-9.52486,35.57292],[-9.52292,35.57408],[-9.51935,35.57708],[-9.51875,35.5775],[-9.51458,35.57804],[-9.51042,35.57875],[-9.50716,35.58125],[-9.50625,35.58178],[-9.50242,35.58542],[-9.50208,35.58573],[-9.49792,35.58759],[-9.49522,35.58958],[-9.49375,35.59045],[-9.49006,35.59375],[-9.48993,35.59792],[-9.48958,35.59861],[-9.48661,35.60208],[-9.48563,35.60625],[-9.48542,35.61042],[-9.48201,35.61458],[-9.48185,35.61875],[-9.48171,35.62292],[-9.48125,35.62375],[-9.47847,35.62708],[-9.47708,35.62847],[-9.47375,35.63125],[-9.47292,35.63244],[-9.46994,35.63542],[-9.46875,35.63661],[-9.46686,35.63958],[-9.46518,35.64375],[-9.46458,35.64427],[-9.46094,35.64792],[-9.46042,35.64825],[-9.45625,35.64824],[-9.45268,35.65208],[-9.4523,35.65625],[-9.45299,35.66042],[-9.45288,35.66458],[-9.45248,35.66875],[-9.45233,35.67292],[-9.45208,35.67338],[-9.44792,35.675],[-9.44479,35.67708],[-9.44375,35.68125],[-9.44427,35.68542],[-9.44393,35.68958],[-9.44375,35.68976],[-9.43958,35.69186],[-9.43661,35.69375],[-9.43542,35.69394],[-9.43125,35.69468],[-9.42736,35.69792],[-9.42708,35.69815],[-9.42292,35.69954],[-9.42022,35.70208],[-9.41875,35.70365],[-9.41554,35.70625],[-9.41458,35.7075],[-9.41287,35.71042],[-9.41125,35.71458],[-9.41042,35.71567],[-9.40758,35.71875],[-9.40625,35.71994],[-9.40304,35.72292],[-9.40208,35.72367],[-9.39857,35.72708],[-9.39832,35.73125],[-9.39792,35.73158],[-9.39375,35.73206],[-9.3902,35.73542],[-9.38958,35.73609],[-9.38597,35.73958],[-9.38542,35.74007],[-9.38125,35.74158],[-9.37813,35.74375],[-9.37708,35.74426],[-9.37292,35.74509],[-9.36875,35.7447],[-9.36458,35.74468],[-9.36167,35.74792],[-9.36089,35.75208],[-9.36042,35.75248],[-9.35625,35.75333],[-9.35347,35.75625],[-9.35208,35.75752],[-9.34816,35.76042],[-9.34792,35.76056],[-9.34375,35.76042],[-9.33958,35.75958],[-9.33792,35.76042],[-9.33542,35.76125],[-9.33125,35.7614],[-9.32708,35.76143],[-9.32538,35.76042],[-9.32292,35.75771],[-9.31875,35.75688],[-9.31458,35.75701],[-9.3117,35.76042],[-9.31125,35.76458],[-9.31068,35.76875],[-9.31042,35.76921],[-9.30724,35.77292],[-9.30638,35.77708],[-9.30625,35.77727],[-9.30208,35.7794],[-9.2997,35.78125],[-9.29875,35.78542],[-9.29838,35.78958],[-9.29792,35.79028],[-9.29375,35.79042],[-9.29292,35.78958],[-9.29236,35.78542],[-9.28958,35.78264],[-9.28681,35.78542],[-9.28542,35.78681],[-9.28403,35.78958],[-9.28125,35.79292],[-9.28021,35.79375],[-9.27708,35.79792],[-9.27542,35.80208],[-9.27417,35.80625],[-9.27292,35.80875],[-9.27125,35.81042],[-9.26921,35.81458],[-9.26875,35.81542],[-9.26747,35.81875],[-9.26597,35.82292],[-9.26458,35.82411],[-9.26042,35.82411],[-9.25625,35.82625],[-9.25521,35.82708],[-9.25208,35.83125],[-9.24888,35.83542],[-9.24792,35.83588],[-9.24375,35.83564],[-9.23958,35.83653],[-9.23542,35.83792],[-9.23208,35.83958],[-9.23125,35.83988],[-9.22738,35.84375],[-9.22708,35.84388],[-9.22292,35.84404],[-9.21875,35.84425],[-9.21458,35.84451],[-9.21042,35.84444],[-9.20625,35.84537],[-9.20298,35.84792],[-9.20208,35.84851],[-9.19833,35.85208],[-9.19792,35.85245],[-9.19375,35.85298],[-9.18958,35.85573],[-9.18889,35.85625],[-9.18672,35.86042],[-9.18594,35.86458],[-9.18565,35.86875],[-9.18561,35.87292],[-9.18555,35.87708],[-9.18542,35.87733],[-9.18312,35.88125],[-9.18294,35.88542],[-9.1824,35.88958],[-9.18167,35.89375],[-9.18125,35.89432],[-9.17781,35.89792],[-9.17708,35.89845],[-9.17292,35.89977],[-9.16971,35.90208],[-9.16875,35.90625],[-9.17292,35.91024],[-9.17313,35.91042],[-9.17708,35.91372],[-9.18125,35.91431],[-9.18163,35.91458],[-9.18542,35.91806],[-9.18958,35.9185],[-9.18981,35.91875],[-9.19097,35.92292],[-9.19375,35.92649],[-9.19419,35.92708],[-9.19375,35.93125],[-9.19077,35.93542],[-9.19119,35.93958],[-9.19375,35.94292],[-9.19451,35.94375],[-9.19479,35.94792],[-9.19375,35.95042],[-9.19256,35.95208],[-9.19144,35.95625],[-9.19125,35.96042],[-9.19063,35.96458],[-9.19018,35.96875],[-9.19115,35.97292],[-9.19115,35.97708],[-9.19028,35.98125],[-9.18958,35.98181],[-9.18597,35.98542],[-9.18542,35.98583],[-9.18125,35.98693],[-9.1786,35.98958],[-9.17731,35.99375],[-9.17708,35.99413],[-9.17463,35.99792],[-9.17431,36.00208],[-9.17708,36.00521],[-9.1776,36.00625],[-9.1776,36.01042],[-9.17784,36.01458],[-9.18125,36.01771],[-9.18182,36.01875],[-9.18194,36.02292],[-9.18187,36.02708],[-9.18125,36.02887],[-9.17887,36.03125],[-9.18125,36.03403],[-9.18333,36.03542],[-9.18542,36.03646],[-9.18958,36.03845],[-9.19054,36.03958],[-9.1901,36.04375],[-9.19077,36.04792],[-9.19375,36.05139],[-9.19435,36.05208],[-9.19583,36.05625],[-9.19792,36.06042],[-9.19792,36.06458],[-9.19444,36.06875],[-9.19514,36.07292],[-9.19792,36.07569],[-9.20208,36.07708],[-9.20312,36.08125],[-9.20625,36.08438],[-9.21042,36.08482],[-9.21125,36.08542],[-9.21458,36.08875],[-9.2151,36.08958],[-9.21518,36.09375],[-9.21458,36.09514],[-9.21181,36.09792],[-9.21458,36.10069],[-9.21875,36.10089],[-9.22042,36.10208],[-9.22292,36.10458],[-9.22708,36.10556],[-9.23125,36.10532],[-9.23229,36.10625],[-9.23542,36.10903],[-9.23958,36.10972],[-9.24062,36.11042],[-9.24375,36.11269],[-9.24792,36.11412],[-9.24836,36.11458],[-9.24984,36.11875],[-9.25208,36.12118],[-9.25347,36.12292],[-9.25625,36.12639],[-9.26042,36.12708],[-9.25994,36.13125],[-9.25625,36.13467],[-9.25208,36.13542],[-9.25625,36.13958],[-9.26042,36.1383],[-9.26458,36.13807],[-9.2661,36.13958],[-9.26875,36.14223],[-9.27113,36.14375],[-9.27292,36.14453],[-9.27708,36.14667],[-9.27936,36.14792],[-9.28125,36.14931],[-9.28472,36.15208],[-9.28542,36.15278],[-9.28723,36.15625],[-9.28958,36.158],[-9.29375,36.15908],[-9.29792,36.15914],[-9.30208,36.15987],[-9.30506,36.16042],[-9.30625,36.16101],[-9.31042,36.16208],[-9.31458,36.1625],[-9.31875,36.16287],[-9.32292,36.16354],[-9.3247,36.16458],[-9.32375,36.16875],[-9.32396,36.17292],[-9.32292,36.17375],[-9.31958,36.17708],[-9.31893,36.18125],[-9.32121,36.18542],[-9.3226,36.18958],[-9.31935,36.19375],[-9.31875,36.19479],[-9.31719,36.19792],[-9.31458,36.2017],[-9.31399,36.20208],[-9.31042,36.20298],[-9.30625,36.20369],[-9.30208,36.20398],[-9.29792,36.20352],[-9.29375,36.20347],[-9.28958,36.20208],[-9.28914,36.20625],[-9.28958,36.20634],[-9.29296,36.21042],[-9.29375,36.21123],[-9.29792,36.21187],[-9.30208,36.21197],[-9.30625,36.21185],[-9.31042,36.21188],[-9.31458,36.21172],[-9.31875,36.21136],[-9.32292,36.2112],[-9.32708,36.21126],[-9.33125,36.21204],[-9.3336,36.21458],[-9.33542,36.21634],[-9.33958,36.21624],[-9.34375,36.21524],[-9.34676,36.21458],[-9.34792,36.21298],[-9.34891,36.21458],[-9.35208,36.21534],[-9.35625,36.21564],[-9.36042,36.21551],[-9.36458,36.21485],[-9.36875,36.2148],[-9.3718,36.21875],[-9.37292,36.2198],[-9.37708,36.21929],[-9.37958,36.21875],[-9.37929,36.21458],[-9.38083,36.21042],[-9.38125,36.2101],[-9.38542,36.21042],[-9.38625,36.20625],[-9.38958,36.20331],[-9.39167,36.20208],[-9.39167,36.19792],[-9.39097,36.19375],[-9.39375,36.19097],[-9.39542,36.18958],[-9.39792,36.18542],[-9.39844,36.18125],[-9.40208,36.17917],[-9.40341,36.17708],[-9.40625,36.17485],[-9.41012,36.17292],[-9.41042,36.17277],[-9.41458,36.17194],[-9.41875,36.17138],[-9.42292,36.17017],[-9.425,36.16875],[-9.42708,36.16458],[-9.43002,36.16042],[-9.43125,36.15984],[-9.43542,36.15829],[-9.43958,36.15651],[-9.43999,36.15625],[-9.44375,36.15223],[-9.44395,36.15208],[-9.44792,36.14948],[-9.44939,36.14792],[-9.45177,36.14375],[-9.45208,36.14212],[-9.45532,36.13958],[-9.45625,36.13901],[-9.46042,36.1385],[-9.46458,36.13859],[-9.46875,36.13777],[-9.47292,36.13692],[-9.47708,36.13617],[-9.47917,36.13542],[-9.48125,36.13458],[-9.48542,36.13449],[-9.48958,36.13354],[-9.49375,36.13264],[-9.49554,36.13125],[-9.49792,36.12929],[-9.50133,36.12708],[-9.50208,36.12633],[-9.50625,36.1253],[-9.50903,36.12292],[-9.50625,36.11875],[-9.50542,36.11458],[-9.50532,36.11042],[-9.50625,36.10982],[-9.51042,36.10982],[-9.51458,36.10982],[-9.51875,36.1101],[-9.52292,36.10972],[-9.5267,36.10625],[-9.52708,36.10604],[-9.53125,36.10603],[-9.53167,36.10625],[-9.53542,36.10938],[-9.53958,36.10958],[-9.54375,36.1089],[-9.54792,36.10893],[-9.55208,36.10866],[-9.55625,36.10866],[-9.55978,36.10625],[-9.56042,36.10594],[-9.56458,36.1058],[-9.56542,36.10625],[-9.56875,36.10842],[-9.57232,36.10625],[-9.57292,36.1059],[-9.57338,36.10625],[-9.57708,36.10942],[-9.58125,36.10978],[-9.58542,36.10949],[-9.58958,36.1081],[-9.59236,36.10625],[-9.59375,36.10573],[-9.59792,36.10625],[-9.60208,36.10625],[-9.60284,36.11042],[-9.60625,36.11417],[-9.60764,36.11458],[-9.61042,36.11597],[-9.61458,36.11563],[-9.61736,36.11458],[-9.61875,36.11438],[-9.62292,36.11402],[-9.62708,36.11375],[-9.63125,36.11375],[-9.6351,36.11042],[-9.63542,36.11026],[-9.63566,36.11042],[-9.63958,36.11434],[-9.63972,36.11458],[-9.64003,36.11875],[-9.63995,36.12292],[-9.63958,36.12375],[-9.63588,36.12708],[-9.63646,36.13125],[-9.63958,36.13333],[-9.64375,36.13495],[-9.64444,36.13542],[-9.64792,36.13731],[-9.65208,36.13798],[-9.65625,36.13836],[-9.66042,36.13917],[-9.66458,36.13927],[-9.66502,36.13958],[-9.66875,36.14331],[-9.67292,36.14329],[-9.67354,36.14375],[-9.67708,36.14748],[-9.67875,36.14792],[-9.68125,36.14917],[-9.68542,36.14958],[-9.68958,36.1497],[-9.69375,36.15089],[-9.69792,36.1517],[-9.70208,36.15186],[-9.70233,36.15208],[-9.70625,36.156],[-9.70646,36.15625],[-9.7065,36.16042],[-9.70739,36.16458],[-9.71042,36.16554],[-9.71458,36.16667],[-9.71699,36.16875],[-9.71674,36.17292],[-9.71639,36.17708],[-9.71819,36.18125],[-9.71875,36.18155],[-9.72292,36.18349],[-9.72708,36.18453],[-9.73087,36.18542],[-9.73125,36.1855],[-9.7316,36.18542],[-9.73542,36.18411],[-9.73958,36.18367],[-9.74375,36.18395],[-9.74792,36.18455],[-9.75208,36.18358],[-9.75625,36.18273],[-9.76042,36.18224],[-9.76458,36.18173],[-9.76756,36.18125],[-9.76875,36.18073],[-9.77292,36.17878],[-9.77708,36.17847],[-9.78125,36.1778],[-9.78403,36.17708],[-9.78542,36.17675],[-9.78958,36.17583],[-9.79375,36.17488],[-9.79792,36.1744],[-9.80208,36.17359],[-9.80625,36.17341],[-9.81042,36.17344],[-9.81458,36.17308],[-9.81528,36.17292],[-9.81875,36.17212],[-9.82292,36.17058],[-9.82708,36.16875],[-9.83125,36.16764],[-9.83542,36.16637],[-9.83926,36.16458],[-9.83958,36.16443],[-9.84375,36.16231],[-9.84792,36.16074],[-9.84861,36.16042],[-9.85208,36.15929],[-9.85625,36.15815],[-9.86042,36.15796],[-9.86308,36.15625],[-9.86458,36.15507],[-9.86875,36.15406],[-9.87292,36.15356],[-9.87708,36.15366],[-9.88014,36.15208],[-9.88125,36.15178],[-9.88542,36.15153],[-9.88958,36.15132],[-9.89375,36.15108],[-9.89792,36.15183],[-9.8989,36.15208],[-9.90208,36.15395],[-9.90625,36.15352],[-9.91042,36.15347],[-9.91458,36.15379],[-9.91875,36.1548],[-9.92292,36.15598],[-9.92708,36.15616],[-9.92718,36.15625],[-9.92718,36.16042],[-9.92708,36.16055],[-9.92317,36.16458],[-9.92292,36.16489],[-9.9192,36.16875],[-9.91875,36.16953],[-9.91488,36.17292],[-9.91478,36.17708],[-9.91458,36.17711],[-9.91065,36.18125],[-9.91042,36.18171],[-9.90638,36.18542],[-9.90625,36.18586],[-9.90231,36.18958],[-9.90208,36.18986],[-9.89792,36.19208],[-9.89606,36.19375],[-9.89375,36.19673],[-9.89167,36.19792],[-9.88958,36.19867],[-9.88542,36.2003],[-9.88333,36.20208],[-9.88125,36.20333],[-9.87708,36.20592],[-9.87633,36.20625],[-9.87292,36.20742],[-9.86875,36.20708],[-9.86458,36.20892],[-9.86302,36.21042],[-9.86042,36.21282],[-9.85755,36.21458],[-9.85625,36.21558],[-9.85308,36.21875],[-9.85208,36.22035],[-9.85042,36.22292],[-9.84792,36.2253],[-9.84503,36.22708],[-9.84375,36.22768],[-9.83958,36.22955],[-9.83631,36.23125],[-9.83542,36.23214],[-9.8316,36.23542],[-9.83125,36.23588],[-9.82869,36.23958],[-9.82708,36.24053],[-9.82292,36.24306],[-9.82173,36.24375],[-9.81875,36.24564],[-9.81458,36.24773],[-9.81426,36.24792],[-9.81238,36.25208],[-9.81104,36.25625],[-9.81042,36.25781],[-9.80958,36.26042],[-9.81019,36.26458],[-9.81042,36.26542],[-9.81134,36.26875],[-9.81042,36.27083],[-9.80956,36.27292],[-9.80792,36.27708],[-9.80625,36.28026],[-9.80567,36.28125],[-9.80576,36.28542],[-9.80625,36.28617],[-9.80817,36.28958],[-9.81042,36.29356],[-9.81051,36.29375],[-9.81051,36.29792],[-9.81042,36.29806],[-9.80639,36.30208],[-9.80625,36.30214],[-9.80243,36.30625],[-9.8024,36.31042],[-9.80255,36.31458],[-9.80208,36.31875],[-9.79825,36.32292],[-9.79792,36.32331],[-9.79402,36.32708],[-9.79375,36.32742],[-9.78992,36.33125],[-9.78969,36.33542],[-9.78958,36.33554],[-9.78576,36.33958],[-9.78542,36.33996],[-9.78174,36.34375],[-9.78125,36.34429],[-9.7775,36.34792],[-9.77732,36.35208],[-9.77768,36.35625],[-9.77774,36.36042],[-9.78125,36.36423],[-9.78146,36.36458],[-9.7819,36.36875],[-9.78542,36.37271],[-9.78553,36.37292],[-9.78542,36.37319],[-9.7824,36.37708],[-9.7817,36.38125],[-9.78157,36.38542],[-9.78151,36.38958],[-9.78125,36.38989],[-9.77735,36.39375],[-9.77708,36.39405],[-9.7733,36.39792],[-9.77292,36.39835],[-9.76903,36.40208],[-9.76875,36.40246],[-9.76496,36.40625],[-9.76512,36.41042],[-9.76523,36.41458],[-9.76532,36.41875],[-9.76493,36.42292],[-9.76458,36.42339],[-9.76102,36.42708],[-9.76076,36.43125],[-9.76042,36.43167],[-9.75625,36.43193],[-9.75294,36.43542],[-9.75208,36.43629],[-9.74805,36.43958],[-9.74792,36.43981],[-9.74454,36.44375],[-9.74402,36.44792],[-9.74375,36.45208],[-9.73975,36.45625],[-9.7398,36.46042],[-9.74375,36.46408],[-9.74422,36.46458],[-9.74792,36.46828],[-9.74831,36.46875],[-9.74893,36.47292],[-9.75208,36.47607],[-9.75275,36.47708],[-9.75625,36.48108],[-9.75637,36.48125],[-9.75643,36.48542],[-9.75642,36.48958],[-9.75635,36.49375],[-9.75625,36.49388],[-9.75222,36.49792],[-9.75208,36.4981],[-9.74819,36.50208],[-9.74824,36.50625],[-9.74792,36.5067],[-9.74428,36.51042],[-9.74375,36.51125],[-9.7403,36.51458],[-9.74002,36.51875],[-9.73958,36.51954],[-9.73586,36.52292],[-9.73661,36.52708],[-9.73958,36.52898],[-9.74375,36.5286],[-9.74792,36.52867],[-9.75208,36.52997],[-9.75625,36.53057],[-9.76042,36.53112],[-9.7608,36.53125],[-9.76458,36.53363],[-9.76875,36.53478],[-9.76937,36.53542],[-9.77292,36.53864],[-9.77378,36.53958],[-9.77708,36.54303],[-9.77781,36.54375],[-9.77871,36.54792],[-9.78125,36.55135],[-9.78229,36.55208],[-9.78542,36.55549],[-9.78958,36.55585],[-9.79375,36.55606],[-9.79792,36.55571],[-9.80208,36.55587],[-9.80625,36.55563],[-9.81042,36.55542],[-9.81426,36.55208],[-9.81458,36.55196],[-9.81875,36.55194],[-9.82292,36.55196],[-9.82303,36.55208],[-9.82708,36.55593],[-9.82733,36.55625],[-9.82743,36.56042],[-9.82781,36.56458],[-9.83125,36.56854],[-9.83145,36.56875],[-9.83498,36.57292],[-9.83542,36.57367],[-9.83776,36.57708],[-9.83958,36.57933],[-9.84039,36.57708],[-9.84375,36.57363],[-9.84444,36.57292],[-9.84375,36.57208],[-9.84112,36.56875],[-9.84158,36.56458],[-9.84322,36.56042],[-9.84375,36.56013],[-9.84734,36.55625],[-9.84792,36.55574],[-9.85208,36.55539],[-9.85625,36.55504],[-9.85929,36.55208],[-9.85625,36.54887],[-9.85208,36.54831],[-9.85162,36.54792],[-9.85137,36.54375],[-9.85172,36.53958],[-9.85208,36.53931],[-9.85625,36.53931],[-9.85729,36.53958],[-9.86042,36.54252],[-9.86177,36.53958],[-9.86387,36.53542],[-9.86458,36.5349],[-9.86854,36.53125],[-9.86875,36.53109],[-9.87292,36.53057],[-9.87708,36.52879],[-9.88125,36.52742],[-9.88333,36.52708],[-9.88403,36.52292],[-9.88125,36.51911],[-9.88109,36.51875],[-9.8811,36.51458],[-9.88125,36.51414],[-9.88542,36.5123],[-9.88958,36.51207],[-9.89375,36.51156],[-9.89774,36.51042],[-9.89645,36.50625],[-9.89545,36.50208],[-9.89792,36.50018],[-9.90208,36.49792],[-9.90625,36.49579],[-9.90903,36.49375],[-9.91042,36.49283],[-9.91458,36.49015],[-9.91535,36.48958],[-9.91875,36.48755],[-9.92134,36.48542],[-9.92292,36.48326],[-9.92472,36.48125],[-9.92708,36.4783],[-9.92816,36.47708],[-9.93125,36.47489],[-9.93542,36.47302],[-9.93569,36.47292],[-9.93958,36.47109],[-9.94375,36.46944],[-9.94722,36.46875],[-9.94792,36.46865],[-9.95208,36.46829],[-9.95625,36.46812],[-9.96042,36.46859],[-9.96076,36.46875],[-9.96458,36.47066],[-9.96875,36.4727],[-9.96913,36.47292],[-9.97292,36.47481],[-9.97604,36.47708],[-9.97708,36.47819],[-9.98061,36.48125],[-9.98125,36.48161],[-9.9849,36.48542],[-9.98542,36.48598],[-9.98958,36.48958],[-9.99375,36.49319],[-9.99435,36.49375],[-9.99792,36.49708],[-10,36.49708]]},"properties":{"fid":922,"ID":921,"ELEV":-4000}},
{"type":"Feature","geometry":null,"properties":{"fid":923,"ID":922,"ELEV":-3000}},
{"type":"Feature","geometry":{"type":"LineString","coordinates":[[-8.11875,35.42204],[-8.11542,35.42292],[-8.11597,35.42708],[-8.11875,35.42946],[-8.12292,35.43125],[-8.12708,35.4351],[-8.12926,35.43125],[-8.12738,35.42708],[-8.12708,35.42649],[-8.12292,35.42292],[-8.11875,35.42204]]},"properties":{"fid":924,"ID":923,"ELEV":-2000}},
{"type":"Feature","geometry":{"type":"LineString","coordinates":[[-7.08926,35.41458],[-7.08958,35.4144],[-7.09167,35.41458],[-7.09375,35.41507],[-7.09792,35.41771],[-7.10208,35.41792],[-7.10255,35.41875],[-7.10625,35.42034],[-7.10794,35.42292],[-7.10625,35.42653],[-7.10576,35.42708],[-7.10208,35.42887],[-7.09792,35.42884],[-7.09375,35.42708],[-7.09192,35.42292],[-7.08958,35.42142],[-7.08643,35.41875],[-7.08926,35.41458]]},"properties":{"fid":925,"ID":924,"ELEV":-1000}},
{"type":"Feature","geometry":{"type":"LineString","coordinates":[[-8.08125,35.37227],[-8.07778,35.37292],[-8.08125,35.37639],[-8.08177,35.37708],[-8.08542,35.37903],[-8.08958,35.37792],[-8.09007,35.37708],[-8.08958,35.37664],[-8.08542,35.37484],[-8.08314,35.37292],[-8.08125,35.37227]]},"properties":{"fid":927,"ID":926,"ELEV":-2000}},
{"type":"Feature","geometry":{"type":"LineString","coordinates":[[-7.07906,35.36875],[-7.08125,35.36729],[-7.08542,35.36535],[-7.08958,35.36539],[-7.09375,35.3665],[-7.09721,35.36875],[-7.09792,35.37057],[-7.09833,35.37292],[-7.09792,35.37542],[-7.09736,35.37708],[-7.09375,35.38115],[-7.09349,35.38125],[-7.08958,35.38205],[-7.08542,35.38182],[-7.08125,35.38135],[-7.08083,35.38125],[-7.07708,35.37883],[-7.07593,35.37708],[-7.0769,35.37292],[-7.07708,35.3725],[-7.07906,35.36875]]},"properties":{"fid":928,"ID":927,"ELEV":-1000}},
{"type":"Feature","geometry":{"type":"LineString","coordinates":[[-8.15536,35.34375],[-8.15625,35.34318],[-8.16042,35.34344],[-8.16066,35.34375],[-8.16189,35.34792],[-8.16458,35.35097],[-8.16492,35.35208],[-8.16551,35.35625],[-8.16875,35.35975],[-8.16906,35.36042],[-8.17292,35.3645],[-8.17325,35.36458],[-8.17708,35.36758],[-8.18125,35.36829],[-8.18316,35.36875],[-8.18542,35.37111],[-8.18839,35.37292],[-8.18689,35.37708],[-8.18542,35.37769],[-8.18125,35.3772],[-8.1811,35.37708],[-8.17708,35.37377],[-8.17627,35.37292],[-8.17396,35.36875],[-8.17292,35.36625],[-8.16875,35.36539],[-8.16781,35.36458],[-8.16458,35.36195],[-8.16042,35.36064],[-8.16011,35.36042],[-8.15799,35.35625],[-8.15625,35.35423],[-8.1545,35.35208],[-8.15426,35.34792],[-8.15536,35.34375]]},"properties":{"fid":929,"ID":928,"ELEV":-2000}},
{"type":"Feature","geometry":{"type":"LineString","coordinates":[[-8.87458,35.33125],[-8.87708,35.33057],[-8.88125,35.33],[-8.88542,35.32965],[-8.88958,35.33006],[-8.89117,35.33125],[-8.89152,35.33542],[-8.89056,35.33958],[-8.88958,35.34167],[-8.8875,35.34375],[-8.88542,35.34571],[-8.88125,35.34542],[-8.87708,35.34375],[-8.87604,35.33958],[-8.87465,35.33542],[-8.87458,35.33125]]},"properties":{"fid":930,"ID":929,"ELEV":-3000}},
{"type":"Feature","geometry":{"type":"LineString","coordinates":[[-1.4763,35.31875],[-1.47708,35.3175],[-1.47795,35.31875],[-1.47708,35.31936],[-1.4763,35.31875]]},"properties":{"fid":931,"ID":930,"ELEV":0}},
{"type":"Feature","geometry":{"type":"LineString","coordinates":[[-8.85473,35.28958],[-8.85625,35.28839],[-8.85958,35.28958],[-8.85625,35.29375],[-8.85473,35.28958]]},"properties":{"fid":932,"ID":931,"ELEV":-3000}},
{"type":"Feature","geometry":{"type":"LineString","coordinates":[[-7.09181,35.27292],[-7.09375,35.2713],[-7.09792,35.27033],[-7.09955,35.27292],[-7.09792,35.27404],[-7.09375,35.27365],[-7.09181,35.27292]]},"properties":{"fid":934,"ID":933,"ELEV":-1000}},
{"type":"Feature","geometry":{"type":"LineString","coordinates":[[-7.79844,35.26458],[-7.80208,35.2635],[-7.80625,35.26264],[-7.81042,35.26258],[-7.81375,35.26458],[-7.81042,35.26545],[-7.80625,35.26571],[-7.80208,35.26575],[-7.79844,35.26458]]},"properties":{"fid":935,"ID":934,"ELEV":-2000}},
{"type":"Feature","geometry":{"type":"LineString","coordinates":[[-7.81597,35.23958],[-7.81875,35.23792],[-7.82292,35.23778],[-7.82708,35.23787],[-7.82835,35.23958],[-7.82708,35.24153],[-7.82292,35.24118],[-7.81875,35.24042],[-7.81597,35.23958]]},"properties":{"fid":937,"ID":936,"ELEV":-2000}},
{"type":"Feature","geometry":{"type":"LineString","coordinates":[[-8.01327,35.23542],[-8.01458,35.23496],[-8.01875,35.23427],[-8.02292,35.23333],[-8.02708,35.23432],[-8.02924,35.23542],[-8.03002,35.23958],[-8.02708,35.24191],[-8.025,35.24375],[-8.02292,35.24493],[-8.01875,35.24491],[-8.01458,35.24479],[-8.01314,35.24375],[-8.01134,35.23958],[-8.01327,35.23542]]},"properties":{"fid":938,"ID":937,"ELEV":-2000}},
{"type":"Feature","geometry":{"type":"LineString","coordinates":[[-7.80104,35.23542],[-7.80208,35.2349],[-7.80625,35.23468],[-7.81042,35.23542],[-7.80625,35.23594],[-7.80208,35.23557],[-7.80104,35.23542]]},"properties":{"fid":939,"ID":938,"ELEV":-2000}},
{"type":"Feature","geometry":{"type":"LineString","coordinates":[[-7.75208,35.22616],[-7.75095,35.22708],[-7.75208,35.22827],[-7.75625,35.22757],[-7.76042,35.22708],[-7.75625,35.22542],[-7.75208,35.22616]]},"properties":{"fid":940,"ID":939,"ELEV":-2000}},
{"type":"Feature","geometry":{"type":"LineString","coordinates":[[-6.64375,35.22668],[-6.64345,35.22708],[-6.64375,35.22738],[-6.64425,35.22708],[-6.64375,35.22668]]},"properties":{"fid":941,"ID":940,"ELEV":-1000}},
{"type":"Feature","geometry":{"type":"LineString","coordinates":[[-8.61042,35.20387],[-8.60875,35.20625],[-8.60625,35.20938],[-8.60546,35.21042],[-8.60271,35.21458],[-8.60321,35.21875],[-8.60556,35.22292],[-8.60625,35.22604],[-8.60649,35.22708],[-8.60854,35.23125],[-8.61042,35.23438],[-8.61146,35.23542],[-8.61458,35.23917],[-8.61518,35.23958],[-8.61792,35.24375],[-8.61875,35.24554],[-8.62292,35.24722],[-8.62552,35.24375],[-8.62625,35.23958],[-8.62708,35.23833],[-8.62854,35.23542],[-8.63125,35.23181],[-8.63158,35.23125],[-8.63281,35.22708],[-8.63237,35.22292],[-8.63125,35.22027],[-8.63063,35.21875],[-8.62827,35.21458],[-8.62708,35.21319],[-8.6247,35.21042],[-8.62292,35.20885],[-8.62042,35.20625],[-8.61875,35.20406],[-8.61458,35.20208],[-8.61042,35.20387]]},"properties":{"fid":942,"ID":941,"ELEV":-3000}},
{"type":"Feature","geometry":{"type":"LineString","coordinates":[[-6.14792,35.20521],[-6.14745,35.20625],[-6.14792,35.2066],[-6.14896,35.20625],[-6.14792,35.20521]]},"properties":{"fid":943,"ID":942,"ELEV":0}},
{"type":"Feature","geometry":{"type":"LineString","coordinates":[[-6.11458,35.20521],[-6.11441,35.20625],[-6.11458,35.21042],[-6.11667,35.20625],[-6.11458,35.20521]]},"properties":{"fid":944,"ID":943,"ELEV":0}},
{"type":"Feature","geometry":{"type":"LineString","coordinates":[[-8.70046,35.20208],[-8.70208,35.20037],[-8.70625,35.20181],[-8.7065,35.20208],[-8.70625,35.20231],[-8.70208,35.20287],[-8.70046,35.20208]]},"properties":{"fid":946,"ID":945,"ELEV":-3000}},
{"type":"Feature","geometry":{"type":"LineString","coordinates":[[-7.85208,35.20176],[-7.85125,35.20208],[-7.85208,35.2025],[-7.85312,35.20208],[-7.85208,35.20176]]},"properties":{"fid":947,"ID":946,"ELEV":-2000}},
{"type":"Feature","geometry":{"type":"LineString","coordinates":[[-6.11875,35.19514],[-6.11458,35.19792],[-6.11771,35.20208],[-6.11875,35.20417],[-6.12292,35.20417],[-6.12708,35.20486],[-6.13125,35.20208],[-6.12708,35.19792],[-6.12292,35.19792],[-6.11875,35.19514]]},"properties":{"fid":948,"ID":947,"ELEV":0}},
{"type":"Feature","geometry":{"type":"LineString","coordinates":[[-7.85176,35.18542],[-7.85208,35.18528],[-7.85312,35.18542],[-7.85625,35.18611],[-7.86042,35.18604],[-7.86354,35.18542],[-7.86458,35.18529],[-7.86488,35.18542],[-7.86875,35.1875],[-7.87292,35.18869],[-7.87486,35.18958],[-7.87708,35.19236],[-7.87816,35.19375],[-7.87708,35.19745],[-7.87639,35.19792],[-7.87292,35.19931],[-7.86875,35.19977],[-7.86458,35.20139],[-7.86161,35.20208],[-7.86458,35.20625],[-7.86042,35.20734],[-7.85625,35.20764],[-7.85208,35.20754],[-7.84833,35.20625],[-7.84792,35.20542],[-7.84375,35.20481],[-7.83958,35.2049],[-7.83542,35.20501],[-7.83203,35.20208],[-7.83348,35.19792],[-7.83542,35.19442],[-7.83614,35.19375],[-7.83958,35.19062],[-7.84117,35.18958],[-7.84375,35.18845],[-7.84792,35.18754],[-7.85176,35.18542]]},"properties":{"fid":950,"ID":949,"ELEV":-2000}},
{"type":"Feature","geometry":{"type":"LineString","coordinates":[[-6.12708,35.18403],[-6.12569,35.18542],[-6.125,35.18958],[-6.12708,35.19375],[-6.13125,35.19375],[-6.13333,35.18958],[-6.13125,35.18542],[-6.12708,35.18403]]},"properties":{"fid":951,"ID":950,"ELEV":0}},
{"type":"Feature","geometry":{"type":"LineString","coordinates":[[-10,35.17333],[-9.99792,35.17333],[-9.99375,35.17444],[-9.98958,35.17692],[-9.98938,35.17708],[-9.98542,35.1781],[-9.98125,35.17941],[-9.97773,35.18125],[-9.97708,35.18542],[-9.97697,35.18958],[-9.97449,35.19375],[-9.97335,35.19792],[-9.97292,35.19858],[-9.96875,35.20042],[-9.96656,35.20208],[-9.96499,35.20625],[-9.96458,35.20694],[-9.96187,35.21042],[-9.96058,35.21458],[-9.96042,35.21502],[-9.9582,35.21875],[-9.96042,35.22229],[-9.96056,35.22292],[-9.96042,35.2231],[-9.95625,35.22389],[-9.95335,35.22708],[-9.95208,35.22882],[-9.95,35.23125],[-9.9487,35.23542],[-9.94881,35.23958],[-9.9492,35.24375],[-9.94909,35.24792],[-9.94875,35.25208],[-9.94896,35.25625],[-9.95208,35.2601],[-9.9524,35.26042],[-9.95625,35.26354],[-9.96042,35.26333],[-9.96458,35.26377],[-9.96562,35.26458],[-9.96875,35.2676],[-9.97027,35.26875],[-9.97292,35.27108],[-9.97708,35.27208],[-9.98125,35.27207],[-9.98542,35.27269],[-9.98958,35.27269],[-9.99012,35.27292],[-9.99375,35.27596],[-9.99792,35.2764],[-10,35.2764]]},"properties":{"fid":952,"ID":951,"ELEV":-4000}},
{"type":"Feature","geometry":{"type":"LineString","coordinates":[[-2.41979,35.17708],[-2.42292,35.17458],[-2.42708,35.17458],[-2.43125,35.17569],[-2.43333,35.17708],[-2.43542,35.17847],[-2.43958,35.18125],[-2.43542,35.18185],[-2.43125,35.18521],[-2.42708,35.18519],[-2.42292,35.18375],[-2.41875,35.18125],[-2.41979,35.17708]]},"properties":{"fid":953,"ID":952,"ELEV":0}},
{"type":"Feature","geometry":{"type":"LineString","coordinates":[[-2.44113,35.17708],[-2.44375,35.175],[-2.44647,35.17708],[-2.44375,35.18102],[-2.44113,35.17708]]},"properties":{"fid":954,"ID":953,"ELEV":0}},
{"type":"Feature","geometry":{"type":"LineString","coordinates":[[-8.56875,35.15942],[-8.56644,35.16042],[-8.56458,35.16125],[-8.56042,35.16212],[-8.55625,35.1619],[-8.55208,35.16216],[-8.54792,35.1622],[-8.54375,35.16172],[-8.53958,35.16094],[-8.53542,35.16125],[-8.53125,35.16269],[-8.52708,35.16458],[-8.525,35.16875],[-8.52708,35.16958],[-8.53125,35.17056],[-8.53542,35.17147],[-8.53883,35.17292],[-8.53958,35.17312],[-8.54375,35.17519],[-8.54606,35.17708],[-8.54792,35.18042],[-8.54848,35.18125],[-8.55192,35.18542],[-8.55208,35.18553],[-8.55625,35.18757],[-8.56042,35.1886],[-8.56458,35.1875],[-8.56875,35.18542],[-8.57292,35.18408],[-8.57708,35.18432],[-8.58125,35.1839],[-8.58542,35.18208],[-8.58594,35.18125],[-8.58542,35.17917],[-8.585,35.17708],[-8.58264,35.17292],[-8.58125,35.17197],[-8.57752,35.16875],[-8.57708,35.16736],[-8.5758,35.16458],[-8.5733,35.16042],[-8.57292,35.16026],[-8.56875,35.15942]]},"properties":{"fid":957,"ID":956,"ELEV":-3000}},
{"type":"Feature","geometry":{"type":"LineString","coordinates":[[-7.87292,35.06758],[-7.87097,35.06875],[-7.86927,35.07292],[-7.86908,35.07708],[-7.86875,35.07771],[-7.86481,35.08125],[-7.86458,35.08264],[-7.86406,35.08542],[-7.86426,35.08958],[-7.8622,35.09375],[-7.8633,35.09792],[-7.86458,35.09931],[-7.86522,35.09792],[-7.86715,35.09375],[-7.86875,35.09265],[-7.87292,35.08983],[-7.87361,35.08958],[-7.87708,35.08859],[-7.88125,35.08766],[-7.8849,35.08542],[-7.88517,35.08125],[-7.88437,35.07708],[-7.88125,35.07431],[-7.88044,35.07292],[-7.87831,35.06875],[-7.87708,35.06765],[-7.87292,35.06758]]},"properties":{"fid":964,"ID":963,"ELEV":-2000}},
{"type":"Feature","geometry":{"type":"LineString","coordinates":[[-7.08125,35.04314],[-7.08047,35.04375],[-7.07708,35.04749],[-7.07604,35.04792],[-7.07708,35.04813],[-7.08125,35.04949],[-7.08542,35.0502],[-7.08958,35.05078],[-7.09375,35.05139],[-7.09792,35.05111],[-7.10208,35.05056],[-7.10625,35.05097],[-7.10903,35.05208],[-7.11042,35.0527],[-7.11458,35.05343],[-7.11875,35.0525],[-7.12292,35.0522],[-7.12324,35.05208],[-7.12292,35.05192],[-7.11875,35.05112],[-7.11458,35.04861],[-7.11414,35.04792],[-7.11042,35.04497],[-7.10965,35.04375],[-7.10625,35.04253],[-7.10208,35.04268],[-7.09792,35.04255],[-7.09405,35.04375],[-7.09375,35.04391],[-7.08958,35.0441],[-7.08875,35.04375],[-7.08542,35.04311],[-7.08125,35.04314]]},"properties":{"fid":966,"ID":965,"ELEV":-1000}},
{"type":"Feature","geometry":{"type":"LineString","coordinates":[[-8.53073,35.03125],[-8.53125,35.03056],[-8.53542,35.03021],[-8.53667,35.03125],[-8.53958,35.03417],[-8.54062,35.03542],[-8.53958,35.03601],[-8.53542,35.03586],[-8.53458,35.03542],[-8.53125,35.03157],[-8.53073,35.03125]]},"properties":{"fid":967,"ID":966,"ELEV":-3000}},
{"type":"Feature","geometry":{"type":"LineString","coordinates":[[-8.55625,35.03125],[-8.56042,35.03042],[-8.56458,35.03125],[-8.56875,35.03185],[-8.56979,35.03125],[-8.57292,35.02917],[-8.57542,35.03125],[-8.57458,35.03542],[-8.57292,35.03819],[-8.56875,35.03854],[-8.56458,35.03576],[-8.5625,35.03542],[-8.56042,35.03264],[-8.55625,35.03542],[-8.55625,35.03125]]},"properties":{"fid":968,"ID":967,"ELEV":-3000}},
{"type":"Feature","geometry":{"type":"LineString","coordinates":[[-8.57708,35.02708],[-8.58125,35.02431],[-8.58292,35.02708],[-8.58125,35.02784],[-8.57708,35.02708]]},"properties":{"fid":969,"ID":968,"ELEV":-3000}},
{"type":"Feature","geometry":{"type":"LineString","coordinates":[[-7.25625,34.91146],[-7.25312,34.91458],[-7.25625,34.91597],[-7.26042,34.91563],[-7.26125,34.91458],[-7.26042,34.91354],[-7.25625,34.91146]]},"properties":{"fid":987,"ID":986,"ELEV":-1000}},
{"type":"Feature","geometry":{"type":"LineString","coordinates":[[-7.23125,34.89223],[-7.22796,34.89375],[-7.23125,34.89524],[-7.23542,34.89509],[-7.23692,34.89375],[-7.23542,34.8925],[-7.23125,34.89223]]},"properties":{"fid":995,"ID":994,"ELEV":-1000}},
{"type":"Feature","geometry":{"type":"LineString","coordinates":[[-7.24375,34.88591],[-7.24046,34.88958],[-7.24375,34.89123],[-7.24743,34.88958],[-7.24375,34.88591]]},"properties":{"fid":997,"ID":996,"ELEV":-1000}},
{"type":"Feature","geometry":{"type":"LineString","coordinates":[[-8.40473,34.88542],[-8.40625,34.88304],[-8.40764,34.88542],[-8.40625,34.88646],[-8.40473,34.88542]]},"properties":{"fid":1000,"ID":999,"ELEV":-3000}},
{"type":"Feature","geometry":{"type":"LineString","coordinates":[[-6.25208,34.84458],[-6.24931,34.84792],[-6.25208,34.85125],[-6.25542,34.84792],[-6.25208,34.84458]]},"properties":{"fid":1013,"ID":1012,"ELEV":0}},
{"type":"Feature","geometry":{"type":"LineString","coordinates":[[-6.26458,34.82875],[-6.2625,34.83125],[-6.26181,34.83542],[-6.26111,34.83958],[-6.26042,34.84028],[-6.25625,34.84042],[-6.25292,34.84375],[-6.25625,34.84708],[-6.26042,34.84722],[-6.26458,34.84687],[-6.26551,34.84792],[-6.26551,34.85208],[-6.26458,34.85313],[-6.26042,34.85268],[-6.25625,34.85278],[-6.25327,34.85625],[-6.25625,34.85923],[-6.26042,34.85938],[-6.26458,34.85982],[-6.26875,34.85917],[-6.27292,34.86042],[-6.27708,34.85995],[-6.28125,34.85625],[-6.28437,34.85208],[-6.28333,34.84792],[-6.28333,34.84375],[-6.28333,34.83958],[-6.28125,34.83681],[-6.28042,34.83542],[-6.27708,34.83264],[-6.27292,34.83244],[-6.26875,34.83208],[-6.26771,34.83125],[-6.26458,34.82875]]},"properties":{"fid":1017,"ID":1016,"ELEV":0}},
{"type":"Feature","geometry":{"type":"LineString","coordinates":[[-8.51042,34.76829],[-8.51007,34.76875],[-8.51042,34.76944],[-8.51458,34.76919],[-8.51577,34.76875],[-8.51458,34.76771],[-8.51042,34.76829]]},"properties":{"fid":1038,"ID":1037,"ELEV":-3000}},
{"type":"Feature","geometry":{"type":"LineString","coordinates":[[-8.51412,34.74375],[-8.51458,34.74357],[-8.51875,34.74271],[-8.52292,34.74245],[-8.52708,34.74198],[-8.53125,34.74186],[-8.53446,34.74375],[-8.53542,34.74514],[-8.5365,34.74792],[-8.5369,34.75208],[-8.53542,34.75625],[-8.53191,34.76042],[-8.53125,34.76104],[-8.52708,34.76339],[-8.52351,34.76458],[-8.52405,34.76875],[-8.52708,34.77113],[-8.52901,34.77292],[-8.52708,34.77458],[-8.52474,34.77708],[-8.52292,34.77767],[-8.51875,34.77765],[-8.51619,34.77708],[-8.51458,34.77614],[-8.51042,34.77369],[-8.50625,34.77344],[-8.50208,34.77371],[-8.49792,34.77304],[-8.49769,34.77292],[-8.49375,34.77011],[-8.49002,34.76875],[-8.48958,34.76782],[-8.48776,34.76458],[-8.48958,34.76332],[-8.49375,34.76272],[-8.49792,34.76275],[-8.50208,34.76298],[-8.50625,34.76181],[-8.50701,34.76042],[-8.50625,34.75923],[-8.50436,34.75625],[-8.50208,34.75312],[-8.50125,34.75208],[-8.49792,34.75042],[-8.49514,34.74792],[-8.49792,34.74592],[-8.50208,34.74496],[-8.50625,34.74583],[-8.51042,34.74653],[-8.51412,34.74375]]},"properties":{"fid":1047,"ID":1046,"ELEV":-3000}},
{"type":"Feature","geometry":{"type":"LineString","coordinates":[[-9.89606,34.55208],[-9.89792,34.55089],[-9.9,34.55208],[-9.89792,34.55446],[-9.89606,34.55208]]},"properties":{"fid":1081,"ID":1080,"ELEV":-4000}},
{"type":"Feature","geometry":{"type":"LineString","coordinates":[[-10,34.56602],[-9.99792,34.56602],[-9.99375,34.56651],[-9.98958,34.56636],[-9.98542,34.56627],[-9.98125,34.56602],[-9.97708,34.56514],[-9.97458,34.56458],[-9.97292,34.56403],[-9.96875,34.56273],[-9.96458,34.5619],[-9.96076,34.56042],[-9.96042,34.56014],[-9.95777,34.55625],[-9.96042,34.55301],[-9.96161,34.55208],[-9.96458,34.55093],[-9.96875,34.55012],[-9.97292,34.54948],[-9.97708,34.54808],[-9.98125,34.54926],[-9.98542,34.54812],[-9.9858,34.54792],[-9.98958,34.5471],[-9.99375,34.54643],[-9.99792,34.54588],[-10,34.54588]]},"properties":{"fid":1082,"ID":1081,"ELEV":-4000}},
{"type":"Feature","geometry":{"type":"LineString","coordinates":[[-7.10812,34.43958],[-7.11042,34.43678],[-7.11245,34.43958],[-7.11042,34.44169],[-7.10812,34.43958]]},"properties":{"fid":1111,"ID":1110,"ELEV":-1000}},
{"type":"Feature","geometry":{"type":"LineString","coordinates":[[-7.09878,34.43125],[-7.10208,34.42805],[-7.10595,34.43125],[-7.10216,34.43542],[-7.10208,34.43553],[-7.10159,34.43542],[-7.09878,34.43125]]},"properties":{"fid":1118,"ID":1117,"ELEV":-1000}},
{"type":"Feature","geometry":{"type":"LineString","coordinates":[[-9.46847,34.38125],[-9.46875,34.38109],[-9.47292,34.38051],[-9.47708,34.38076],[-9.48125,34.38117],[-9.48131,34.38125],[-9.48149,34.38542],[-9.48141,34.38958],[-9.48125,34.39375],[-9.47708,34.39415],[-9.47292,34.39417],[-9.46875,34.39387],[-9.4686,34.39375],[-9.46849,34.38958],[-9.46837,34.38542],[-9.46847,34.38125]]},"properties":{"fid":1132,"ID":1131,"ELEV":-4000}},
{"type":"Feature","geometry":{"type":"LineString","coordinates":[[-9.42917,34.31875],[-9.43125,34.31771],[-9.43542,34.31797],[-9.43638,34.31875],[-9.43958,34.32196],[-9.44375,34.3224],[-9.44479,34.32292],[-9.44424,34.32708],[-9.44375,34.32731],[-9.44002,34.33125],[-9.43958,34.33158],[-9.43542,34.3314],[-9.43125,34.33171],[-9.42958,34.33125],[-9.42708,34.32813],[-9.42649,34.32708],[-9.42656,34.32292],[-9.42708,34.32188],[-9.42917,34.31875]]},"properties":{"fid":1139,"ID":1138,"ELEV":-4000}},
{"type":"Feature","geometry":{"type":"LineString","coordinates":[[-9.24792,34.31705],[-9.24494,34.31875],[-9.24792,34.321],[-9.24956,34.32292],[-9.25208,34.32577],[-9.25317,34.32708],[-9.25625,34.32885],[-9.25825,34.32708],[-9.26042,34.325],[-9.26458,34.3235],[-9.26519,34.32292],[-9.26458,34.32232],[-9.26042,34.32035],[-9.25775,34.31875],[-9.25625,34.31752],[-9.25208,34.31693],[-9.24792,34.31705]]},"properties":{"fid":1140,"ID":1139,"ELEV":-4000}},
{"type":"Feature","geometry":{"type":"LineString","coordinates":[[-9.49375,34.31042],[-9.49792,34.31042],[-9.49375,34.31042]]},"properties":{"fid":1142,"ID":1141,"ELEV":-4000}},
{"type":"Feature","geometry":{"type":"LineString","coordinates":[[-9.42292,34.30625],[-9.42708,34.30625],[-9.42708,34.31042],[-9.42292,34.31042],[-9.42292,34.30625]]},"properties":{"fid":1143,"ID":1142,"ELEV":-4000}},
{"type":"Feature","geometry":{"type":"LineString","coordinates":[[-9.47277,34.29375],[-9.47292,34.29364],[-9.47708,34.29375],[-9.47986,34.29792],[-9.47887,34.30208],[-9.48125,34.30417],[-9.4831,34.30625],[-9.48542,34.31042],[-9.48125,34.31125],[-9.47792,34.31458],[-9.47778,34.31875],[-9.47772,34.32292],[-9.47708,34.32309],[-9.47292,34.32303],[-9.46875,34.32299],[-9.46458,34.32323],[-9.46042,34.32336],[-9.45625,34.32325],[-9.45208,34.32336],[-9.45,34.32292],[-9.44792,34.32042],[-9.44699,34.31875],[-9.44792,34.31771],[-9.45042,34.31458],[-9.45179,34.31042],[-9.45208,34.3102],[-9.45238,34.31042],[-9.45625,34.31277],[-9.46042,34.31339],[-9.46458,34.31375],[-9.46815,34.31042],[-9.46715,34.30625],[-9.46875,34.30246],[-9.46913,34.30208],[-9.4725,34.29792],[-9.47277,34.29375]]},"properties":{"fid":1146,"ID":1145,"ELEV":-4000}},
{"type":"Feature","geometry":{"type":"LineString","coordinates":[[-6.66042,34.26847],[-6.65986,34.26875],[-6.66042,34.26917],[-6.66106,34.26875],[-6.66042,34.26847]]},"properties":{"fid":1148,"ID":1147,"ELEV":0}},
{"type":"Feature","geometry":{"type":"LineString","coordinates":[[-9.41458,34.26458],[-9.41875,34.26336],[-9.42292,34.26366],[-9.42708,34.26349],[-9.43125,34.26431],[-9.43542,34.26458],[-9.43958,34.26637],[-9.44063,34.26875],[-9.43958,34.2706],[-9.43836,34.27292],[-9.43932,34.27708],[-9.43927,34.28125],[-9.4381,34.28542],[-9.43542,34.28875],[-9.43125,34.28897],[-9.42708,34.2888],[-9.42292,34.28787],[-9.41875,34.28594],[-9.41736,34.28542],[-9.41651,34.28125],[-9.4161,34.27708],[-9.41632,34.27292],[-9.41562,34.26875],[-9.41458,34.26458]]},"properties":{"fid":1149,"ID":1148,"ELEV":-4000}},
{"type":"Feature","geometry":{"type":"LineString","coordinates":[[-6.66875,34.26399],[-6.66799,34.26458],[-6.66875,34.26563],[-6.67292,34.26667],[-6.6747,34.26458],[-6.67292,34.26345],[-6.66875,34.26399]]},"properties":{"fid":1150,"ID":1149,"ELEV":0}},
{"type":"Feature","geometry":{"type":"LineString","coordinates":[[-9.51875,34.25208],[-9.5206,34.25625],[-9.51875,34.25792],[-9.51696,34.26042],[-9.51458,34.26165],[-9.51042,34.26389],[-9.50937,34.26458],[-9.50625,34.26524],[-9.50208,34.26597],[-9.5,34.26458],[-9.50159,34.26042],[-9.50208,34.26002],[-9.50625,34.25821],[-9.50958,34.25625],[-9.51042,34.25576],[-9.51458,34.25446],[-9.51875,34.25208]]},"properties":{"fid":1151,"ID":1150,"ELEV":-4000}},
{"type":"Feature","geometry":{"type":"LineString","coordinates":[[-9.09792,34.20055],[-9.0963,34.20208],[-9.09375,34.2059],[-9.09315,34.20625],[-9.08958,34.20833],[-9.08542,34.20954],[-9.08125,34.20997],[-9.07708,34.21005],[-9.075,34.21042],[-9.07292,34.21104],[-9.07029,34.21458],[-9.06875,34.21648],[-9.06719,34.21875],[-9.06458,34.22237],[-9.06417,34.22292],[-9.06042,34.22655],[-9.05997,34.22708],[-9.05679,34.23125],[-9.05625,34.23204],[-9.05428,34.23542],[-9.05292,34.23958],[-9.05208,34.24271],[-9.05175,34.24375],[-9.05045,34.24792],[-9.04884,34.25208],[-9.04792,34.25375],[-9.04599,34.25625],[-9.04375,34.25868],[-9.04167,34.26042],[-9.03958,34.2619],[-9.03542,34.26409],[-9.03375,34.26458],[-9.03125,34.26536],[-9.02708,34.26612],[-9.02292,34.26617],[-9.01875,34.26572],[-9.01458,34.26515],[-9.01208,34.26458],[-9.01042,34.26427],[-9.00625,34.26319],[-9.00208,34.2617],[-8.99905,34.26042],[-8.99792,34.25992],[-8.99375,34.25852],[-8.98958,34.25788],[-8.98542,34.25825],[-8.98125,34.25927],[-8.97917,34.26042],[-8.97708,34.26153],[-8.97473,34.26458],[-8.97303,34.26875],[-8.97292,34.26917],[-8.97215,34.27292],[-8.97182,34.27708],[-8.97258,34.28125],[-8.97292,34.28236],[-8.97403,34.28542],[-8.9761,34.28958],[-8.97708,34.29146],[-8.97872,34.29375],[-8.98125,34.29792],[-8.98433,34.30208],[-8.98542,34.30347],[-8.98769,34.30625],[-8.98958,34.30833],[-8.99148,34.31042],[-8.99375,34.3128],[-8.99562,34.31458],[-8.99792,34.31628],[-9.00125,34.31875],[-9.00208,34.31926],[-9.00625,34.32117],[-9.01042,34.3209],[-9.01458,34.32],[-9.01875,34.31918],[-9.02054,34.31875],[-9.02292,34.31799],[-9.02708,34.31625],[-9.03042,34.31458],[-9.03125,34.31394],[-9.03542,34.31138],[-9.03854,34.31042],[-9.03958,34.3099],[-9.04375,34.30729],[-9.04542,34.30625],[-9.04792,34.30446],[-9.05125,34.30208],[-9.05208,34.30156],[-9.05625,34.29948],[-9.05875,34.29792],[-9.06042,34.29688],[-9.06458,34.2956],[-9.06875,34.29421],[-9.06979,34.29375],[-9.07292,34.29167],[-9.07542,34.28958],[-9.07708,34.2875],[-9.07847,34.28542],[-9.08125,34.28125],[-9.08333,34.27708],[-9.08542,34.27375],[-9.08588,34.27292],[-9.08854,34.26875],[-9.08958,34.26736],[-9.09087,34.26458],[-9.09271,34.26042],[-9.09375,34.25729],[-9.09403,34.25625],[-9.09494,34.25208],[-9.09602,34.24792],[-9.0975,34.24375],[-9.09792,34.24236],[-9.09931,34.23958],[-9.10208,34.23542],[-9.09981,34.23125],[-9.10167,34.22708],[-9.10208,34.22684],[-9.10234,34.22708],[-9.1034,34.23125],[-9.10208,34.23542],[-9.10625,34.23826],[-9.11042,34.23864],[-9.11435,34.23542],[-9.11458,34.23438],[-9.11554,34.23125],[-9.11667,34.22708],[-9.11736,34.22292],[-9.11597,34.21875],[-9.11667,34.21458],[-9.1175,34.21042],[-9.11651,34.20625],[-9.11458,34.20398],[-9.11042,34.20208],[-9.10625,34.20369],[-9.10394,34.20208],[-9.10208,34.20097],[-9.09792,34.20055]]},"properties":{"fid":1153,"ID":1152,"ELEV":-4000}},
{"type":"Feature","geometry":{"type":"LineString","coordinates":[[-9.16458,34.06434],[-9.16434,34.06458],[-9.16458,34.06483],[-9.16469,34.06458],[-9.16458,34.06434]]},"properties":{"fid":1160,"ID":1159,"ELEV":-4000}},
{"type":"Feature","geometry":{"type":"LineString","coordinates":[[-9.14792,34.02701],[-9.14722,34.02708],[-9.1456,34.03125],[-9.14435,34.03542],[-9.14564,34.03958],[-9.14444,34.04375],[-9.14375,34.04494],[-9.14028,34.04792],[-9.14375,34.05208],[-9.14792,34.0537],[-9.15208,34.05549],[-9.1536,34.05625],[-9.15625,34.05787],[-9.16042,34.06007],[-9.16185,34.05625],[-9.16306,34.05208],[-9.16042,34.05005],[-9.15884,34.04792],[-9.15712,34.04375],[-9.15625,34.0432],[-9.15366,34.03958],[-9.15208,34.03727],[-9.1497,34.03542],[-9.14832,34.03125],[-9.14798,34.02708],[-9.14792,34.02701]]},"properties":{"fid":1161,"ID":1160,"ELEV":-4000}},
{"type":"Feature","geometry":{"type":"LineString","coordinates":[[-6.81875,34.02656],[-6.81792,34.02708],[-6.81875,34.02801],[-6.81939,34.02708],[-6.81875,34.02656]]},"properties":{"fid":1162,"ID":1161,"ELEV":0}},
{"type":"Feature","geometry":{"type":"LineString","coordinates":[[-8.86042,33.96778],[-8.85625,33.96875],[-8.85312,33.97292],[-8.85625,33.97431],[-8.86042,33.97708],[-8.86458,33.97411],[-8.86522,33.97292],[-8.86458,33.97145],[-8.86295,33.96875],[-8.86042,33.96778]]},"properties":{"fid":1165,"ID":1164,"ELEV":-3000}},
{"type":"Feature","geometry":null,"properties":{"fid":1166,"ID":1165,"ELEV":-2000}},
{"type":"Feature","geometry":{"type":"LineString","coordinates":[[-9.38542,33.90859],[-9.38359,33.91042],[-9.38542,33.91097],[-9.38579,33.91042],[-9.38542,33.90859]]},"properties":{"fid":1170,"ID":1169,"ELEV":-4000}},
{"type":"Feature","geometry":{"type":"LineString","coordinates":[[-8.52708,33.91039],[-8.52704,33.91042],[-8.52708,33.91051],[-8.52714,33.91042],[-8.52708,33.91039]]},"properties":{"fid":1171,"ID":1170,"ELEV":-1000}},
{"type":"Feature","geometry":{"type":"LineString","coordinates":[[-9.54698,33.75625],[-9.54792,33.75592],[-9.55208,33.75572],[-9.55339,33.75625],[-9.55625,33.75737],[-9.56042,33.7586],[-9.56425,33.76042],[-9.56458,33.76064],[-9.56625,33.76458],[-9.56775,33.76875],[-9.56763,33.77292],[-9.56513,33.77708],[-9.56458,33.77813],[-9.56257,33.78125],[-9.56188,33.78542],[-9.56068,33.78958],[-9.56042,33.7898],[-9.55625,33.79247],[-9.55208,33.79361],[-9.55149,33.79375],[-9.54792,33.79438],[-9.54514,33.79375],[-9.54375,33.79346],[-9.53958,33.79307],[-9.53542,33.791],[-9.53125,33.79005],[-9.52708,33.79126],[-9.52292,33.79091],[-9.51875,33.78958],[-9.51458,33.78807],[-9.51078,33.78542],[-9.51042,33.78458],[-9.50866,33.78125],[-9.51042,33.78058],[-9.51458,33.77879],[-9.51584,33.77708],[-9.51503,33.77292],[-9.51552,33.76875],[-9.51775,33.76458],[-9.51875,33.76351],[-9.52242,33.76042],[-9.52292,33.76013],[-9.52708,33.75846],[-9.53125,33.75668],[-9.53542,33.75695],[-9.53958,33.75786],[-9.54375,33.75728],[-9.54698,33.75625]]},"properties":{"fid":1196,"ID":1195,"ELEV":-4000}},
{"type":"Feature","geometry":{"type":"LineString","coordinates":[[-7.39732,33.72292],[-7.39792,33.72214],[-7.39846,33.72292],[-7.39792,33.7234],[-7.39732,33.72292]]},"properties":{"fid":1200,"ID":1199,"ELEV":0}},
{"type":"Feature","geometry":{"type":"LineString","coordinates":[[-9.39214,33.64375],[-9.39375,33.64255],[-9.39754,33.64375],[-9.39375,33.64452],[-9.39214,33.64375]]},"properties":{"fid":1215,"ID":1214,"ELEV":-3000}},
{"type":"Feature","geometry":{"type":"LineString","coordinates":[[-9.3853,33.64375],[-9.38542,33.64363],[-9.38557,33.64375],[-9.38542,33.64382],[-9.3853,33.64375]]},"properties":{"fid":1216,"ID":1215,"ELEV":-3000}},
{"type":"Feature","geometry":{"type":"LineString","coordinates":[[-9.68958,33.34287],[-9.68857,33.34375],[-9.68958,33.34499],[-9.69035,33.34375],[-9.68958,33.34287]]},"properties":{"fid":1296,"ID":1295,"ELEV":-4000}},
{"type":"Feature","geometry":{"type":"LineString","coordinates":[[-9.89989,33.25208],[-9.90208,33.25057],[-9.90625,33.25047],[-9.91042,33.25043],[-9.91458,33.25093],[-9.91875,33.25204],[-9.91894,33.25208],[-9.92275,33.25625],[-9.92292,33.25636],[-9.92708,33.25789],[-9.93092,33.26042],[-9.93125,33.26086],[-9.93322,33.26458],[-9.93542,33.26714],[-9.9378,33.26875],[-9.93689,33.27292],[-9.93958,33.27468],[-9.94052,33.27708],[-9.93958,33.27792],[-9.93542,33.27751],[-9.93125,33.27969],[-9.92708,33.27816],[-9.92292,33.27994],[-9.91875,33.27982],[-9.91458,33.27934],[-9.91042,33.27818],[-9.90625,33.27755],[-9.90556,33.27708],[-9.90342,33.27292],[-9.90208,33.27106],[-9.90074,33.26875],[-9.89792,33.26538],[-9.89531,33.26458],[-9.89375,33.26319],[-9.88958,33.26065],[-9.88899,33.26042],[-9.88542,33.25938],[-9.88125,33.25833],[-9.87708,33.25757],[-9.87437,33.25625],[-9.87708,33.25536],[-9.88125,33.25527],[-9.88542,33.25475],[-9.88958,33.25486],[-9.89375,33.25469],[-9.89792,33.25461],[-9.89989,33.25208]]},"properties":{"fid":1331,"ID":1330,"ELEV":-4000}},
{"type":"Feature","geometry":{"type":"LineString","coordinates":[[-9.86458,33.20168],[-9.86428,33.20208],[-9.86458,33.20358],[-9.86736,33.20625],[-9.86458,33.20995],[-9.86445,33.21042],[-9.86458,33.21065],[-9.86875,33.21393],[-9.87206,33.21042],[-9.8706,33.20625],[-9.86875,33.20586],[-9.86502,33.20208],[-9.86458,33.20168]]},"properties":{"fid":1356,"ID":1355,"ELEV":-4000}},
{"type":"Feature","geometry":{"type":"LineString","coordinates":[[-10,33.20671],[-9.99792,33.20671],[-9.99375,33.20863],[-9.98958,33.20852],[-9.98542,33.20849],[-9.98125,33.20799],[-9.97708,33.20787],[-9.97292,33.20677],[-9.96875,33.2065],[-9.96458,33.20658],[-9.96354,33.20625],[-9.96042,33.20511],[-9.95625,33.20497],[-9.95208,33.20511],[-9.94792,33.20236],[-9.94755,33.20208],[-9.94375,33.19872],[-9.94298,33.19792],[-9.93958,33.19684],[-9.93542,33.19681],[-9.93341,33.19792],[-9.93125,33.19921],[-9.92708,33.19976],[-9.92292,33.19916],[-9.91875,33.19888],[-9.91458,33.19886],[-9.91042,33.19902],[-9.90625,33.19938],[-9.90208,33.19903],[-9.89792,33.19936],[-9.89375,33.19964],[-9.88958,33.19893],[-9.88542,33.19893],[-9.88125,33.20082],[-9.87901,33.20208],[-9.87708,33.20458],[-9.87523,33.20625],[-9.87708,33.21042],[-9.87616,33.21458],[-9.87708,33.21667],[-9.8775,33.21875],[-9.87708,33.21994],[-9.87652,33.22292],[-9.87708,33.22364],[-9.87946,33.22708],[-9.88125,33.22917],[-9.88312,33.23125],[-9.88223,33.23542],[-9.88125,33.23708],[-9.87887,33.23958],[-9.87708,33.24247],[-9.8747,33.24375],[-9.87292,33.24421],[-9.86875,33.24605],[-9.86694,33.24792],[-9.86458,33.25028],[-9.86042,33.25028],[-9.85625,33.24825],[-9.85208,33.24857],[-9.85048,33.24792],[-9.84792,33.24696],[-9.84375,33.24565],[-9.83958,33.24622],[-9.83542,33.24682],[-9.83194,33.24792],[-9.83125,33.2483],[-9.82847,33.25208],[-9.82708,33.25625],[-9.83125,33.25726],[-9.83542,33.25917],[-9.83958,33.25941],[-9.84375,33.25997],[-9.84567,33.26042],[-9.84375,33.2615],[-9.83958,33.26267],[-9.83542,33.26354],[-9.83472,33.26458],[-9.83318,33.26875],[-9.83275,33.27292],[-9.83148,33.27708],[-9.83125,33.27958],[-9.83049,33.28125],[-9.83125,33.28153],[-9.83468,33.28542],[-9.83315,33.28958],[-9.83358,33.29375],[-9.83461,33.29792],[-9.83542,33.30019],[-9.83607,33.30208],[-9.83824,33.30625],[-9.83958,33.30846],[-9.84062,33.31042],[-9.84267,33.31458],[-9.84375,33.31761],[-9.84412,33.31875],[-9.84453,33.32292],[-9.8442,33.32708],[-9.84375,33.32887],[-9.84303,33.33125],[-9.83958,33.33418],[-9.83542,33.33444],[-9.83125,33.33424],[-9.82708,33.33403],[-9.82292,33.33362],[-9.81875,33.33205],[-9.81654,33.33125],[-9.81458,33.33046],[-9.81042,33.32912],[-9.80625,33.3278],[-9.80375,33.32708],[-9.80208,33.3266],[-9.79792,33.32533],[-9.79375,33.3238],[-9.79243,33.32292],[-9.78958,33.32067],[-9.78777,33.31875],[-9.78542,33.31526],[-9.78505,33.31458],[-9.78231,33.31042],[-9.78125,33.30848],[-9.77894,33.30625],[-9.77708,33.30546],[-9.77292,33.30521],[-9.76875,33.30347],[-9.76458,33.3038],[-9.76042,33.30252],[-9.75917,33.30208],[-9.75625,33.30043],[-9.75208,33.30062],[-9.74792,33.29948],[-9.74606,33.30208],[-9.74375,33.30353],[-9.73958,33.30612],[-9.73951,33.30625],[-9.73958,33.30674],[-9.74037,33.31042],[-9.73958,33.31326],[-9.73812,33.31458],[-9.73542,33.31613],[-9.73447,33.31875],[-9.73373,33.32292],[-9.73518,33.32708],[-9.73542,33.32745],[-9.73854,33.33125],[-9.73958,33.33417],[-9.74006,33.33542],[-9.74375,33.33716],[-9.74792,33.33858],[-9.75135,33.33958],[-9.75058,33.34375],[-9.74792,33.3468],[-9.74592,33.34792],[-9.74375,33.3497],[-9.73958,33.35179],[-9.73542,33.35187],[-9.735,33.35208],[-9.73125,33.35393],[-9.72708,33.35366],[-9.72292,33.35564],[-9.72118,33.35625],[-9.71875,33.3569],[-9.71458,33.35731],[-9.71042,33.35747],[-9.70625,33.35668],[-9.70208,33.35897],[-9.69792,33.36042],[-9.69375,33.36125],[-9.68958,33.36228],[-9.68664,33.36042],[-9.68542,33.35849],[-9.68125,33.35729],[-9.67708,33.36013],[-9.67431,33.36042],[-9.67292,33.36055],[-9.66875,33.3608],[-9.66458,33.36339],[-9.66436,33.36458],[-9.66345,33.36875],[-9.66458,33.37004],[-9.66684,33.37292],[-9.66875,33.37418],[-9.67292,33.37531],[-9.67658,33.37708],[-9.67708,33.37847],[-9.67832,33.38125],[-9.68008,33.38542],[-9.67784,33.38958],[-9.68112,33.39375],[-9.68125,33.39444],[-9.6822,33.39792],[-9.68542,33.39988],[-9.68735,33.40208],[-9.68651,33.40625],[-9.68542,33.40689],[-9.68125,33.40815],[-9.67708,33.41],[-9.67569,33.41042],[-9.67292,33.41142],[-9.66875,33.41458],[-9.66458,33.41396],[-9.66042,33.4133],[-9.65625,33.413],[-9.65369,33.41458],[-9.65208,33.41555],[-9.64792,33.417],[-9.64375,33.41762],[-9.64213,33.41875],[-9.63958,33.42058],[-9.63542,33.42283],[-9.63525,33.42292],[-9.63125,33.42575],[-9.62708,33.4268],[-9.62516,33.42708],[-9.62292,33.42802],[-9.61921,33.43125],[-9.61875,33.43157],[-9.61458,33.43499],[-9.61408,33.43542],[-9.61292,33.43958],[-9.61441,33.44375],[-9.61458,33.44388],[-9.61875,33.44543],[-9.62177,33.44792],[-9.62292,33.45045],[-9.6239,33.45208],[-9.62292,33.45319],[-9.61966,33.45625],[-9.61875,33.45664],[-9.61458,33.45782],[-9.61042,33.45903],[-9.60625,33.45879],[-9.60208,33.45977],[-9.60115,33.46042],[-9.59792,33.46458],[-9.59737,33.46875],[-9.59649,33.47292],[-9.59695,33.47708],[-9.59451,33.48125],[-9.59409,33.48542],[-9.59792,33.48795],[-9.60027,33.48958],[-9.60208,33.49331],[-9.6023,33.49375],[-9.60208,33.49405],[-9.59992,33.49792],[-9.6012,33.50208],[-9.59828,33.50625],[-9.59792,33.50681],[-9.59549,33.51042],[-9.5943,33.51458],[-9.59375,33.51577],[-9.59175,33.51875],[-9.58958,33.51979],[-9.58542,33.52014],[-9.58125,33.52044],[-9.57708,33.52081],[-9.57292,33.52196],[-9.57144,33.52292],[-9.56875,33.52431],[-9.5656,33.52708],[-9.56458,33.52826],[-9.56126,33.53125],[-9.56042,33.53174],[-9.55625,33.53243],[-9.55208,33.5353],[-9.55203,33.53542],[-9.55208,33.53574],[-9.55318,33.53958],[-9.55293,33.54375],[-9.55208,33.54552],[-9.54857,33.54792],[-9.54792,33.54811],[-9.54375,33.54994],[-9.54229,33.55208],[-9.5405,33.55625],[-9.53958,33.55873],[-9.53842,33.56042],[-9.53542,33.56289],[-9.53419,33.56458],[-9.53315,33.56875],[-9.53125,33.57047],[-9.52894,33.57292],[-9.52708,33.57536],[-9.52464,33.57708],[-9.52292,33.57779],[-9.51875,33.58065],[-9.51821,33.58125],[-9.516,33.58542],[-9.51458,33.58836],[-9.51386,33.58958],[-9.51282,33.59375],[-9.51161,33.59792],[-9.51458,33.6006],[-9.51552,33.60208],[-9.51458,33.60495],[-9.51042,33.60625],[-9.50625,33.60521],[-9.50208,33.60583],[-9.49792,33.60526],[-9.49375,33.60552],[-9.49194,33.60625],[-9.49017,33.61042],[-9.49015,33.61458],[-9.48958,33.61553],[-9.48542,33.61733],[-9.48416,33.61875],[-9.48266,33.62292],[-9.48226,33.62708],[-9.48125,33.62776],[-9.47708,33.63016],[-9.4761,33.63125],[-9.47292,33.63438],[-9.46875,33.63428],[-9.46522,33.63542],[-9.46458,33.63568],[-9.46042,33.63766],[-9.45693,33.63958],[-9.45625,33.64323],[-9.45617,33.64375],[-9.4523,33.64792],[-9.4524,33.65208],[-9.45305,33.65625],[-9.45427,33.66042],[-9.45424,33.66458],[-9.45422,33.66875],[-9.45471,33.67292],[-9.45208,33.67554],[-9.45085,33.67708],[-9.44792,33.67953],[-9.44572,33.68125],[-9.44487,33.68542],[-9.44424,33.68958],[-9.44375,33.69014],[-9.44154,33.69375],[-9.44125,33.69792],[-9.43999,33.70208],[-9.43958,33.70431],[-9.43887,33.70625],[-9.43542,33.70874],[-9.43367,33.71042],[-9.43397,33.71458],[-9.43542,33.71636],[-9.43731,33.71875],[-9.43902,33.72292],[-9.43958,33.72431],[-9.44196,33.72708],[-9.44375,33.7282],[-9.44792,33.73008],[-9.44875,33.73125],[-9.4509,33.73542],[-9.45208,33.7372],[-9.45625,33.73936],[-9.45667,33.73958],[-9.45625,33.74038],[-9.45342,33.74375],[-9.45208,33.7456],[-9.44948,33.74792],[-9.44792,33.74888],[-9.44375,33.75182],[-9.44345,33.75208],[-9.44375,33.75327],[-9.44792,33.75625],[-9.45208,33.76007],[-9.45246,33.76042],[-9.45268,33.76458],[-9.45208,33.76597],[-9.45133,33.76875],[-9.44792,33.7725],[-9.4474,33.77292],[-9.44375,33.77557],[-9.44236,33.77708],[-9.43958,33.77946],[-9.43646,33.78125],[-9.43542,33.78403],[-9.43125,33.78194],[-9.42708,33.7839],[-9.42523,33.78542],[-9.42292,33.78672],[-9.4191,33.78958],[-9.41875,33.78976],[-9.41458,33.79032],[-9.41042,33.78978],[-9.40625,33.79021],[-9.40208,33.79036],[-9.39792,33.79186],[-9.39494,33.79375],[-9.39375,33.79468],[-9.38958,33.79688],[-9.3883,33.79792],[-9.38542,33.80042],[-9.38125,33.80116],[-9.37768,33.80208],[-9.37708,33.80625],[-9.37292,33.80278],[-9.36875,33.80514],[-9.36736,33.80625],[-9.36458,33.80881],[-9.36111,33.81042],[-9.36042,33.81181],[-9.35923,33.81458],[-9.35625,33.81719],[-9.35536,33.81875],[-9.35208,33.82228],[-9.35159,33.82292],[-9.35019,33.82708],[-9.34931,33.83125],[-9.35208,33.83403],[-9.35486,33.83542],[-9.35625,33.83597],[-9.36042,33.83734],[-9.36458,33.83777],[-9.36703,33.83958],[-9.36875,33.83993],[-9.37292,33.84007],[-9.37708,33.84087],[-9.38125,33.84157],[-9.38542,33.84193],[-9.38958,33.84338],[-9.39089,33.84375],[-9.39375,33.84514],[-9.39792,33.84792],[-9.40208,33.84731],[-9.40625,33.84792],[-9.41042,33.84955],[-9.4128,33.85208],[-9.41458,33.85606],[-9.4148,33.85625],[-9.41841,33.86042],[-9.418,33.86458],[-9.41833,33.86875],[-9.41794,33.87292],[-9.41696,33.87708],[-9.41488,33.88125],[-9.41458,33.88214],[-9.41315,33.88542],[-9.41103,33.88958],[-9.41042,33.89167],[-9.40982,33.89375],[-9.40729,33.89792],[-9.40625,33.89899],[-9.40402,33.90208],[-9.40208,33.90417],[-9.4001,33.90625],[-9.39792,33.90838],[-9.39573,33.91042],[-9.39375,33.91346],[-9.39318,33.91458],[-9.39173,33.91875],[-9.38958,33.92006],[-9.38542,33.92223],[-9.38125,33.92014],[-9.37708,33.91898],[-9.37523,33.91875],[-9.37292,33.91795],[-9.36875,33.91762],[-9.36678,33.91875],[-9.36458,33.9226],[-9.36146,33.91875],[-9.36042,33.91608],[-9.3597,33.91458],[-9.35795,33.91042],[-9.35906,33.90625],[-9.35992,33.90208],[-9.3577,33.89792],[-9.35625,33.89699],[-9.3526,33.89375],[-9.35208,33.89327],[-9.34792,33.89125],[-9.34375,33.89103],[-9.33958,33.89265],[-9.33911,33.89375],[-9.33735,33.89792],[-9.33542,33.90127],[-9.33125,33.90188],[-9.33099,33.90208],[-9.32708,33.90468],[-9.32292,33.90587],[-9.31875,33.90615],[-9.31811,33.90625],[-9.31458,33.9074],[-9.31042,33.90951],[-9.30958,33.91042],[-9.3081,33.91458],[-9.30979,33.91875],[-9.31042,33.9192],[-9.3129,33.92292],[-9.31458,33.92488],[-9.31549,33.92708],[-9.31486,33.93125],[-9.31506,33.93542],[-9.31644,33.93958],[-9.31875,33.94242],[-9.3196,33.94375],[-9.32004,33.94792],[-9.31875,33.95197],[-9.31869,33.95208],[-9.31875,33.95218],[-9.32231,33.95625],[-9.32292,33.957],[-9.32582,33.96042],[-9.32708,33.96119],[-9.33125,33.96358],[-9.33514,33.96458],[-9.33542,33.96466],[-9.33958,33.96597],[-9.34375,33.9657],[-9.34792,33.96575],[-9.35208,33.96866],[-9.35223,33.96875],[-9.35625,33.97179],[-9.35748,33.97292],[-9.36042,33.97461],[-9.36458,33.97577],[-9.36875,33.97627],[-9.37292,33.97665],[-9.37708,33.97667],[-9.38125,33.97608],[-9.38261,33.97708],[-9.38542,33.98112],[-9.38625,33.98125],[-9.38958,33.98403],[-9.38998,33.98542],[-9.39014,33.98958],[-9.38958,33.99167],[-9.38899,33.99375],[-9.38764,33.99792],[-9.38542,33.99899],[-9.38125,33.99891],[-9.37708,33.99858],[-9.37292,33.99853],[-9.36875,33.99896],[-9.365,33.99792],[-9.36458,33.99766],[-9.36042,33.99625],[-9.35987,33.99375],[-9.3592,33.98958],[-9.35625,33.98801],[-9.35223,33.98542],[-9.35208,33.98535],[-9.35125,33.98542],[-9.34792,33.98589],[-9.34458,33.98542],[-9.34375,33.98536],[-9.34358,33.98542],[-9.33958,33.98801],[-9.33816,33.98958],[-9.33542,33.99183],[-9.33333,33.99375],[-9.33147,33.99792],[-9.33125,33.99818],[-9.32708,33.99872],[-9.32292,33.99911],[-9.31875,33.99981],[-9.31458,34],[-9.31042,33.99961],[-9.30625,33.99893],[-9.30208,33.99814],[-9.29792,33.99792],[-9.29375,33.9964],[-9.28958,33.99562],[-9.28542,33.99583],[-9.28421,33.99792],[-9.28125,34.00158],[-9.28056,34.00208],[-9.27708,34.00537],[-9.27597,34.00625],[-9.27292,34.00895],[-9.27113,34.01042],[-9.26875,34.01217],[-9.26458,34.01458],[-9.26042,34.01645],[-9.25625,34.0184],[-9.25585,34.01875],[-9.25208,34.02146],[-9.24968,34.02292],[-9.24792,34.02371],[-9.24375,34.02472],[-9.23958,34.02456],[-9.23542,34.02378],[-9.23125,34.0231],[-9.22917,34.02292],[-9.22708,34.0228],[-9.22292,34.02253],[-9.22217,34.02292],[-9.21875,34.02466],[-9.21458,34.02645],[-9.21317,34.02708],[-9.21042,34.02841],[-9.20685,34.03125],[-9.20625,34.03173],[-9.20208,34.03411],[-9.19884,34.03542],[-9.19792,34.03627],[-9.19583,34.03958],[-9.19375,34.04152],[-9.18958,34.0407],[-9.18576,34.03958],[-9.18542,34.03932],[-9.18125,34.03802],[-9.17917,34.03542],[-9.17708,34.03333],[-9.175,34.03542],[-9.1747,34.03958],[-9.17641,34.04375],[-9.17668,34.04792],[-9.17292,34.04926],[-9.16875,34.05008],[-9.1653,34.05208],[-9.16523,34.05625],[-9.16875,34.05972],[-9.16943,34.06042],[-9.17043,34.06458],[-9.17278,34.06875],[-9.17292,34.06892],[-9.17708,34.07128],[-9.18125,34.07292],[-9.18542,34.07463],[-9.18958,34.07672],[-9.19024,34.07708],[-9.19375,34.07938],[-9.19633,34.08125],[-9.19792,34.08258],[-9.20114,34.08542],[-9.20208,34.08628],[-9.20604,34.08958],[-9.20625,34.08976],[-9.21042,34.09337],[-9.21083,34.09375],[-9.21458,34.0975],[-9.21502,34.09792],[-9.21875,34.10208],[-9.22245,34.10625],[-9.22292,34.10685],[-9.22604,34.11042],[-9.22708,34.11181],[-9.2286,34.11458],[-9.22927,34.11875],[-9.22936,34.12292],[-9.22917,34.12708],[-9.22898,34.13125],[-9.22871,34.13542],[-9.22841,34.13958],[-9.22784,34.14375],[-9.22708,34.14708],[-9.22691,34.14792],[-9.22545,34.15208],[-9.22361,34.15625],[-9.22292,34.15804],[-9.22054,34.16042],[-9.21875,34.16292],[-9.21859,34.16458],[-9.21875,34.16475],[-9.22292,34.16771],[-9.22341,34.16875],[-9.22563,34.17292],[-9.22664,34.17708],[-9.22658,34.18125],[-9.22655,34.18542],[-9.22708,34.18681],[-9.22812,34.18958],[-9.2276,34.19375],[-9.22708,34.19479],[-9.22681,34.19375],[-9.22613,34.18958],[-9.22292,34.1875],[-9.22154,34.18542],[-9.2199,34.18125],[-9.21977,34.17708],[-9.21875,34.17631],[-9.21746,34.17292],[-9.21558,34.16875],[-9.21458,34.16777],[-9.21347,34.16458],[-9.21337,34.16042],[-9.21042,34.15675],[-9.20995,34.15625],[-9.20917,34.15208],[-9.20625,34.14903],[-9.20508,34.14792],[-9.20482,34.14375],[-9.20486,34.13958],[-9.20208,34.13696],[-9.19796,34.13542],[-9.19792,34.13538],[-9.19785,34.13542],[-9.19375,34.13915],[-9.19323,34.13958],[-9.18958,34.14201],[-9.18753,34.14375],[-9.18578,34.14792],[-9.18542,34.14937],[-9.18487,34.15208],[-9.18487,34.15625],[-9.18542,34.15926],[-9.18572,34.16042],[-9.18958,34.16458],[-9.19375,34.16453],[-9.19583,34.16458],[-9.19792,34.16475],[-9.19958,34.16875],[-9.20066,34.17292],[-9.20082,34.17708],[-9.20208,34.17889],[-9.20377,34.18125],[-9.20208,34.18519],[-9.20194,34.18542],[-9.20208,34.18625],[-9.20306,34.18958],[-9.20342,34.19375],[-9.20325,34.19792],[-9.20278,34.20208],[-9.20208,34.2036],[-9.20123,34.20625],[-9.19881,34.21042],[-9.19792,34.21292],[-9.19719,34.21458],[-9.19497,34.21875],[-9.19375,34.22002],[-9.19137,34.22292],[-9.18958,34.22509],[-9.18704,34.22708],[-9.18681,34.23125],[-9.18702,34.23542],[-9.18581,34.23958],[-9.18542,34.24115],[-9.18482,34.24375],[-9.18474,34.24792],[-9.1848,34.25208],[-9.18542,34.25625],[-9.18375,34.26042],[-9.18352,34.26458],[-9.18208,34.26875],[-9.18125,34.27188],[-9.18093,34.27292],[-9.17963,34.27708],[-9.18014,34.28125],[-9.18011,34.28542],[-9.18125,34.28792],[-9.18177,34.28958],[-9.18317,34.29375],[-9.18319,34.29792],[-9.18542,34.30162],[-9.18574,34.30208],[-9.18958,34.30365],[-9.19375,34.30458],[-9.19682,34.30625],[-9.19792,34.3067],[-9.20208,34.30847],[-9.20625,34.30921],[-9.21042,34.30907],[-9.21458,34.30955],[-9.21875,34.30942],[-9.22292,34.30958],[-9.22708,34.30913],[-9.23125,34.30852],[-9.23542,34.30781],[-9.23819,34.30625],[-9.23958,34.30543],[-9.24375,34.30317],[-9.24653,34.30208],[-9.24792,34.30186],[-9.25208,34.30208],[-9.25625,34.30198],[-9.26042,34.30095],[-9.26458,34.30009],[-9.26875,34.30101],[-9.27292,34.30172],[-9.27425,34.30208],[-9.27708,34.3034],[-9.28125,34.30503],[-9.2839,34.30625],[-9.28542,34.30721],[-9.28631,34.30625],[-9.28831,34.30208],[-9.28958,34.30113],[-9.29375,34.30116],[-9.29792,34.30118],[-9.30208,34.30116],[-9.30625,34.30116],[-9.31042,34.30113],[-9.31458,34.30116],[-9.31875,34.30114],[-9.32194,34.29792],[-9.32204,34.29375],[-9.32292,34.29293],[-9.32708,34.29291],[-9.33125,34.29288],[-9.33542,34.29287],[-9.33958,34.29284],[-9.34375,34.29279],[-9.34691,34.28958],[-9.34792,34.28867],[-9.35208,34.28862],[-9.35625,34.28869],[-9.36042,34.28882],[-9.36458,34.28888],[-9.36875,34.28858],[-9.37292,34.28797],[-9.37708,34.28833],[-9.38125,34.28891],[-9.38542,34.28917],[-9.38958,34.28943],[-9.39375,34.2894],[-9.39792,34.2894],[-9.4,34.28958],[-9.4,34.29375],[-9.39792,34.29514],[-9.39375,34.29514],[-9.38958,34.29479],[-9.38542,34.29792],[-9.38958,34.30042],[-9.39375,34.3],[-9.39792,34.29931],[-9.40208,34.30125],[-9.40292,34.30208],[-9.40625,34.30625],[-9.41042,34.30625],[-9.40625,34.30625],[-9.40208,34.30646],[-9.39792,34.30723],[-9.39375,34.30739],[-9.39042,34.31042],[-9.38958,34.31111],[-9.38611,34.31458],[-9.38604,34.31875],[-9.38588,34.32292],[-9.38566,34.32708],[-9.38615,34.33125],[-9.38958,34.33468],[-9.39024,34.33542],[-9.39375,34.33912],[-9.39468,34.33958],[-9.39792,34.34167],[-9.40208,34.34236],[-9.40625,34.34261],[-9.41042,34.34292],[-9.41208,34.34375],[-9.41319,34.34792],[-9.41354,34.35208],[-9.41458,34.35625],[-9.41528,34.35208],[-9.41542,34.34792],[-9.41708,34.34375],[-9.41875,34.34236],[-9.42153,34.33958],[-9.42292,34.33854],[-9.42708,34.33917],[-9.42723,34.33958],[-9.42747,34.34375],[-9.42776,34.34792],[-9.43125,34.35179],[-9.4314,34.35208],[-9.43171,34.35625],[-9.43542,34.36029],[-9.43551,34.36042],[-9.43564,34.36458],[-9.43571,34.36875],[-9.43542,34.36979],[-9.43229,34.37292],[-9.43177,34.37708],[-9.43171,34.38125],[-9.43542,34.38542],[-9.43958,34.38542],[-9.44375,34.38958],[-9.44792,34.39333],[-9.45208,34.39264],[-9.45301,34.39375],[-9.4526,34.39792],[-9.45208,34.40208],[-9.44792,34.39861],[-9.44673,34.39792],[-9.44375,34.39375],[-9.43958,34.39427],[-9.43594,34.39792],[-9.43542,34.39814],[-9.43125,34.39792],[-9.43021,34.39375],[-9.43125,34.39236],[-9.43542,34.38958],[-9.43542,34.38542],[-9.43125,34.38194],[-9.42708,34.38264],[-9.42292,34.38542],[-9.41979,34.38958],[-9.41875,34.39005],[-9.41458,34.38988],[-9.41042,34.38978],[-9.40625,34.38988],[-9.40208,34.38972],[-9.39792,34.38994],[-9.39375,34.38971],[-9.38958,34.3898],[-9.38542,34.38968],[-9.38125,34.38967],[-9.37708,34.38976],[-9.37292,34.39005],[-9.36982,34.39375],[-9.36875,34.39415],[-9.36458,34.39405],[-9.36042,34.39379],[-9.35625,34.39382],[-9.35614,34.39375],[-9.35591,34.38958],[-9.35625,34.38914],[-9.35954,34.38542],[-9.36042,34.38421],[-9.36381,34.38125],[-9.36458,34.37986],[-9.36756,34.37708],[-9.36458,34.3733],[-9.36443,34.37292],[-9.36429,34.36875],[-9.36042,34.36514],[-9.35625,34.36487],[-9.3559,34.36458],[-9.35208,34.3606],[-9.35182,34.36042],[-9.34792,34.35694],[-9.34375,34.35685],[-9.33958,34.3566],[-9.33542,34.35625],[-9.33125,34.35233],[-9.32708,34.3526],[-9.32292,34.35252],[-9.31898,34.35625],[-9.31875,34.35638],[-9.31484,34.36042],[-9.31458,34.36064],[-9.31083,34.36458],[-9.31042,34.36501],[-9.30677,34.36875],[-9.30672,34.37292],[-9.30625,34.37325],[-9.30208,34.37321],[-9.2983,34.37708],[-9.29792,34.37739],[-9.29375,34.37756],[-9.29012,34.38125],[-9.28982,34.38542],[-9.28958,34.38594],[-9.28634,34.38958],[-9.28958,34.39314],[-9.29012,34.39375],[-9.29375,34.39755],[-9.29401,34.39792],[-9.29792,34.40195],[-9.29798,34.40208],[-9.29804,34.40625],[-9.29795,34.41042],[-9.29804,34.41458],[-9.29819,34.41875],[-9.29832,34.42292],[-9.30208,34.42692],[-9.30222,34.42708],[-9.3024,34.43125],[-9.30625,34.43525],[-9.30639,34.43542],[-9.30636,34.43958],[-9.30625,34.43986],[-9.30208,34.44077],[-9.29911,34.44375],[-9.29792,34.44475],[-9.29375,34.44441],[-9.28958,34.4441],[-9.28576,34.44792],[-9.28542,34.44818],[-9.28125,34.44896],[-9.27796,34.45208],[-9.27708,34.45225],[-9.27292,34.45231],[-9.26875,34.45303],[-9.26548,34.45625],[-9.26458,34.45683],[-9.26051,34.46042],[-9.26042,34.46048],[-9.25625,34.46059],[-9.25208,34.4605],[-9.24792,34.46061],[-9.24708,34.46042],[-9.24375,34.45724],[-9.24085,34.46042],[-9.23958,34.46088],[-9.23542,34.46068],[-9.23125,34.46059],[-9.22708,34.46073],[-9.22292,34.46122],[-9.21875,34.46086],[-9.21458,34.46077],[-9.21042,34.46075],[-9.20985,34.46042],[-9.20625,34.4571],[-9.20208,34.45699],[-9.19792,34.457],[-9.19375,34.45676],[-9.18958,34.45708],[-9.18542,34.45706],[-9.18125,34.45664],[-9.17708,34.4564],[-9.17557,34.45625],[-9.17292,34.45471],[-9.16875,34.4526],[-9.16726,34.45208],[-9.16458,34.45091],[-9.16042,34.44848],[-9.15953,34.44792],[-9.15625,34.44558],[-9.15208,34.44438],[-9.14792,34.44428],[-9.14747,34.44375],[-9.14663,34.43958],[-9.14636,34.43542],[-9.14792,34.43333],[-9.15,34.43125],[-9.1506,34.42708],[-9.14792,34.42396],[-9.14673,34.42292],[-9.14375,34.42139],[-9.13958,34.42081],[-9.13542,34.42047],[-9.13125,34.42139],[-9.12708,34.42207],[-9.12292,34.42277],[-9.12222,34.42292],[-9.11875,34.4237],[-9.11458,34.42529],[-9.11042,34.42529],[-9.10625,34.42386],[-9.10382,34.42292],[-9.10208,34.42157],[-9.09792,34.41911],[-9.09704,34.41875],[-9.09688,34.41458],[-9.09792,34.41379],[-9.09953,34.41042],[-9.10208,34.40825],[-9.10625,34.40734],[-9.10816,34.40625],[-9.11042,34.40424],[-9.11333,34.40208],[-9.11458,34.40016],[-9.11562,34.39792],[-9.11776,34.39375],[-9.11875,34.39077],[-9.11913,34.38958],[-9.11931,34.38542],[-9.11901,34.38125],[-9.11875,34.37917],[-9.11849,34.37708],[-9.11646,34.37292],[-9.11458,34.36951],[-9.11412,34.36875],[-9.11241,34.36458],[-9.11224,34.36042],[-9.11218,34.35625],[-9.11332,34.35208],[-9.11458,34.35035],[-9.1162,34.34792],[-9.11875,34.34522],[-9.12036,34.34375],[-9.12292,34.34187],[-9.12708,34.34116],[-9.13125,34.34157],[-9.13542,34.34036],[-9.13708,34.33958],[-9.13847,34.33542],[-9.13762,34.33125],[-9.13591,34.32708],[-9.13542,34.32616],[-9.13333,34.32292],[-9.13125,34.32153],[-9.12708,34.31875],[-9.12292,34.31979],[-9.11875,34.32107],[-9.11458,34.32169],[-9.11311,34.32292],[-9.11042,34.32425],[-9.10625,34.32528],[-9.10421,34.32708],[-9.10208,34.32795],[-9.09873,34.33125],[-9.09792,34.33202],[-9.09375,34.33392],[-9.09233,34.33542],[-9.08958,34.33793],[-9.0877,34.33958],[-9.08542,34.34054],[-9.08195,34.34375],[-9.08125,34.34447],[-9.07708,34.34464],[-9.07337,34.34792],[-9.07292,34.3484],[-9.06901,34.35208],[-9.06875,34.35313],[-9.06759,34.35625],[-9.06875,34.35699],[-9.07292,34.35758],[-9.07708,34.35952],[-9.07847,34.36042],[-9.08125,34.36178],[-9.08542,34.36212],[-9.08943,34.36458],[-9.08958,34.36597],[-9.09005,34.36875],[-9.08958,34.36994],[-9.08868,34.37292],[-9.08542,34.37569],[-9.08125,34.37699],[-9.08079,34.37708],[-9.07708,34.38011],[-9.0753,34.38125],[-9.07292,34.38277],[-9.06875,34.3849],[-9.06809,34.38542],[-9.06458,34.38958],[-9.06069,34.39375],[-9.06042,34.39458],[-9.05708,34.39792],[-9.05625,34.39875],[-9.05387,34.40208],[-9.05208,34.40333],[-9.04792,34.40556],[-9.04583,34.40625],[-9.04375,34.40681],[-9.03958,34.40894],[-9.03542,34.4102],[-9.03517,34.41042],[-9.03201,34.41458],[-9.03125,34.41546],[-9.02734,34.41875],[-9.02708,34.41889],[-9.0246,34.42292],[-9.02655,34.42708],[-9.02708,34.42806],[-9.02904,34.43125],[-9.03086,34.43542],[-9.03125,34.43589],[-9.035,34.43958],[-9.03542,34.43994],[-9.03958,34.44295],[-9.04007,34.44375],[-9.04375,34.44668],[-9.04452,34.44792],[-9.04792,34.45171],[-9.04826,34.45208],[-9.05109,34.45625],[-9.05208,34.45743],[-9.05597,34.46042],[-9.05625,34.46063],[-9.06042,34.46399],[-9.06146,34.46458],[-9.06312,34.46875],[-9.06042,34.47292],[-9.05625,34.47532],[-9.05208,34.47518],[-9.04792,34.47336],[-9.04708,34.47292],[-9.04375,34.47074],[-9.04146,34.46875],[-9.03958,34.46736],[-9.03542,34.46474],[-9.0351,34.46458],[-9.03125,34.46388],[-9.02708,34.46447],[-9.02686,34.46458],[-9.02292,34.46782],[-9.02131,34.46875],[-9.01875,34.47065],[-9.01635,34.47292],[-9.01458,34.475],[-9.01264,34.47708],[-9.01042,34.47946],[-9.00856,34.48125],[-9.00625,34.48304],[-9.00356,34.48542],[-9.00208,34.4869],[-9.00027,34.48958],[-8.99792,34.49229],[-8.99549,34.49375],[-8.99375,34.49696],[-8.99279,34.49792],[-8.99375,34.50208],[-8.995,34.50625],[-8.99792,34.50917],[-8.99875,34.51042],[-8.99792,34.51458],[-8.99754,34.51875],[-8.99722,34.52292],[-8.99583,34.52708],[-8.99375,34.5286],[-8.98958,34.52917],[-8.98805,34.53125],[-8.98854,34.53542],[-8.98883,34.53958],[-8.98926,34.54375],[-8.98958,34.54583],[-8.99062,34.54792],[-8.99375,34.55042],[-8.99792,34.55104],[-8.99884,34.55208],[-9.00208,34.55573],[-9.00255,34.55625],[-9.00625,34.55995],[-9.00671,34.56042],[-9.00744,34.56458],[-9.01042,34.56806],[-9.01458,34.56833],[-9.01505,34.56875],[-9.01518,34.57292],[-9.01518,34.57708],[-9.01458,34.57768],[-9.01042,34.57792],[-9.00708,34.58125],[-9.00625,34.58177],[-9.00208,34.58125],[-8.99792,34.58208],[-8.99458,34.58542],[-8.99375,34.58583],[-8.98958,34.58594],[-8.98542,34.58542],[-8.98125,34.58958],[-8.97708,34.59063],[-8.97292,34.59167],[-8.96875,34.59375],[-8.96542,34.59792],[-8.96458,34.59844],[-8.96042,34.60208],[-8.95708,34.60625],[-8.95625,34.60729],[-8.95375,34.61042],[-8.95312,34.61458],[-8.95625,34.61771],[-8.95694,34.61875],[-8.95852,34.62292],[-8.96042,34.62414],[-8.96458,34.62619],[-8.96875,34.62662],[-8.96931,34.62708],[-8.97292,34.62979],[-8.97708,34.62998],[-8.9787,34.63125],[-8.98125,34.6324],[-8.98542,34.63278],[-8.98958,34.63269],[-8.99231,34.63125],[-8.99375,34.63034],[-8.99792,34.63043],[-9.00208,34.63015],[-9.00625,34.6303],[-9.00745,34.63125],[-9.01042,34.63298],[-9.01458,34.63419],[-9.01875,34.63471],[-9.01946,34.63542],[-9.02292,34.63902],[-9.02346,34.63958],[-9.02458,34.64375],[-9.02617,34.64792],[-9.02625,34.65208],[-9.02546,34.65625],[-9.02455,34.66042],[-9.02383,34.66458],[-9.02292,34.66667],[-9.02179,34.66875],[-9.02292,34.6714],[-9.02384,34.67292],[-9.02708,34.67557],[-9.03125,34.67556],[-9.03542,34.67601],[-9.03958,34.6768],[-9.04002,34.67708],[-9.04375,34.68003],[-9.04792,34.67946],[-9.05058,34.67708],[-9.05208,34.67619],[-9.05371,34.67708],[-9.05625,34.67933],[-9.05932,34.67708],[-9.06042,34.67645],[-9.06458,34.67636],[-9.06875,34.67536],[-9.07197,34.67292],[-9.07292,34.67238],[-9.07708,34.67191],[-9.07975,34.66875],[-9.08125,34.66765],[-9.08542,34.66676],[-9.08827,34.66458],[-9.08958,34.66306],[-9.09147,34.66042],[-9.0931,34.65625],[-9.09375,34.65548],[-9.09734,34.65208],[-9.09773,34.64792],[-9.09792,34.64768],[-9.10185,34.64375],[-9.10208,34.64346],[-9.1061,34.63958],[-9.10625,34.63942],[-9.11042,34.6388],[-9.11458,34.63862],[-9.11875,34.63896],[-9.11905,34.63958],[-9.12292,34.64354],[-9.12301,34.64375],[-9.12317,34.64792],[-9.12315,34.65208],[-9.12302,34.65625],[-9.12292,34.65643],[-9.11933,34.66042],[-9.11905,34.66458],[-9.11885,34.66875],[-9.11877,34.67292],[-9.11875,34.67294],[-9.11458,34.67335],[-9.11085,34.67708],[-9.11059,34.68125],[-9.11042,34.68143],[-9.10625,34.68148],[-9.10235,34.68542],[-9.10208,34.68573],[-9.09828,34.68958],[-9.09792,34.69005],[-9.0939,34.69375],[-9.09375,34.69384],[-9.08958,34.69422],[-9.08569,34.69792],[-9.08574,34.70208],[-9.08643,34.70625],[-9.08705,34.71042],[-9.08625,34.71458],[-9.08611,34.71875],[-9.08958,34.72204],[-9.09042,34.72292],[-9.09375,34.72434],[-9.09792,34.72531],[-9.10208,34.72557],[-9.10625,34.72591],[-9.10759,34.72708],[-9.11042,34.72981],[-9.11458,34.73029],[-9.11875,34.73088],[-9.12292,34.73084],[-9.12351,34.73125],[-9.12708,34.73397],[-9.13125,34.73375],[-9.13542,34.73409],[-9.13958,34.73468],[-9.14087,34.73542],[-9.14375,34.73753],[-9.14792,34.739],[-9.14866,34.73958],[-9.15208,34.7428],[-9.15317,34.74375],[-9.15625,34.74724],[-9.16042,34.74748],[-9.16091,34.74792],[-9.16159,34.75208],[-9.16327,34.75625],[-9.16458,34.75714],[-9.16875,34.75839],[-9.17292,34.75895],[-9.17708,34.75915],[-9.18125,34.75887],[-9.18542,34.75846],[-9.18896,34.75625],[-9.18958,34.75573],[-9.19282,34.75208],[-9.19375,34.75083],[-9.19608,34.74792],[-9.19738,34.74375],[-9.19792,34.74331],[-9.20079,34.73958],[-9.20208,34.7384],[-9.20531,34.73542],[-9.20625,34.73483],[-9.20986,34.73125],[-9.21042,34.73086],[-9.21458,34.73046],[-9.21875,34.73027],[-9.22292,34.73029],[-9.22708,34.73046],[-9.23125,34.73053],[-9.23542,34.73087],[-9.23958,34.73115],[-9.23974,34.73125],[-9.24375,34.73503],[-9.24431,34.73542],[-9.24792,34.73908],[-9.24837,34.73958],[-9.24909,34.74375],[-9.24909,34.74792],[-9.24856,34.75208],[-9.24817,34.75625],[-9.24792,34.75646],[-9.24375,34.75653],[-9.23958,34.75751],[-9.23542,34.75903],[-9.23377,34.76042],[-9.23125,34.76121],[-9.22708,34.76159],[-9.22292,34.76176],[-9.21875,34.76243],[-9.21458,34.76366],[-9.21042,34.7633],[-9.20625,34.76412],[-9.20521,34.76458],[-9.20625,34.765],[-9.20685,34.76875],[-9.21042,34.77166],[-9.21177,34.77292],[-9.21458,34.77472],[-9.21875,34.77553],[-9.22292,34.77609],[-9.22708,34.77673],[-9.22745,34.77708],[-9.23125,34.78058],[-9.23542,34.78105],[-9.23565,34.78125],[-9.23958,34.78487],[-9.24023,34.78542],[-9.24136,34.78958],[-9.24375,34.79284],[-9.24427,34.79375],[-9.24503,34.79792],[-9.24792,34.80186],[-9.24814,34.80208],[-9.24847,34.80625],[-9.25208,34.80999],[-9.25625,34.80979],[-9.26042,34.80963],[-9.26458,34.80983],[-9.26562,34.81042],[-9.26875,34.8133],[-9.27292,34.81436],[-9.27336,34.81458],[-9.27708,34.81818],[-9.2786,34.81875],[-9.28125,34.82069],[-9.28542,34.82254],[-9.28594,34.82292],[-9.28958,34.82656],[-9.29,34.82708],[-9.29375,34.82976],[-9.29505,34.83125],[-9.29792,34.83478],[-9.29856,34.83542],[-9.30208,34.83924],[-9.3024,34.83958],[-9.30208,34.84375],[-9.29833,34.84792],[-9.3,34.85208],[-9.30208,34.85327],[-9.30625,34.85458],[-9.31042,34.85542],[-9.31426,34.85208],[-9.31458,34.85188],[-9.31875,34.85176],[-9.32292,34.85208],[-9.32708,34.85571],[-9.32778,34.85625],[-9.32894,34.86042],[-9.33125,34.86389],[-9.33185,34.86458],[-9.33292,34.86875],[-9.33393,34.87292],[-9.33542,34.87523],[-9.3367,34.87708],[-9.33702,34.88125],[-9.33871,34.88542],[-9.33958,34.88727],[-9.34167,34.88958],[-9.34375,34.89097],[-9.34792,34.89186],[-9.35208,34.89063],[-9.35625,34.89058],[-9.36042,34.89179],[-9.36298,34.89375],[-9.36458,34.89514],[-9.36875,34.89676],[-9.37035,34.89792],[-9.37292,34.90069],[-9.37708,34.90119],[-9.38125,34.90135],[-9.38542,34.90164],[-9.38958,34.90192],[-9.38974,34.90208],[-9.39062,34.90625],[-9.39375,34.9101],[-9.39403,34.91042],[-9.39522,34.91458],[-9.39792,34.9184],[-9.39812,34.91875],[-9.39875,34.92292],[-9.40208,34.92676],[-9.40226,34.92708],[-9.40272,34.93125],[-9.40298,34.93542],[-9.40238,34.93958],[-9.40337,34.94375],[-9.40255,34.94792],[-9.40208,34.94896],[-9.4,34.95208],[-9.40149,34.95625],[-9.40208,34.95694],[-9.40625,34.95938],[-9.41042,34.95938],[-9.41458,34.9599],[-9.41551,34.96042],[-9.41875,34.96333],[-9.42292,34.9638],[-9.42417,34.96458],[-9.42708,34.96782],[-9.43125,34.96853],[-9.43167,34.96875],[-9.4331,34.97292],[-9.4331,34.97708],[-9.43542,34.98006],[-9.43958,34.98073],[-9.44375,34.98102],[-9.44401,34.98125],[-9.44396,34.98542],[-9.44375,34.98568],[-9.43958,34.98576],[-9.43929,34.98542],[-9.43542,34.98181],[-9.43478,34.98125],[-9.43125,34.97819],[-9.42708,34.97865],[-9.42411,34.98125],[-9.42443,34.98542],[-9.42708,34.98807],[-9.42819,34.98958],[-9.42812,34.99375],[-9.42837,34.99792],[-9.42887,35.00208],[-9.43125,35.00542],[-9.43169,35.00625],[-9.43157,35.01042],[-9.4315,35.01458],[-9.43203,35.01875],[-9.43542,35.02236],[-9.43576,35.02292],[-9.43581,35.02708],[-9.43542,35.02792],[-9.43264,35.03125],[-9.43287,35.03542],[-9.43264,35.03958],[-9.43208,35.04375],[-9.43151,35.04792],[-9.43542,35.05089],[-9.43628,35.05208],[-9.43628,35.05625],[-9.43581,35.06042],[-9.43542,35.06104],[-9.43169,35.06458],[-9.43167,35.06875],[-9.43125,35.06938],[-9.42771,35.07292],[-9.42708,35.07344],[-9.42358,35.07708],[-9.42292,35.07917],[-9.42187,35.08125],[-9.41951,35.08542],[-9.41952,35.08958],[-9.41875,35.09167],[-9.41694,35.09375],[-9.41649,35.09792],[-9.41548,35.10208],[-9.41458,35.10323],[-9.41201,35.10625],[-9.41042,35.10818],[-9.40674,35.11042],[-9.40625,35.11074],[-9.40208,35.11273],[-9.3997,35.11458],[-9.40208,35.11654],[-9.40387,35.11875],[-9.40458,35.12292],[-9.4036,35.12708],[-9.40278,35.13125],[-9.40625,35.13454],[-9.41042,35.13429],[-9.41168,35.13542],[-9.41276,35.13958],[-9.4117,35.14375],[-9.41458,35.14663],[-9.4161,35.14792],[-9.41875,35.15],[-9.42118,35.15208],[-9.42292,35.15469],[-9.42708,35.15596],[-9.42731,35.15625],[-9.43125,35.16019],[-9.43145,35.16042],[-9.43188,35.16458],[-9.43139,35.16875],[-9.43156,35.17292],[-9.43279,35.17708],[-9.43387,35.18125],[-9.43542,35.18486],[-9.43588,35.18542],[-9.43958,35.18789],[-9.44375,35.1892],[-9.44421,35.18958],[-9.44792,35.19339],[-9.44835,35.19375],[-9.45063,35.19792],[-9.45174,35.20208],[-9.45208,35.20486],[-9.45221,35.20625],[-9.45625,35.21005],[-9.45655,35.21042],[-9.4572,35.21458],[-9.46042,35.21721],[-9.46458,35.21806],[-9.46875,35.2181],[-9.47292,35.21767],[-9.47708,35.21828],[-9.47816,35.21875],[-9.48125,35.22274],[-9.48146,35.22292],[-9.48151,35.22708],[-9.48125,35.22734],[-9.47708,35.22772],[-9.47292,35.23],[-9.46875,35.23061],[-9.46667,35.23125],[-9.46736,35.23542],[-9.46811,35.23958],[-9.46875,35.24375],[-9.47042,35.24792],[-9.47292,35.24958],[-9.47489,35.25208],[-9.47625,35.25625],[-9.47708,35.25744],[-9.48125,35.25881],[-9.48542,35.25903],[-9.48958,35.25906],[-9.49375,35.25926],[-9.49792,35.25947],[-9.50208,35.25933],[-9.50625,35.25961],[-9.51042,35.25967],[-9.51458,35.26001],[-9.51875,35.26025],[-9.519,35.26042],[-9.52292,35.26338],[-9.52608,35.26458],[-9.52708,35.26513],[-9.53125,35.26726],[-9.5337,35.26875],[-9.53542,35.26933],[-9.53958,35.26966],[-9.54323,35.26875],[-9.54352,35.26458],[-9.54375,35.26444],[-9.54792,35.26354],[-9.55089,35.26458],[-9.55208,35.26528],[-9.55625,35.26736],[-9.56042,35.26747],[-9.56458,35.26631],[-9.56875,35.26546],[-9.57292,35.26473],[-9.5737,35.26458],[-9.57708,35.26386],[-9.58125,35.26283],[-9.58542,35.26218],[-9.58958,35.26213],[-9.59375,35.26218],[-9.59792,35.26195],[-9.60208,35.26152],[-9.60625,35.26073],[-9.60787,35.26042],[-9.61042,35.2593],[-9.61458,35.25856],[-9.61875,35.25766],[-9.62292,35.25659],[-9.6244,35.25625],[-9.62708,35.25575],[-9.63125,35.25569],[-9.63542,35.25527],[-9.63958,35.25544],[-9.64375,35.25583],[-9.64509,35.25625],[-9.64792,35.25942],[-9.6497,35.26042],[-9.65208,35.26175],[-9.65446,35.26042],[-9.65625,35.25976],[-9.66042,35.25966],[-9.66458,35.25967],[-9.66875,35.25938],[-9.67292,35.25982],[-9.67708,35.25938],[-9.68125,35.259],[-9.68542,35.25858],[-9.68935,35.25625],[-9.68958,35.25611],[-9.68983,35.25625],[-9.69375,35.25833],[-9.69792,35.2585],[-9.70208,35.25858],[-9.70551,35.25625],[-9.70625,35.2558],[-9.71042,35.25559],[-9.71458,35.25546],[-9.71848,35.25208],[-9.71875,35.25187],[-9.72292,35.25162],[-9.727,35.24792],[-9.72708,35.24784],[-9.73125,35.24749],[-9.73507,35.24375],[-9.73542,35.24335],[-9.73958,35.24261],[-9.74375,35.24285],[-9.74792,35.24289],[-9.75167,35.23958],[-9.75208,35.23919],[-9.75586,35.23542],[-9.75599,35.23125],[-9.75625,35.23111],[-9.76042,35.23093],[-9.76458,35.23094],[-9.76875,35.23073],[-9.77292,35.23097],[-9.77708,35.23074],[-9.78125,35.23065],[-9.78542,35.23056],[-9.78958,35.23102],[-9.79375,35.23068],[-9.79451,35.23125],[-9.79792,35.23461],[-9.80208,35.23507],[-9.80625,35.2347],[-9.80988,35.23125],[-9.81042,35.23083],[-9.81458,35.2308],[-9.81875,35.23098],[-9.82292,35.23042],[-9.82686,35.22708],[-9.82708,35.22692],[-9.83125,35.2267],[-9.83528,35.22292],[-9.83542,35.22281],[-9.83958,35.22262],[-9.84375,35.22185],[-9.8473,35.21875],[-9.84792,35.21819],[-9.85162,35.21458],[-9.85166,35.21042],[-9.8519,35.20625],[-9.85203,35.20208],[-9.852,35.19792],[-9.85208,35.19783],[-9.85562,35.19375],[-9.85594,35.18958],[-9.85625,35.1892],[-9.86042,35.18911],[-9.864,35.18542],[-9.86458,35.18484],[-9.86875,35.18448],[-9.87245,35.18125],[-9.87292,35.18063],[-9.87646,35.17708],[-9.87702,35.17292],[-9.87708,35.17285],[-9.88079,35.16875],[-9.88125,35.16834],[-9.8852,35.16458],[-9.88529,35.16042],[-9.88542,35.16028],[-9.88939,35.15625],[-9.88958,35.15604],[-9.89375,35.15599],[-9.89765,35.15208],[-9.89792,35.15192],[-9.90208,35.1518],[-9.90625,35.15145],[-9.91042,35.15172],[-9.91458,35.1517],[-9.91851,35.14792],[-9.91875,35.14777],[-9.92292,35.1475],[-9.92667,35.14375],[-9.92708,35.14338],[-9.93051,35.13958],[-9.93125,35.13886],[-9.93542,35.13898],[-9.93947,35.13542],[-9.93958,35.13532],[-9.94375,35.13524],[-9.94792,35.13526],[-9.95208,35.13522],[-9.95572,35.13125],[-9.95588,35.12708],[-9.95625,35.12683],[-9.96042,35.12682],[-9.96458,35.127],[-9.96477,35.12708],[-9.96875,35.13065],[-9.97014,35.13125],[-9.97292,35.13379],[-9.97708,35.13412],[-9.98125,35.13467],[-9.98542,35.13512],[-9.98617,35.13542],[-9.98958,35.1383],[-9.99375,35.13805],[-9.99669,35.13542],[-9.99792,35.13492],[-10,35.13492]]},"properties":{"fid":1358,"ID":1357,"ELEV":-4000}},
{"type":"Feature","geometry":{"type":"LineString","coordinates":[[-10,33.06779],[-9.99792,33.06779],[-9.99375,33.06592],[-9.99136,33.06458],[-9.98958,33.06347],[-9.98542,33.06266],[-9.98125,33.06151],[-9.97728,33.06042],[-9.97708,33.06038],[-9.97697,33.06042],[-9.97292,33.06384],[-9.96875,33.06451],[-9.9686,33.06458],[-9.96602,33.06875],[-9.96643,33.07292],[-9.96617,33.07708],[-9.96715,33.08125],[-9.9686,33.08542],[-9.96875,33.08572],[-9.97143,33.08958],[-9.97292,33.09149],[-9.97443,33.09375],[-9.97659,33.09792],[-9.97708,33.09851],[-9.98125,33.102],[-9.98136,33.10208],[-9.98542,33.10523],[-9.98698,33.10625],[-9.98958,33.10903],[-9.99203,33.11042],[-9.99375,33.11123],[-9.99792,33.11103],[-10,33.11103]]},"properties":{"fid":1378,"ID":1377,"ELEV":-4000}},
{"type":"Feature","geometry":{"type":"LineString","coordinates":[[-10,32.79754],[-9.99792,32.79754],[-9.9974,32.79792],[-9.99375,32.80049],[-9.99182,32.80208],[-9.98958,32.80392],[-9.98718,32.80625],[-9.98542,32.80807],[-9.98344,32.81042],[-9.98125,32.81329],[-9.98031,32.81458],[-9.97796,32.81875],[-9.97708,32.82063],[-9.97609,32.82292],[-9.97483,32.82708],[-9.97385,32.83125],[-9.97316,32.83542],[-9.97292,32.8372],[-9.97261,32.83958],[-9.97232,32.84375],[-9.97232,32.84792],[-9.97245,32.85208],[-9.97276,32.85625],[-9.97292,32.85792],[-9.97317,32.86042],[-9.97334,32.86458],[-9.97337,32.86875],[-9.9734,32.87292],[-9.97292,32.87639],[-9.97281,32.87708],[-9.97204,32.88125],[-9.97083,32.88542],[-9.96938,32.88958],[-9.96875,32.89107],[-9.96741,32.89375],[-9.96458,32.89792],[-9.96062,32.90208],[-9.96042,32.90227],[-9.95625,32.90542],[-9.95502,32.90625],[-9.95208,32.90817],[-9.94792,32.91042],[-9.94375,32.91227],[-9.93958,32.91361],[-9.93542,32.91458],[-9.93125,32.91528],[-9.92708,32.91579],[-9.92292,32.91593],[-9.91875,32.91589],[-9.91458,32.91566],[-9.91042,32.91526],[-9.90744,32.91458],[-9.90625,32.91431],[-9.90208,32.91324],[-9.89792,32.91216],[-9.89375,32.91111],[-9.89028,32.91042],[-9.88958,32.91029],[-9.88542,32.91028],[-9.88333,32.91042],[-9.88125,32.91055],[-9.87708,32.91105],[-9.87292,32.91172],[-9.86875,32.91297],[-9.86458,32.91458],[-9.86042,32.91625],[-9.85625,32.91732],[-9.85208,32.91815],[-9.84861,32.91875],[-9.84792,32.91887],[-9.84375,32.91994],[-9.83958,32.92188],[-9.8386,32.92292],[-9.83542,32.92679],[-9.83524,32.92708],[-9.83361,32.93125],[-9.83277,32.93542],[-9.83266,32.93958],[-9.83343,32.94375],[-9.83493,32.94792],[-9.83542,32.94862],[-9.83866,32.95208],[-9.83958,32.95283],[-9.84375,32.9551],[-9.84559,32.95625],[-9.84792,32.95794],[-9.85067,32.96042],[-9.85208,32.96212],[-9.85417,32.96458],[-9.85625,32.9686],[-9.85633,32.96875],[-9.85755,32.97292],[-9.85755,32.97708],[-9.85625,32.97973],[-9.85563,32.98125],[-9.85318,32.98542],[-9.85208,32.98718],[-9.85043,32.98958],[-9.84792,32.99285],[-9.84706,32.99375],[-9.84375,32.99734],[-9.84312,32.99792],[-9.83958,33.00125],[-9.83858,33.00208],[-9.83542,33.00514],[-9.83403,33.00625],[-9.83125,33.00892],[-9.82955,33.01042],[-9.82708,33.01288],[-9.82511,33.01458],[-9.82292,33.01875],[-9.82192,33.02292],[-9.82192,33.02708],[-9.82228,33.03125],[-9.82292,33.03458],[-9.82311,33.03542],[-9.82437,33.03958],[-9.82595,33.04375],[-9.82708,33.04688],[-9.82748,33.04792],[-9.82887,33.05208],[-9.82986,33.05625],[-9.83,33.06042],[-9.82917,33.06458],[-9.82729,33.06875],[-9.82708,33.0691],[-9.82509,33.07292],[-9.82292,33.07555],[-9.8213,33.07708],[-9.81875,33.08061],[-9.81819,33.08125],[-9.81587,33.08542],[-9.81458,33.08875],[-9.81389,33.08958],[-9.81042,33.09119],[-9.80625,33.09046],[-9.80208,33.09025],[-9.79792,33.09018],[-9.79375,33.09034],[-9.78958,33.09007],[-9.78542,33.09009],[-9.78125,33.09036],[-9.77708,33.09089],[-9.77292,33.09214],[-9.76979,33.09375],[-9.76875,33.09427],[-9.76458,33.09714],[-9.7635,33.09792],[-9.76042,33.10028],[-9.75816,33.10208],[-9.75625,33.10343],[-9.75373,33.10625],[-9.75229,33.11042],[-9.75208,33.11208],[-9.75162,33.11458],[-9.75208,33.115],[-9.75429,33.11875],[-9.75208,33.12137],[-9.74792,33.12194],[-9.74375,33.11927],[-9.74183,33.11875],[-9.73958,33.11843],[-9.73819,33.11875],[-9.73542,33.11972],[-9.73125,33.12065],[-9.72708,33.12185],[-9.72292,33.12224],[-9.72232,33.12292],[-9.71875,33.12528],[-9.71458,33.12512],[-9.71042,33.12496],[-9.70625,33.12669],[-9.70521,33.12708],[-9.70208,33.12813],[-9.69792,33.12788],[-9.69375,33.12981],[-9.69094,33.13125],[-9.68958,33.13188],[-9.68542,33.13168],[-9.683,33.13125],[-9.68125,33.13075],[-9.67708,33.12843],[-9.67292,33.12871],[-9.66875,33.1279],[-9.66458,33.12793],[-9.66074,33.12708],[-9.66042,33.12697],[-9.65928,33.12708],[-9.65625,33.12738],[-9.65208,33.12883],[-9.64792,33.12875],[-9.64469,33.13125],[-9.64375,33.13229],[-9.64151,33.13542],[-9.64375,33.13741],[-9.64556,33.13958],[-9.64792,33.14082],[-9.65208,33.14263],[-9.65343,33.14375],[-9.65625,33.14583],[-9.6595,33.14792],[-9.66042,33.14861],[-9.6638,33.15208],[-9.66458,33.15296],[-9.66739,33.15625],[-9.66875,33.15798],[-9.67108,33.16042],[-9.66875,33.16428],[-9.66843,33.16458],[-9.66622,33.16875],[-9.66773,33.17292],[-9.66875,33.17407],[-9.67292,33.17677],[-9.67344,33.17708],[-9.67467,33.18125],[-9.67292,33.18185],[-9.66875,33.18385],[-9.66774,33.18542],[-9.66597,33.18958],[-9.66622,33.19375],[-9.66589,33.19792],[-9.66524,33.20208],[-9.66465,33.20625],[-9.66458,33.20694],[-9.66111,33.21042],[-9.66042,33.21125],[-9.65984,33.21458],[-9.66042,33.21625],[-9.66094,33.21875],[-9.66042,33.21936],[-9.65625,33.22198],[-9.65508,33.22292],[-9.65208,33.22405],[-9.64792,33.22472],[-9.64375,33.22601],[-9.64167,33.22708],[-9.64125,33.23125],[-9.64042,33.23542],[-9.64354,33.23958],[-9.64108,33.24375],[-9.63958,33.24636],[-9.63542,33.24756],[-9.63479,33.24792],[-9.63284,33.25208],[-9.63125,33.25403],[-9.62887,33.25625],[-9.62847,33.26042],[-9.62833,33.26458],[-9.62854,33.26875],[-9.63125,33.27262],[-9.63142,33.27292],[-9.63125,33.27316],[-9.62733,33.27708],[-9.62708,33.27728],[-9.62398,33.28125],[-9.62292,33.28307],[-9.61875,33.28542],[-9.62016,33.28958],[-9.62043,33.29375],[-9.6203,33.29792],[-9.61875,33.29935],[-9.6161,33.30208],[-9.61696,33.30625],[-9.61458,33.31033],[-9.61451,33.31042],[-9.61402,33.31458],[-9.61458,33.31556],[-9.61643,33.31875],[-9.61458,33.32014],[-9.61042,33.32207],[-9.6087,33.32292],[-9.60625,33.32523],[-9.60522,33.32708],[-9.6023,33.33125],[-9.60208,33.33194],[-9.60132,33.33542],[-9.60208,33.33854],[-9.60266,33.33958],[-9.60208,33.34012],[-9.60019,33.34375],[-9.59993,33.34792],[-9.60134,33.35208],[-9.59986,33.35625],[-9.59792,33.35815],[-9.59517,33.36042],[-9.59528,33.36458],[-9.59464,33.36875],[-9.59637,33.37292],[-9.59654,33.37708],[-9.59627,33.38125],[-9.59501,33.38542],[-9.59451,33.38958],[-9.59375,33.39133],[-9.59278,33.39375],[-9.59097,33.39792],[-9.58958,33.39964],[-9.58722,33.40208],[-9.58542,33.40365],[-9.58356,33.40625],[-9.58125,33.4099],[-9.58083,33.41042],[-9.57873,33.41458],[-9.57708,33.4162],[-9.57519,33.41875],[-9.57375,33.42292],[-9.57316,33.42708],[-9.57292,33.42768],[-9.57164,33.43125],[-9.57001,33.43542],[-9.56875,33.43766],[-9.5676,33.43958],[-9.5651,33.44375],[-9.56458,33.44514],[-9.56328,33.44792],[-9.56044,33.45208],[-9.56042,33.45213],[-9.55878,33.45625],[-9.55689,33.46042],[-9.55702,33.46458],[-9.55633,33.46875],[-9.55625,33.46891],[-9.55436,33.47292],[-9.55384,33.47708],[-9.55338,33.48125],[-9.55208,33.48394],[-9.55159,33.48542],[-9.5511,33.48958],[-9.54792,33.49266],[-9.54674,33.49375],[-9.54375,33.49684],[-9.54205,33.49792],[-9.53958,33.49965],[-9.53624,33.50208],[-9.53542,33.50277],[-9.5335,33.50625],[-9.53125,33.5094],[-9.53018,33.51042],[-9.52743,33.51458],[-9.52708,33.51506],[-9.52442,33.51875],[-9.5241,33.52292],[-9.52397,33.52708],[-9.52292,33.5283],[-9.51875,33.53125],[-9.51593,33.53542],[-9.51458,33.53748],[-9.51351,33.53958],[-9.5105,33.54375],[-9.51042,33.544],[-9.50931,33.54792],[-9.50912,33.55208],[-9.50625,33.55406],[-9.50208,33.55526],[-9.49792,33.55598],[-9.49504,33.55625],[-9.49375,33.55642],[-9.48958,33.55675],[-9.48542,33.55722],[-9.48373,33.56042],[-9.48232,33.56458],[-9.48125,33.56787],[-9.48099,33.56875],[-9.48125,33.56952],[-9.48227,33.57292],[-9.48125,33.57436],[-9.47826,33.57708],[-9.47708,33.57849],[-9.47292,33.58079],[-9.47083,33.58125],[-9.46875,33.58223],[-9.46593,33.58542],[-9.46458,33.58695],[-9.46282,33.58958],[-9.46042,33.59241],[-9.45937,33.59375],[-9.45639,33.59792],[-9.45625,33.59802],[-9.45208,33.60017],[-9.44956,33.60208],[-9.44792,33.60352],[-9.44375,33.60554],[-9.44193,33.60625],[-9.43958,33.60786],[-9.43542,33.60965],[-9.43125,33.6084],[-9.42754,33.61042],[-9.42708,33.61069],[-9.42292,33.61336],[-9.41976,33.61458],[-9.41875,33.61494],[-9.41458,33.61668],[-9.41217,33.61875],[-9.41042,33.62019],[-9.40625,33.62217],[-9.40208,33.62288],[-9.40205,33.62292],[-9.39902,33.62708],[-9.39792,33.62832],[-9.39375,33.63036],[-9.38958,33.62975],[-9.38542,33.63063],[-9.38388,33.63125],[-9.38125,33.63328],[-9.37906,33.63542],[-9.37708,33.63679],[-9.37309,33.63958],[-9.37292,33.63996],[-9.3711,33.64375],[-9.36875,33.64659],[-9.36636,33.64792],[-9.36458,33.64925],[-9.36042,33.65133],[-9.35913,33.65208],[-9.35625,33.65394],[-9.35208,33.65584],[-9.35171,33.65625],[-9.35006,33.66042],[-9.34792,33.66354],[-9.34712,33.66458],[-9.34375,33.66788],[-9.34325,33.66875],[-9.33958,33.6721],[-9.33815,33.67292],[-9.33565,33.67708],[-9.33542,33.67742],[-9.33417,33.68125],[-9.33261,33.68542],[-9.33125,33.68815],[-9.32827,33.68958],[-9.32708,33.68991],[-9.32292,33.69272],[-9.31875,33.69337],[-9.31814,33.69375],[-9.3151,33.69792],[-9.31458,33.69821],[-9.31042,33.69998],[-9.30773,33.70208],[-9.30625,33.70331],[-9.30251,33.70625],[-9.3022,33.71042],[-9.30208,33.71067],[-9.29956,33.71458],[-9.29792,33.71787],[-9.29699,33.71875],[-9.29375,33.72031],[-9.28958,33.72197],[-9.28824,33.72292],[-9.28542,33.72469],[-9.28125,33.72702],[-9.28112,33.72708],[-9.27708,33.73082],[-9.27641,33.73125],[-9.27292,33.73388],[-9.27202,33.73542],[-9.26948,33.73958],[-9.26875,33.74027],[-9.26458,33.74177],[-9.26042,33.74066],[-9.25625,33.74094],[-9.25208,33.74053],[-9.25069,33.73958],[-9.24821,33.73542],[-9.24792,33.73517],[-9.24375,33.73341],[-9.23958,33.73216],[-9.23542,33.73326],[-9.23314,33.73542],[-9.23125,33.73864],[-9.22963,33.73958],[-9.22708,33.74245],[-9.22594,33.73958],[-9.22292,33.7384],[-9.21875,33.73709],[-9.21458,33.73685],[-9.21042,33.7366],[-9.20625,33.73666],[-9.2034,33.73542],[-9.20208,33.7342],[-9.19971,33.73125],[-9.19792,33.72932],[-9.19375,33.72837],[-9.19026,33.73125],[-9.18987,33.73542],[-9.18958,33.73603],[-9.18823,33.73958],[-9.18672,33.74375],[-9.18784,33.74792],[-9.18542,33.75136],[-9.18185,33.75208],[-9.18125,33.75221],[-9.17708,33.75353],[-9.17477,33.75625],[-9.17292,33.75795],[-9.16875,33.75833],[-9.16753,33.76042],[-9.16483,33.76458],[-9.16458,33.76701],[-9.16444,33.76875],[-9.16458,33.76928],[-9.16549,33.77292],[-9.16458,33.77655],[-9.16435,33.77708],[-9.16191,33.78125],[-9.16042,33.78234],[-9.15625,33.78463],[-9.15456,33.78542],[-9.15208,33.78618],[-9.14792,33.78809],[-9.14375,33.78812],[-9.13958,33.78782],[-9.13542,33.78923],[-9.13306,33.78958],[-9.13125,33.79012],[-9.13012,33.78958],[-9.12708,33.78851],[-9.12292,33.78714],[-9.11875,33.78646],[-9.11634,33.78542],[-9.11458,33.78492],[-9.11042,33.78381],[-9.10722,33.78125],[-9.10625,33.78065],[-9.10333,33.78125],[-9.10208,33.78147],[-9.09792,33.78128],[-9.09375,33.78154],[-9.09284,33.78125],[-9.08958,33.78018],[-9.08542,33.77987],[-9.08125,33.77919],[-9.07708,33.77899],[-9.07513,33.78125],[-9.07292,33.78384],[-9.07223,33.78542],[-9.06875,33.78938],[-9.06862,33.78958],[-9.06744,33.79375],[-9.06875,33.79707],[-9.06909,33.79792],[-9.06875,33.80069],[-9.06862,33.80208],[-9.06875,33.80333],[-9.0724,33.80625],[-9.07147,33.81042],[-9.07292,33.81347],[-9.0742,33.81458],[-9.07708,33.81815],[-9.07741,33.81875],[-9.08125,33.82161],[-9.08223,33.82292],[-9.08231,33.82708],[-9.08498,33.83125],[-9.08542,33.83205],[-9.0862,33.83542],[-9.08542,33.83695],[-9.08382,33.83958],[-9.08125,33.84285],[-9.08066,33.84375],[-9.08125,33.84538],[-9.08197,33.84792],[-9.08135,33.85208],[-9.08125,33.85226],[-9.07708,33.85491],[-9.07436,33.85625],[-9.0731,33.86042],[-9.07292,33.86227],[-9.07274,33.86458],[-9.07233,33.86875],[-9.07231,33.87292],[-9.06875,33.87561],[-9.06668,33.87708],[-9.06458,33.87817],[-9.06042,33.87801],[-9.05634,33.87708],[-9.05625,33.87693],[-9.05347,33.87292],[-9.05208,33.87153],[-9.04937,33.86875],[-9.04792,33.86769],[-9.04544,33.86458],[-9.04375,33.86287],[-9.04262,33.86042],[-9.04052,33.85625],[-9.03958,33.85531],[-9.03542,33.85566],[-9.03279,33.85625],[-9.03125,33.85669],[-9.02708,33.85797],[-9.02292,33.85926],[-9.01946,33.86042],[-9.01875,33.86071],[-9.01458,33.86173],[-9.01042,33.86168],[-9.00625,33.86185],[-9.00208,33.86351],[-9.00123,33.86458],[-9.00183,33.86875],[-9.00128,33.87292],[-9.00208,33.87401],[-9.004,33.87708],[-9.00503,33.88125],[-9.00208,33.88439],[-9.00124,33.88542],[-8.99914,33.88958],[-8.99792,33.892],[-8.99596,33.89375],[-8.99375,33.89549],[-8.98958,33.89671],[-8.98824,33.89792],[-8.98542,33.9006],[-8.9837,33.90208],[-8.98125,33.90449],[-8.97952,33.90625],[-8.97708,33.90784],[-8.97292,33.90854],[-8.96991,33.90625],[-8.96875,33.90513],[-8.96458,33.90395],[-8.96042,33.9035],[-8.95625,33.90359],[-8.95208,33.90473],[-8.94864,33.90625],[-8.94792,33.90668],[-8.94375,33.90937],[-8.94236,33.91042],[-8.93958,33.91342],[-8.93867,33.91458],[-8.93542,33.91794],[-8.93466,33.91875],[-8.93125,33.92238],[-8.92847,33.92292],[-8.92708,33.92344],[-8.92514,33.92708],[-8.92292,33.93026],[-8.92217,33.93125],[-8.92083,33.93542],[-8.9189,33.93958],[-8.91875,33.9399],[-8.91771,33.94375],[-8.91494,33.94792],[-8.91663,33.95208],[-8.91458,33.95433],[-8.91235,33.95625],[-8.91042,33.95903],[-8.90938,33.96042],[-8.90625,33.96332],[-8.90496,33.96458],[-8.90208,33.9671],[-8.90005,33.96875],[-8.89792,33.97052],[-8.8947,33.97292],[-8.89375,33.97373],[-8.88958,33.97654],[-8.88843,33.97708],[-8.88542,33.97889],[-8.88125,33.98125],[-8.87708,33.98432],[-8.87548,33.98542],[-8.87292,33.98798],[-8.87031,33.98958],[-8.86875,33.99036],[-8.86458,33.99375],[-8.86164,33.99792],[-8.86042,34.00023],[-8.85949,34.00208],[-8.85854,34.00625],[-8.85814,34.01042],[-8.8577,34.01458],[-8.85734,34.01875],[-8.85704,34.02292],[-8.85625,34.02569],[-8.85583,34.02708],[-8.85296,34.03125],[-8.85208,34.03218],[-8.84931,34.03542],[-8.84792,34.03668],[-8.84441,34.03958],[-8.84375,34.04005],[-8.83958,34.04274],[-8.83734,34.04375],[-8.83542,34.04458],[-8.83125,34.04617],[-8.82708,34.04753],[-8.82604,34.04792],[-8.82292,34.04902],[-8.81875,34.05013],[-8.81458,34.05151],[-8.81339,34.05208],[-8.81042,34.05357],[-8.80625,34.05625],[-8.80208,34.05946],[-8.80083,34.06042],[-8.79792,34.06258],[-8.79473,34.06458],[-8.79375,34.06531],[-8.78958,34.06839],[-8.78906,34.06875],[-8.78542,34.07182],[-8.78352,34.07292],[-8.78125,34.07439],[-8.77708,34.07583],[-8.77292,34.07575],[-8.76875,34.07361],[-8.76771,34.07292],[-8.76458,34.07113],[-8.76042,34.06926],[-8.75856,34.06875],[-8.75625,34.06819],[-8.75208,34.06836],[-8.74792,34.06875],[-8.74375,34.06906],[-8.73958,34.06931],[-8.73542,34.06933],[-8.73125,34.06924],[-8.72708,34.06916],[-8.72292,34.07008],[-8.71875,34.07149],[-8.71536,34.07292],[-8.71458,34.07331],[-8.71042,34.07466],[-8.70625,34.07506],[-8.70303,34.07292],[-8.70208,34.07197],[-8.69936,34.06875],[-8.69792,34.06736],[-8.69514,34.06458],[-8.69375,34.06375],[-8.68958,34.06156],[-8.68542,34.06068],[-8.68437,34.06042],[-8.68125,34.05964],[-8.67708,34.05794],[-8.67341,34.05625],[-8.67292,34.05602],[-8.66875,34.05325],[-8.66748,34.05208],[-8.66458,34.04816],[-8.66441,34.04792],[-8.66042,34.04525],[-8.65625,34.04688],[-8.65513,34.04792],[-8.65229,34.05208],[-8.65208,34.05236],[-8.64931,34.05625],[-8.64792,34.05779],[-8.64564,34.06042],[-8.64375,34.0624],[-8.64192,34.06458],[-8.63958,34.06653],[-8.63728,34.06875],[-8.63542,34.07039],[-8.63289,34.07292],[-8.63125,34.07461],[-8.62899,34.07708],[-8.62708,34.07923],[-8.625,34.08125],[-8.62292,34.08341],[-8.62014,34.08542],[-8.61875,34.0865],[-8.61458,34.08842],[-8.61042,34.08738],[-8.60625,34.08667],[-8.60465,34.08542],[-8.60208,34.08307],[-8.60003,34.08125],[-8.59826,34.07708],[-8.59792,34.07683],[-8.59375,34.07697],[-8.59362,34.07708],[-8.58958,34.08077],[-8.58813,34.08125],[-8.58542,34.08493],[-8.58498,34.08542],[-8.58471,34.08958],[-8.58248,34.09375],[-8.58125,34.09597],[-8.58028,34.09792],[-8.58025,34.10208],[-8.58125,34.10458],[-8.58177,34.10625],[-8.5841,34.11042],[-8.58125,34.11165],[-8.57708,34.11336],[-8.5765,34.11458],[-8.57545,34.11875],[-8.57679,34.12292],[-8.57439,34.12708],[-8.57634,34.13125],[-8.57708,34.13255],[-8.57852,34.13542],[-8.57982,34.13958],[-8.57995,34.14375],[-8.57772,34.14792],[-8.57708,34.14958],[-8.5758,34.14792],[-8.57292,34.14594],[-8.56944,34.14375],[-8.56875,34.14353],[-8.56792,34.14375],[-8.56458,34.1449],[-8.56042,34.14471],[-8.55729,34.14375],[-8.55625,34.1435],[-8.55208,34.14358],[-8.55188,34.14375],[-8.55049,34.14792],[-8.54792,34.14986],[-8.54375,34.1482],[-8.54208,34.14792],[-8.53958,34.1475],[-8.53542,34.14641],[-8.5326,34.14375],[-8.53542,34.1402],[-8.53575,34.13958],[-8.53542,34.13819],[-8.53125,34.1375],[-8.52708,34.13698],[-8.52292,34.1375],[-8.51875,34.13787],[-8.51458,34.13843],[-8.51042,34.13738],[-8.50625,34.13762],[-8.50208,34.13542],[-8.5,34.13125],[-8.49792,34.12917],[-8.49435,34.12708],[-8.49375,34.12679],[-8.49036,34.12292],[-8.48958,34.12135],[-8.48824,34.11875],[-8.48557,34.11458],[-8.48542,34.11438],[-8.48125,34.11042],[-8.47708,34.10968],[-8.47639,34.11042],[-8.47519,34.11458],[-8.47661,34.11875],[-8.4768,34.12292],[-8.47664,34.12708],[-8.47292,34.13095],[-8.47106,34.13125],[-8.46875,34.13157],[-8.46715,34.13125],[-8.46458,34.13079],[-8.463,34.13125],[-8.46042,34.13444],[-8.46011,34.13542],[-8.46024,34.13958],[-8.45625,34.14375],[-8.46042,34.14724],[-8.46173,34.14792],[-8.46429,34.15208],[-8.46458,34.1526],[-8.46659,34.15625],[-8.46875,34.15923],[-8.47,34.16042],[-8.46875,34.1625],[-8.46719,34.16458],[-8.46458,34.16756],[-8.46307,34.16875],[-8.46458,34.17292],[-8.46375,34.17708],[-8.46443,34.18125],[-8.46458,34.18194],[-8.46528,34.18542],[-8.46458,34.18672],[-8.46076,34.18958],[-8.46042,34.19018],[-8.45917,34.19375],[-8.45993,34.19792],[-8.46042,34.20069],[-8.46061,34.20208],[-8.46042,34.20417],[-8.46026,34.20625],[-8.46042,34.20648],[-8.46458,34.20833],[-8.46875,34.20966],[-8.46939,34.21042],[-8.46979,34.21458],[-8.47292,34.21558],[-8.47708,34.21637],[-8.48125,34.21688],[-8.48542,34.21848],[-8.48617,34.21875],[-8.48958,34.22163],[-8.49077,34.22292],[-8.48958,34.22458],[-8.48646,34.22708],[-8.48542,34.23125],[-8.48125,34.23327],[-8.47708,34.23396],[-8.47292,34.23438],[-8.46875,34.23474],[-8.46703,34.23542],[-8.46458,34.23787],[-8.46234,34.23958],[-8.46042,34.24315],[-8.45958,34.24375],[-8.45625,34.2456],[-8.45365,34.24792],[-8.45208,34.25104],[-8.44896,34.24792],[-8.44792,34.24771],[-8.44722,34.24792],[-8.44792,34.24931],[-8.45069,34.25208],[-8.45208,34.25223],[-8.45625,34.25379],[-8.45861,34.25625],[-8.45918,34.26042],[-8.46042,34.26264],[-8.46195,34.26458],[-8.46042,34.26683],[-8.45955,34.26875],[-8.45625,34.27274],[-8.45602,34.27292],[-8.45466,34.27708],[-8.45492,34.28125],[-8.45625,34.28242],[-8.46042,34.28377],[-8.46458,34.28305],[-8.46875,34.28384],[-8.47199,34.28542],[-8.47292,34.28573],[-8.4742,34.28542],[-8.47708,34.28446],[-8.48125,34.2837],[-8.48449,34.28542],[-8.48542,34.28617],[-8.48958,34.28819],[-8.49082,34.28958],[-8.49097,34.29375],[-8.49016,34.29792],[-8.48958,34.3],[-8.48792,34.30208],[-8.48958,34.30296],[-8.49074,34.30625],[-8.48958,34.30993],[-8.48542,34.31029],[-8.48529,34.31042],[-8.48409,34.31458],[-8.48125,34.31806],[-8.48059,34.31875],[-8.47708,34.32292],[-8.4737,34.32708],[-8.47292,34.32822],[-8.47096,34.33125],[-8.46931,34.33542],[-8.46875,34.3375],[-8.46792,34.33958],[-8.46823,34.34375],[-8.46875,34.34444],[-8.47135,34.34792],[-8.47292,34.34917],[-8.47708,34.35095],[-8.48125,34.35208],[-8.48542,34.35046],[-8.48958,34.35168],[-8.49097,34.35208],[-8.49375,34.35313],[-8.49792,34.3556],[-8.49896,34.35625],[-8.5008,34.36042],[-8.49833,34.36458],[-8.49792,34.365],[-8.49687,34.36458],[-8.49375,34.36393],[-8.48958,34.36157],[-8.48661,34.36042],[-8.48571,34.35625],[-8.48542,34.35573],[-8.48125,34.35208],[-8.47738,34.35625],[-8.48125,34.3591],[-8.48437,34.36042],[-8.48542,34.36146],[-8.48673,34.36458],[-8.48714,34.36875],[-8.48568,34.37292],[-8.48542,34.37309],[-8.48125,34.37351],[-8.47946,34.37292],[-8.47708,34.37219],[-8.47292,34.37163],[-8.47106,34.37292],[-8.46875,34.3744],[-8.46458,34.37431],[-8.46042,34.37417],[-8.45941,34.37708],[-8.46042,34.37973],[-8.46146,34.38125],[-8.46366,34.38542],[-8.46458,34.38708],[-8.46726,34.38958],[-8.46875,34.39306],[-8.46901,34.39375],[-8.47022,34.39792],[-8.47165,34.40208],[-8.47292,34.40417],[-8.47474,34.40625],[-8.47708,34.41],[-8.4774,34.41042],[-8.48125,34.41305],[-8.48542,34.41366],[-8.48698,34.41458],[-8.48893,34.41875],[-8.48542,34.42208],[-8.48444,34.42292],[-8.48125,34.42456],[-8.47708,34.42423],[-8.47292,34.42493],[-8.47069,34.42708],[-8.46875,34.43096],[-8.46866,34.43125],[-8.46683,34.43542],[-8.46486,34.43958],[-8.46458,34.44001],[-8.46218,34.44375],[-8.46042,34.44735],[-8.45625,34.44716],[-8.45208,34.44779],[-8.44792,34.44792],[-8.44792,34.45208],[-8.44583,34.45625],[-8.44792,34.45671],[-8.44899,34.46042],[-8.44792,34.46134],[-8.44375,34.46111],[-8.43958,34.46125],[-8.43542,34.46208],[-8.43125,34.4625],[-8.42708,34.46369],[-8.4253,34.46458],[-8.42292,34.46534],[-8.41875,34.46634],[-8.41458,34.46686],[-8.41042,34.46771],[-8.40685,34.46875],[-8.40625,34.46888],[-8.40208,34.4693],[-8.39792,34.47089],[-8.39375,34.47232],[-8.39256,34.47292],[-8.38958,34.47431],[-8.38542,34.47576],[-8.38333,34.47708],[-8.38125,34.47951],[-8.38028,34.48125],[-8.37708,34.48478],[-8.37608,34.48542],[-8.37292,34.4875],[-8.36875,34.48813],[-8.36458,34.48895],[-8.36042,34.48942],[-8.35949,34.48958],[-8.35625,34.49044],[-8.35273,34.49375],[-8.35208,34.49466],[-8.35055,34.49792],[-8.34792,34.50172],[-8.34745,34.50208],[-8.34375,34.50343],[-8.33958,34.5042],[-8.33542,34.50369],[-8.33125,34.50295],[-8.32708,34.50417],[-8.32292,34.50498],[-8.31875,34.50559],[-8.31458,34.50574],[-8.31042,34.5058],[-8.30625,34.50625],[-8.30208,34.50748],[-8.29792,34.50694],[-8.29728,34.50625],[-8.29375,34.50442],[-8.28958,34.50477],[-8.28542,34.50625],[-8.28347,34.51042],[-8.28248,34.51458],[-8.28185,34.51875],[-8.28136,34.52292],[-8.28125,34.52306],[-8.27708,34.52495],[-8.27292,34.52536],[-8.26875,34.52567],[-8.26458,34.52674],[-8.26389,34.52708],[-8.26042,34.52831],[-8.25625,34.53009],[-8.25321,34.53125],[-8.25208,34.53166],[-8.24792,34.53331],[-8.24437,34.53542],[-8.24375,34.53608],[-8.24067,34.53958],[-8.23958,34.54044],[-8.2358,34.54375],[-8.23542,34.54404],[-8.23125,34.54644],[-8.22875,34.54792],[-8.22708,34.54911],[-8.22385,34.55208],[-8.22427,34.55625],[-8.22462,34.56042],[-8.22292,34.56443],[-8.22277,34.56458],[-8.21875,34.56581],[-8.21458,34.56584],[-8.21042,34.56601],[-8.20625,34.56544],[-8.20457,34.56458],[-8.20286,34.56042],[-8.20242,34.55625],[-8.20208,34.55571],[-8.19792,34.55365],[-8.19375,34.55542],[-8.18958,34.55593],[-8.18792,34.55625],[-8.18542,34.55716],[-8.18125,34.55826],[-8.17708,34.55799],[-8.17292,34.55768],[-8.16875,34.55841],[-8.16458,34.5599],[-8.16381,34.56042],[-8.16042,34.56255],[-8.15625,34.56343],[-8.15208,34.56343],[-8.14792,34.56315],[-8.14375,34.56319],[-8.13958,34.56389],[-8.13946,34.56458],[-8.13819,34.56875],[-8.13542,34.57113],[-8.13363,34.57292],[-8.13125,34.57488],[-8.12708,34.57708],[-8.12417,34.58125],[-8.12292,34.58239],[-8.12096,34.58542],[-8.12083,34.58958],[-8.11875,34.59247],[-8.11833,34.59375],[-8.11656,34.59792],[-8.11458,34.59989],[-8.1108,34.60208],[-8.11042,34.60292],[-8.10903,34.60625],[-8.10685,34.61042],[-8.10625,34.61111],[-8.10436,34.61458],[-8.10208,34.61815],[-8.10179,34.61875],[-8.10057,34.62292],[-8.0997,34.62708],[-8.09792,34.62958],[-8.09699,34.63125],[-8.09542,34.63542],[-8.09531,34.63958],[-8.09613,34.64375],[-8.09688,34.64792],[-8.09792,34.65208],[-8.09958,34.65625],[-8.10208,34.65937],[-8.10268,34.66042],[-8.10347,34.66458],[-8.10208,34.66736],[-8.10167,34.66875],[-8.09911,34.67292],[-8.10208,34.67639],[-8.10347,34.67708],[-8.10486,34.68125],[-8.10347,34.68542],[-8.10417,34.68958],[-8.10625,34.69137],[-8.10833,34.69375],[-8.11042,34.69653],[-8.11134,34.69792],[-8.11458,34.69963],[-8.11875,34.70182],[-8.11907,34.70208],[-8.12292,34.70282],[-8.12708,34.70408],[-8.13058,34.70625],[-8.13125,34.70653],[-8.13542,34.70784],[-8.13958,34.71012],[-8.13995,34.71042],[-8.14375,34.71378],[-8.14474,34.71458],[-8.14792,34.71809],[-8.14842,34.71875],[-8.14937,34.72292],[-8.15184,34.72708],[-8.15208,34.72726],[-8.15625,34.72753],[-8.15938,34.72708],[-8.16042,34.72689],[-8.16458,34.72545],[-8.16875,34.72378],[-8.17102,34.72292],[-8.17292,34.72143],[-8.17512,34.71875],[-8.17691,34.71458],[-8.17708,34.7144],[-8.18125,34.71192],[-8.18333,34.71042],[-8.18542,34.70921],[-8.18958,34.70654],[-8.19022,34.70625],[-8.19375,34.70507],[-8.19792,34.70326],[-8.19989,34.70208],[-8.20208,34.70096],[-8.20583,34.69792],[-8.20625,34.6976],[-8.21042,34.69549],[-8.21458,34.69509],[-8.21875,34.69492],[-8.22292,34.69514],[-8.22708,34.69576],[-8.23125,34.69717],[-8.23542,34.69792],[-8.23958,34.69758],[-8.24375,34.6972],[-8.24792,34.69684],[-8.25208,34.69776],[-8.25233,34.69792],[-8.25625,34.69972],[-8.26042,34.70162],[-8.26146,34.70208],[-8.26458,34.70398],[-8.26833,34.70625],[-8.26875,34.7065],[-8.27292,34.70673],[-8.27708,34.70625],[-8.28125,34.70694],[-8.28542,34.70748],[-8.28958,34.70866],[-8.29241,34.71042],[-8.29375,34.71159],[-8.29792,34.71458],[-8.30208,34.7166],[-8.30625,34.717],[-8.31042,34.71684],[-8.31458,34.71672],[-8.31875,34.71661],[-8.32292,34.71631],[-8.32708,34.71597],[-8.33125,34.71701],[-8.33274,34.71875],[-8.33449,34.72292],[-8.33542,34.72477],[-8.33958,34.72552],[-8.34375,34.72511],[-8.34609,34.72708],[-8.34792,34.72825],[-8.35208,34.73125],[-8.35479,34.73542],[-8.35373,34.73958],[-8.35208,34.74242],[-8.35057,34.74375],[-8.34792,34.74547],[-8.34375,34.74588],[-8.33958,34.74631],[-8.33542,34.74777],[-8.33526,34.74792],[-8.33368,34.75208],[-8.33428,34.75625],[-8.33542,34.75813],[-8.3376,34.76042],[-8.33958,34.76208],[-8.34326,34.76458],[-8.34375,34.7648],[-8.34792,34.76667],[-8.35129,34.76875],[-8.35208,34.76942],[-8.35625,34.77212],[-8.35777,34.77292],[-8.36042,34.77418],[-8.36458,34.77631],[-8.36589,34.77708],[-8.3685,34.78125],[-8.36875,34.78157],[-8.3726,34.78542],[-8.37204,34.78958],[-8.3716,34.79375],[-8.37045,34.79792],[-8.36875,34.80012],[-8.367,34.80208],[-8.36458,34.80392],[-8.36042,34.80579],[-8.35923,34.80625],[-8.35625,34.80705],[-8.35208,34.80828],[-8.34792,34.81033],[-8.3477,34.81042],[-8.34375,34.81165],[-8.33958,34.81222],[-8.33542,34.81319],[-8.33285,34.81458],[-8.33125,34.8156],[-8.32756,34.81875],[-8.32708,34.81939],[-8.32292,34.82173],[-8.32064,34.82292],[-8.31896,34.82708],[-8.31875,34.82917],[-8.31852,34.83125],[-8.31875,34.83167],[-8.32045,34.83542],[-8.32292,34.83696],[-8.32708,34.83787],[-8.33125,34.83777],[-8.33542,34.83736],[-8.33958,34.83793],[-8.3431,34.83958],[-8.34375,34.84007],[-8.34792,34.8434],[-8.3485,34.84375],[-8.35208,34.84698],[-8.35292,34.84792],[-8.35625,34.8508],[-8.35855,34.85208],[-8.36042,34.85334],[-8.36458,34.8539],[-8.36875,34.85286],[-8.37292,34.85267],[-8.37708,34.85395],[-8.38125,34.8546],[-8.38542,34.85608],[-8.38578,34.85625],[-8.38958,34.85771],[-8.39375,34.8591],[-8.39735,34.86042],[-8.39792,34.86092],[-8.40208,34.86433],[-8.40255,34.86458],[-8.40365,34.86875],[-8.40208,34.86989],[-8.39792,34.87232],[-8.39768,34.87292],[-8.39731,34.87708],[-8.39792,34.88079],[-8.39824,34.88125],[-8.39792,34.88229],[-8.39763,34.88542],[-8.39537,34.88958],[-8.39375,34.8925],[-8.39311,34.89375],[-8.38958,34.89681],[-8.38795,34.89792],[-8.38542,34.89971],[-8.38293,34.90208],[-8.3819,34.90625],[-8.38149,34.91042],[-8.38125,34.91061],[-8.37708,34.91288],[-8.37448,34.91458],[-8.37292,34.91512],[-8.36875,34.91598],[-8.36458,34.9162],[-8.36042,34.91627],[-8.35625,34.91651],[-8.35208,34.91657],[-8.34792,34.91683],[-8.34392,34.91875],[-8.34375,34.9189],[-8.33958,34.92273],[-8.33924,34.92292],[-8.33542,34.92389],[-8.33125,34.9248],[-8.32708,34.92649],[-8.32608,34.92708],[-8.32292,34.92935],[-8.32101,34.93125],[-8.32292,34.93542],[-8.32708,34.93723],[-8.33125,34.93899],[-8.33229,34.93958],[-8.33542,34.94076],[-8.33958,34.94311],[-8.34154,34.94375],[-8.34375,34.94414],[-8.34792,34.94454],[-8.35208,34.94453],[-8.35625,34.94504],[-8.36042,34.94641],[-8.36305,34.94792],[-8.36458,34.94896],[-8.36846,34.95208],[-8.36875,34.95228],[-8.37292,34.95453],[-8.37663,34.95625],[-8.37708,34.95658],[-8.38125,34.95751],[-8.38542,34.95632],[-8.3858,34.95625],[-8.38958,34.95565],[-8.39375,34.95449],[-8.39792,34.95226],[-8.39958,34.95208],[-8.40208,34.95168],[-8.40625,34.95028],[-8.41042,34.94883],[-8.41458,34.94973],[-8.41875,34.95195],[-8.41898,34.95208],[-8.42292,34.95423],[-8.42708,34.95514],[-8.43058,34.95625],[-8.43125,34.95674],[-8.43542,34.9583],[-8.43958,34.95962],[-8.44054,34.96042],[-8.44363,34.96458],[-8.44375,34.96483],[-8.44476,34.96875],[-8.44608,34.97292],[-8.44754,34.97708],[-8.44792,34.97759],[-8.45051,34.98125],[-8.45208,34.98355],[-8.45349,34.98542],[-8.45516,34.98958],[-8.45323,34.99375],[-8.4525,34.99792],[-8.45399,35.00208],[-8.45545,35.00625],[-8.45588,35.01042],[-8.45625,35.0125],[-8.45713,35.01458],[-8.45758,35.01875],[-8.45687,35.02292],[-8.45758,35.02708],[-8.45972,35.03125],[-8.46042,35.03363],[-8.46107,35.03542],[-8.46458,35.03958],[-8.46833,35.04375],[-8.46875,35.04404],[-8.47292,35.0475],[-8.47367,35.04792],[-8.47708,35.04942],[-8.48125,35.04977],[-8.48542,35.05069],[-8.48889,35.05208],[-8.48958,35.05255],[-8.49097,35.05208],[-8.49375,35.04792],[-8.49594,35.04375],[-8.49792,35.04125],[-8.50208,35.04229],[-8.50321,35.04375],[-8.50625,35.04735],[-8.50653,35.04792],[-8.51042,35.05198],[-8.5105,35.05208],[-8.51458,35.05552],[-8.51531,35.05625],[-8.51849,35.06042],[-8.51875,35.06075],[-8.52214,35.06458],[-8.52292,35.0654],[-8.52537,35.06875],[-8.52635,35.07292],[-8.52568,35.07708],[-8.52708,35.08096],[-8.52726,35.08125],[-8.53007,35.08542],[-8.53125,35.08646],[-8.5334,35.08958],[-8.53542,35.09078],[-8.53958,35.09216],[-8.54375,35.09263],[-8.54792,35.09304],[-8.55049,35.09375],[-8.55208,35.09435],[-8.55625,35.09579],[-8.56042,35.09785],[-8.56055,35.09792],[-8.56458,35.10104],[-8.56875,35.10164],[-8.57173,35.10208],[-8.57292,35.1022],[-8.57411,35.10208],[-8.57708,35.10128],[-8.58125,35.09805],[-8.5816,35.09792],[-8.58542,35.09573],[-8.58787,35.09375],[-8.58792,35.08958],[-8.58542,35.08708],[-8.58398,35.08542],[-8.58221,35.08125],[-8.58542,35.07927],[-8.58958,35.07708],[-8.59375,35.07292],[-8.59349,35.06875],[-8.59097,35.06458],[-8.58958,35.06319],[-8.58542,35.06042],[-8.58958,35.05804],[-8.59375,35.05781],[-8.59792,35.05833],[-8.60208,35.05938],[-8.60417,35.06042],[-8.60625,35.06125],[-8.61042,35.06333],[-8.61458,35.06369],[-8.61875,35.06359],[-8.62292,35.06438],[-8.62333,35.06458],[-8.62625,35.06875],[-8.62708,35.06921],[-8.63125,35.07199],[-8.63244,35.07292],[-8.63542,35.07465],[-8.63833,35.07708],[-8.63958,35.07763],[-8.64375,35.07899],[-8.64792,35.0798],[-8.65208,35.08006],[-8.65625,35.07992],[-8.66042,35.08068],[-8.6628,35.08125],[-8.66458,35.08214],[-8.66875,35.08468],[-8.67031,35.08542],[-8.67292,35.08773],[-8.67443,35.08958],[-8.67708,35.09097],[-8.68125,35.0935],[-8.68177,35.09375],[-8.68542,35.09508],[-8.68958,35.09754],[-8.6899,35.09792],[-8.69375,35.10042],[-8.69792,35.10118],[-8.70208,35.10188],[-8.70268,35.10208],[-8.70208,35.10417],[-8.70139,35.10625],[-8.70208,35.10694],[-8.70625,35.10995],[-8.71042,35.11016],[-8.71458,35.11004],[-8.71875,35.11021],[-8.71979,35.11042],[-8.72292,35.1122],[-8.725,35.11458],[-8.72292,35.11792],[-8.72222,35.11875],[-8.71875,35.12083],[-8.71458,35.12113],[-8.71042,35.12292],[-8.70625,35.12604],[-8.70208,35.12625],[-8.69792,35.12569],[-8.69375,35.12411],[-8.69167,35.12292],[-8.68958,35.12153],[-8.68542,35.12153],[-8.68125,35.12208],[-8.67708,35.12214],[-8.67292,35.12236],[-8.67125,35.12292],[-8.67292,35.12569],[-8.67344,35.12708],[-8.67396,35.13125],[-8.67292,35.13185],[-8.66875,35.13446],[-8.66696,35.13542],[-8.66458,35.13958],[-8.66875,35.14077],[-8.67042,35.13958],[-8.67292,35.13819],[-8.67708,35.1372],[-8.68125,35.1369],[-8.68542,35.1378],[-8.68958,35.13889],[-8.69375,35.13681],[-8.69479,35.13958],[-8.69375,35.14167],[-8.69097,35.14375],[-8.69329,35.14792],[-8.69375,35.14931],[-8.69494,35.15208],[-8.69661,35.15625],[-8.69375,35.15895],[-8.69256,35.16042],[-8.68998,35.16458],[-8.68983,35.16875],[-8.68958,35.17014],[-8.68542,35.17208],[-8.68125,35.17196],[-8.67917,35.17292],[-8.67708,35.17351],[-8.67292,35.175],[-8.66875,35.17684],[-8.6685,35.17708],[-8.66458,35.181],[-8.66406,35.18125],[-8.66458,35.18542],[-8.66875,35.18929],[-8.66892,35.18958],[-8.67083,35.19375],[-8.66875,35.19611],[-8.66458,35.1939],[-8.66444,35.19375],[-8.66215,35.18958],[-8.66042,35.18698],[-8.65938,35.18542],[-8.65625,35.18201],[-8.65569,35.18125],[-8.6526,35.17708],[-8.65208,35.17659],[-8.64937,35.17292],[-8.64792,35.17096],[-8.64604,35.16875],[-8.64792,35.16678],[-8.65139,35.16458],[-8.65208,35.16432],[-8.65625,35.16149],[-8.65758,35.16042],[-8.66042,35.15779],[-8.6625,35.15625],[-8.66458,35.15406],[-8.66747,35.15208],[-8.66701,35.14792],[-8.66667,35.14375],[-8.66458,35.13958],[-8.66042,35.14097],[-8.65625,35.14181],[-8.65208,35.14271],[-8.64792,35.14277],[-8.64375,35.14208],[-8.63958,35.14236],[-8.63542,35.14236],[-8.63125,35.14315],[-8.62917,35.14375],[-8.62708,35.14494],[-8.62618,35.14792],[-8.6267,35.15208],[-8.62708,35.15375],[-8.62763,35.15625],[-8.62708,35.15937],[-8.62649,35.16042],[-8.62708,35.16111],[-8.63056,35.16458],[-8.63125,35.16479],[-8.63542,35.16833],[-8.63568,35.16875],[-8.63542,35.1689],[-8.63125,35.17108],[-8.62708,35.17167],[-8.62292,35.17212],[-8.61875,35.17267],[-8.61806,35.17292],[-8.61648,35.17708],[-8.61875,35.18065],[-8.61921,35.18125],[-8.62232,35.18542],[-8.62292,35.18625],[-8.62431,35.18542],[-8.62708,35.18458],[-8.63125,35.18419],[-8.63299,35.18542],[-8.63542,35.1875],[-8.63906,35.18958],[-8.63958,35.19028],[-8.64167,35.19375],[-8.64375,35.19635],[-8.64453,35.19792],[-8.64718,35.20208],[-8.64792,35.20347],[-8.64984,35.20625],[-8.65208,35.20758],[-8.65506,35.21042],[-8.65625,35.21198],[-8.65833,35.21458],[-8.66042,35.21756],[-8.66458,35.21875],[-8.66875,35.21942],[-8.67225,35.22292],[-8.67292,35.22371],[-8.67416,35.22708],[-8.67588,35.23125],[-8.67671,35.23542],[-8.67491,35.23958],[-8.67292,35.24236],[-8.67171,35.24375],[-8.6694,35.24792],[-8.66875,35.25],[-8.66817,35.25208],[-8.66736,35.25625],[-8.66771,35.26042],[-8.66875,35.26319],[-8.66931,35.26458],[-8.67228,35.26875],[-8.67292,35.26913],[-8.67708,35.27093],[-8.68125,35.27075],[-8.68542,35.26946],[-8.68958,35.26875],[-8.69375,35.27007],[-8.69751,35.27292],[-8.69792,35.27316],[-8.70208,35.2761],[-8.70511,35.27708],[-8.70625,35.27731],[-8.71042,35.27727],[-8.7108,35.27708],[-8.71458,35.274],[-8.71539,35.27292],[-8.71827,35.26875],[-8.71875,35.26837],[-8.72292,35.26682],[-8.72708,35.26531],[-8.73125,35.26554],[-8.73542,35.26639],[-8.73935,35.26875],[-8.73958,35.26884],[-8.74375,35.27096],[-8.74792,35.27259],[-8.75208,35.2726],[-8.75625,35.27171],[-8.76042,35.27158],[-8.76458,35.27238],[-8.76761,35.27292],[-8.76875,35.27312],[-8.77031,35.27292],[-8.77292,35.27253],[-8.77708,35.2696],[-8.77875,35.26875],[-8.78125,35.26743],[-8.78542,35.26784],[-8.78958,35.26875],[-8.79375,35.26715],[-8.79631,35.26458],[-8.79792,35.26422],[-8.80208,35.26328],[-8.80625,35.26151],[-8.81042,35.2612],[-8.81458,35.26141],[-8.81875,35.26161],[-8.82292,35.2628],[-8.82708,35.26458],[-8.82986,35.26875],[-8.82943,35.27292],[-8.82936,35.27708],[-8.82801,35.28125],[-8.83065,35.28542],[-8.83065,35.28958],[-8.82768,35.29375],[-8.82708,35.29479],[-8.825,35.29792],[-8.82708,35.29917],[-8.83125,35.30139],[-8.83542,35.29875],[-8.83611,35.29792],[-8.83958,35.29444],[-8.84375,35.29375],[-8.84792,35.29375],[-8.85026,35.29792],[-8.85078,35.30208],[-8.85069,35.30625],[-8.85129,35.31042],[-8.85208,35.31129],[-8.8548,35.31458],[-8.85625,35.31696],[-8.85744,35.31875],[-8.86042,35.32125],[-8.86202,35.32292],[-8.86458,35.32684],[-8.86483,35.32708],[-8.86756,35.33125],[-8.86632,35.33542],[-8.86644,35.33958],[-8.86728,35.34375],[-8.86792,35.34792],[-8.86875,35.35042],[-8.87042,35.35208],[-8.87292,35.35521],[-8.87351,35.35625],[-8.87417,35.36042],[-8.87381,35.36458],[-8.87405,35.36875],[-8.87542,35.37292],[-8.87708,35.37384],[-8.88125,35.37384],[-8.88307,35.37708],[-8.88542,35.37976],[-8.88958,35.3788],[-8.89375,35.37728],[-8.89479,35.37708],[-8.89792,35.37652],[-8.90208,35.37708],[-8.90625,35.38011],[-8.90875,35.38125],[-8.90938,35.38542],[-8.91042,35.38667],[-8.91458,35.38875],[-8.91875,35.3858],[-8.92292,35.38583],[-8.92667,35.38958],[-8.92708,35.38996],[-8.93006,35.39375],[-8.93125,35.3956],[-8.93385,35.39792],[-8.93542,35.40042],[-8.93601,35.40208],[-8.9372,35.40625],[-8.93542,35.40688],[-8.93125,35.40771],[-8.92708,35.40819],[-8.92292,35.40777],[-8.91875,35.40764],[-8.91458,35.40729],[-8.91042,35.40792],[-8.90625,35.41004],[-8.90579,35.41042],[-8.90625,35.41111],[-8.90856,35.41458],[-8.90701,35.41875],[-8.90625,35.41951],[-8.90417,35.42292],[-8.90208,35.4258],[-8.90116,35.42708],[-8.89888,35.43125],[-8.89792,35.43281],[-8.89631,35.43542],[-8.89489,35.43958],[-8.89444,35.44375],[-8.89375,35.44421],[-8.88958,35.44405],[-8.88854,35.44375],[-8.88542,35.44292],[-8.88125,35.44223],[-8.87708,35.44196],[-8.87595,35.44375],[-8.87292,35.44571],[-8.87003,35.44792],[-8.86875,35.44864],[-8.86542,35.44792],[-8.86458,35.44775],[-8.86042,35.44778],[-8.85972,35.44792],[-8.85625,35.44875],[-8.85278,35.45208],[-8.85208,35.45306],[-8.8495,35.45625],[-8.84807,35.46042],[-8.84814,35.46458],[-8.84792,35.46667],[-8.84766,35.46875],[-8.84779,35.47292],[-8.84764,35.47708],[-8.84792,35.47792],[-8.85208,35.47708],[-8.85625,35.47625],[-8.8575,35.47708],[-8.85625,35.47865],[-8.85327,35.48125],[-8.85521,35.48542],[-8.85625,35.48958],[-8.85833,35.49375],[-8.86042,35.49479],[-8.86071,35.49375],[-8.86181,35.48958],[-8.86458,35.48854],[-8.86875,35.48796],[-8.87292,35.48792],[-8.87458,35.48542],[-8.87292,35.48333],[-8.86935,35.48125],[-8.87292,35.47993],[-8.87708,35.47755],[-8.87778,35.47708],[-8.88093,35.47292],[-8.88125,35.47264],[-8.88542,35.47187],[-8.88899,35.46875],[-8.88958,35.46829],[-8.89375,35.46736],[-8.89792,35.46875],[-8.895,35.47292],[-8.89375,35.47542],[-8.89299,35.47708],[-8.89375,35.47757],[-8.89792,35.47936],[-8.90089,35.48125],[-8.90208,35.48264],[-8.90417,35.48542],[-8.90208,35.48727],[-8.9,35.48958],[-8.89984,35.49375],[-8.90208,35.4974],[-8.90243,35.49792],[-8.90208,35.49896],[-8.90112,35.50208],[-8.9001,35.50625],[-8.90037,35.51042],[-8.89792,35.5124],[-8.89375,35.51372],[-8.88958,35.51458],[-8.88542,35.51412],[-8.88264,35.51458],[-8.88125,35.51667],[-8.88042,35.51875],[-8.87708,35.52208],[-8.87625,35.52292],[-8.87708,35.52338],[-8.87931,35.52708],[-8.88125,35.52903],[-8.88381,35.53125],[-8.88542,35.53472],[-8.88558,35.53542],[-8.88542,35.53552],[-8.88165,35.53958],[-8.88125,35.54063],[-8.87792,35.54375],[-8.87708,35.54449],[-8.87292,35.54694],[-8.87204,35.54792],[-8.87083,35.55208],[-8.86875,35.55542],[-8.86667,35.55625],[-8.86458,35.55721],[-8.86042,35.55701],[-8.85625,35.55946],[-8.85417,35.56042],[-8.85208,35.56354],[-8.8517,35.56458],[-8.84792,35.56678],[-8.84375,35.56756],[-8.83958,35.56736],[-8.83542,35.56726],[-8.83125,35.56815],[-8.83011,35.56875],[-8.82708,35.57131],[-8.82477,35.57292],[-8.82292,35.57708],[-8.82143,35.58125],[-8.82192,35.58542],[-8.82292,35.58802],[-8.8237,35.58958],[-8.82708,35.59259],[-8.83056,35.59375],[-8.83125,35.594],[-8.83229,35.59375],[-8.83542,35.59318],[-8.83958,35.59375],[-8.84375,35.59699],[-8.84792,35.59792],[-8.85208,35.59931],[-8.85486,35.60208],[-8.85208,35.60292],[-8.84931,35.60208],[-8.84792,35.59792],[-8.84653,35.60208],[-8.84375,35.60292],[-8.84005,35.60625],[-8.83958,35.60694],[-8.83542,35.60949],[-8.83125,35.60938],[-8.82865,35.61042],[-8.82708,35.61292],[-8.82639,35.61458],[-8.82708,35.61597],[-8.82827,35.61875],[-8.82708,35.62153],[-8.82616,35.62292],[-8.82411,35.62708],[-8.82292,35.62792],[-8.81875,35.62958],[-8.81708,35.63125],[-8.81458,35.63438],[-8.81399,35.63542],[-8.81042,35.63899],[-8.81014,35.63958],[-8.81042,35.64375],[-8.81458,35.64699],[-8.81505,35.64792],[-8.81686,35.65208],[-8.81875,35.65469],[-8.81979,35.65625],[-8.82292,35.65913],[-8.82431,35.66042],[-8.82319,35.66458],[-8.82292,35.66488],[-8.81875,35.66849],[-8.81845,35.66875],[-8.81458,35.67262],[-8.81434,35.67292],[-8.81458,35.67361],[-8.81581,35.67708],[-8.81823,35.68125],[-8.81875,35.68438],[-8.81885,35.68542],[-8.81875,35.68568],[-8.81652,35.68958],[-8.81458,35.6909],[-8.81042,35.69271],[-8.80625,35.69323],[-8.80208,35.69264],[-8.79792,35.69337],[-8.79764,35.69375],[-8.79792,35.69583],[-8.79826,35.69792],[-8.79792,35.69824],[-8.79375,35.70169],[-8.79343,35.70208],[-8.79256,35.70625],[-8.79375,35.70863],[-8.79792,35.70958],[-8.80208,35.70982],[-8.80625,35.71042],[-8.80208,35.71458],[-8.79792,35.71146],[-8.79375,35.71354],[-8.79323,35.71458],[-8.78958,35.71552],[-8.78542,35.71641],[-8.78125,35.71875],[-8.77839,35.72292],[-8.77708,35.725],[-8.77569,35.72708],[-8.77446,35.73125],[-8.77585,35.73542],[-8.77642,35.73958],[-8.77348,35.74375],[-8.77611,35.74792],[-8.77488,35.75208],[-8.77292,35.75579],[-8.77261,35.75625],[-8.77063,35.76042],[-8.76875,35.76458],[-8.76875,35.76875],[-8.76823,35.77292],[-8.76458,35.77708],[-8.76129,35.78125],[-8.76042,35.78182],[-8.75625,35.78408],[-8.75417,35.78542],[-8.75208,35.78675],[-8.74792,35.78872],[-8.74645,35.78958],[-8.74375,35.79167],[-8.74134,35.79375],[-8.73958,35.7955],[-8.73542,35.79755],[-8.73264,35.79792],[-8.73125,35.79875],[-8.72887,35.80208],[-8.73125,35.80375],[-8.73542,35.80579],[-8.73681,35.80625],[-8.73958,35.80681],[-8.74375,35.8066],[-8.74444,35.80625],[-8.74792,35.80365],[-8.75208,35.80208],[-8.75625,35.80208],[-8.76042,35.8044],[-8.76193,35.80625],[-8.76164,35.81042],[-8.76458,35.81458],[-8.76625,35.81875],[-8.76875,35.8226],[-8.76893,35.82292],[-8.77083,35.82708],[-8.77292,35.82986],[-8.77388,35.83125],[-8.77519,35.83542],[-8.77292,35.83958],[-8.77292,35.84375],[-8.77426,35.84792],[-8.77292,35.85104],[-8.77153,35.85208],[-8.76875,35.85355],[-8.76548,35.85625],[-8.76458,35.85714],[-8.76282,35.86042],[-8.76214,35.86458],[-8.76042,35.86546],[-8.75625,35.86726],[-8.75208,35.86782],[-8.74792,35.86845],[-8.74728,35.86875],[-8.74375,35.87025],[-8.73958,35.86929],[-8.73851,35.86875],[-8.73542,35.86706],[-8.73125,35.86618],[-8.72708,35.86842],[-8.72653,35.86875],[-8.72292,35.87185],[-8.72185,35.87292],[-8.71875,35.87584],[-8.71605,35.87708],[-8.71458,35.87764],[-8.71208,35.87708],[-8.71042,35.87667],[-8.70856,35.87708],[-8.70625,35.87857],[-8.70469,35.88125],[-8.70284,35.88542],[-8.70208,35.88634],[-8.69984,35.88958],[-8.69792,35.89097],[-8.69375,35.89304],[-8.69181,35.89375],[-8.68958,35.89473],[-8.68542,35.89742],[-8.68432,35.89792],[-8.68125,35.89986],[-8.67895,35.90208],[-8.67708,35.90389],[-8.67386,35.90625],[-8.67292,35.90681],[-8.66875,35.90873],[-8.66546,35.91042],[-8.66458,35.91076],[-8.66042,35.91243],[-8.65625,35.91417],[-8.65469,35.91458],[-8.65208,35.91581],[-8.64792,35.91741],[-8.64494,35.91875],[-8.64375,35.91973],[-8.64036,35.92292],[-8.63958,35.92375],[-8.63646,35.92708],[-8.63542,35.92894],[-8.63455,35.93125],[-8.63204,35.93542],[-8.63125,35.93727],[-8.63034,35.93958],[-8.63108,35.94375],[-8.62953,35.94792],[-8.62708,35.95011],[-8.625,35.95208],[-8.62292,35.95549],[-8.6224,35.95625],[-8.61985,35.96042],[-8.61875,35.96273],[-8.61771,35.96458],[-8.61637,35.96875],[-8.61656,35.97292],[-8.61458,35.97542],[-8.61319,35.97708],[-8.61104,35.98125],[-8.61042,35.98304],[-8.60944,35.98542],[-8.60895,35.98958],[-8.60895,35.99375],[-8.60833,35.99792],[-8.60625,36.00057],[-8.60537,36.00208],[-8.60625,36.00625],[-8.60347,36.01042],[-8.60208,36.0128],[-8.60149,36.01458],[-8.60027,36.01875],[-8.60027,36.02292],[-8.60208,36.02708],[-8.60625,36.0294],[-8.60863,36.03125],[-8.61042,36.03542],[-8.61146,36.03958],[-8.61202,36.04375],[-8.61354,36.04792],[-8.61458,36.05104],[-8.615,36.05208],[-8.61875,36.05625],[-8.62292,36.05938],[-8.62338,36.06042],[-8.6232,36.06458],[-8.62435,36.06875],[-8.6246,36.07292],[-8.625,36.07708],[-8.62708,36.08002],[-8.62917,36.08125],[-8.63125,36.08236],[-8.63542,36.08392],[-8.63792,36.08542],[-8.63958,36.08708],[-8.64156,36.08958],[-8.64375,36.09306],[-8.64792,36.09375],[-8.65208,36.09413],[-8.65625,36.09458],[-8.66042,36.09518],[-8.66458,36.09514],[-8.66875,36.09699],[-8.67153,36.09792],[-8.67292,36.09854],[-8.67708,36.09911],[-8.68125,36.0995],[-8.68542,36.10122],[-8.68667,36.10208],[-8.68958,36.105],[-8.69315,36.10625],[-8.69375,36.10638],[-8.69792,36.10856],[-8.6995,36.11042],[-8.70149,36.11458],[-8.70208,36.11518],[-8.70502,36.11875],[-8.70625,36.1193],[-8.71042,36.12017],[-8.71458,36.11938],[-8.71603,36.11875],[-8.71875,36.11741],[-8.72292,36.11747],[-8.725,36.11875],[-8.72477,36.12292],[-8.72519,36.12708],[-8.72708,36.12958],[-8.72953,36.13125],[-8.73125,36.13226],[-8.73492,36.13542],[-8.73542,36.13646],[-8.73712,36.13958],[-8.7374,36.14375],[-8.73958,36.14528],[-8.74375,36.14615],[-8.74792,36.14527],[-8.75208,36.1445],[-8.75417,36.14375],[-8.75625,36.14295],[-8.76042,36.14191],[-8.76458,36.14186],[-8.76637,36.13958],[-8.76875,36.13819],[-8.77292,36.13708],[-8.77708,36.13824],[-8.78125,36.13878],[-8.78542,36.13875],[-8.78769,36.13958],[-8.78958,36.14068],[-8.79347,36.14375],[-8.79375,36.14407],[-8.79653,36.14792],[-8.79792,36.15208],[-8.80208,36.15585],[-8.80248,36.15625],[-8.80504,36.16042],[-8.80625,36.16151],[-8.81042,36.16194],[-8.81458,36.16206],[-8.81875,36.16241],[-8.82292,36.16232],[-8.82708,36.16235],[-8.83125,36.16222],[-8.83542,36.16258],[-8.83958,36.16311],[-8.84375,36.1633],[-8.8453,36.16458],[-8.84792,36.16663],[-8.85208,36.1669],[-8.85625,36.16714],[-8.86042,36.16739],[-8.86458,36.16785],[-8.86852,36.16875],[-8.86875,36.16895],[-8.87292,36.17254],[-8.87347,36.17292],[-8.87708,36.1755],[-8.87965,36.17708],[-8.88125,36.17831],[-8.88542,36.18125],[-8.88958,36.18472],[-8.89072,36.18542],[-8.89375,36.18653],[-8.89792,36.18894],[-8.89875,36.18958],[-8.90208,36.19139],[-8.90625,36.1932],[-8.90814,36.19375],[-8.91042,36.19433],[-8.91458,36.1952],[-8.91875,36.19606],[-8.92292,36.19656],[-8.92708,36.19744],[-8.92837,36.19792],[-8.93125,36.19962],[-8.93464,36.20208],[-8.93542,36.20268],[-8.93958,36.20603],[-8.9399,36.20625],[-8.94375,36.20938],[-8.94527,36.21042],[-8.94792,36.21307],[-8.9503,36.21458],[-8.95208,36.21583],[-8.95573,36.21875],[-8.95561,36.22292],[-8.95625,36.22396],[-8.95833,36.22708],[-8.96042,36.22936],[-8.9625,36.23125],[-8.96458,36.23314],[-8.96637,36.23542],[-8.96875,36.23875],[-8.96939,36.23958],[-8.97292,36.24264],[-8.9742,36.24375],[-8.97708,36.24716],[-8.97875,36.24792],[-8.98125,36.24948],[-8.98542,36.24875],[-8.98819,36.25208],[-8.98958,36.25625],[-8.98542,36.25804],[-8.98264,36.26042],[-8.98125,36.26086],[-8.97708,36.26328],[-8.97578,36.26458],[-8.97292,36.26786],[-8.97226,36.26875],[-8.97083,36.27292],[-8.96875,36.27365],[-8.96551,36.27708],[-8.96528,36.28125],[-8.96569,36.28542],[-8.96458,36.2878],[-8.96319,36.28958],[-8.96042,36.2903],[-8.95625,36.2906],[-8.95208,36.28958],[-8.94792,36.2875],[-8.94375,36.28767],[-8.94022,36.28958],[-8.93958,36.28971],[-8.93542,36.28963],[-8.93495,36.28958],[-8.93125,36.28905],[-8.92708,36.28878],[-8.92292,36.28841],[-8.91875,36.28899],[-8.91518,36.28958],[-8.91458,36.28963],[-8.91042,36.29024],[-8.90625,36.29073],[-8.90208,36.29065],[-8.89792,36.29114],[-8.89375,36.2912],[-8.88958,36.2901],[-8.88542,36.29002],[-8.88125,36.28991],[-8.87708,36.29068],[-8.87292,36.29189],[-8.86875,36.29196],[-8.86458,36.29238],[-8.86042,36.29336],[-8.85952,36.29375],[-8.85625,36.29523],[-8.85208,36.2964],[-8.84792,36.29679],[-8.84375,36.29659],[-8.83958,36.29721],[-8.83661,36.29792],[-8.83542,36.29856],[-8.83125,36.30054],[-8.82708,36.30194],[-8.82649,36.30208],[-8.82292,36.30347],[-8.81875,36.30527],[-8.81708,36.30625],[-8.81458,36.30903],[-8.8128,36.31042],[-8.81042,36.31319],[-8.80923,36.31458],[-8.80708,36.31875],[-8.80625,36.32014],[-8.80521,36.32292],[-8.80625,36.325],[-8.80764,36.32708],[-8.80937,36.33125],[-8.81042,36.33542],[-8.81227,36.33958],[-8.81458,36.34375],[-8.81875,36.34732],[-8.81958,36.34792],[-8.82292,36.3503],[-8.82542,36.35208],[-8.82708,36.35486],[-8.82778,36.35625],[-8.82755,36.36042],[-8.82812,36.36458],[-8.83125,36.36736],[-8.83229,36.36875],[-8.83542,36.37054],[-8.83875,36.37292],[-8.83958,36.37375],[-8.84186,36.37708],[-8.84301,36.38125],[-8.84375,36.38314],[-8.84475,36.38542],[-8.84562,36.38958],[-8.84479,36.39375],[-8.84792,36.39653],[-8.85208,36.39767],[-8.85243,36.39792],[-8.85625,36.4],[-8.86042,36.40133],[-8.86208,36.40208],[-8.86458,36.40333],[-8.86875,36.40565],[-8.87292,36.40365],[-8.87375,36.40208],[-8.87479,36.39792],[-8.87604,36.39375],[-8.87708,36.3925],[-8.88073,36.38958],[-8.88125,36.3893],[-8.88542,36.38819],[-8.88958,36.38889],[-8.89375,36.38929],[-8.89542,36.38958],[-8.89792,36.39005],[-8.90208,36.39236],[-8.90315,36.39375],[-8.90455,36.39792],[-8.90625,36.40208],[-8.91002,36.40625],[-8.91042,36.40658],[-8.91053,36.40625],[-8.9116,36.40208],[-8.91339,36.39792],[-8.91458,36.39676],[-8.9176,36.39375],[-8.91875,36.39107],[-8.92056,36.38958],[-8.92292,36.38733],[-8.92461,36.38958],[-8.92552,36.39375],[-8.92708,36.39598],[-8.9279,36.39792],[-8.93042,36.40208],[-8.93125,36.40593],[-8.93292,36.40625],[-8.93542,36.40646],[-8.93958,36.40701],[-8.94112,36.41042],[-8.94375,36.41279],[-8.94792,36.41245],[-8.95208,36.4143],[-8.95625,36.41218],[-8.95811,36.41042],[-8.95851,36.40625],[-8.96042,36.40293],[-8.96184,36.40208],[-8.96458,36.40055],[-8.96875,36.39939],[-8.97292,36.39911],[-8.97512,36.39792],[-8.97708,36.39683],[-8.98125,36.39695],[-8.98295,36.39792],[-8.98542,36.39907],[-8.98668,36.39792],[-8.98841,36.39375],[-8.98958,36.39223],[-8.99186,36.39375],[-8.99375,36.39436],[-8.99792,36.39743],[-9.00208,36.39596],[-9.00383,36.39375],[-9.00625,36.39123],[-9.01042,36.38999],[-9.01354,36.38958],[-9.01458,36.3894],[-9.01525,36.38958],[-9.01875,36.39049],[-9.0219,36.38958],[-9.02292,36.38933],[-9.02708,36.38741],[-9.03125,36.3856],[-9.03177,36.38542],[-9.03542,36.38435],[-9.03861,36.38542],[-9.03958,36.38593],[-9.04375,36.38715],[-9.04792,36.38657],[-9.05208,36.38619],[-9.05625,36.38554],[-9.05652,36.38542],[-9.06042,36.38375],[-9.06458,36.38271],[-9.06875,36.38406],[-9.07292,36.38426],[-9.07708,36.38337],[-9.08125,36.38212],[-9.08542,36.38139],[-9.08573,36.38125],[-9.08958,36.37985],[-9.09375,36.37991],[-9.09519,36.38125],[-9.09792,36.38429],[-9.10208,36.38514],[-9.10271,36.38542],[-9.10625,36.38666],[-9.11042,36.38774],[-9.11458,36.38592],[-9.11695,36.38542],[-9.11875,36.3852],[-9.11924,36.38542],[-9.12238,36.38958],[-9.12292,36.39076],[-9.1242,36.39375],[-9.12485,36.39792],[-9.12705,36.40208],[-9.12708,36.40221],[-9.1285,36.40625],[-9.13093,36.41042],[-9.13125,36.4106],[-9.13542,36.41104],[-9.13917,36.41042],[-9.13958,36.41038],[-9.13981,36.41042],[-9.14277,36.41458],[-9.1425,36.41875],[-9.14375,36.41918],[-9.14792,36.42075],[-9.15179,36.42292],[-9.14858,36.42708],[-9.14792,36.42761],[-9.14498,36.43125],[-9.14375,36.4328],[-9.13975,36.43542],[-9.13958,36.43557],[-9.13627,36.43958],[-9.13542,36.44021],[-9.13125,36.44135],[-9.12708,36.44331],[-9.12661,36.44375],[-9.12349,36.44792],[-9.12292,36.44931],[-9.12164,36.45208],[-9.11875,36.45534],[-9.11765,36.45625],[-9.11472,36.46042],[-9.11458,36.46138],[-9.11401,36.46458],[-9.11299,36.46875],[-9.11042,36.4724],[-9.11004,36.47292],[-9.10636,36.47708],[-9.10625,36.47726],[-9.10389,36.48125],[-9.10242,36.48542],[-9.10208,36.48585],[-9.09792,36.48812],[-9.09667,36.48958],[-9.09665,36.49375],[-9.0965,36.49792],[-9.09745,36.50208],[-9.09792,36.50469],[-9.09838,36.50625],[-9.10125,36.51042],[-9.1019,36.51458],[-9.10208,36.51625],[-9.10251,36.51875],[-9.10371,36.52292],[-9.10625,36.52681],[-9.10642,36.52708],[-9.11042,36.53125],[-9.11458,36.53044],[-9.11875,36.52804],[-9.11949,36.52708],[-9.12292,36.5245],[-9.12589,36.52292],[-9.12708,36.52228],[-9.13125,36.52028],[-9.13353,36.51875],[-9.13542,36.51704],[-9.13793,36.51458],[-9.13958,36.51307],[-9.14375,36.51329],[-9.14689,36.51042],[-9.14792,36.50945],[-9.15136,36.50625],[-9.15208,36.50511],[-9.15384,36.50208],[-9.15625,36.49949],[-9.15844,36.49792],[-9.16042,36.49711],[-9.16458,36.49594],[-9.16875,36.49393],[-9.16906,36.49375],[-9.17285,36.48958],[-9.17292,36.48951],[-9.17708,36.48704],[-9.18125,36.48578],[-9.18191,36.48542],[-9.18542,36.48275],[-9.18958,36.48151],[-9.19208,36.48125],[-9.19375,36.48103],[-9.19792,36.47904],[-9.20208,36.47715],[-9.20229,36.47708],[-9.20625,36.475],[-9.21042,36.47308],[-9.21088,36.47292],[-9.21458,36.47083],[-9.21613,36.46875],[-9.21875,36.46691],[-9.22292,36.46587],[-9.22545,36.46458],[-9.22708,36.46295],[-9.2303,36.46042],[-9.23125,36.45951],[-9.23274,36.46042],[-9.23542,36.46354],[-9.23681,36.46458],[-9.23958,36.46667],[-9.24375,36.46491],[-9.24392,36.46458],[-9.24566,36.46042],[-9.24792,36.45882],[-9.2511,36.45625],[-9.25208,36.45563],[-9.25625,36.45263],[-9.25729,36.45208],[-9.26042,36.44908],[-9.26458,36.4503],[-9.26679,36.45208],[-9.26875,36.45367],[-9.27292,36.45379],[-9.27708,36.45217],[-9.27724,36.45208],[-9.28125,36.44923],[-9.28286,36.44792],[-9.28542,36.44603],[-9.28958,36.44479],[-9.29375,36.44676],[-9.29792,36.4473],[-9.30208,36.44683],[-9.30625,36.44486],[-9.31042,36.4441],[-9.31458,36.44444],[-9.31875,36.44583],[-9.32292,36.44762],[-9.32351,36.44792],[-9.32708,36.45],[-9.32986,36.45208],[-9.33125,36.45298],[-9.33542,36.45428],[-9.33958,36.45347],[-9.34375,36.45469],[-9.34489,36.45625],[-9.34792,36.45847],[-9.35057,36.46042],[-9.35208,36.46125],[-9.35625,36.46262],[-9.35903,36.46458],[-9.36042,36.46667],[-9.36153,36.46875],[-9.36389,36.47292],[-9.36458,36.4734],[-9.36875,36.4749],[-9.37292,36.47599],[-9.37481,36.47708],[-9.37708,36.47936],[-9.37824,36.48125],[-9.37992,36.48542],[-9.38125,36.48713],[-9.38542,36.48958],[-9.38958,36.49132],[-9.39375,36.49306],[-9.39437,36.49375],[-9.39705,36.49792],[-9.39792,36.49857],[-9.40193,36.50208],[-9.40208,36.50243],[-9.40323,36.50625],[-9.4024,36.51042],[-9.40208,36.51083],[-9.39896,36.51458],[-9.39792,36.51572],[-9.39375,36.51822],[-9.39332,36.51875],[-9.39269,36.52292],[-9.38958,36.52697],[-9.38934,36.52708],[-9.38646,36.53125],[-9.38542,36.53542],[-9.38693,36.53958],[-9.38958,36.54075],[-9.39258,36.54375],[-9.39201,36.54792],[-9.39186,36.55208],[-9.39375,36.55347],[-9.39792,36.55307],[-9.4,36.55208],[-9.40208,36.55074],[-9.40625,36.54858],[-9.40978,36.54792],[-9.41042,36.54778],[-9.41161,36.54792],[-9.41458,36.54886],[-9.41806,36.54792],[-9.41875,36.54772],[-9.42208,36.54375],[-9.42292,36.54324],[-9.42708,36.54054],[-9.42923,36.53958],[-9.43125,36.53864],[-9.43542,36.53691],[-9.43697,36.53958],[-9.43902,36.54375],[-9.43958,36.54633],[-9.44375,36.54676],[-9.44792,36.54578],[-9.45208,36.54375],[-9.45625,36.541],[-9.45809,36.53958],[-9.46042,36.53793],[-9.46458,36.53676],[-9.46823,36.53958],[-9.46875,36.53979],[-9.47292,36.54148],[-9.47708,36.54375],[-9.47944,36.53958],[-9.48125,36.53649],[-9.4819,36.53542],[-9.485,36.53125],[-9.48542,36.53067],[-9.489,36.52708],[-9.48958,36.5265],[-9.49375,36.52607],[-9.49792,36.52708],[-9.50208,36.52908],[-9.50444,36.53125],[-9.50625,36.53472],[-9.50652,36.53542],[-9.50767,36.53958],[-9.50699,36.54375],[-9.51042,36.54649],[-9.51458,36.54688],[-9.51597,36.54792],[-9.51875,36.5494],[-9.52292,36.54913],[-9.52708,36.54907],[-9.53125,36.54913],[-9.53542,36.54904],[-9.53958,36.55058],[-9.54312,36.55208],[-9.54375,36.55274],[-9.54792,36.55443],[-9.55208,36.556],[-9.55625,36.55579],[-9.56042,36.55599],[-9.56062,36.55625],[-9.56372,36.56042],[-9.56458,36.56146],[-9.56806,36.56458],[-9.56875,36.56532],[-9.57182,36.56875],[-9.57292,36.5697],[-9.57646,36.57292],[-9.57708,36.575],[-9.57786,36.57708],[-9.57708,36.57753],[-9.57491,36.58125],[-9.57292,36.58407],[-9.57192,36.58542],[-9.56875,36.58698],[-9.56458,36.58882],[-9.56064,36.58958],[-9.56042,36.58961],[-9.55625,36.5907],[-9.55208,36.59163],[-9.54792,36.59139],[-9.54375,36.5919],[-9.53958,36.59263],[-9.53542,36.59356],[-9.53514,36.59375],[-9.53339,36.59792],[-9.53125,36.60008],[-9.52789,36.60208],[-9.52708,36.60266],[-9.52292,36.60562],[-9.52227,36.60625],[-9.5195,36.61042],[-9.52292,36.61313],[-9.52708,36.61254],[-9.53125,36.61235],[-9.53542,36.61291],[-9.53958,36.6125],[-9.54375,36.61234],[-9.54792,36.61276],[-9.55208,36.61428],[-9.55417,36.61458],[-9.55625,36.61549],[-9.55762,36.61875],[-9.55625,36.62157],[-9.55575,36.62292],[-9.55456,36.62708],[-9.55625,36.62822],[-9.56042,36.62897],[-9.56458,36.63117],[-9.56875,36.62782],[-9.56966,36.62708],[-9.57292,36.62477],[-9.57581,36.62708],[-9.57647,36.63125],[-9.57708,36.63211],[-9.58125,36.63317],[-9.58336,36.63125],[-9.58542,36.62893],[-9.58958,36.62736],[-9.59072,36.62708],[-9.59375,36.62644],[-9.59708,36.62708],[-9.59792,36.62726],[-9.60208,36.62827],[-9.60625,36.6292],[-9.61042,36.6307],[-9.61091,36.63125],[-9.61168,36.63542],[-9.61143,36.63958],[-9.61042,36.64162],[-9.60949,36.64375],[-9.60796,36.64792],[-9.60625,36.65191],[-9.60615,36.65208],[-9.60625,36.65229],[-9.61042,36.65361],[-9.61458,36.65396],[-9.61875,36.6538],[-9.6212,36.65208],[-9.62292,36.65107],[-9.62708,36.64898],[-9.63125,36.64814],[-9.63542,36.64792],[-9.63958,36.64807],[-9.64251,36.65208],[-9.64375,36.65306],[-9.64792,36.65526],[-9.65208,36.65433],[-9.65589,36.65208],[-9.65625,36.65191],[-9.66042,36.64885],[-9.66354,36.64792],[-9.66458,36.64761],[-9.66597,36.64792],[-9.66875,36.64865],[-9.67292,36.65091],[-9.67396,36.65208],[-9.67655,36.65625],[-9.67708,36.65958],[-9.67726,36.66042],[-9.68125,36.66441],[-9.68264,36.66458],[-9.68542,36.66477],[-9.68708,36.66458],[-9.68958,36.66425],[-9.69375,36.66159],[-9.69681,36.66042],[-9.69792,36.65993],[-9.70125,36.66042],[-9.70208,36.66074],[-9.70436,36.66458],[-9.70497,36.66875],[-9.70403,36.67292],[-9.70248,36.67708],[-9.7044,36.68125],[-9.70625,36.6821],[-9.71042,36.68339],[-9.71286,36.68542],[-9.71071,36.68958],[-9.71042,36.6902],[-9.70861,36.69375],[-9.70913,36.69792],[-9.71042,36.70057],[-9.71089,36.70208],[-9.71042,36.70381],[-9.70625,36.70581],[-9.70458,36.70625],[-9.7022,36.71042],[-9.70355,36.71458],[-9.70285,36.71875],[-9.70373,36.72292],[-9.70208,36.72708],[-9.69918,36.73125],[-9.69792,36.73344],[-9.69375,36.73515],[-9.69077,36.73542],[-9.68958,36.73553],[-9.68542,36.73583],[-9.68125,36.7379],[-9.67843,36.73958],[-9.67735,36.74375],[-9.68125,36.74564],[-9.68542,36.74792],[-9.68667,36.75208],[-9.68542,36.75262],[-9.68125,36.75376],[-9.67708,36.75384],[-9.67292,36.75412],[-9.66875,36.75499],[-9.66554,36.75625],[-9.66458,36.75676],[-9.66042,36.75838],[-9.65642,36.76042],[-9.65625,36.76094],[-9.65453,36.76458],[-9.65625,36.76519],[-9.66042,36.76643],[-9.66458,36.76786],[-9.66696,36.76875],[-9.66875,36.76927],[-9.67292,36.77006],[-9.67708,36.77141],[-9.67937,36.77292],[-9.68125,36.77489],[-9.68282,36.77708],[-9.68288,36.78125],[-9.68125,36.78385],[-9.67933,36.78542],[-9.67708,36.7875],[-9.67614,36.78958],[-9.6735,36.79375],[-9.67292,36.79446],[-9.66875,36.79761],[-9.66782,36.79792],[-9.66719,36.80208],[-9.66602,36.80625],[-9.66458,36.80946],[-9.66425,36.81042],[-9.66116,36.81458],[-9.66042,36.81505],[-9.65625,36.81726],[-9.65208,36.81823],[-9.65159,36.81875],[-9.64792,36.8215],[-9.64565,36.82292],[-9.64375,36.82443],[-9.63958,36.82563],[-9.63625,36.82708],[-9.63542,36.82757],[-9.63125,36.82975],[-9.62708,36.83103],[-9.62654,36.83125],[-9.62292,36.83431],[-9.61875,36.8347],[-9.61458,36.83466],[-9.61042,36.83497],[-9.60903,36.83542],[-9.60625,36.8378],[-9.60312,36.83958],[-9.60625,36.84349],[-9.61042,36.84292],[-9.61458,36.84177],[-9.61875,36.84184],[-9.62292,36.84219],[-9.62708,36.84175],[-9.63125,36.84196],[-9.63542,36.84227],[-9.63958,36.84292],[-9.64375,36.84244],[-9.64792,36.84299],[-9.65208,36.84192],[-9.65625,36.84182],[-9.66042,36.84182],[-9.66458,36.84052],[-9.66875,36.8403],[-9.67118,36.83958],[-9.67292,36.83875],[-9.67708,36.83718],[-9.68125,36.83609],[-9.68238,36.83542],[-9.68542,36.83374],[-9.68958,36.83221],[-9.69375,36.83224],[-9.69792,36.83201],[-9.69872,36.83125],[-9.70208,36.82717],[-9.70217,36.82708],[-9.70625,36.8243],[-9.70787,36.82292],[-9.71042,36.82003],[-9.7126,36.81875],[-9.71458,36.81806],[-9.71875,36.81624],[-9.72172,36.81458],[-9.72292,36.81326],[-9.72586,36.81042],[-9.72708,36.80948],[-9.73125,36.80663],[-9.7318,36.80625],[-9.73542,36.80445],[-9.73862,36.80208],[-9.73958,36.80113],[-9.74215,36.79792],[-9.74375,36.79592],[-9.74623,36.79375],[-9.74792,36.78976],[-9.74798,36.78958],[-9.7506,36.78542],[-9.75208,36.78299],[-9.75288,36.78125],[-9.75557,36.77708],[-9.75625,36.77522],[-9.75689,36.77292],[-9.76042,36.76931],[-9.76239,36.76875],[-9.76458,36.76787],[-9.76875,36.76518],[-9.76917,36.76458],[-9.77079,36.76042],[-9.77106,36.75625],[-9.77292,36.75302],[-9.77708,36.75238],[-9.78125,36.75284],[-9.78472,36.75208],[-9.78542,36.75186],[-9.78883,36.74792],[-9.78958,36.74596],[-9.79092,36.74375],[-9.79375,36.74149],[-9.79534,36.73958],[-9.79792,36.73718],[-9.80032,36.73542],[-9.80208,36.73218],[-9.80245,36.73125],[-9.80465,36.72708],[-9.80625,36.72511],[-9.80863,36.72292],[-9.81004,36.71875],[-9.81042,36.71792],[-9.81345,36.71458],[-9.81458,36.71358],[-9.81875,36.71168],[-9.82167,36.71042],[-9.82292,36.71001],[-9.82708,36.70917],[-9.83125,36.70851],[-9.83542,36.70625],[-9.83833,36.70208],[-9.83958,36.70174],[-9.84375,36.70098],[-9.84792,36.70018],[-9.85208,36.69967],[-9.85625,36.69973],[-9.85699,36.69792],[-9.85822,36.69375],[-9.8596,36.68958],[-9.86042,36.68792],[-9.86458,36.68865],[-9.86875,36.68891],[-9.87292,36.68958],[-9.87708,36.69128],[-9.88125,36.69375],[-9.88542,36.69593],[-9.88958,36.69771],[-9.89018,36.69792],[-9.89375,36.69958],[-9.89792,36.70153],[-9.9,36.70208],[-9.90208,36.7026],[-9.90625,36.70298],[-9.91042,36.70433],[-9.91319,36.70625],[-9.91458,36.70682],[-9.91875,36.70822],[-9.92292,36.70919],[-9.92708,36.70964],[-9.93125,36.70931],[-9.93542,36.70856],[-9.93958,36.70787],[-9.94375,36.70677],[-9.94514,36.70625],[-9.94792,36.70497],[-9.95208,36.70304],[-9.95417,36.70208],[-9.95625,36.70095],[-9.96042,36.69905],[-9.96198,36.69792],[-9.96458,36.69618],[-9.96723,36.69375],[-9.96875,36.69223],[-9.97118,36.68958],[-9.97292,36.68727],[-9.97443,36.68542],[-9.97708,36.68317],[-9.97958,36.68125],[-9.98125,36.67708],[-9.98411,36.67292],[-9.98542,36.66994],[-9.98581,36.66875],[-9.98958,36.66571],[-9.99097,36.66458],[-9.99375,36.6625],[-9.99452,36.66458],[-9.99792,36.66681],[-10,36.66681]]},"properties":{"fid":1440,"ID":1439,"ELEV":-3000}},
{"type":"Feature","geometry":{"type":"LineString","coordinates":[[-9.73542,32.74428],[-9.73284,32.74792],[-9.73542,32.75016],[-9.73958,32.75136],[-9.74219,32.75208],[-9.74263,32.75625],[-9.73958,32.75828],[-9.73542,32.75663],[-9.73528,32.75625],[-9.73125,32.7547],[-9.72708,32.75618],[-9.72702,32.75625],[-9.72708,32.75634],[-9.73125,32.75912],[-9.73364,32.76042],[-9.73405,32.76458],[-9.73542,32.76566],[-9.7386,32.76458],[-9.73958,32.76339],[-9.74375,32.76337],[-9.74792,32.76069],[-9.74812,32.76042],[-9.75053,32.75625],[-9.75208,32.75494],[-9.75359,32.75208],[-9.75208,32.74917],[-9.74792,32.75012],[-9.74375,32.75119],[-9.74244,32.74792],[-9.73958,32.74667],[-9.73542,32.74428]]},"properties":{"fid":1445,"ID":1444,"ELEV":-2000}},
{"type":"Feature","geometry":{"type":"LineString","coordinates":[[-10,32.53125],[-9.99792,32.53125],[-9.99375,32.53427],[-9.99285,32.53542],[-9.98958,32.53804],[-9.98542,32.53893],[-9.98286,32.53542],[-9.98125,32.53317],[-9.97912,32.53125],[-9.97708,32.52992],[-9.97292,32.52852],[-9.97101,32.52708],[-9.96875,32.52392],[-9.96798,32.52292],[-9.96458,32.52073],[-9.96042,32.52011],[-9.95625,32.51993],[-9.95431,32.52292],[-9.95276,32.52708],[-9.95453,32.53125],[-9.95208,32.53508],[-9.95192,32.53542],[-9.95208,32.53667],[-9.95251,32.53958],[-9.95214,32.54375],[-9.95241,32.54792],[-9.95208,32.54839],[-9.94792,32.54868],[-9.94375,32.55122],[-9.94312,32.55208],[-9.94375,32.55382],[-9.94433,32.55625],[-9.94492,32.56042],[-9.94375,32.56168],[-9.93958,32.56042],[-9.93542,32.55848],[-9.93125,32.55903],[-9.92803,32.56042],[-9.92708,32.56089],[-9.92448,32.56042],[-9.92292,32.56017],[-9.91875,32.55939],[-9.91458,32.55922],[-9.91042,32.55744],[-9.90714,32.55625],[-9.90625,32.55605],[-9.90208,32.55589],[-9.89792,32.55476],[-9.89375,32.55302],[-9.89177,32.55208],[-9.88958,32.55103],[-9.88542,32.54945],[-9.88177,32.54792],[-9.88125,32.54769],[-9.87708,32.5459],[-9.87292,32.54402],[-9.87173,32.54375],[-9.86875,32.54311],[-9.86458,32.54326],[-9.86389,32.54375],[-9.86042,32.54606],[-9.85962,32.54792],[-9.85929,32.55208],[-9.8589,32.55625],[-9.85951,32.56042],[-9.86016,32.56458],[-9.86042,32.56605],[-9.86121,32.56875],[-9.86234,32.57292],[-9.86377,32.57708],[-9.86458,32.57929],[-9.86554,32.58125],[-9.86767,32.58542],[-9.86875,32.58738],[-9.87025,32.58958],[-9.87292,32.59329],[-9.87341,32.59375],[-9.87708,32.59792],[-9.87978,32.60208],[-9.88125,32.60625],[-9.88248,32.61042],[-9.88297,32.61458],[-9.88272,32.61875],[-9.88177,32.62292],[-9.88125,32.62396],[-9.87958,32.62708],[-9.87708,32.63021],[-9.87635,32.63125],[-9.87292,32.63468],[-9.87229,32.63542],[-9.86875,32.63914],[-9.86843,32.63958],[-9.86542,32.64375],[-9.86458,32.64479],[-9.86238,32.64792],[-9.86042,32.6503],[-9.85708,32.65208],[-9.85625,32.65232],[-9.85208,32.65358],[-9.84792,32.65502],[-9.84375,32.656],[-9.84042,32.65625],[-9.83958,32.6563],[-9.83929,32.65625],[-9.83542,32.6553],[-9.83152,32.65208],[-9.83125,32.65165],[-9.82854,32.64792],[-9.82708,32.6462],[-9.82292,32.6443],[-9.81875,32.64743],[-9.81839,32.64792],[-9.81678,32.65208],[-9.81773,32.65625],[-9.81875,32.65858],[-9.81967,32.66042],[-9.8223,32.66458],[-9.82292,32.66577],[-9.82481,32.66875],[-9.8263,32.67292],[-9.82708,32.67633],[-9.82728,32.67708],[-9.82742,32.68125],[-9.82708,32.68214],[-9.82539,32.68542],[-9.82292,32.68757],[-9.81875,32.68948],[-9.81792,32.68958],[-9.81458,32.69038],[-9.81042,32.69125],[-9.80952,32.69375],[-9.80937,32.69792],[-9.81042,32.7],[-9.81287,32.70208],[-9.81458,32.70433],[-9.81615,32.70625],[-9.81736,32.71042],[-9.81667,32.71458],[-9.81542,32.71875],[-9.81458,32.72024],[-9.81314,32.72292],[-9.81042,32.72664],[-9.81002,32.72708],[-9.80625,32.73053],[-9.80546,32.73125],[-9.80208,32.7342],[-9.80062,32.73542],[-9.79792,32.73788],[-9.79594,32.73958],[-9.79375,32.74148],[-9.79137,32.74375],[-9.78958,32.74572],[-9.78769,32.74792],[-9.78542,32.75069],[-9.78438,32.75208],[-9.78192,32.75625],[-9.78125,32.75753],[-9.77946,32.76042],[-9.77774,32.76458],[-9.77708,32.76771],[-9.77679,32.76875],[-9.77597,32.77292],[-9.77674,32.77708],[-9.77708,32.77792],[-9.77806,32.78125],[-9.77906,32.78542],[-9.77862,32.78958],[-9.77708,32.79375],[-9.77318,32.79792],[-9.77292,32.79814],[-9.76875,32.80011],[-9.76458,32.80208],[-9.76042,32.8037],[-9.75625,32.80603],[-9.75595,32.80625],[-9.75208,32.80871],[-9.7494,32.81042],[-9.74792,32.81125],[-9.74375,32.81339],[-9.74097,32.81458],[-9.73958,32.81538],[-9.73542,32.81705],[-9.73125,32.81792],[-9.72778,32.81875],[-9.72708,32.819],[-9.72338,32.82292],[-9.72292,32.82384],[-9.72027,32.82708],[-9.71875,32.8286],[-9.71458,32.8298],[-9.71042,32.82961],[-9.70625,32.82942],[-9.70208,32.82833],[-9.69792,32.82797],[-9.69375,32.82769],[-9.69132,32.82708],[-9.68958,32.82658],[-9.68542,32.82485],[-9.68221,32.82292],[-9.68125,32.82265],[-9.67708,32.82055],[-9.67467,32.81875],[-9.67292,32.81801],[-9.66955,32.81875],[-9.67191,32.82292],[-9.67292,32.82426],[-9.67626,32.82708],[-9.67708,32.82903],[-9.6786,32.83125],[-9.67708,32.83179],[-9.67292,32.83218],[-9.67104,32.83125],[-9.66875,32.83011],[-9.66458,32.83031],[-9.66381,32.83125],[-9.66458,32.83264],[-9.66551,32.83542],[-9.66875,32.83875],[-9.67023,32.83958],[-9.67292,32.84115],[-9.67708,32.84347],[-9.67742,32.84375],[-9.68125,32.84786],[-9.68135,32.84792],[-9.68542,32.85029],[-9.68865,32.85208],[-9.68958,32.85277],[-9.69375,32.8533],[-9.69792,32.85363],[-9.70208,32.85333],[-9.70625,32.85253],[-9.70753,32.85208],[-9.71042,32.85074],[-9.71458,32.84792],[-9.71875,32.84458],[-9.72113,32.84375],[-9.72292,32.84271],[-9.72708,32.84375],[-9.73125,32.84537],[-9.73333,32.84792],[-9.73517,32.85208],[-9.73542,32.85486],[-9.73552,32.85625],[-9.73542,32.85671],[-9.73471,32.86042],[-9.73155,32.86458],[-9.73125,32.86484],[-9.72708,32.86731],[-9.72292,32.86795],[-9.71875,32.86802],[-9.71458,32.8685],[-9.71383,32.86875],[-9.71042,32.86962],[-9.70625,32.87157],[-9.70425,32.87292],[-9.70208,32.87415],[-9.69915,32.87708],[-9.69792,32.87844],[-9.69587,32.88125],[-9.69375,32.88432],[-9.69282,32.88542],[-9.68974,32.88958],[-9.68958,32.88973],[-9.68542,32.89028],[-9.68125,32.89031],[-9.67708,32.8913],[-9.67421,32.89375],[-9.67292,32.89479],[-9.6703,32.89792],[-9.66875,32.89988],[-9.66715,32.90208],[-9.66458,32.90564],[-9.66414,32.90625],[-9.66128,32.91042],[-9.66042,32.91185],[-9.6587,32.91458],[-9.65634,32.91875],[-9.65625,32.91898],[-9.65452,32.92292],[-9.65344,32.92708],[-9.65301,32.93125],[-9.65331,32.93542],[-9.65397,32.93958],[-9.65476,32.94375],[-9.65561,32.94792],[-9.65577,32.95208],[-9.65516,32.95625],[-9.65341,32.96042],[-9.65208,32.96204],[-9.65017,32.96458],[-9.64792,32.96667],[-9.64583,32.96875],[-9.64375,32.9703],[-9.64035,32.97292],[-9.63958,32.9734],[-9.63542,32.97604],[-9.63389,32.97708],[-9.63125,32.97855],[-9.62708,32.98125],[-9.62292,32.98396],[-9.62083,32.98542],[-9.61875,32.98678],[-9.61507,32.98958],[-9.61458,32.99002],[-9.61042,32.99361],[-9.61027,32.99375],[-9.60731,32.99792],[-9.60625,33.00042],[-9.60506,33.00208],[-9.60604,33.00625],[-9.60625,33.00638],[-9.61042,33.00939],[-9.61126,33.01042],[-9.61427,33.01458],[-9.61458,33.01489],[-9.61775,33.01875],[-9.61875,33.02056],[-9.62116,33.02292],[-9.62292,33.02457],[-9.62586,33.02708],[-9.62708,33.02851],[-9.62975,33.03125],[-9.63125,33.03396],[-9.63233,33.03542],[-9.63396,33.03958],[-9.63125,33.04257],[-9.6287,33.04375],[-9.62708,33.04466],[-9.62292,33.04792],[-9.62165,33.05208],[-9.61875,33.05498],[-9.61458,33.0559],[-9.61366,33.05625],[-9.61042,33.05833],[-9.60972,33.06042],[-9.60839,33.06458],[-9.60625,33.06672],[-9.60246,33.06458],[-9.60208,33.06443],[-9.59792,33.06324],[-9.59375,33.06377],[-9.592,33.06458],[-9.59145,33.06875],[-9.58958,33.07101],[-9.58717,33.07292],[-9.58542,33.07379],[-9.58285,33.07292],[-9.58125,33.07261],[-9.57708,33.07229],[-9.57554,33.07292],[-9.57469,33.07708],[-9.57292,33.07992],[-9.56875,33.07953],[-9.56458,33.07851],[-9.56042,33.07829],[-9.55625,33.07853],[-9.55353,33.08125],[-9.55366,33.08542],[-9.55352,33.08958],[-9.55208,33.09074],[-9.54792,33.08969],[-9.54414,33.09375],[-9.54375,33.09399],[-9.54042,33.09375],[-9.53958,33.09368],[-9.53542,33.09369],[-9.53532,33.09375],[-9.53411,33.09792],[-9.53448,33.10208],[-9.53125,33.10436],[-9.52786,33.10208],[-9.52708,33.10134],[-9.52292,33.10024],[-9.51875,33.09859],[-9.51458,33.09975],[-9.5134,33.10208],[-9.51082,33.10625],[-9.51042,33.10718],[-9.50833,33.11042],[-9.50625,33.11366],[-9.50562,33.11458],[-9.50208,33.11776],[-9.50073,33.11875],[-9.50208,33.12292],[-9.50625,33.12469],[-9.51042,33.12589],[-9.51319,33.12708],[-9.51458,33.12773],[-9.51875,33.12993],[-9.52208,33.13125],[-9.52292,33.1316],[-9.52708,33.13448],[-9.52811,33.13542],[-9.53125,33.13725],[-9.53542,33.13924],[-9.53602,33.13958],[-9.53958,33.14238],[-9.54246,33.14375],[-9.54375,33.14496],[-9.54653,33.14792],[-9.54792,33.14909],[-9.55099,33.15208],[-9.54976,33.15625],[-9.54892,33.16042],[-9.54792,33.1631],[-9.54721,33.16458],[-9.54792,33.16806],[-9.54807,33.16875],[-9.55077,33.17292],[-9.55003,33.17708],[-9.54867,33.18125],[-9.54792,33.18297],[-9.54658,33.18542],[-9.54375,33.18734],[-9.53958,33.18906],[-9.53891,33.18958],[-9.53542,33.19277],[-9.53508,33.19375],[-9.53542,33.19542],[-9.53648,33.19792],[-9.53826,33.20208],[-9.53958,33.20538],[-9.54015,33.20625],[-9.54236,33.21042],[-9.54274,33.21458],[-9.54269,33.21875],[-9.54375,33.22193],[-9.5443,33.22292],[-9.54665,33.22708],[-9.54609,33.23125],[-9.54749,33.23542],[-9.54743,33.23958],[-9.54792,33.24284],[-9.54807,33.24375],[-9.54876,33.24792],[-9.55005,33.25208],[-9.55208,33.25501],[-9.55321,33.25625],[-9.55605,33.26042],[-9.55625,33.2607],[-9.5582,33.26458],[-9.55758,33.26875],[-9.55823,33.27292],[-9.56042,33.27678],[-9.56074,33.27708],[-9.56458,33.28071],[-9.56495,33.28125],[-9.56622,33.28542],[-9.56875,33.2889],[-9.56934,33.28958],[-9.57173,33.29375],[-9.5723,33.29792],[-9.57292,33.3002],[-9.57342,33.30208],[-9.57393,33.30625],[-9.57437,33.31042],[-9.57443,33.31458],[-9.57409,33.31875],[-9.57472,33.32292],[-9.57524,33.32708],[-9.57458,33.33125],[-9.57532,33.33542],[-9.57421,33.33958],[-9.5744,33.34375],[-9.57357,33.34792],[-9.57292,33.34998],[-9.57145,33.35208],[-9.57292,33.35437],[-9.57351,33.35625],[-9.57292,33.35811],[-9.57209,33.36042],[-9.57165,33.36458],[-9.57176,33.36875],[-9.57187,33.37292],[-9.57292,33.37529],[-9.57373,33.37708],[-9.57569,33.38125],[-9.57574,33.38542],[-9.57404,33.38958],[-9.57292,33.39122],[-9.57124,33.39375],[-9.56875,33.39745],[-9.56847,33.39792],[-9.5666,33.40208],[-9.56458,33.40433],[-9.56239,33.40625],[-9.56042,33.40814],[-9.55765,33.41042],[-9.55625,33.41185],[-9.55306,33.41458],[-9.55238,33.41875],[-9.55441,33.42292],[-9.55433,33.42708],[-9.5532,33.43125],[-9.55208,33.43288],[-9.55067,33.43542],[-9.54935,33.43958],[-9.54792,33.44263],[-9.54713,33.44375],[-9.54375,33.44759],[-9.54347,33.44792],[-9.54282,33.45208],[-9.54147,33.45625],[-9.54005,33.46042],[-9.53997,33.46458],[-9.53958,33.46577],[-9.53856,33.46875],[-9.53735,33.47292],[-9.53553,33.47708],[-9.53542,33.47723],[-9.53352,33.48125],[-9.53256,33.48542],[-9.53125,33.48679],[-9.52708,33.48881],[-9.52418,33.48958],[-9.52292,33.49004],[-9.51875,33.49199],[-9.51704,33.49375],[-9.51458,33.49787],[-9.51455,33.49792],[-9.51135,33.50208],[-9.51042,33.50357],[-9.50976,33.50625],[-9.50713,33.51042],[-9.50625,33.5114],[-9.50208,33.51234],[-9.49991,33.51458],[-9.49792,33.51836],[-9.49764,33.51875],[-9.49583,33.52292],[-9.49447,33.52708],[-9.49438,33.53125],[-9.49375,33.53333],[-9.49259,33.53542],[-9.48958,33.53771],[-9.48666,33.53958],[-9.48542,33.53997],[-9.48125,33.53958],[-9.47708,33.54037],[-9.47505,33.54375],[-9.47341,33.54792],[-9.47292,33.54886],[-9.47054,33.55208],[-9.46875,33.55409],[-9.46716,33.55625],[-9.46458,33.56014],[-9.4643,33.56042],[-9.46216,33.56458],[-9.46042,33.56717],[-9.45844,33.56875],[-9.45625,33.5704],[-9.45347,33.57292],[-9.45208,33.57363],[-9.44792,33.57603],[-9.44661,33.57708],[-9.44375,33.58009],[-9.44251,33.58125],[-9.43958,33.58377],[-9.43809,33.58542],[-9.43542,33.58671],[-9.4322,33.58958],[-9.43125,33.59061],[-9.42708,33.59327],[-9.42643,33.59375],[-9.42292,33.59579],[-9.41951,33.59792],[-9.41875,33.59814],[-9.41458,33.59965],[-9.41042,33.60049],[-9.40692,33.60208],[-9.40625,33.60225],[-9.40208,33.60358],[-9.39792,33.60522],[-9.39481,33.60625],[-9.39375,33.60645],[-9.38958,33.60632],[-9.38542,33.60857],[-9.38278,33.61042],[-9.38125,33.61163],[-9.37708,33.61334],[-9.37449,33.61458],[-9.37292,33.61575],[-9.36875,33.61801],[-9.36782,33.61875],[-9.36458,33.62089],[-9.36139,33.62292],[-9.36042,33.62364],[-9.35625,33.62643],[-9.35517,33.62708],[-9.35208,33.62854],[-9.3485,33.63125],[-9.34792,33.63177],[-9.34375,33.63345],[-9.33981,33.63542],[-9.33958,33.6355],[-9.33542,33.63657],[-9.33125,33.63819],[-9.32778,33.63958],[-9.32708,33.63983],[-9.32292,33.64094],[-9.31875,33.64213],[-9.31532,33.64375],[-9.31458,33.64415],[-9.31042,33.64539],[-9.30625,33.64635],[-9.30208,33.64755],[-9.30069,33.64792],[-9.29792,33.64851],[-9.29375,33.64992],[-9.28958,33.65151],[-9.28773,33.65208],[-9.28542,33.65266],[-9.28125,33.65433],[-9.27708,33.65527],[-9.27326,33.65625],[-9.27292,33.65633],[-9.26875,33.65838],[-9.26458,33.65887],[-9.26042,33.66012],[-9.25903,33.66042],[-9.25625,33.66084],[-9.25208,33.66109],[-9.24792,33.6614],[-9.24375,33.66213],[-9.23958,33.66294],[-9.23542,33.66357],[-9.23281,33.66458],[-9.23125,33.66483],[-9.22708,33.66524],[-9.22292,33.66517],[-9.21875,33.66583],[-9.21458,33.66709],[-9.21197,33.66875],[-9.21042,33.66967],[-9.20625,33.6718],[-9.20462,33.67292],[-9.20208,33.6749],[-9.19967,33.67708],[-9.19792,33.67953],[-9.19543,33.68125],[-9.19375,33.68235],[-9.18958,33.68391],[-9.18542,33.68419],[-9.1835,33.68542],[-9.18125,33.68667],[-9.1775,33.68958],[-9.17708,33.6899],[-9.17292,33.69356],[-9.17268,33.69375],[-9.16961,33.69792],[-9.16875,33.69858],[-9.16458,33.70063],[-9.16188,33.70208],[-9.16042,33.70284],[-9.15625,33.70619],[-9.15616,33.70625],[-9.15208,33.70952],[-9.15016,33.71042],[-9.14792,33.71152],[-9.14375,33.71403],[-9.14308,33.71458],[-9.13958,33.71782],[-9.13839,33.71875],[-9.13542,33.72005],[-9.13125,33.72283],[-9.13102,33.72292],[-9.12708,33.72478],[-9.12292,33.72604],[-9.12035,33.72708],[-9.11875,33.72795],[-9.11458,33.73081],[-9.11319,33.73125],[-9.11042,33.73187],[-9.10625,33.73243],[-9.10208,33.73514],[-9.09792,33.73514],[-9.09375,33.73367],[-9.08958,33.73356],[-9.08542,33.73313],[-9.08125,33.73401],[-9.07877,33.73542],[-9.07708,33.73611],[-9.07292,33.73712],[-9.06875,33.73653],[-9.06576,33.73542],[-9.06458,33.73498],[-9.06361,33.73542],[-9.06042,33.73625],[-9.05887,33.73542],[-9.05625,33.73253],[-9.05208,33.73246],[-9.04792,33.73313],[-9.04375,33.73439],[-9.04172,33.73542],[-9.03958,33.7366],[-9.03542,33.73923],[-9.03484,33.73958],[-9.03125,33.74211],[-9.02839,33.74375],[-9.02708,33.74467],[-9.02292,33.74722],[-9.02187,33.74792],[-9.01875,33.75048],[-9.01659,33.75208],[-9.01458,33.75385],[-9.01114,33.75625],[-9.01042,33.75682],[-9.00625,33.75898],[-9.00208,33.75968],[-8.99792,33.75971],[-8.99375,33.75986],[-8.98958,33.76033],[-8.9892,33.76042],[-8.98542,33.7612],[-8.98125,33.76224],[-8.97708,33.76345],[-8.97357,33.76458],[-8.97292,33.76481],[-8.96875,33.76689],[-8.96672,33.76875],[-8.96458,33.77123],[-8.96328,33.77292],[-8.96055,33.77708],[-8.96042,33.77748],[-8.95918,33.78125],[-8.95824,33.78542],[-8.95772,33.78958],[-8.95747,33.79375],[-8.95714,33.79792],[-8.95655,33.80208],[-8.95625,33.80339],[-8.95558,33.80625],[-8.95372,33.81042],[-8.95208,33.81334],[-8.9514,33.81458],[-8.94856,33.81875],[-8.94792,33.8196],[-8.94538,33.82292],[-8.94375,33.82492],[-8.94196,33.82708],[-8.93958,33.82997],[-8.93862,33.83125],[-8.93564,33.83542],[-8.93542,33.83574],[-8.93317,33.83958],[-8.93125,33.84307],[-8.93089,33.84375],[-8.92786,33.84792],[-8.92708,33.84893],[-8.9241,33.85208],[-8.92292,33.85341],[-8.9202,33.85625],[-8.91875,33.85784],[-8.91646,33.86042],[-8.91458,33.86284],[-8.91321,33.86458],[-8.91042,33.86875],[-8.90733,33.87292],[-8.90625,33.87414],[-8.90357,33.87708],[-8.90208,33.87875],[-8.89989,33.88125],[-8.89792,33.88364],[-8.8965,33.88542],[-8.89375,33.8888],[-8.89309,33.88958],[-8.88972,33.89375],[-8.88958,33.8939],[-8.88542,33.8973],[-8.88456,33.89792],[-8.88125,33.90014],[-8.87863,33.90208],[-8.87708,33.90308],[-8.87292,33.90568],[-8.87181,33.90625],[-8.86875,33.90772],[-8.86458,33.90967],[-8.86311,33.91042],[-8.86042,33.91159],[-8.85625,33.91281],[-8.85208,33.91416],[-8.85092,33.91458],[-8.84792,33.91564],[-8.84375,33.91734],[-8.84033,33.91875],[-8.83958,33.91906],[-8.83542,33.92006],[-8.83125,33.92099],[-8.82708,33.92201],[-8.82443,33.92292],[-8.82292,33.92343],[-8.81875,33.92538],[-8.81569,33.92708],[-8.81458,33.92763],[-8.81042,33.92963],[-8.80699,33.93125],[-8.80625,33.93161],[-8.80208,33.93366],[-8.79825,33.93542],[-8.79792,33.93556],[-8.79375,33.93712],[-8.78958,33.9388],[-8.78646,33.93958],[-8.78542,33.93972],[-8.78132,33.94375],[-8.78125,33.94383],[-8.77708,33.94574],[-8.77333,33.94792],[-8.77292,33.94886],[-8.771,33.95208],[-8.76909,33.95625],[-8.76875,33.95679],[-8.76528,33.96042],[-8.76458,33.96129],[-8.76042,33.96434],[-8.75982,33.96458],[-8.75625,33.96708],[-8.75208,33.96736],[-8.74931,33.96458],[-8.74958,33.96042],[-8.74792,33.95875],[-8.74583,33.95625],[-8.74375,33.95375],[-8.73958,33.95521],[-8.73542,33.95442],[-8.73199,33.95208],[-8.73125,33.95104],[-8.72841,33.94792],[-8.72708,33.94733],[-8.72292,33.94563],[-8.71875,33.9452],[-8.71667,33.94375],[-8.71458,33.94131],[-8.71146,33.93958],[-8.71042,33.93889],[-8.70625,33.9356],[-8.70598,33.93542],[-8.70208,33.93247],[-8.70047,33.93125],[-8.69792,33.92861],[-8.69714,33.92708],[-8.69545,33.92292],[-8.69375,33.92171],[-8.68958,33.92127],[-8.68636,33.92292],[-8.68542,33.92369],[-8.6851,33.92292],[-8.68401,33.91875],[-8.68207,33.91458],[-8.68125,33.91389],[-8.68042,33.91458],[-8.67708,33.91686],[-8.67341,33.91875],[-8.67292,33.91918],[-8.67256,33.91875],[-8.66997,33.91458],[-8.66875,33.91258],[-8.66694,33.91042],[-8.66458,33.90888],[-8.66042,33.90867],[-8.65625,33.90955],[-8.65588,33.91042],[-8.65297,33.91458],[-8.65208,33.91532],[-8.64962,33.91458],[-8.64792,33.91382],[-8.64417,33.91458],[-8.64375,33.91465],[-8.64035,33.91875],[-8.63958,33.9195],[-8.63542,33.92101],[-8.63428,33.92292],[-8.63291,33.92708],[-8.63212,33.93125],[-8.63179,33.93542],[-8.63125,33.93702],[-8.62931,33.93958],[-8.62708,33.94358],[-8.62699,33.94375],[-8.62468,33.94792],[-8.62292,33.95085],[-8.62233,33.95208],[-8.62041,33.95625],[-8.61875,33.95909],[-8.61799,33.96042],[-8.61458,33.96415],[-8.61395,33.96458],[-8.61042,33.96662],[-8.60625,33.96714],[-8.60208,33.96673],[-8.59792,33.96553],[-8.59571,33.96458],[-8.59375,33.96366],[-8.58958,33.96149],[-8.58542,33.96159],[-8.58125,33.96185],[-8.57708,33.96189],[-8.57292,33.96239],[-8.57029,33.96458],[-8.56875,33.9659],[-8.56525,33.96875],[-8.56458,33.96935],[-8.56042,33.9724],[-8.55971,33.97292],[-8.55625,33.97569],[-8.55417,33.97708],[-8.55208,33.97862],[-8.54792,33.98091],[-8.54722,33.98125],[-8.54375,33.98302],[-8.53958,33.98533],[-8.53944,33.98542],[-8.53542,33.98775],[-8.53202,33.98958],[-8.53125,33.99005],[-8.52708,33.99264],[-8.52614,33.99375],[-8.52404,33.99792],[-8.52292,34.00086],[-8.52229,34.00208],[-8.51875,34.00488],[-8.51621,34.00625],[-8.51458,34.0075],[-8.51061,34.01042],[-8.51161,34.01458],[-8.51042,34.0148],[-8.50636,34.01875],[-8.50625,34.01887],[-8.50208,34.02285],[-8.49792,34.02134],[-8.49375,34.02066],[-8.48958,34.0226],[-8.48938,34.02292],[-8.48772,34.02708],[-8.48542,34.03036],[-8.48125,34.02847],[-8.48036,34.02708],[-8.47708,34.02346],[-8.47373,34.02708],[-8.47292,34.02769],[-8.46875,34.02836],[-8.46458,34.02933],[-8.46042,34.03021],[-8.45625,34.03108],[-8.45208,34.03125],[-8.44792,34.03125],[-8.44375,34.03143],[-8.43958,34.03198],[-8.43542,34.03368],[-8.43237,34.03542],[-8.43125,34.03619],[-8.42708,34.03909],[-8.42632,34.03958],[-8.42292,34.04193],[-8.41979,34.04375],[-8.41875,34.04442],[-8.41458,34.04602],[-8.41042,34.0471],[-8.40938,34.04792],[-8.40625,34.0517],[-8.4061,34.05208],[-8.40521,34.05625],[-8.40208,34.05722],[-8.40012,34.05625],[-8.39792,34.0538],[-8.39552,34.05208],[-8.39375,34.05032],[-8.38958,34.0503],[-8.38542,34.05014],[-8.38125,34.05119],[-8.38061,34.05208],[-8.37947,34.05625],[-8.37708,34.05895],[-8.37453,34.06042],[-8.37292,34.06148],[-8.36875,34.06211],[-8.36628,34.06458],[-8.36458,34.06713],[-8.36356,34.06875],[-8.36387,34.07292],[-8.36313,34.07708],[-8.36263,34.08125],[-8.36222,34.08542],[-8.36157,34.08958],[-8.36102,34.09375],[-8.36049,34.09792],[-8.36042,34.09931],[-8.36025,34.10208],[-8.36042,34.10417],[-8.36059,34.10625],[-8.36139,34.11042],[-8.36297,34.11458],[-8.36458,34.11703],[-8.36556,34.11875],[-8.36761,34.12292],[-8.36837,34.12708],[-8.36845,34.13125],[-8.36782,34.13542],[-8.36658,34.13958],[-8.36467,34.14375],[-8.36458,34.14392],[-8.36199,34.14792],[-8.36042,34.15016],[-8.35849,34.15208],[-8.35625,34.15442],[-8.35417,34.15625],[-8.35208,34.15808],[-8.34865,34.16042],[-8.34792,34.16081],[-8.34375,34.1631],[-8.34069,34.16458],[-8.33958,34.16516],[-8.33677,34.16875],[-8.33542,34.17003],[-8.3336,34.17292],[-8.3321,34.17708],[-8.33125,34.17906],[-8.32958,34.18125],[-8.32708,34.18348],[-8.32483,34.18542],[-8.32292,34.18685],[-8.31911,34.18958],[-8.31875,34.18989],[-8.31458,34.19342],[-8.3142,34.19375],[-8.31042,34.19722],[-8.30966,34.19792],[-8.30625,34.20092],[-8.30471,34.20208],[-8.30208,34.20417],[-8.29945,34.20625],[-8.29792,34.20742],[-8.29375,34.21042],[-8.28958,34.21359],[-8.28828,34.21458],[-8.28542,34.21713],[-8.2837,34.21875],[-8.28125,34.22135],[-8.27978,34.22292],[-8.27708,34.22597],[-8.27589,34.22708],[-8.27292,34.2294],[-8.26875,34.23076],[-8.26667,34.23125],[-8.26458,34.23171],[-8.26042,34.23287],[-8.25625,34.23431],[-8.25347,34.23542],[-8.25208,34.2358],[-8.24792,34.23759],[-8.24375,34.23958],[-8.23958,34.24167],[-8.23542,34.24375],[-8.23125,34.24531],[-8.22708,34.24708],[-8.22537,34.24792],[-8.22292,34.24914],[-8.21875,34.25107],[-8.21653,34.25208],[-8.21458,34.25302],[-8.21042,34.2551],[-8.20819,34.25625],[-8.20625,34.25733],[-8.20208,34.25931],[-8.19905,34.26042],[-8.19792,34.26082],[-8.19375,34.2622],[-8.18958,34.26304],[-8.18542,34.26313],[-8.18125,34.26319],[-8.17708,34.26319],[-8.17292,34.26334],[-8.16875,34.26362],[-8.16458,34.2639],[-8.16042,34.26444],[-8.16004,34.26458],[-8.15625,34.26625],[-8.15208,34.26849],[-8.15162,34.26875],[-8.14792,34.27108],[-8.14528,34.27292],[-8.14375,34.27403],[-8.13958,34.27697],[-8.13939,34.27708],[-8.13542,34.27899],[-8.13125,34.2809],[-8.13049,34.28125],[-8.12708,34.28269],[-8.12292,34.28463],[-8.12169,34.28542],[-8.11875,34.28746],[-8.11601,34.28958],[-8.11458,34.29079],[-8.11098,34.29375],[-8.11042,34.2943],[-8.10625,34.29706],[-8.10429,34.29792],[-8.10208,34.29896],[-8.09792,34.3001],[-8.09375,34.30079],[-8.08958,34.30117],[-8.08542,34.30168],[-8.08125,34.30208],[-8.07708,34.30225],[-8.07292,34.30208],[-8.06875,34.30253],[-8.06458,34.30265],[-8.06042,34.30294],[-8.05625,34.30511],[-8.05408,34.30625],[-8.05208,34.3074],[-8.04792,34.30974],[-8.04691,34.31042],[-8.04375,34.31241],[-8.04148,34.31458],[-8.03958,34.31657],[-8.0375,34.31875],[-8.03542,34.3207],[-8.03275,34.32292],[-8.03125,34.32406],[-8.02708,34.32665],[-8.02616,34.32708],[-8.02292,34.32862],[-8.01875,34.33025],[-8.01574,34.33125],[-8.01458,34.33171],[-8.01042,34.33339],[-8.00701,34.33542],[-8.00625,34.33588],[-8.00208,34.33716],[-7.99792,34.33958],[-7.99375,34.33988],[-7.98958,34.34023],[-7.98542,34.34363],[-7.98504,34.34375],[-7.98125,34.34594],[-7.98024,34.34792],[-7.97708,34.35107],[-7.97292,34.35174],[-7.97225,34.35208],[-7.96875,34.35403],[-7.96619,34.35625],[-7.96458,34.35865],[-7.96131,34.36042],[-7.96042,34.36088],[-7.95625,34.36222],[-7.95208,34.36429],[-7.95152,34.36458],[-7.94792,34.36627],[-7.94375,34.36749],[-7.93958,34.36799],[-7.93542,34.36787],[-7.93125,34.36731],[-7.92708,34.36727],[-7.92358,34.36875],[-7.92292,34.36913],[-7.91875,34.37225],[-7.91794,34.37292],[-7.91458,34.37566],[-7.91269,34.37708],[-7.91042,34.37875],[-7.90625,34.38115],[-7.90573,34.38125],[-7.90208,34.38188],[-7.89792,34.3826],[-7.89375,34.38398],[-7.89144,34.38542],[-7.88958,34.38649],[-7.88542,34.38931],[-7.88507,34.38958],[-7.88125,34.39213],[-7.87882,34.39375],[-7.87708,34.39479],[-7.87292,34.39681],[-7.87056,34.39792],[-7.86875,34.39889],[-7.86458,34.40048],[-7.86317,34.40208],[-7.86042,34.40397],[-7.85625,34.40208],[-7.85208,34.40239],[-7.84792,34.40243],[-7.84375,34.40403],[-7.84085,34.40625],[-7.83958,34.40722],[-7.83542,34.40792],[-7.83125,34.41032],[-7.83107,34.41042],[-7.82708,34.41289],[-7.825,34.41458],[-7.82292,34.41674],[-7.81875,34.41875],[-7.81458,34.42222],[-7.81379,34.42292],[-7.81042,34.425],[-7.80625,34.42631],[-7.8057,34.42708],[-7.80457,34.43125],[-7.80477,34.43542],[-7.80208,34.43904],[-7.8003,34.43958],[-7.79792,34.44125],[-7.79653,34.44375],[-7.79375,34.4476],[-7.79353,34.44792],[-7.79256,34.45208],[-7.79282,34.45625],[-7.79375,34.45792],[-7.79531,34.46042],[-7.79792,34.46273],[-7.79958,34.46458],[-7.80208,34.46651],[-7.80625,34.46787],[-7.81042,34.46796],[-7.81458,34.4678],[-7.81875,34.4675],[-7.82292,34.46729],[-7.82708,34.46831],[-7.82827,34.46875],[-7.83125,34.47014],[-7.83542,34.47292],[-7.83958,34.47633],[-7.84034,34.47708],[-7.84261,34.48125],[-7.84375,34.48542],[-7.844,34.48958],[-7.84375,34.49167],[-7.8434,34.49375],[-7.84375,34.49792],[-7.84125,34.50208],[-7.83958,34.50365],[-7.83542,34.50625],[-7.83125,34.50398],[-7.82875,34.50625],[-7.83125,34.5101],[-7.83147,34.51042],[-7.83125,34.51065],[-7.82708,34.51403],[-7.82431,34.51458],[-7.82292,34.5148],[-7.81875,34.51551],[-7.81458,34.5149],[-7.81042,34.51619],[-7.80625,34.51875],[-7.80208,34.52003],[-7.79792,34.52118],[-7.79375,34.52181],[-7.78958,34.52204],[-7.78792,34.52292],[-7.78542,34.52649],[-7.78458,34.52708],[-7.78125,34.52986],[-7.77708,34.53079],[-7.77625,34.53125],[-7.77292,34.53363],[-7.76875,34.53542],[-7.76458,34.5375],[-7.76042,34.53958],[-7.75764,34.53542],[-7.75625,34.53437],[-7.75208,34.53125],[-7.74792,34.52801],[-7.74699,34.52708],[-7.74375,34.52484],[-7.74236,34.52292],[-7.73958,34.51998],[-7.73868,34.51875],[-7.73617,34.51458],[-7.73542,34.51386],[-7.73125,34.51319],[-7.72708,34.51131],[-7.72292,34.51042],[-7.71875,34.51042],[-7.71458,34.50949],[-7.71042,34.50788],[-7.70792,34.50625],[-7.70625,34.50493],[-7.70417,34.50208],[-7.70208,34.49973],[-7.69792,34.5008],[-7.69375,34.50065],[-7.69076,34.49792],[-7.68958,34.49674],[-7.68542,34.49601],[-7.68125,34.49653],[-7.67708,34.49705],[-7.67593,34.49792],[-7.67292,34.49956],[-7.66875,34.50172],[-7.66458,34.50186],[-7.66042,34.50208],[-7.65625,34.50312],[-7.65208,34.50542],[-7.64943,34.50625],[-7.64792,34.50685],[-7.64375,34.50998],[-7.6435,34.51042],[-7.64058,34.51458],[-7.63958,34.51551],[-7.63542,34.51788],[-7.63426,34.51875],[-7.63125,34.52007],[-7.62708,34.5214],[-7.62292,34.52292],[-7.61875,34.52345],[-7.61458,34.52423],[-7.61042,34.52629],[-7.60978,34.52708],[-7.60625,34.53024],[-7.60208,34.53054],[-7.60119,34.53125],[-7.59792,34.53389],[-7.59415,34.53542],[-7.59375,34.53558],[-7.58958,34.53831],[-7.58775,34.53958],[-7.58542,34.54097],[-7.58125,34.54292],[-7.57708,34.5434],[-7.57292,34.54203],[-7.56875,34.54292],[-7.56458,34.54324],[-7.56042,34.54286],[-7.55625,34.54331],[-7.55394,34.54375],[-7.55208,34.54542],[-7.55052,34.54792],[-7.54792,34.54935],[-7.54375,34.54964],[-7.53958,34.55098],[-7.53708,34.55208],[-7.53542,34.55317],[-7.53125,34.55428],[-7.52812,34.55625],[-7.52708,34.55694],[-7.52292,34.55865],[-7.51875,34.55951],[-7.51644,34.56042],[-7.51458,34.56458],[-7.51227,34.56875],[-7.51319,34.57292],[-7.51134,34.57708],[-7.51042,34.57917],[-7.50923,34.58125],[-7.50625,34.58208],[-7.50208,34.58333],[-7.49792,34.58469],[-7.49554,34.58542],[-7.49554,34.58958],[-7.49583,34.59375],[-7.49375,34.59792],[-7.49005,34.60208],[-7.49062,34.60625],[-7.49292,34.61042],[-7.49375,34.61458],[-7.49494,34.61875],[-7.49375,34.62153],[-7.49292,34.62292],[-7.49097,34.62708],[-7.48993,34.63125],[-7.48958,34.6316],[-7.48542,34.63333],[-7.48403,34.63542],[-7.48218,34.63958],[-7.48125,34.64167],[-7.48006,34.64375],[-7.47708,34.64792],[-7.47292,34.65208],[-7.46875,34.65625],[-7.46458,34.65804],[-7.46125,34.66042],[-7.46042,34.6625],[-7.45937,34.66458],[-7.45718,34.66875],[-7.45625,34.66979],[-7.45268,34.67292],[-7.45208,34.67351],[-7.44896,34.67708],[-7.44792,34.67986],[-7.44653,34.68125],[-7.44435,34.68542],[-7.44375,34.68958],[-7.44306,34.69375],[-7.44375,34.69792],[-7.44375,34.70208],[-7.44125,34.70625],[-7.43958,34.71042],[-7.43661,34.71458],[-7.43542,34.71577],[-7.43244,34.71875],[-7.43125,34.72083],[-7.42917,34.72292],[-7.42708,34.725],[-7.425,34.72708],[-7.42292,34.72847],[-7.41958,34.73125],[-7.41875,34.73194],[-7.41615,34.73542],[-7.41458,34.73958],[-7.41101,34.74375],[-7.41042,34.74514],[-7.40833,34.74792],[-7.40625,34.75069],[-7.40521,34.75208],[-7.40208,34.75625],[-7.40458,34.76042],[-7.40458,34.76458],[-7.40625,34.76625],[-7.40875,34.76875],[-7.40833,34.77292],[-7.41042,34.77625],[-7.4125,34.77708],[-7.4125,34.78125],[-7.41458,34.78333],[-7.41667,34.78542],[-7.41875,34.78607],[-7.42292,34.78714],[-7.42708,34.78819],[-7.42871,34.78958],[-7.43125,34.79101],[-7.43542,34.79261],[-7.43958,34.79129],[-7.44375,34.78973],[-7.44479,34.78958],[-7.44792,34.789],[-7.44865,34.78958],[-7.45208,34.79218],[-7.45625,34.79224],[-7.46042,34.79206],[-7.46458,34.79289],[-7.46562,34.79375],[-7.46875,34.79544],[-7.47292,34.79612],[-7.47662,34.79792],[-7.47708,34.79822],[-7.48125,34.80062],[-7.48288,34.80208],[-7.48542,34.80521],[-7.48659,34.80625],[-7.48958,34.80801],[-7.49375,34.80653],[-7.49411,34.80625],[-7.49792,34.80484],[-7.50208,34.80526],[-7.50383,34.80625],[-7.50625,34.80814],[-7.51042,34.80865],[-7.51458,34.80947],[-7.51875,34.81002],[-7.52292,34.81017],[-7.52323,34.81042],[-7.52708,34.81439],[-7.52804,34.81458],[-7.53125,34.81533],[-7.53542,34.81556],[-7.53958,34.81548],[-7.54375,34.81562],[-7.54792,34.81802],[-7.55083,34.81875],[-7.55208,34.81914],[-7.55298,34.81875],[-7.55625,34.8178],[-7.56042,34.81597],[-7.56458,34.81485],[-7.56562,34.81458],[-7.56875,34.81387],[-7.57292,34.81277],[-7.57708,34.81447],[-7.57731,34.81458],[-7.58125,34.8168],[-7.58542,34.81771],[-7.58958,34.81765],[-7.59375,34.81774],[-7.59792,34.81823],[-7.60208,34.81745],[-7.60625,34.81621],[-7.61042,34.8158],[-7.61458,34.81483],[-7.61875,34.81551],[-7.62292,34.81712],[-7.62708,34.81806],[-7.62847,34.81875],[-7.63125,34.82073],[-7.63542,34.82099],[-7.63958,34.82083],[-7.64375,34.82139],[-7.64792,34.82074],[-7.65208,34.82058],[-7.65625,34.82029],[-7.66042,34.81958],[-7.66269,34.81875],[-7.66458,34.81823],[-7.66875,34.81822],[-7.67292,34.81825],[-7.67708,34.81796],[-7.68125,34.81684],[-7.68542,34.81726],[-7.68958,34.81781],[-7.69375,34.81801],[-7.69792,34.81836],[-7.69907,34.81875],[-7.70208,34.82121],[-7.70625,34.82257],[-7.70679,34.82292],[-7.71042,34.82639],[-7.71458,34.82681],[-7.71488,34.82708],[-7.71875,34.83069],[-7.72,34.83125],[-7.72292,34.83542],[-7.72708,34.83935],[-7.72734,34.83958],[-7.73125,34.84349],[-7.73167,34.84375],[-7.73542,34.84596],[-7.73958,34.8475],[-7.74375,34.84732],[-7.74687,34.84792],[-7.74792,34.84811],[-7.75208,34.84854],[-7.75625,34.8506],[-7.76042,34.85181],[-7.76076,34.85208],[-7.76458,34.85432],[-7.76875,34.85538],[-7.77292,34.85565],[-7.77708,34.85625],[-7.78125,34.85982],[-7.78542,34.86042],[-7.78542,34.86458],[-7.78458,34.86875],[-7.78423,34.87292],[-7.78542,34.87396],[-7.78958,34.87569],[-7.79375,34.87612],[-7.79444,34.87708],[-7.79375,34.87822],[-7.79097,34.88125],[-7.78958,34.88218],[-7.78542,34.88375],[-7.78423,34.88542],[-7.78264,34.88958],[-7.78254,34.89375],[-7.78264,34.89792],[-7.7851,34.90208],[-7.78542,34.90255],[-7.78819,34.90625],[-7.78958,34.90777],[-7.7913,34.91042],[-7.79375,34.91157],[-7.79792,34.91276],[-7.80208,34.91339],[-7.80625,34.91319],[-7.81042,34.91319],[-7.81458,34.9133],[-7.81875,34.91371],[-7.82292,34.91387],[-7.82708,34.91434],[-7.82742,34.91458],[-7.83125,34.91755],[-7.83524,34.91875],[-7.83542,34.91895],[-7.83958,34.92205],[-7.84375,34.92268],[-7.84414,34.92292],[-7.84653,34.92708],[-7.84375,34.92875],[-7.83958,34.92808],[-7.83542,34.92778],[-7.83151,34.93125],[-7.83333,34.93542],[-7.83542,34.93731],[-7.83792,34.93958],[-7.83958,34.94038],[-7.84375,34.94139],[-7.84792,34.94149],[-7.85208,34.94265],[-7.85625,34.94335],[-7.85664,34.94375],[-7.85881,34.94792],[-7.86042,34.95208],[-7.8601,34.95625],[-7.85995,34.96042],[-7.86042,34.96125],[-7.86187,34.96458],[-7.86458,34.96771],[-7.86667,34.96875],[-7.86875,34.97024],[-7.87062,34.97292],[-7.87292,34.97461],[-7.87708,34.97634],[-7.87862,34.97708],[-7.88125,34.97817],[-7.88542,34.97922],[-7.88958,34.98044],[-7.89154,34.98125],[-7.89081,34.98542],[-7.88958,34.9869],[-7.88738,34.98958],[-7.8875,34.99375],[-7.88958,34.99583],[-7.89107,34.99792],[-7.88958,34.99875],[-7.88611,35.00208],[-7.88958,35.00517],[-7.89075,35.00625],[-7.89375,35.0102],[-7.89398,35.01042],[-7.89542,35.01458],[-7.89745,35.01875],[-7.89792,35.01958],[-7.90208,35.02153],[-7.90324,35.02292],[-7.90625,35.025],[-7.908,35.02708],[-7.91042,35.02943],[-7.91204,35.03125],[-7.91208,35.03542],[-7.91117,35.03958],[-7.91136,35.04375],[-7.91042,35.04667],[-7.90928,35.04792],[-7.90625,35.04988],[-7.90357,35.05208],[-7.90208,35.05417],[-7.9,35.05625],[-7.89896,35.06042],[-7.89792,35.06111],[-7.89375,35.06131],[-7.89089,35.06458],[-7.89167,35.06875],[-7.89375,35.0714],[-7.89437,35.07292],[-7.89449,35.07708],[-7.89375,35.07917],[-7.89125,35.08125],[-7.88993,35.08542],[-7.88958,35.08576],[-7.88542,35.08958],[-7.88622,35.09375],[-7.88542,35.09673],[-7.88486,35.09792],[-7.88194,35.10208],[-7.88125,35.105],[-7.88047,35.10625],[-7.87708,35.10794],[-7.87505,35.11042],[-7.87292,35.11212],[-7.86914,35.11458],[-7.86875,35.11485],[-7.86508,35.11875],[-7.86458,35.11927],[-7.86042,35.12072],[-7.85625,35.12273],[-7.85608,35.12292],[-7.85208,35.12456],[-7.85011,35.12708],[-7.84792,35.12873],[-7.84479,35.13125],[-7.84375,35.13233],[-7.84109,35.13542],[-7.83958,35.13741],[-7.8365,35.13958],[-7.83723,35.14375],[-7.8378,35.14792],[-7.836,35.15208],[-7.83542,35.15286],[-7.83223,35.15625],[-7.83131,35.16042],[-7.83125,35.1606],[-7.82877,35.16458],[-7.82708,35.16545],[-7.82292,35.16763],[-7.82118,35.16875],[-7.81899,35.17292],[-7.81875,35.1732],[-7.81521,35.17708],[-7.81458,35.1778],[-7.81042,35.17831],[-7.80625,35.17935],[-7.80208,35.18047],[-7.80137,35.18125],[-7.79792,35.18521],[-7.79775,35.18542],[-7.79425,35.18958],[-7.79375,35.19167],[-7.79242,35.19375],[-7.79375,35.19514],[-7.79792,35.19763],[-7.79896,35.19792],[-7.79792,35.20208],[-7.80208,35.20625],[-7.79792,35.20208],[-7.79673,35.20625],[-7.79708,35.21042],[-7.79375,35.2125],[-7.79081,35.21458],[-7.78958,35.21526],[-7.78542,35.2163],[-7.78125,35.21749],[-7.77778,35.21875],[-7.77708,35.21944],[-7.77292,35.22153],[-7.76875,35.2225],[-7.76736,35.22292],[-7.76875,35.22361],[-7.77292,35.22448],[-7.77708,35.22708],[-7.78125,35.22973],[-7.78542,35.23125],[-7.78125,35.23223],[-7.77708,35.233],[-7.77292,35.23333],[-7.76875,35.23542],[-7.76458,35.23811],[-7.76292,35.23958],[-7.76042,35.24299],[-7.75998,35.24375],[-7.75965,35.24792],[-7.76042,35.24981],[-7.76458,35.25089],[-7.7661,35.25208],[-7.76875,35.25573],[-7.76913,35.25625],[-7.76875,35.25663],[-7.76458,35.25913],[-7.76042,35.25881],[-7.76003,35.26042],[-7.75754,35.26458],[-7.75625,35.26659],[-7.75431,35.26875],[-7.75255,35.27292],[-7.75625,35.27467],[-7.76042,35.27616],[-7.76458,35.27653],[-7.76875,35.27676],[-7.77014,35.27708],[-7.77054,35.28125],[-7.76875,35.28257],[-7.7672,35.28542],[-7.76875,35.28621],[-7.77292,35.28781],[-7.77708,35.2892],[-7.77775,35.28958],[-7.78125,35.29141],[-7.78542,35.29325],[-7.78958,35.29213],[-7.79142,35.28958],[-7.79375,35.28725],[-7.79558,35.28542],[-7.79792,35.28384],[-7.80208,35.28232],[-7.80625,35.28177],[-7.81042,35.28125],[-7.81458,35.28032],[-7.81875,35.2794],[-7.82292,35.27865],[-7.82708,35.27875],[-7.83125,35.28006],[-7.8331,35.28125],[-7.83542,35.28158],[-7.83958,35.28356],[-7.84375,35.28329],[-7.84792,35.28264],[-7.85149,35.28125],[-7.85208,35.28106],[-7.85625,35.27945],[-7.85997,35.27708],[-7.86042,35.27675],[-7.86458,35.27659],[-7.86875,35.27292],[-7.87292,35.27267],[-7.87328,35.27292],[-7.87708,35.27649],[-7.88073,35.27708],[-7.88125,35.27847],[-7.88143,35.28125],[-7.88125,35.2814],[-7.87708,35.28178],[-7.87512,35.28125],[-7.87292,35.27962],[-7.86875,35.28036],[-7.8675,35.28125],[-7.86458,35.28542],[-7.86575,35.28958],[-7.86875,35.29271],[-7.86958,35.29375],[-7.87292,35.29661],[-7.87431,35.29792],[-7.87708,35.30208],[-7.88125,35.30395],[-7.88542,35.30471],[-7.88795,35.30625],[-7.88958,35.30693],[-7.89375,35.30702],[-7.89531,35.30625],[-7.89792,35.30554],[-7.90208,35.30579],[-7.90326,35.30625],[-7.90625,35.30865],[-7.91042,35.30987],[-7.91458,35.31009],[-7.91875,35.31012],[-7.92292,35.30897],[-7.92708,35.30869],[-7.93125,35.30858],[-7.93542,35.30724],[-7.93676,35.30625],[-7.93935,35.30208],[-7.93958,35.30179],[-7.94375,35.30035],[-7.94792,35.29857],[-7.94832,35.29792],[-7.95,35.29375],[-7.95208,35.29042],[-7.95276,35.28958],[-7.95603,35.28542],[-7.95625,35.28518],[-7.96042,35.2824],[-7.96181,35.28125],[-7.96161,35.27708],[-7.96042,35.27396],[-7.9601,35.27292],[-7.95923,35.26875],[-7.96042,35.26807],[-7.96458,35.2686],[-7.96478,35.26875],[-7.96875,35.27196],[-7.96968,35.27292],[-7.97292,35.27708],[-7.97708,35.27906],[-7.98125,35.27982],[-7.98324,35.28125],[-7.98542,35.28257],[-7.98958,35.28477],[-7.99059,35.28542],[-7.99375,35.28765],[-7.99583,35.28958],[-7.99792,35.2912],[-8.00208,35.29287],[-8.00625,35.29355],[-8.01042,35.29367],[-8.01066,35.29375],[-8.01458,35.29678],[-8.01686,35.29792],[-8.01875,35.29859],[-8.02292,35.29958],[-8.02708,35.30091],[-8.03125,35.3017],[-8.03281,35.30208],[-8.03542,35.30288],[-8.03958,35.30379],[-8.04375,35.30451],[-8.04792,35.30506],[-8.04958,35.30625],[-8.05208,35.30731],[-8.05625,35.30811],[-8.06042,35.30916],[-8.06458,35.30945],[-8.06875,35.30974],[-8.07292,35.30981],[-8.07708,35.30972],[-8.08073,35.31042],[-8.08125,35.31058],[-8.08542,35.31231],[-8.08958,35.3136],[-8.09375,35.31342],[-8.09792,35.31347],[-8.10208,35.31384],[-8.10625,35.31458],[-8.11042,35.31534],[-8.11458,35.31559],[-8.11875,35.31778],[-8.12002,35.31875],[-8.12292,35.32077],[-8.12708,35.32232],[-8.12817,35.32292],[-8.13125,35.32528],[-8.13426,35.32708],[-8.13542,35.32898],[-8.13628,35.33125],[-8.13739,35.33542],[-8.13655,35.33958],[-8.13542,35.34375],[-8.13348,35.34792],[-8.13323,35.35208],[-8.13482,35.35625],[-8.13542,35.35714],[-8.13847,35.36042],[-8.13958,35.3617],[-8.1406,35.36458],[-8.14375,35.36823],[-8.14421,35.36875],[-8.14554,35.37292],[-8.14569,35.37708],[-8.14792,35.38125],[-8.14981,35.38542],[-8.15208,35.3878],[-8.15497,35.38958],[-8.15625,35.39097],[-8.15744,35.39375],[-8.16042,35.39684],[-8.16123,35.39792],[-8.16458,35.40181],[-8.1651,35.40208],[-8.16875,35.40451],[-8.17292,35.40568],[-8.17708,35.40408],[-8.17908,35.40208],[-8.18125,35.39931],[-8.18542,35.40208],[-8.18619,35.40625],[-8.18646,35.41042],[-8.18866,35.41458],[-8.18958,35.41492],[-8.19018,35.41458],[-8.19375,35.4138],[-8.19792,35.41434],[-8.19833,35.41458],[-8.20208,35.41763],[-8.2033,35.41875],[-8.20625,35.42255],[-8.20649,35.42292],[-8.21042,35.42685],[-8.21075,35.42708],[-8.21256,35.43125],[-8.21303,35.43542],[-8.21319,35.43958],[-8.21458,35.4428],[-8.21508,35.44375],[-8.2151,35.44792],[-8.215,35.45208],[-8.21875,35.45508],[-8.22292,35.45542],[-8.22569,35.45208],[-8.22708,35.45125],[-8.23125,35.45127],[-8.23237,35.45208],[-8.23333,35.45625],[-8.23542,35.45915],[-8.23591,35.46042],[-8.23628,35.46458],[-8.23708,35.46875],[-8.23542,35.4691],[-8.23125,35.47142],[-8.22708,35.47055],[-8.22381,35.46875],[-8.22292,35.46789],[-8.21875,35.46574],[-8.21458,35.4651],[-8.21094,35.46875],[-8.21101,35.47292],[-8.21067,35.47708],[-8.21042,35.48125],[-8.21458,35.48501],[-8.21501,35.48542],[-8.21875,35.48958],[-8.22292,35.4926],[-8.22708,35.49347],[-8.23125,35.4934],[-8.23542,35.49253],[-8.23825,35.48958],[-8.23958,35.4886],[-8.24229,35.48542],[-8.24293,35.48125],[-8.24281,35.47708],[-8.24196,35.47292],[-8.24375,35.47208],[-8.24792,35.47231],[-8.25042,35.47292],[-8.25208,35.47357],[-8.25327,35.47292],[-8.25625,35.47201],[-8.26042,35.47198],[-8.26181,35.47292],[-8.26458,35.47493],[-8.26667,35.47708],[-8.26585,35.48125],[-8.26458,35.48229],[-8.26205,35.48542],[-8.26042,35.48746],[-8.2575,35.48958],[-8.25625,35.49097],[-8.25408,35.49375],[-8.25323,35.49792],[-8.25208,35.5003],[-8.25112,35.50208],[-8.25208,35.50625],[-8.25428,35.51042],[-8.25625,35.51276],[-8.25698,35.51458],[-8.26042,35.5184],[-8.26458,35.51867],[-8.26474,35.51875],[-8.26875,35.52292],[-8.27292,35.52708],[-8.26875,35.52843],[-8.26458,35.52806],[-8.2625,35.52708],[-8.26042,35.52403],[-8.2589,35.52292],[-8.25625,35.52083],[-8.25301,35.51875],[-8.25208,35.51819],[-8.25015,35.51458],[-8.24792,35.51235],[-8.24545,35.51042],[-8.24375,35.50912],[-8.23958,35.50992],[-8.23819,35.51042],[-8.23542,35.51142],[-8.23125,35.51284],[-8.22708,35.51285],[-8.22292,35.5119],[-8.21875,35.51094],[-8.21799,35.51042],[-8.21458,35.50871],[-8.21042,35.50879],[-8.20625,35.50938],[-8.20208,35.50972],[-8.20176,35.51042],[-8.20208,35.51111],[-8.20625,35.5128],[-8.20714,35.51458],[-8.21042,35.517],[-8.21458,35.51875],[-8.21815,35.52292],[-8.21875,35.52375],[-8.22042,35.52708],[-8.22292,35.53021],[-8.22337,35.53125],[-8.22708,35.53431],[-8.23125,35.53504],[-8.23542,35.53436],[-8.23653,35.53542],[-8.23958,35.53951],[-8.23965,35.53958],[-8.24375,35.54362],[-8.24394,35.54375],[-8.24375,35.54424],[-8.24077,35.54792],[-8.23958,35.54875],[-8.23542,35.54913],[-8.23415,35.54792],[-8.23125,35.54644],[-8.22708,35.54485],[-8.2253,35.54375],[-8.22292,35.54219],[-8.2206,35.53958],[-8.22014,35.53542],[-8.21875,35.53419],[-8.21458,35.53415],[-8.21042,35.53487],[-8.20958,35.53542],[-8.20625,35.5392],[-8.20458,35.53958],[-8.20208,35.54375],[-8.20625,35.54479],[-8.20714,35.54792],[-8.20852,35.55208],[-8.20967,35.55625],[-8.21042,35.55752],[-8.2119,35.56042],[-8.21175,35.56458],[-8.21105,35.56875],[-8.21042,35.56987],[-8.20625,35.56999],[-8.20455,35.56875],[-8.20319,35.56458],[-8.20208,35.56224],[-8.20069,35.56042],[-8.20042,35.55625],[-8.20023,35.55208],[-8.20066,35.54792],[-8.20208,35.54375],[-8.20158,35.53958],[-8.19958,35.53542],[-8.19792,35.53224],[-8.19741,35.53125],[-8.19792,35.53064],[-8.20011,35.52708],[-8.19917,35.52292],[-8.19792,35.52153],[-8.19375,35.51897],[-8.18958,35.52113],[-8.18542,35.52196],[-8.18346,35.52292],[-8.18125,35.52633],[-8.18106,35.52708],[-8.18125,35.52778],[-8.18269,35.53125],[-8.18542,35.53429],[-8.1863,35.53542],[-8.18946,35.53958],[-8.18878,35.54375],[-8.18958,35.54764],[-8.18972,35.54792],[-8.19105,35.55208],[-8.19375,35.55553],[-8.19466,35.55625],[-8.19485,35.56042],[-8.1966,35.56458],[-8.19708,35.56875],[-8.19375,35.57113],[-8.19167,35.57292],[-8.18958,35.57442],[-8.18566,35.57708],[-8.18542,35.57723],[-8.18167,35.58125],[-8.18125,35.5816],[-8.17708,35.58254],[-8.17292,35.58333],[-8.16875,35.58463],[-8.16773,35.58542],[-8.16617,35.58958],[-8.16696,35.59375],[-8.16875,35.59625],[-8.16971,35.59792],[-8.16962,35.60208],[-8.16893,35.60625],[-8.16875,35.60833],[-8.1685,35.61042],[-8.16875,35.6125],[-8.1691,35.61458],[-8.16875,35.61542],[-8.1669,35.61875],[-8.16875,35.62208],[-8.17292,35.62292],[-8.17708,35.62244],[-8.18112,35.61875],[-8.18125,35.6185],[-8.18542,35.61799],[-8.18854,35.61458],[-8.18958,35.6138],[-8.19319,35.61042],[-8.19375,35.60903],[-8.19792,35.60729],[-8.20069,35.60625],[-8.20208,35.60603],[-8.20625,35.60579],[-8.21042,35.60583],[-8.21146,35.60625],[-8.21458,35.61042],[-8.21667,35.61458],[-8.21875,35.61597],[-8.22292,35.61736],[-8.22708,35.61806],[-8.2276,35.61875],[-8.23125,35.62292],[-8.23403,35.62708],[-8.23542,35.62778],[-8.2375,35.62708],[-8.23958,35.62681],[-8.24018,35.62708],[-8.24375,35.63021],[-8.24439,35.63125],[-8.24535,35.63542],[-8.24391,35.63958],[-8.24375,35.63969],[-8.23958,35.6408],[-8.23542,35.64048],[-8.23125,35.64119],[-8.22708,35.64196],[-8.22292,35.64167],[-8.21979,35.64375],[-8.22014,35.64792],[-8.22292,35.65],[-8.22708,35.6503],[-8.22875,35.65208],[-8.22862,35.65625],[-8.22763,35.66042],[-8.22772,35.66458],[-8.22708,35.66551],[-8.22484,35.66875],[-8.22292,35.67208],[-8.22167,35.67292],[-8.21875,35.67708],[-8.21736,35.68125],[-8.21505,35.68542],[-8.21486,35.68958],[-8.21532,35.69375],[-8.21569,35.69792],[-8.21875,35.70144],[-8.21935,35.70208],[-8.21875,35.7025],[-8.21607,35.70625],[-8.21458,35.70923],[-8.2136,35.71042],[-8.21042,35.71162],[-8.20625,35.71273],[-8.20486,35.71458],[-8.20208,35.71736],[-8.20129,35.71875],[-8.19938,35.72292],[-8.19853,35.72708],[-8.19792,35.72917],[-8.19458,35.73125],[-8.19792,35.73363],[-8.19875,35.73542],[-8.20208,35.7378],[-8.20429,35.73958],[-8.20493,35.74375],[-8.20295,35.74792],[-8.20208,35.74931],[-8.19911,35.75208],[-8.19792,35.75306],[-8.19598,35.75625],[-8.19462,35.76042],[-8.19375,35.76168],[-8.19156,35.76458],[-8.18958,35.76804],[-8.1875,35.76875],[-8.18542,35.76937],[-8.18125,35.76927],[-8.18026,35.76875],[-8.17708,35.76673],[-8.17292,35.76563],[-8.16875,35.76458],[-8.17292,35.7625],[-8.17481,35.76042],[-8.17708,35.75792],[-8.17917,35.75625],[-8.17917,35.75208],[-8.18125,35.7503],[-8.18542,35.74888],[-8.18958,35.74792],[-8.19125,35.74375],[-8.18958,35.74097],[-8.18875,35.73958],[-8.18542,35.73681],[-8.18125,35.73868],[-8.17865,35.73958],[-8.17708,35.74072],[-8.17405,35.74375],[-8.17292,35.74792],[-8.17292,35.75208],[-8.17113,35.75625],[-8.16875,35.75777],[-8.16458,35.75833],[-8.16146,35.75625],[-8.16042,35.75486],[-8.15958,35.75625],[-8.15625,35.75995],[-8.15608,35.76042],[-8.15208,35.76458],[-8.14792,35.76766],[-8.14608,35.76875],[-8.14375,35.76997],[-8.14046,35.77292],[-8.13958,35.77355],[-8.13542,35.77521],[-8.13167,35.77708],[-8.13125,35.77784],[-8.12875,35.78125],[-8.12708,35.78297],[-8.12425,35.78542],[-8.12431,35.78958],[-8.12708,35.79236],[-8.12792,35.79375],[-8.12708,35.79681],[-8.12669,35.79792],[-8.12685,35.80208],[-8.12708,35.80272],[-8.13125,35.80511],[-8.13208,35.80625],[-8.13542,35.80881],[-8.13958,35.81033],[-8.13967,35.81042],[-8.14375,35.81285],[-8.1459,35.81458],[-8.14747,35.81875],[-8.14663,35.82292],[-8.14375,35.82465],[-8.13958,35.82665],[-8.13889,35.82708],[-8.13542,35.83061],[-8.1344,35.83125],[-8.13125,35.83474],[-8.13016,35.83542],[-8.12708,35.83825],[-8.12585,35.83958],[-8.12708,35.84261],[-8.13125,35.84329],[-8.1314,35.84375],[-8.13542,35.84777],[-8.13611,35.84792],[-8.13958,35.84931],[-8.14375,35.85057],[-8.14542,35.85208],[-8.14505,35.85625],[-8.14375,35.85814],[-8.14256,35.86042],[-8.14375,35.86292],[-8.14447,35.86458],[-8.14557,35.86875],[-8.14792,35.8725],[-8.15208,35.87218],[-8.15597,35.86875],[-8.15625,35.86833],[-8.16042,35.86833],[-8.16083,35.86875],[-8.16181,35.87292],[-8.16198,35.87708],[-8.16292,35.88125],[-8.16155,35.88542],[-8.16042,35.88655],[-8.15625,35.88769],[-8.15208,35.88792],[-8.15016,35.88958],[-8.14792,35.89223],[-8.14673,35.89375],[-8.14375,35.89573],[-8.14167,35.89792],[-8.13958,35.90174],[-8.1394,35.90208],[-8.13542,35.9045],[-8.1339,35.90625],[-8.13125,35.90958],[-8.12971,35.91042],[-8.12847,35.91458],[-8.13125,35.91779],[-8.13437,35.91875],[-8.13542,35.91944],[-8.13958,35.9225],[-8.14375,35.92292],[-8.14271,35.92708],[-8.14375,35.92847],[-8.14792,35.93021],[-8.15208,35.93042],[-8.15625,35.93065],[-8.15667,35.93125],[-8.16042,35.93413],[-8.16458,35.93444],[-8.16875,35.93462],[-8.17292,35.93542],[-8.17708,35.93866],[-8.18125,35.93912],[-8.18244,35.93958],[-8.18542,35.94306],[-8.18958,35.9434],[-8.19375,35.9435],[-8.19405,35.94375],[-8.19468,35.94792],[-8.19606,35.95208],[-8.19792,35.95486],[-8.19884,35.95625],[-8.20104,35.96042],[-8.19792,35.96354],[-8.19708,35.96458],[-8.19375,35.9661],[-8.18958,35.96875],[-8.18542,35.97292],[-8.18889,35.97708],[-8.18958,35.97917],[-8.18993,35.98125],[-8.19375,35.98542],[-8.19635,35.98958],[-8.19792,35.99083],[-8.20083,35.99375],[-8.20162,35.99792],[-8.20156,36.00208],[-8.20208,36.00625],[-8.20625,36.00982],[-8.21042,36.01042],[-8.21458,36.01042],[-8.21875,36.01161],[-8.22292,36.0122],[-8.22708,36.01302],[-8.23125,36.01399],[-8.23229,36.01458],[-8.23542,36.01615],[-8.23958,36.01823],[-8.24375,36.01843],[-8.24458,36.01875],[-8.24792,36.02014],[-8.25162,36.02292],[-8.25208,36.0233],[-8.25625,36.02595],[-8.25721,36.02708],[-8.26042,36.03087],[-8.26094,36.03125],[-8.26458,36.03368],[-8.26806,36.03542],[-8.26875,36.03588],[-8.27292,36.03958],[-8.27708,36.04333],[-8.27778,36.04375],[-8.27708,36.04385],[-8.27292,36.04455],[-8.26875,36.04511],[-8.26458,36.04617],[-8.26181,36.04792],[-8.26458,36.05006],[-8.26875,36.05134],[-8.27245,36.05208],[-8.27292,36.05268],[-8.27708,36.05625],[-8.27292,36.05852],[-8.27083,36.06042],[-8.27292,36.06389],[-8.27396,36.06458],[-8.27292,36.06667],[-8.27232,36.06875],[-8.27292,36.06958],[-8.27708,36.07173],[-8.27917,36.07292],[-8.28125,36.07431],[-8.28403,36.07708],[-8.28208,36.08125],[-8.28125,36.08229],[-8.27812,36.08542],[-8.28125,36.08958],[-8.28542,36.08792],[-8.28958,36.08731],[-8.29375,36.08807],[-8.29792,36.08738],[-8.30208,36.08734],[-8.30625,36.08542],[-8.30817,36.08958],[-8.31042,36.0925],[-8.31167,36.09375],[-8.31458,36.09599],[-8.31875,36.09732],[-8.32014,36.09792],[-8.32292,36.09875],[-8.32684,36.10208],[-8.32523,36.10625],[-8.32292,36.10748],[-8.31875,36.10995],[-8.31831,36.11042],[-8.31875,36.11052],[-8.32292,36.11149],[-8.32708,36.11226],[-8.33125,36.11212],[-8.33542,36.11162],[-8.33958,36.11141],[-8.34375,36.11193],[-8.34595,36.11458],[-8.34792,36.11609],[-8.35208,36.11475],[-8.35625,36.1151],[-8.36042,36.11499],[-8.36458,36.11596],[-8.36875,36.11485],[-8.37292,36.11519],[-8.37708,36.11563],[-8.38125,36.11498],[-8.38286,36.11458],[-8.38542,36.11081],[-8.38958,36.11113],[-8.39375,36.11153],[-8.39792,36.11322],[-8.40208,36.11296],[-8.40625,36.11326],[-8.41042,36.11282],[-8.41237,36.11042],[-8.41458,36.10888],[-8.41875,36.10677],[-8.42232,36.10625],[-8.42292,36.10617],[-8.42324,36.10625],[-8.42708,36.10725],[-8.43125,36.10792],[-8.43542,36.10833],[-8.43958,36.10928],[-8.44375,36.10913],[-8.44792,36.10826],[-8.45208,36.10833],[-8.45625,36.10875],[-8.46042,36.1093],[-8.46458,36.10969],[-8.46875,36.10965],[-8.47292,36.11007],[-8.47474,36.11042],[-8.47708,36.11133],[-8.48125,36.11245],[-8.48542,36.1125],[-8.48958,36.11222],[-8.49375,36.1125],[-8.49792,36.11426],[-8.49835,36.11458],[-8.50087,36.11875],[-8.50208,36.11924],[-8.50625,36.12292],[-8.51042,36.12479],[-8.51458,36.12652],[-8.51692,36.12708],[-8.51875,36.12792],[-8.52292,36.12867],[-8.52708,36.12759],[-8.53125,36.12915],[-8.53542,36.12767],[-8.53958,36.12745],[-8.54375,36.12775],[-8.54792,36.12781],[-8.55196,36.13125],[-8.55208,36.13134],[-8.55625,36.13151],[-8.56042,36.13273],[-8.56458,36.13454],[-8.56875,36.13533],[-8.56894,36.13542],[-8.57024,36.13958],[-8.57103,36.14375],[-8.57113,36.14792],[-8.57292,36.15019],[-8.57417,36.15208],[-8.57475,36.15625],[-8.57708,36.15932],[-8.57795,36.16042],[-8.57833,36.16458],[-8.58125,36.16782],[-8.58542,36.16875],[-8.58958,36.17208],[-8.59018,36.17292],[-8.59167,36.17708],[-8.59282,36.18125],[-8.59375,36.18229],[-8.59688,36.18542],[-8.59792,36.18661],[-8.60089,36.18958],[-8.60208,36.19375],[-8.60208,36.19792],[-8.59792,36.20208],[-8.59375,36.20436],[-8.59115,36.20625],[-8.58958,36.20781],[-8.58661,36.21042],[-8.58542,36.21134],[-8.58218,36.21458],[-8.58189,36.21875],[-8.58151,36.22292],[-8.58125,36.22351],[-8.57812,36.22708],[-8.57882,36.23125],[-8.57804,36.23542],[-8.57855,36.23958],[-8.57778,36.24375],[-8.57764,36.24792],[-8.57798,36.25208],[-8.57901,36.25625],[-8.58125,36.25771],[-8.58542,36.2602],[-8.58574,36.26042],[-8.58562,36.26458],[-8.58542,36.26467],[-8.58125,36.26648],[-8.57708,36.26839],[-8.57625,36.26875],[-8.57292,36.2706],[-8.56994,36.27292],[-8.56875,36.27405],[-8.56597,36.27708],[-8.56458,36.27801],[-8.56042,36.27974],[-8.55625,36.28045],[-8.55208,36.28013],[-8.54792,36.28002],[-8.54531,36.28125],[-8.54375,36.28185],[-8.53958,36.28242],[-8.53542,36.2829],[-8.53125,36.28311],[-8.52708,36.28277],[-8.52292,36.28214],[-8.51875,36.28244],[-8.51458,36.28318],[-8.51042,36.28231],[-8.50625,36.28229],[-8.50208,36.28299],[-8.49792,36.28542],[-8.49375,36.28415],[-8.48958,36.28277],[-8.48542,36.2832],[-8.48247,36.28542],[-8.48125,36.28604],[-8.47708,36.2862],[-8.47292,36.28627],[-8.46991,36.28958],[-8.46875,36.29063],[-8.46458,36.29162],[-8.46157,36.29375],[-8.46042,36.29453],[-8.45625,36.29571],[-8.45504,36.29792],[-8.45347,36.30208],[-8.45208,36.30271],[-8.44792,36.30292],[-8.44429,36.30625],[-8.44375,36.30665],[-8.43958,36.30752],[-8.43542,36.30782],[-8.43243,36.31042],[-8.43125,36.31118],[-8.42708,36.31111],[-8.42292,36.31122],[-8.41875,36.31142],[-8.41458,36.31177],[-8.41137,36.31458],[-8.41042,36.31502],[-8.40938,36.31458],[-8.40625,36.31294],[-8.40208,36.3125],[-8.39892,36.31458],[-8.39792,36.3149],[-8.39375,36.31537],[-8.38958,36.31587],[-8.38542,36.31589],[-8.38125,36.31587],[-8.37708,36.31553],[-8.37292,36.31646],[-8.36875,36.31752],[-8.36458,36.31815],[-8.36042,36.31806],[-8.35625,36.31843],[-8.35208,36.31806],[-8.35069,36.31875],[-8.3494,36.32292],[-8.34974,36.32708],[-8.34879,36.33125],[-8.34792,36.33244],[-8.34583,36.33542],[-8.34375,36.33839],[-8.34292,36.33958],[-8.34082,36.34375],[-8.34067,36.34792],[-8.33958,36.35069],[-8.33908,36.35208],[-8.33958,36.35387],[-8.34144,36.35625],[-8.34375,36.35755],[-8.34673,36.35625],[-8.34792,36.35579],[-8.35208,36.35542],[-8.35417,36.35625],[-8.35625,36.35729],[-8.36042,36.35757],[-8.36458,36.35908],[-8.36875,36.35993],[-8.37027,36.36042],[-8.37292,36.3625],[-8.37431,36.36458],[-8.37659,36.36875],[-8.37708,36.37153],[-8.37727,36.37292],[-8.38125,36.37431],[-8.38542,36.37506],[-8.38958,36.3745],[-8.39375,36.37487],[-8.39792,36.37447],[-8.40208,36.3747],[-8.40484,36.37708],[-8.40625,36.37797],[-8.41042,36.37935],[-8.41458,36.37955],[-8.41875,36.38059],[-8.42292,36.38113],[-8.42315,36.38125],[-8.42708,36.38356],[-8.43125,36.38459],[-8.43476,36.38542],[-8.43542,36.38589],[-8.43958,36.38958],[-8.43582,36.39375],[-8.43542,36.39405],[-8.43212,36.39792],[-8.43125,36.39894],[-8.42861,36.40208],[-8.42708,36.40305],[-8.42304,36.40625],[-8.42356,36.41042],[-8.42708,36.41408],[-8.43076,36.41458],[-8.43125,36.41466],[-8.43542,36.41537],[-8.43958,36.4183],[-8.44119,36.41875],[-8.44375,36.41953],[-8.44792,36.42081],[-8.45208,36.42117],[-8.45625,36.42051],[-8.46042,36.41929],[-8.46458,36.42021],[-8.46672,36.41875],[-8.46875,36.41795],[-8.47292,36.41576],[-8.47708,36.41637],[-8.48125,36.41689],[-8.48542,36.41515],[-8.48958,36.41487],[-8.4899,36.41458],[-8.49375,36.41273],[-8.49792,36.41321],[-8.50208,36.41446],[-8.50225,36.41458],[-8.50625,36.41746],[-8.51005,36.41875],[-8.51042,36.41915],[-8.51094,36.41875],[-8.51458,36.4182],[-8.51723,36.41875],[-8.51458,36.42292],[-8.51042,36.4237],[-8.50625,36.42406],[-8.50243,36.42708],[-8.50208,36.42735],[-8.49792,36.43023],[-8.49687,36.43125],[-8.49375,36.43336],[-8.491,36.43542],[-8.48958,36.43661],[-8.48698,36.43958],[-8.48542,36.44024],[-8.48125,36.44055],[-8.47708,36.44341],[-8.47647,36.44375],[-8.47329,36.44792],[-8.47292,36.44821],[-8.46875,36.44908],[-8.46512,36.45208],[-8.46458,36.45257],[-8.461,36.45625],[-8.46042,36.45685],[-8.45625,36.45903],[-8.45403,36.46042],[-8.45208,36.46146],[-8.44865,36.46458],[-8.44792,36.46543],[-8.44375,36.46649],[-8.43958,36.46727],[-8.4375,36.46875],[-8.43542,36.47104],[-8.43264,36.47292],[-8.43125,36.4756],[-8.4306,36.47708],[-8.42827,36.48125],[-8.42708,36.48206],[-8.42292,36.48397],[-8.42147,36.48542],[-8.41875,36.48743],[-8.41458,36.48839],[-8.41208,36.48958],[-8.41042,36.49236],[-8.40978,36.49375],[-8.41042,36.49435],[-8.41458,36.49574],[-8.4162,36.49792],[-8.41875,36.50169],[-8.42292,36.50137],[-8.42708,36.50051],[-8.43125,36.50092],[-8.43542,36.50154],[-8.43638,36.50208],[-8.43958,36.50537],[-8.4404,36.50625],[-8.44174,36.51042],[-8.44375,36.51177],[-8.4464,36.51042],[-8.44792,36.50987],[-8.45208,36.50938],[-8.45625,36.50828],[-8.46042,36.50637],[-8.46458,36.51031],[-8.4647,36.51042],[-8.46465,36.51458],[-8.46458,36.51468],[-8.46042,36.51779],[-8.4595,36.51875],[-8.46042,36.51969],[-8.46458,36.52103],[-8.46627,36.52292],[-8.46875,36.52485],[-8.47292,36.5251],[-8.47562,36.52708],[-8.47405,36.53125],[-8.47292,36.53212],[-8.46917,36.53542],[-8.46875,36.53594],[-8.46458,36.53943],[-8.46441,36.53958],[-8.46228,36.54375],[-8.46042,36.54707],[-8.45985,36.54792],[-8.46042,36.54847],[-8.46458,36.54806],[-8.4651,36.54792],[-8.46875,36.54677],[-8.47292,36.54777],[-8.47305,36.54792],[-8.47292,36.54844],[-8.47212,36.55208],[-8.47209,36.55625],[-8.47292,36.56017],[-8.47708,36.55903],[-8.48125,36.55649],[-8.48152,36.55625],[-8.48542,36.55252],[-8.48598,36.55208],[-8.48958,36.54942],[-8.49236,36.54792],[-8.49375,36.54604],[-8.49424,36.54792],[-8.49484,36.55208],[-8.49729,36.55625],[-8.49375,36.55933],[-8.49238,36.56042],[-8.49148,36.56458],[-8.49039,36.56875],[-8.49375,36.57117],[-8.49792,36.57152],[-8.50208,36.5709],[-8.50564,36.56875],[-8.50625,36.56835],[-8.50668,36.56875],[-8.50788,36.57292],[-8.50846,36.57708],[-8.51042,36.57969],[-8.51195,36.58125],[-8.51186,36.58542],[-8.51458,36.58958],[-8.51642,36.59375],[-8.51875,36.59529],[-8.52208,36.59792],[-8.52292,36.59857],[-8.52367,36.59792],[-8.52507,36.59375],[-8.52708,36.59239],[-8.53125,36.59059],[-8.53218,36.58958],[-8.53306,36.58542],[-8.53393,36.58125],[-8.53542,36.57999],[-8.53813,36.57708],[-8.5371,36.57292],[-8.53863,36.56875],[-8.53786,36.56458],[-8.53885,36.56042],[-8.53958,36.55758],[-8.53994,36.55625],[-8.53975,36.55208],[-8.53958,36.55184],[-8.53708,36.54792],[-8.53958,36.54469],[-8.54375,36.54617],[-8.54659,36.54792],[-8.54792,36.5494],[-8.55087,36.55208],[-8.55208,36.55396],[-8.55625,36.55565],[-8.55672,36.55208],[-8.55898,36.54792],[-8.55792,36.54375],[-8.55625,36.5419],[-8.55553,36.53958],[-8.55458,36.53542],[-8.55625,36.53294],[-8.55729,36.53125],[-8.55625,36.52973],[-8.55428,36.52708],[-8.553,36.52292],[-8.55515,36.51875],[-8.55564,36.51458],[-8.55583,36.51042],[-8.55625,36.50899],[-8.55773,36.50625],[-8.55976,36.50208],[-8.56042,36.50153],[-8.56346,36.50208],[-8.56303,36.50625],[-8.56458,36.5097],[-8.56509,36.51042],[-8.56875,36.51241],[-8.57292,36.51301],[-8.57489,36.51458],[-8.57703,36.51875],[-8.57708,36.51883],[-8.58006,36.52292],[-8.58125,36.52395],[-8.58542,36.52484],[-8.58958,36.52397],[-8.59254,36.52292],[-8.59375,36.52259],[-8.59433,36.52292],[-8.59536,36.52708],[-8.59792,36.52797],[-8.60208,36.53078],[-8.60372,36.53125],[-8.60625,36.53212],[-8.61042,36.53367],[-8.61243,36.53542],[-8.61042,36.53948],[-8.61039,36.53958],[-8.60928,36.54375],[-8.60905,36.54792],[-8.61042,36.54974],[-8.61282,36.55208],[-8.61458,36.55287],[-8.61539,36.55208],[-8.61875,36.54983],[-8.62292,36.54866],[-8.6254,36.54792],[-8.62708,36.54674],[-8.62966,36.54792],[-8.63125,36.54859],[-8.63281,36.55208],[-8.6348,36.55625],[-8.63542,36.55958],[-8.63572,36.56042],[-8.63958,36.56199],[-8.64375,36.56355],[-8.64542,36.56458],[-8.64792,36.56812],[-8.64891,36.56875],[-8.65208,36.57081],[-8.6548,36.56875],[-8.65536,36.56458],[-8.65525,36.56042],[-8.65625,36.55817],[-8.65804,36.55625],[-8.66042,36.555],[-8.66458,36.55456],[-8.66875,36.55376],[-8.67119,36.55208],[-8.67292,36.54888],[-8.67326,36.54792],[-8.67603,36.54375],[-8.67708,36.54031],[-8.67728,36.53958],[-8.67708,36.53926],[-8.67292,36.53623],[-8.66875,36.53625],[-8.66568,36.53958],[-8.66458,36.54021],[-8.66332,36.53958],[-8.66042,36.53825],[-8.65625,36.53643],[-8.65555,36.53542],[-8.65625,36.5342],[-8.65775,36.53125],[-8.65625,36.53066],[-8.65208,36.53005],[-8.64792,36.52918],[-8.64375,36.52763],[-8.64298,36.52708],[-8.64337,36.52292],[-8.64353,36.51875],[-8.64375,36.51848],[-8.64792,36.51565],[-8.64864,36.51458],[-8.64847,36.51042],[-8.64792,36.50962],[-8.64532,36.50625],[-8.64375,36.50431],[-8.64179,36.50208],[-8.63958,36.49968],[-8.63747,36.49792],[-8.63542,36.4944],[-8.63529,36.49375],[-8.63542,36.49351],[-8.63958,36.4906],[-8.64062,36.48958],[-8.64194,36.48542],[-8.64238,36.48125],[-8.64295,36.47708],[-8.64319,36.47292],[-8.64345,36.46875],[-8.64375,36.46572],[-8.64792,36.46792],[-8.65069,36.46875],[-8.65208,36.46909],[-8.65282,36.46875],[-8.65481,36.46458],[-8.65625,36.46326],[-8.66042,36.46215],[-8.66458,36.46071],[-8.66632,36.46042],[-8.66875,36.45984],[-8.67292,36.4567],[-8.67708,36.45813],[-8.68125,36.45694],[-8.68222,36.45625],[-8.68542,36.45497],[-8.68704,36.45625],[-8.68958,36.45822],[-8.69375,36.45958],[-8.69792,36.45896],[-8.70179,36.45625],[-8.70208,36.45608],[-8.70577,36.45208],[-8.70625,36.4513],[-8.71042,36.44819],[-8.7128,36.44792],[-8.71458,36.44776],[-8.7182,36.44375],[-8.71875,36.44329],[-8.72292,36.44338],[-8.72322,36.44375],[-8.72708,36.44745],[-8.73059,36.44792],[-8.73125,36.44812],[-8.73179,36.44792],[-8.73542,36.44483],[-8.73654,36.44375],[-8.73958,36.44331],[-8.74082,36.44375],[-8.74375,36.44622],[-8.74766,36.44792],[-8.74792,36.44801],[-8.75208,36.4488],[-8.75625,36.45032],[-8.76042,36.45072],[-8.76458,36.44792],[-8.76875,36.44677],[-8.77292,36.44647],[-8.77398,36.44792],[-8.77708,36.45094],[-8.78125,36.45202],[-8.78542,36.45204],[-8.78544,36.45208],[-8.78547,36.45625],[-8.78542,36.45651],[-8.78308,36.46042],[-8.78542,36.46284],[-8.7875,36.46458],[-8.78958,36.46647],[-8.79085,36.46875],[-8.78958,36.4721],[-8.78913,36.47292],[-8.78559,36.47708],[-8.78542,36.47724],[-8.78196,36.48125],[-8.78125,36.48275],[-8.77891,36.48542],[-8.78125,36.48721],[-8.78337,36.48958],[-8.78542,36.4931],[-8.78847,36.49375],[-8.78958,36.49398],[-8.79031,36.49375],[-8.79292,36.48958],[-8.79335,36.48542],[-8.79375,36.48508],[-8.79792,36.48125],[-8.80208,36.48425],[-8.80625,36.48229],[-8.80672,36.48125],[-8.80724,36.47708],[-8.80946,36.47292],[-8.81042,36.47165],[-8.81458,36.46949],[-8.817,36.46875],[-8.81875,36.46794],[-8.82292,36.46466],[-8.82319,36.46458],[-8.82708,36.46408],[-8.83097,36.46458],[-8.83125,36.46471],[-8.83542,36.46875],[-8.83685,36.47292],[-8.83583,36.47708],[-8.83652,36.48125],[-8.83958,36.48502],[-8.84018,36.48542],[-8.84375,36.48832],[-8.84792,36.48875],[-8.85208,36.48857],[-8.85617,36.48542],[-8.85625,36.48537],[-8.86042,36.48531],[-8.86052,36.48542],[-8.86184,36.48958],[-8.86458,36.49121],[-8.86875,36.49308],[-8.87008,36.49375],[-8.87292,36.49606],[-8.87576,36.49375],[-8.87708,36.49083],[-8.8778,36.48958],[-8.88063,36.48542],[-8.88125,36.48508],[-8.88542,36.48497],[-8.88613,36.48542],[-8.88958,36.48788],[-8.89139,36.48958],[-8.89375,36.49229],[-8.89792,36.49318],[-8.90208,36.49304],[-8.90329,36.49375],[-8.90625,36.49562],[-8.91042,36.49643],[-8.9141,36.49375],[-8.91458,36.49317],[-8.91722,36.48958],[-8.91875,36.48837],[-8.92292,36.48825],[-8.92708,36.48665],[-8.92782,36.48542],[-8.93056,36.48125],[-8.92986,36.47708],[-8.92779,36.47292],[-8.92792,36.46875],[-8.92747,36.46458],[-8.92821,36.46042],[-8.92708,36.45625],[-8.92692,36.45208],[-8.92708,36.45149],[-8.92882,36.45208],[-8.93125,36.45279],[-8.93542,36.45486],[-8.93895,36.45208],[-8.93958,36.4516],[-8.94375,36.44883],[-8.94792,36.44792],[-8.95208,36.44832],[-8.95625,36.45167],[-8.96042,36.44889],[-8.96098,36.44792],[-8.96458,36.44494],[-8.96597,36.44375],[-8.96875,36.44034],[-8.96963,36.43958],[-8.97292,36.43722],[-8.97433,36.43542],[-8.97561,36.43125],[-8.97708,36.42942],[-8.98125,36.43061],[-8.98267,36.43125],[-8.98542,36.43288],[-8.98958,36.43373],[-8.99375,36.43281],[-8.99763,36.43125],[-8.99792,36.43116],[-9.00208,36.43014],[-9.00625,36.43059],[-9.00827,36.43125],[-9.01042,36.43234],[-9.01458,36.43205],[-9.01579,36.43125],[-9.01875,36.42973],[-9.02292,36.42998],[-9.02607,36.43125],[-9.02708,36.43174],[-9.03125,36.4321],[-9.03542,36.43314],[-9.03868,36.43542],[-9.03958,36.43611],[-9.04375,36.43741],[-9.04792,36.43722],[-9.05095,36.43542],[-9.05208,36.4341],[-9.05625,36.43455],[-9.05677,36.43542],[-9.05625,36.43958],[-9.05889,36.44375],[-9.05625,36.44503],[-9.05321,36.44792],[-9.05208,36.44954],[-9.04792,36.45149],[-9.04696,36.45208],[-9.04792,36.45278],[-9.05208,36.45524],[-9.05279,36.45625],[-9.05349,36.46042],[-9.05266,36.46458],[-9.05208,36.46519],[-9.04898,36.46875],[-9.04792,36.46955],[-9.04375,36.47099],[-9.04196,36.47292],[-9.04216,36.47708],[-9.0437,36.48125],[-9.04375,36.48157],[-9.0445,36.48542],[-9.04792,36.4893],[-9.04858,36.48958],[-9.05104,36.49375],[-9.04973,36.49792],[-9.04792,36.50025],[-9.04561,36.50208],[-9.04375,36.50257],[-9.03958,36.50288],[-9.03542,36.50274],[-9.03125,36.50434],[-9.0296,36.50625],[-9.02708,36.50974],[-9.02604,36.51042],[-9.02305,36.51458],[-9.02292,36.51466],[-9.01875,36.51491],[-9.01458,36.51539],[-9.01101,36.51875],[-9.01042,36.51919],[-9.00625,36.52025],[-9.00208,36.52038],[-8.99792,36.52174],[-8.99657,36.52292],[-8.99375,36.52434],[-8.99054,36.52708],[-8.98958,36.52851],[-8.9861,36.53125],[-8.98542,36.53145],[-8.98125,36.53188],[-8.97708,36.53225],[-8.97292,36.53338],[-8.97031,36.53542],[-8.96875,36.53777],[-8.96458,36.53952],[-8.96424,36.53958],[-8.96042,36.54002],[-8.95625,36.54281],[-8.95423,36.54375],[-8.95208,36.54455],[-8.94911,36.54792],[-8.94792,36.54923],[-8.94375,36.55136],[-8.93958,36.55203],[-8.93955,36.55208],[-8.93958,36.55223],[-8.94076,36.55625],[-8.93958,36.55699],[-8.93542,36.55654],[-8.93379,36.56042],[-8.93125,36.56217],[-8.92708,36.56408],[-8.92644,36.56458],[-8.92519,36.56875],[-8.92292,36.57232],[-8.92231,36.57292],[-8.91942,36.57708],[-8.91938,36.58125],[-8.92083,36.58542],[-8.92292,36.58727],[-8.9267,36.58958],[-8.92708,36.58967],[-8.93125,36.58969],[-8.93133,36.58958],[-8.93542,36.58579],[-8.93636,36.58542],[-8.93958,36.58462],[-8.94375,36.58388],[-8.94702,36.58125],[-8.94792,36.58082],[-8.95208,36.58068],[-8.9525,36.58125],[-8.95625,36.585],[-8.95694,36.58542],[-8.95821,36.58958],[-8.96042,36.59208],[-8.96458,36.5897],[-8.96492,36.58958],[-8.96867,36.58542],[-8.96875,36.58528],[-8.97093,36.58125],[-8.97292,36.57716],[-8.97299,36.57708],[-8.97661,36.57292],[-8.97708,36.57181],[-8.98107,36.56875],[-8.98125,36.5687],[-8.98201,36.56875],[-8.98542,36.56952],[-8.98686,36.56875],[-8.98958,36.56795],[-8.99375,36.56647],[-8.99792,36.56719],[-9.00048,36.56875],[-9.00208,36.57061],[-9.00625,36.57287],[-9.00633,36.57292],[-9.01042,36.57464],[-9.01458,36.57575],[-9.01875,36.57684],[-9.01893,36.57708],[-9.01888,36.58125],[-9.01875,36.58147],[-9.01562,36.58542],[-9.01458,36.58662],[-9.01188,36.58958],[-9.01042,36.5915],[-9.00871,36.59375],[-9.0075,36.59792],[-9.01042,36.59885],[-9.01243,36.59792],[-9.01458,36.59661],[-9.01875,36.5957],[-9.02087,36.59375],[-9.02292,36.59189],[-9.02708,36.59015],[-9.02889,36.58958],[-9.03125,36.58926],[-9.03201,36.58958],[-9.0343,36.59375],[-9.03542,36.59548],[-9.03958,36.59733],[-9.04375,36.59696],[-9.04652,36.59375],[-9.04792,36.59237],[-9.05208,36.59018],[-9.05308,36.58958],[-9.05625,36.58828],[-9.06042,36.58858],[-9.06458,36.58872],[-9.06875,36.589],[-9.06929,36.58958],[-9.06875,36.59065],[-9.06736,36.59375],[-9.06588,36.59792],[-9.06458,36.60035],[-9.06277,36.60208],[-9.062,36.60625],[-9.06334,36.61042],[-9.06458,36.61446],[-9.06875,36.61336],[-9.07292,36.61124],[-9.07405,36.61042],[-9.07708,36.60906],[-9.08125,36.60859],[-9.08501,36.60625],[-9.08542,36.60607],[-9.08617,36.60625],[-9.08958,36.60794],[-9.09375,36.60994],[-9.09686,36.60625],[-9.09792,36.60459],[-9.09981,36.60208],[-9.10185,36.59792],[-9.10208,36.59762],[-9.10625,36.5968],[-9.11042,36.59674],[-9.11433,36.59375],[-9.11458,36.59338],[-9.11875,36.59067],[-9.12116,36.58958],[-9.12233,36.58542],[-9.12267,36.58125],[-9.12292,36.58063],[-9.12708,36.57904],[-9.13125,36.57792],[-9.13216,36.57708],[-9.13542,36.57382],[-9.13609,36.57292],[-9.13958,36.57145],[-9.14271,36.56875],[-9.14375,36.56774],[-9.14626,36.56458],[-9.14792,36.56382],[-9.15128,36.56042],[-9.15208,36.55824],[-9.15451,36.55625],[-9.15625,36.55397],[-9.15924,36.55625],[-9.15903,36.56042],[-9.16042,36.56275],[-9.16176,36.56458],[-9.16185,36.56875],[-9.1619,36.57292],[-9.16147,36.57708],[-9.16042,36.57899],[-9.15871,36.58125],[-9.1579,36.58542],[-9.16042,36.58943],[-9.16053,36.58958],[-9.16458,36.59091],[-9.16875,36.59127],[-9.17292,36.59138],[-9.17708,36.59045],[-9.18125,36.58999],[-9.18542,36.5928],[-9.18595,36.59375],[-9.18958,36.59661],[-9.19375,36.59722],[-9.1954,36.59792],[-9.19792,36.59925],[-9.20023,36.59792],[-9.20208,36.59704],[-9.20388,36.59792],[-9.20625,36.59912],[-9.21042,36.5998],[-9.21387,36.59792],[-9.21458,36.5976],[-9.21589,36.59792],[-9.21875,36.59889],[-9.22292,36.59939],[-9.22708,36.60008],[-9.23056,36.59792],[-9.23125,36.59761],[-9.23542,36.59573],[-9.23958,36.59469],[-9.24375,36.59413],[-9.24514,36.59375],[-9.24792,36.59303],[-9.25208,36.59213],[-9.25574,36.58958],[-9.25625,36.58931],[-9.26042,36.58768],[-9.26357,36.58542],[-9.26458,36.58455],[-9.26832,36.58125],[-9.26875,36.58095],[-9.27113,36.58125],[-9.27083,36.58542],[-9.27292,36.58792],[-9.27537,36.58958],[-9.27708,36.59075],[-9.28021,36.59375],[-9.28125,36.59432],[-9.28542,36.5947],[-9.28958,36.59511],[-9.29375,36.59681],[-9.29455,36.59792],[-9.29792,36.60136],[-9.30208,36.6017],[-9.30625,36.60074],[-9.31042,36.6017],[-9.3105,36.60208],[-9.31042,36.60257],[-9.309,36.60625],[-9.31015,36.61042],[-9.31042,36.61101],[-9.31458,36.61391],[-9.31875,36.61359],[-9.32292,36.61189],[-9.3253,36.61042],[-9.32708,36.60969],[-9.33032,36.61042],[-9.33125,36.61087],[-9.33542,36.61446],[-9.33958,36.61322],[-9.34375,36.6139],[-9.34477,36.61458],[-9.34792,36.61669],[-9.35208,36.6162],[-9.35625,36.61653],[-9.36042,36.61772],[-9.36458,36.61803],[-9.36875,36.6176],[-9.37292,36.61701],[-9.37708,36.61563],[-9.38125,36.61584],[-9.38433,36.61458],[-9.38542,36.6142],[-9.38958,36.61389],[-9.39375,36.6145],[-9.39792,36.61425],[-9.39854,36.61458],[-9.40208,36.61698],[-9.40625,36.61762],[-9.41026,36.61875],[-9.41042,36.61882],[-9.41458,36.62104],[-9.41875,36.62141],[-9.42292,36.62188],[-9.42575,36.62292],[-9.42675,36.62708],[-9.42708,36.62742],[-9.43063,36.63125],[-9.43125,36.63161],[-9.43542,36.63408],[-9.43854,36.63542],[-9.43958,36.636],[-9.44375,36.63832],[-9.44629,36.63958],[-9.44792,36.64146],[-9.44906,36.64375],[-9.44792,36.64661],[-9.44756,36.64792],[-9.44792,36.64882],[-9.45026,36.65208],[-9.44933,36.65625],[-9.44797,36.66042],[-9.44792,36.66053],[-9.4458,36.66458],[-9.44792,36.6671],[-9.4498,36.66875],[-9.45208,36.67076],[-9.45625,36.67047],[-9.46042,36.67066],[-9.46458,36.67181],[-9.46661,36.67292],[-9.46875,36.67708],[-9.47216,36.68125],[-9.47292,36.68218],[-9.47708,36.68458],[-9.48125,36.68375],[-9.48437,36.68125],[-9.48542,36.68058],[-9.48697,36.68125],[-9.48958,36.68315],[-9.49375,36.68357],[-9.49792,36.68246],[-9.49975,36.68125],[-9.50208,36.67937],[-9.50413,36.67708],[-9.50625,36.67533],[-9.51042,36.67653],[-9.51458,36.67648],[-9.51875,36.67623],[-9.52164,36.67708],[-9.52292,36.67783],[-9.52708,36.68074],[-9.52852,36.68125],[-9.53079,36.68542],[-9.53125,36.68577],[-9.53542,36.68797],[-9.53742,36.68958],[-9.53958,36.69074],[-9.54207,36.68958],[-9.54375,36.68853],[-9.54792,36.68858],[-9.55042,36.68542],[-9.55208,36.68233],[-9.55625,36.68268],[-9.56008,36.68542],[-9.56042,36.68572],[-9.56458,36.68881],[-9.56519,36.68958],[-9.56875,36.69355],[-9.56898,36.69375],[-9.57292,36.69601],[-9.57708,36.69743],[-9.5779,36.69792],[-9.5782,36.70208],[-9.57794,36.70625],[-9.57913,36.71042],[-9.58008,36.71458],[-9.5791,36.71875],[-9.57804,36.72292],[-9.57708,36.725],[-9.57555,36.72708],[-9.57652,36.73125],[-9.57708,36.73223],[-9.57842,36.73542],[-9.57708,36.73794],[-9.57598,36.73958],[-9.57378,36.74375],[-9.57292,36.74558],[-9.56875,36.7465],[-9.56458,36.74777],[-9.56438,36.74792],[-9.5611,36.75208],[-9.56042,36.75277],[-9.55693,36.75625],[-9.55668,36.76042],[-9.55625,36.7608],[-9.55208,36.76154],[-9.54792,36.76309],[-9.54653,36.76458],[-9.54642,36.76875],[-9.54434,36.77292],[-9.54375,36.7747],[-9.54245,36.77708],[-9.54375,36.77818],[-9.54792,36.77984],[-9.55208,36.78011],[-9.55625,36.78069],[-9.55723,36.78125],[-9.5572,36.78542],[-9.55625,36.78673],[-9.55427,36.78958],[-9.55625,36.79178],[-9.55856,36.79375],[-9.55786,36.79792],[-9.55752,36.80208],[-9.55625,36.80305],[-9.55208,36.8044],[-9.54995,36.80625],[-9.55208,36.81042],[-9.55067,36.81458],[-9.55208,36.81685],[-9.55318,36.81875],[-9.55401,36.82292],[-9.5524,36.82708],[-9.55208,36.8274],[-9.54792,36.82779],[-9.54375,36.82776],[-9.53958,36.82874],[-9.53677,36.83125],[-9.5379,36.83542],[-9.53958,36.83845],[-9.54015,36.83958],[-9.53958,36.84054],[-9.53661,36.84375],[-9.53542,36.84467],[-9.53125,36.84437],[-9.52708,36.84424],[-9.52292,36.84412],[-9.51875,36.84423],[-9.51458,36.84772],[-9.51443,36.84792],[-9.51042,36.85035],[-9.50808,36.85208],[-9.50625,36.85337],[-9.50369,36.85625],[-9.50211,36.86042],[-9.50208,36.86044],[-9.49792,36.86243],[-9.49375,36.86172],[-9.48958,36.86108],[-9.48542,36.86179],[-9.4822,36.86458],[-9.48125,36.86585],[-9.47718,36.86875],[-9.47708,36.86878],[-9.47292,36.87175],[-9.47129,36.87292],[-9.46875,36.87376],[-9.46458,36.87344],[-9.46042,36.87331],[-9.45625,36.87312],[-9.4552,36.87708],[-9.45625,36.87934],[-9.45688,36.88125],[-9.46042,36.88488],[-9.46102,36.88542],[-9.46042,36.88708],[-9.45625,36.88813],[-9.45518,36.88958],[-9.45451,36.89375],[-9.45208,36.89495],[-9.44792,36.89435],[-9.44375,36.89745],[-9.44358,36.89792],[-9.43958,36.89867],[-9.43883,36.89792],[-9.43542,36.89465],[-9.43344,36.89375],[-9.43125,36.8919],[-9.42774,36.89375],[-9.42708,36.89417],[-9.42292,36.8952],[-9.41875,36.89502],[-9.41458,36.8955],[-9.41223,36.89792],[-9.41437,36.90208],[-9.41458,36.90224],[-9.41875,36.90467],[-9.42055,36.90625],[-9.42252,36.91042],[-9.42292,36.91188],[-9.42374,36.91458],[-9.42292,36.91594],[-9.42052,36.91875],[-9.42178,36.92292],[-9.41875,36.92402],[-9.41458,36.92485],[-9.41042,36.92473],[-9.40625,36.92468],[-9.40208,36.92433],[-9.39929,36.92708],[-9.40117,36.93125],[-9.40208,36.93264],[-9.40527,36.93542],[-9.4053,36.93958],[-9.40294,36.94375],[-9.40208,36.94402],[-9.39792,36.94405],[-9.39375,36.94394],[-9.39183,36.94375],[-9.38958,36.94338],[-9.38542,36.94059],[-9.38125,36.93967],[-9.37898,36.94375],[-9.38089,36.94792],[-9.38125,36.9489],[-9.38532,36.95208],[-9.38542,36.95221],[-9.38927,36.95625],[-9.38958,36.95699],[-9.39181,36.96042],[-9.38958,36.96183],[-9.38611,36.96458],[-9.38542,36.96491],[-9.38125,36.96636],[-9.37708,36.9687],[-9.37698,36.96875],[-9.37292,36.97042],[-9.36875,36.97268],[-9.36827,36.97292],[-9.36458,36.97438],[-9.36042,36.97525],[-9.35625,36.97597],[-9.35208,36.9763],[-9.34792,36.97639],[-9.34531,36.97708],[-9.34375,36.97986],[-9.34297,36.98125],[-9.34375,36.98542],[-9.34792,36.98572],[-9.35208,36.98598],[-9.35625,36.9869],[-9.36042,36.98794],[-9.36458,36.98887],[-9.36792,36.98958],[-9.36875,36.98985],[-9.37292,36.99069],[-9.37708,36.9909],[-9.38125,36.99199],[-9.38542,36.99216],[-9.38958,36.99248],[-9.39375,36.99236],[-9.39792,36.99032],[-9.40208,36.9898],[-9.40625,36.99248],[-9.41042,36.99127],[-9.41211,36.98958],[-9.41458,36.98696],[-9.41601,36.98542],[-9.41875,36.98453],[-9.42292,36.98275],[-9.42708,36.98273],[-9.43125,36.98366],[-9.43475,36.98125],[-9.43542,36.98066],[-9.43837,36.97708],[-9.43958,36.97634],[-9.44375,36.97419],[-9.44615,36.97292],[-9.44792,36.97224],[-9.45208,36.97204],[-9.45625,36.97201],[-9.46042,36.97246],[-9.46175,36.97292],[-9.46458,36.97381],[-9.46875,36.97491],[-9.47292,36.97612],[-9.4762,36.97292],[-9.47665,36.96875],[-9.47545,36.96458],[-9.47708,36.96219],[-9.47843,36.96042],[-9.47708,36.95789],[-9.47683,36.95625],[-9.47708,36.95557],[-9.48125,36.95456],[-9.48423,36.95208],[-9.48528,36.94792],[-9.48542,36.94775],[-9.48958,36.9473],[-9.49356,36.94375],[-9.49375,36.94338],[-9.49792,36.94167],[-9.50208,36.94196],[-9.50625,36.94259],[-9.51042,36.93983],[-9.51073,36.93958],[-9.51458,36.93823],[-9.51875,36.93786],[-9.52292,36.938],[-9.52708,36.93592],[-9.52765,36.93542],[-9.52803,36.93125],[-9.52721,36.92708],[-9.53125,36.92531],[-9.53542,36.92591],[-9.53958,36.92638],[-9.54052,36.92708],[-9.54375,36.93001],[-9.54774,36.93125],[-9.54792,36.93134],[-9.55208,36.93181],[-9.55625,36.93394],[-9.56042,36.93145],[-9.56069,36.93125],[-9.56458,36.92905],[-9.56736,36.92708],[-9.56875,36.92554],[-9.57292,36.92532],[-9.57438,36.92708],[-9.57708,36.9294],[-9.58032,36.92708],[-9.58125,36.92565],[-9.58318,36.92292],[-9.58542,36.92173],[-9.58958,36.92202],[-9.59375,36.92079],[-9.59678,36.92292],[-9.59792,36.92359],[-9.60208,36.92394],[-9.60375,36.92292],[-9.60625,36.92184],[-9.61042,36.92144],[-9.61458,36.92083],[-9.61875,36.91938],[-9.61972,36.91875],[-9.62292,36.9171],[-9.62708,36.91499],[-9.62946,36.91458],[-9.63125,36.91438],[-9.63542,36.91348],[-9.63958,36.91186],[-9.64161,36.91042],[-9.64375,36.90903],[-9.64727,36.90625],[-9.64792,36.90486],[-9.65016,36.90208],[-9.65208,36.90108],[-9.65568,36.89792],[-9.65625,36.89754],[-9.66042,36.89605],[-9.66458,36.89375],[-9.66875,36.8899],[-9.66944,36.88958],[-9.67292,36.88893],[-9.67708,36.88958],[-9.67755,36.89375],[-9.68125,36.89767],[-9.68157,36.89792],[-9.68542,36.90125],[-9.68638,36.90208],[-9.68958,36.90556],[-9.69034,36.90625],[-9.69375,36.91],[-9.69792,36.91042],[-9.6956,36.91458],[-9.69792,36.91756],[-9.69931,36.91875],[-9.70208,36.92153],[-9.70278,36.92292],[-9.70278,36.92708],[-9.70486,36.93125],[-9.70625,36.93403],[-9.70653,36.93542],[-9.70625,36.93646],[-9.70417,36.93958],[-9.70625,36.94208],[-9.70694,36.94375],[-9.71042,36.94792],[-9.70689,36.95208],[-9.70653,36.95625],[-9.70625,36.95764],[-9.70458,36.96042],[-9.70208,36.96181],[-9.69981,36.96458],[-9.69896,36.96875],[-9.6997,36.97292],[-9.70208,36.97708],[-9.69958,36.98125],[-9.70208,36.98438],[-9.70249,36.98542],[-9.70208,36.98819],[-9.70116,36.98958],[-9.70208,36.99375],[-9.69792,36.99423],[-9.69392,36.99792],[-9.69375,36.99806],[-9.68958,36.99856],[-9.68606,37.00208],[-9.68574,37.00625],[-9.68542,37.00729],[-9.68385,37.01042],[-9.68125,37.01458],[-9.68218,37.01875],[-9.68542,37.02199],[-9.68625,37.02292],[-9.68819,37.02708],[-9.68698,37.03125],[-9.68542,37.03168],[-9.68125,37.03194],[-9.67708,37.0331],[-9.67388,37.03542],[-9.67292,37.03604],[-9.66875,37.03833],[-9.66779,37.03958],[-9.66505,37.04375],[-9.66458,37.04514],[-9.66375,37.04792],[-9.66111,37.05208],[-9.66068,37.05625],[-9.66042,37.05635],[-9.65625,37.05671],[-9.65511,37.05625],[-9.65208,37.05473],[-9.64792,37.05554],[-9.64542,37.05625],[-9.64439,37.06042],[-9.64375,37.06208],[-9.6425,37.06458],[-9.64279,37.06875],[-9.63958,37.0696],[-9.63542,37.06972],[-9.6337,37.06875],[-9.63125,37.06788],[-9.63018,37.06875],[-9.62831,37.07292],[-9.62708,37.0737],[-9.62292,37.07649],[-9.62003,37.07292],[-9.61875,37.07209],[-9.61597,37.07292],[-9.61458,37.07415],[-9.61165,37.07708],[-9.61065,37.08125],[-9.61042,37.08152],[-9.60664,37.08542],[-9.60625,37.0858],[-9.60208,37.0875],[-9.6006,37.08958],[-9.60208,37.09167],[-9.60625,37.09349],[-9.60643,37.09375],[-9.6081,37.09792],[-9.61042,37.10112],[-9.61096,37.10208],[-9.6125,37.10625],[-9.61458,37.10719],[-9.61875,37.10658],[-9.62292,37.10952],[-9.6252,37.11042],[-9.62292,37.11154],[-9.62079,37.11458],[-9.61875,37.11798],[-9.61615,37.11875],[-9.61499,37.12292],[-9.61458,37.12361],[-9.61354,37.12292],[-9.61208,37.11875],[-9.61042,37.11837],[-9.60913,37.11875],[-9.60701,37.12292],[-9.60729,37.12708],[-9.60729,37.13125],[-9.60655,37.13542],[-9.61042,37.13843],[-9.6138,37.13542],[-9.61458,37.13363],[-9.61515,37.13542],[-9.61875,37.13938],[-9.61892,37.13958],[-9.62292,37.14258],[-9.62708,37.14306],[-9.63125,37.14359],[-9.63161,37.14375],[-9.63542,37.14632],[-9.63788,37.14792],[-9.63958,37.14926],[-9.64375,37.15162],[-9.64442,37.15208],[-9.64792,37.15521],[-9.64889,37.15625],[-9.65133,37.16042],[-9.65113,37.16458],[-9.65141,37.16875],[-9.65161,37.17292],[-9.65208,37.17404],[-9.65585,37.17708],[-9.65458,37.18125],[-9.65515,37.18542],[-9.65613,37.18958],[-9.6538,37.19375],[-9.65208,37.19583],[-9.65032,37.19792],[-9.64792,37.19912],[-9.64375,37.20072],[-9.64191,37.20208],[-9.63975,37.20625],[-9.63958,37.20639],[-9.63542,37.20879],[-9.63408,37.21042],[-9.63125,37.21372],[-9.6306,37.21458],[-9.62766,37.21875],[-9.62708,37.21973],[-9.62437,37.22292],[-9.62292,37.22389],[-9.61937,37.22708],[-9.61875,37.22738],[-9.61458,37.22869],[-9.61155,37.23125],[-9.61042,37.23304],[-9.60897,37.23542],[-9.60737,37.23958],[-9.61042,37.24198],[-9.61118,37.24375],[-9.61458,37.24556],[-9.61875,37.24661],[-9.62292,37.24771],[-9.62321,37.24792],[-9.62418,37.25208],[-9.62708,37.25373],[-9.62975,37.25625],[-9.63125,37.25883],[-9.63292,37.26042],[-9.63416,37.26458],[-9.63542,37.26819],[-9.6355,37.26875],[-9.63745,37.27292],[-9.63746,37.27708],[-9.6371,37.28125],[-9.63723,37.28542],[-9.63793,37.28958],[-9.63648,37.29375],[-9.63542,37.29567],[-9.63338,37.29792],[-9.63248,37.30208],[-9.6329,37.30625],[-9.63423,37.31042],[-9.63542,37.31277],[-9.63629,37.31458],[-9.63958,37.31758],[-9.64072,37.31875],[-9.63975,37.32292],[-9.64142,37.32708],[-9.64352,37.33125],[-9.64343,37.33542],[-9.64337,37.33958],[-9.64302,37.34375],[-9.64375,37.3451],[-9.64543,37.34792],[-9.64752,37.35208],[-9.64722,37.35625],[-9.64614,37.36042],[-9.64432,37.36458],[-9.64766,37.36875],[-9.64792,37.36892],[-9.65091,37.37292],[-9.65208,37.37421],[-9.65398,37.37708],[-9.6548,37.38125],[-9.65588,37.38542],[-9.65625,37.38595],[-9.65861,37.38958],[-9.66001,37.39375],[-9.66016,37.39792],[-9.659,37.40208],[-9.65914,37.40625],[-9.65895,37.41042],[-9.6582,37.41458],[-9.65767,37.41875],[-9.65677,37.42292],[-9.65625,37.42589],[-9.65597,37.42708],[-9.65208,37.43085],[-9.65168,37.43125],[-9.64978,37.43542],[-9.64882,37.43958],[-9.64958,37.44375],[-9.65208,37.44509],[-9.65625,37.44394],[-9.65701,37.44375],[-9.66042,37.44284],[-9.66075,37.44375],[-9.66458,37.44631],[-9.66618,37.44792],[-9.66458,37.45147],[-9.66384,37.45208],[-9.66059,37.45625],[-9.66042,37.45708],[-9.66014,37.46042],[-9.66042,37.46153],[-9.66135,37.46458],[-9.66357,37.46875],[-9.66458,37.4704],[-9.66648,37.47292],[-9.66875,37.47555],[-9.67019,37.47708],[-9.6724,37.48125],[-9.67292,37.48258],[-9.67417,37.48542],[-9.67686,37.48958],[-9.67708,37.48988],[-9.68125,37.49352],[-9.68165,37.49375],[-9.68542,37.49719],[-9.68589,37.49792],[-9.68815,37.50208],[-9.68958,37.50387],[-9.69375,37.50553],[-9.69792,37.50579],[-9.69911,37.50625],[-9.69905,37.51042],[-9.69877,37.51458],[-9.69822,37.51875],[-9.69792,37.52292],[-9.69984,37.52708],[-9.70042,37.53125],[-9.701,37.53542],[-9.70208,37.53958],[-9.70625,37.54236],[-9.70715,37.54375],[-9.70804,37.54792],[-9.70676,37.55208],[-9.70625,37.5544],[-9.70563,37.55625],[-9.70329,37.56042],[-9.70368,37.56458],[-9.70526,37.56875],[-9.70381,37.57292],[-9.70339,37.57708],[-9.70369,37.58125],[-9.70286,37.58542],[-9.70208,37.58805],[-9.7015,37.58958],[-9.70082,37.59375],[-9.69967,37.59792],[-9.70035,37.60208],[-9.70208,37.60599],[-9.70221,37.60625],[-9.70208,37.60688],[-9.70155,37.61042],[-9.69986,37.61458],[-9.69924,37.61875],[-9.69795,37.62292],[-9.69917,37.62708],[-9.70158,37.63125],[-9.70208,37.63272],[-9.70412,37.63542],[-9.70208,37.63708],[-9.70047,37.63958],[-9.69835,37.64375],[-9.69792,37.64437],[-9.69615,37.64792],[-9.69375,37.65186],[-9.69355,37.65208],[-9.69309,37.65625],[-9.69249,37.66042],[-9.6935,37.66458],[-9.69319,37.66875],[-9.69207,37.67292],[-9.69047,37.67708],[-9.68979,37.68125],[-9.69375,37.68269],[-9.69792,37.68333],[-9.70208,37.68385],[-9.70625,37.68432],[-9.71042,37.68439],[-9.71458,37.68341],[-9.71875,37.68218],[-9.72292,37.68178],[-9.72708,37.68179],[-9.73125,37.68165],[-9.73312,37.68125],[-9.73542,37.68071],[-9.73958,37.67999],[-9.74375,37.6803],[-9.74792,37.68119],[-9.74805,37.68125],[-9.75208,37.68269],[-9.75625,37.68297],[-9.76042,37.68341],[-9.76458,37.68311],[-9.76875,37.68185],[-9.76965,37.68125],[-9.77151,37.67708],[-9.77197,37.67292],[-9.77292,37.67072],[-9.7752,37.66875],[-9.77708,37.6682],[-9.78125,37.66761],[-9.78542,37.66669],[-9.78958,37.66552],[-9.79375,37.66568],[-9.79641,37.66458],[-9.79792,37.66395],[-9.80197,37.66042],[-9.80208,37.66035],[-9.80227,37.66042],[-9.80625,37.66439],[-9.80652,37.66458],[-9.81042,37.66644],[-9.81458,37.66653],[-9.81875,37.66645],[-9.82228,37.66458],[-9.82292,37.66429],[-9.82708,37.66428],[-9.83125,37.66416],[-9.83542,37.66391],[-9.8394,37.66042],[-9.83958,37.66025],[-9.84375,37.6597],[-9.84792,37.6588],[-9.85155,37.65625],[-9.85208,37.6559],[-9.85625,37.65611],[-9.85671,37.65625],[-9.85714,37.66042],[-9.85667,37.66458],[-9.85625,37.66505],[-9.85233,37.66875],[-9.85208,37.66903],[-9.84819,37.67292],[-9.84792,37.67314],[-9.84375,37.67458],[-9.83958,37.67595],[-9.8378,37.67708],[-9.83597,37.68125],[-9.83542,37.68542],[-9.83363,37.68958],[-9.83163,37.69375],[-9.83223,37.69792],[-9.83204,37.70208],[-9.83125,37.70292],[-9.82792,37.70625],[-9.82708,37.70692],[-9.82328,37.71042],[-9.82357,37.71458],[-9.82708,37.71809],[-9.83125,37.7186],[-9.83142,37.71875],[-9.83156,37.72292],[-9.83542,37.72664],[-9.83568,37.72708],[-9.83556,37.73125],[-9.8364,37.73542],[-9.8369,37.73958],[-9.83542,37.74089],[-9.8316,37.74375],[-9.83125,37.74393],[-9.82708,37.74453],[-9.82407,37.74792],[-9.82292,37.74846],[-9.81875,37.74877],[-9.81487,37.75208],[-9.81458,37.75224],[-9.81042,37.75219],[-9.80625,37.75247],[-9.80208,37.75278],[-9.79792,37.75347],[-9.795,37.75625],[-9.79375,37.75708],[-9.78958,37.75682],[-9.78542,37.75677],[-9.78125,37.75729],[-9.77768,37.76042],[-9.77708,37.76055],[-9.77292,37.76067],[-9.76875,37.76064],[-9.76815,37.76042],[-9.76458,37.75792],[-9.76042,37.75887],[-9.75625,37.76004],[-9.75565,37.76042],[-9.75208,37.76383],[-9.74875,37.76458],[-9.74792,37.7648],[-9.74375,37.76515],[-9.73958,37.76679],[-9.738,37.76875],[-9.73698,37.77292],[-9.73542,37.7747],[-9.73239,37.77708],[-9.73125,37.77865],[-9.72894,37.78125],[-9.72772,37.78542],[-9.7275,37.78958],[-9.72708,37.79018],[-9.72396,37.79375],[-9.72292,37.79468],[-9.72,37.79792],[-9.71875,37.7997],[-9.7169,37.80208],[-9.71875,37.80394],[-9.72106,37.80625],[-9.72292,37.80792],[-9.72708,37.80975],[-9.72764,37.81042],[-9.72729,37.81458],[-9.72708,37.81484],[-9.72292,37.81701],[-9.72083,37.81875],[-9.71927,37.82292],[-9.71875,37.82351],[-9.71458,37.82708],[-9.71042,37.83125],[-9.70625,37.83385],[-9.70417,37.83542],[-9.70208,37.8375],[-9.70119,37.83958],[-9.70208,37.84137],[-9.70347,37.84375],[-9.70208,37.84613],[-9.7003,37.84792],[-9.69948,37.85208],[-9.69838,37.85625],[-9.69792,37.85694],[-9.69494,37.86042],[-9.69435,37.86458],[-9.69375,37.865],[-9.68958,37.86792],[-9.68875,37.86875],[-9.68631,37.87292],[-9.68594,37.87708],[-9.68708,37.88125],[-9.6872,37.88542],[-9.68773,37.88958],[-9.68958,37.89077],[-9.69375,37.89276],[-9.69792,37.89346],[-9.70208,37.89352],[-9.7025,37.89375],[-9.70625,37.89792],[-9.70667,37.90208],[-9.70625,37.90313],[-9.70417,37.90625],[-9.70278,37.91042],[-9.70327,37.91458],[-9.70486,37.91875],[-9.70521,37.92292],[-9.70625,37.92542],[-9.70694,37.92708],[-9.70625,37.92801],[-9.70417,37.93125],[-9.70625,37.93417],[-9.70671,37.93542],[-9.70625,37.93615],[-9.70236,37.93958],[-9.70278,37.94375],[-9.70625,37.94704],[-9.70704,37.94792],[-9.71042,37.95185],[-9.71071,37.95208],[-9.71181,37.95625],[-9.71458,37.95972],[-9.71507,37.96042],[-9.71505,37.96458],[-9.71875,37.96809],[-9.71937,37.96875],[-9.72143,37.97292],[-9.71979,37.97708],[-9.71944,37.98125],[-9.71875,37.98185],[-9.71518,37.98542],[-9.71458,37.98625],[-9.7125,37.98958],[-9.71062,37.99375],[-9.71458,37.99558],[-9.71875,37.99671],[-9.71987,37.99792],[-9.721,38.00208],[-9.71935,38.00625],[-9.71875,38.00686],[-9.71525,38.01042],[-9.71501,38.01458],[-9.71458,38.01519],[-9.71151,38.01875],[-9.71105,38.02292],[-9.7108,38.02708],[-9.71042,38.02732],[-9.70625,38.0275],[-9.70208,38.02823],[-9.69792,38.0272],[-9.69375,38.02873],[-9.68958,38.03061],[-9.68542,38.0311],[-9.68125,38.02902],[-9.67875,38.02708],[-9.67708,38.02351],[-9.67657,38.02292],[-9.67359,38.01875],[-9.67292,38.01828],[-9.66875,38.01628],[-9.66458,38.01713],[-9.66042,38.01686],[-9.65625,38.01583],[-9.65474,38.01458],[-9.65208,38.01231],[-9.64792,38.01132],[-9.64375,38.01217],[-9.63958,38.01211],[-9.63673,38.01042],[-9.63542,38.00952],[-9.63125,38.00915],[-9.62708,38.01007],[-9.62292,38.01011],[-9.62169,38.01042],[-9.61875,38.01116],[-9.61458,38.01165],[-9.61042,38.01167],[-9.60689,38.01458],[-9.60625,38.01875],[-9.60208,38.02022],[-9.59842,38.02292],[-9.59832,38.02708],[-9.59804,38.03125],[-9.59792,38.03194],[-9.59701,38.03542],[-9.59792,38.03773],[-9.59867,38.03958],[-9.60135,38.04375],[-9.60208,38.04428],[-9.60625,38.04592],[-9.61042,38.04764],[-9.61094,38.04792],[-9.61458,38.05123],[-9.61524,38.05208],[-9.61875,38.05536],[-9.61906,38.05625],[-9.61972,38.06042],[-9.62292,38.06435],[-9.62311,38.06458],[-9.62292,38.06482],[-9.61887,38.06875],[-9.61875,38.06912],[-9.6164,38.07292],[-9.61554,38.07708],[-9.61468,38.08125],[-9.61458,38.08139],[-9.61042,38.08239],[-9.60671,38.08542],[-9.60625,38.08693],[-9.6036,38.08958],[-9.60208,38.09125],[-9.60016,38.09375],[-9.59905,38.09792],[-9.60208,38.09977],[-9.60625,38.10135],[-9.61042,38.10188],[-9.61071,38.10208],[-9.61168,38.10625],[-9.61458,38.10958],[-9.61496,38.11042],[-9.61473,38.11458],[-9.61458,38.11465],[-9.61042,38.11477],[-9.60625,38.11487],[-9.60208,38.11487],[-9.59792,38.11473],[-9.59375,38.11488],[-9.58974,38.11875],[-9.58958,38.1188],[-9.58542,38.11885],[-9.58125,38.11888],[-9.57708,38.11876],[-9.57707,38.11875],[-9.57292,38.11491],[-9.56875,38.11492],[-9.56458,38.11472],[-9.56042,38.11458],[-9.55625,38.11471],[-9.55603,38.11458],[-9.55208,38.11126],[-9.54792,38.11178],[-9.54565,38.11458],[-9.54707,38.11875],[-9.5455,38.12292],[-9.54386,38.12708],[-9.54375,38.12713],[-9.53958,38.1272],[-9.53542,38.12734],[-9.5314,38.13125],[-9.53125,38.13134],[-9.52708,38.13128],[-9.52701,38.13125],[-9.52292,38.12756],[-9.51882,38.13125],[-9.51875,38.13129],[-9.51458,38.13145],[-9.51042,38.13252],[-9.50647,38.13542],[-9.50625,38.13554],[-9.50227,38.13958],[-9.50208,38.13978],[-9.49838,38.14375],[-9.49831,38.14792],[-9.49792,38.14852],[-9.49442,38.15208],[-9.49383,38.15625],[-9.49375,38.15636],[-9.48985,38.16042],[-9.48958,38.16064],[-9.48561,38.16458],[-9.48542,38.16475],[-9.48125,38.16643],[-9.47956,38.16875],[-9.47814,38.17292],[-9.47808,38.17708],[-9.47981,38.18125],[-9.48125,38.18413],[-9.48226,38.18542],[-9.48542,38.18866],[-9.48589,38.18958],[-9.48958,38.19348],[-9.48997,38.19375],[-9.48958,38.19389],[-9.48542,38.19402],[-9.48125,38.1942],[-9.47708,38.19429],[-9.47292,38.195],[-9.46971,38.19792],[-9.46887,38.20208],[-9.46875,38.20229],[-9.46551,38.20625],[-9.46516,38.21042],[-9.46458,38.21119],[-9.46042,38.21291],[-9.45887,38.21458],[-9.45717,38.21875],[-9.45668,38.22292],[-9.45625,38.22316],[-9.45208,38.22356],[-9.44823,38.22708],[-9.44792,38.22734],[-9.44375,38.22739],[-9.43958,38.2272],[-9.43943,38.22708],[-9.43937,38.22292],[-9.43542,38.2191],[-9.43125,38.21901],[-9.43091,38.21875],[-9.42708,38.21507],[-9.42292,38.21481],[-9.41875,38.21488],[-9.41458,38.21526],[-9.41046,38.21875],[-9.41042,38.21879],[-9.40625,38.21899],[-9.40208,38.21915],[-9.39843,38.22292],[-9.39792,38.22347],[-9.39418,38.22708],[-9.39375,38.22742],[-9.38997,38.23125],[-9.38958,38.23153],[-9.38562,38.23542],[-9.38542,38.23563],[-9.38125,38.23683],[-9.37865,38.23958],[-9.37775,38.24375],[-9.37708,38.24477],[-9.37425,38.24792],[-9.37326,38.25208],[-9.37292,38.25262],[-9.37058,38.25625],[-9.3692,38.26042],[-9.36875,38.2611],[-9.36486,38.26458],[-9.36483,38.26875],[-9.36491,38.27292],[-9.36458,38.27331],[-9.36042,38.27426],[-9.3589,38.27708],[-9.35739,38.28125],[-9.36042,38.28492],[-9.36458,38.28467],[-9.36844,38.28125],[-9.36875,38.28099],[-9.37292,38.28042],[-9.37628,38.27708],[-9.37646,38.27292],[-9.37672,38.26875],[-9.37708,38.26843],[-9.38103,38.26458],[-9.38125,38.26436],[-9.38522,38.26042],[-9.38542,38.2602],[-9.3894,38.25625],[-9.38958,38.25594],[-9.39344,38.25208],[-9.39375,38.25176],[-9.39698,38.24792],[-9.39792,38.24716],[-9.40168,38.24375],[-9.40208,38.24346],[-9.40607,38.23958],[-9.40625,38.23947],[-9.41042,38.23904],[-9.41458,38.2392],[-9.4149,38.23958],[-9.41521,38.24375],[-9.41583,38.24792],[-9.41875,38.25092],[-9.42054,38.25208],[-9.42292,38.25367],[-9.42708,38.254],[-9.43012,38.25208],[-9.43125,38.25162],[-9.43293,38.25208],[-9.43542,38.25281],[-9.43958,38.25501],[-9.44189,38.25625],[-9.44375,38.25811],[-9.44792,38.26025],[-9.45208,38.26017],[-9.45625,38.26031],[-9.46042,38.25982],[-9.46412,38.25625],[-9.46458,38.25597],[-9.46875,38.25505],[-9.47292,38.25388],[-9.47617,38.25208],[-9.47708,38.25156],[-9.48125,38.25108],[-9.48542,38.25031],[-9.48911,38.24792],[-9.48958,38.24767],[-9.49375,38.24728],[-9.49712,38.24375],[-9.49768,38.23958],[-9.49792,38.23933],[-9.50183,38.23542],[-9.50194,38.23125],[-9.50208,38.23103],[-9.50625,38.23062],[-9.51042,38.22929],[-9.51377,38.22708],[-9.51446,38.22292],[-9.51458,38.22283],[-9.51875,38.22234],[-9.52292,38.22098],[-9.52639,38.21875],[-9.52708,38.21841],[-9.53125,38.21826],[-9.53542,38.21744],[-9.53924,38.21458],[-9.53958,38.21439],[-9.54363,38.21042],[-9.54375,38.21031],[-9.54759,38.20625],[-9.54743,38.20208],[-9.5477,38.19792],[-9.54792,38.19765],[-9.55208,38.19636],[-9.55409,38.19375],[-9.55208,38.19058],[-9.54792,38.1899],[-9.54773,38.18958],[-9.54765,38.18542],[-9.54761,38.18125],[-9.54777,38.17708],[-9.54792,38.17692],[-9.54831,38.17708],[-9.55208,38.18008],[-9.55625,38.18099],[-9.55671,38.18125],[-9.55829,38.18542],[-9.56042,38.18784],[-9.56458,38.18921],[-9.56557,38.18958],[-9.56875,38.19106],[-9.57292,38.19144],[-9.57708,38.1923],[-9.58125,38.19209],[-9.58542,38.19221],[-9.58958,38.19289],[-9.59375,38.19347],[-9.59792,38.19334],[-9.60208,38.19332],[-9.60625,38.19349],[-9.61042,38.19362],[-9.61458,38.1935],[-9.61875,38.19261],[-9.62232,38.18958],[-9.62292,38.18919],[-9.62708,38.18894],[-9.63125,38.18899],[-9.63542,38.1888],[-9.63958,38.18875],[-9.64375,38.18801],[-9.64792,38.18658],[-9.6503,38.18542],[-9.65208,38.18452],[-9.65625,38.18422],[-9.66042,38.18365],[-9.66458,38.18229],[-9.66539,38.18125],[-9.66754,38.17708],[-9.66849,38.17292],[-9.66831,38.16875],[-9.66875,38.16838],[-9.67292,38.16732],[-9.67708,38.16701],[-9.68125,38.16661],[-9.68542,38.166],[-9.68953,38.16458],[-9.68958,38.16456],[-9.69375,38.16113],[-9.69453,38.16042],[-9.69709,38.15625],[-9.69792,38.15539],[-9.70208,38.15271],[-9.70625,38.15234],[-9.71042,38.15362],[-9.71458,38.15336],[-9.71875,38.15311],[-9.72292,38.15271],[-9.72507,38.15208],[-9.72708,38.15126],[-9.73125,38.14987],[-9.73542,38.14892],[-9.73797,38.14792],[-9.73958,38.14707],[-9.74375,38.1471],[-9.74792,38.14734],[-9.74978,38.14792],[-9.75208,38.14865],[-9.75399,38.14792],[-9.75625,38.14707],[-9.76042,38.14638],[-9.76394,38.14375],[-9.76458,38.14324],[-9.76875,38.14365],[-9.76884,38.14375],[-9.7697,38.14792],[-9.77292,38.1518],[-9.77314,38.15208],[-9.77326,38.15625],[-9.77292,38.15685],[-9.77083,38.16042],[-9.76914,38.16458],[-9.76909,38.16875],[-9.76889,38.17292],[-9.77292,38.17601],[-9.77708,38.17681],[-9.77746,38.17708],[-9.78125,38.17886],[-9.78504,38.17708],[-9.78542,38.17692],[-9.78559,38.17708],[-9.78958,38.1806],[-9.79375,38.18105],[-9.79792,38.18119],[-9.79798,38.18125],[-9.80208,38.18498],[-9.80326,38.18542],[-9.80625,38.18919],[-9.80646,38.18958],[-9.80724,38.19375],[-9.80687,38.19792],[-9.80644,38.20208],[-9.81042,38.20564],[-9.81458,38.20553],[-9.81554,38.20625],[-9.81875,38.20759],[-9.82029,38.20625],[-9.82292,38.20391],[-9.82612,38.20208],[-9.82708,38.20155],[-9.83125,38.20085],[-9.83536,38.19792],[-9.83542,38.19788],[-9.83557,38.19792],[-9.83904,38.20208],[-9.83958,38.20256],[-9.84211,38.20625],[-9.84375,38.20827],[-9.84506,38.21042],[-9.84792,38.21406],[-9.84838,38.21458],[-9.84792,38.21528],[-9.84375,38.21851],[-9.84335,38.21875],[-9.83958,38.22073],[-9.83542,38.22181],[-9.83125,38.22059],[-9.82756,38.21875],[-9.82708,38.2186],[-9.82292,38.21794],[-9.81875,38.21718],[-9.81458,38.21667],[-9.81042,38.21592],[-9.80625,38.21501],[-9.80452,38.21458],[-9.80208,38.21304],[-9.79792,38.21255],[-9.79375,38.21274],[-9.78958,38.2131],[-9.78542,38.2133],[-9.78338,38.21458],[-9.78125,38.21651],[-9.77708,38.21761],[-9.77292,38.21626],[-9.76875,38.21597],[-9.76479,38.21875],[-9.76458,38.21897],[-9.76042,38.21906],[-9.75625,38.21939],[-9.75208,38.21875],[-9.74792,38.21964],[-9.74375,38.22229],[-9.74313,38.22292],[-9.73958,38.22493],[-9.73542,38.22655],[-9.73361,38.22708],[-9.73125,38.22862],[-9.72798,38.23125],[-9.72708,38.2318],[-9.72292,38.23376],[-9.71875,38.23501],[-9.71797,38.23542],[-9.71458,38.23659],[-9.71042,38.23926],[-9.70979,38.23958],[-9.70625,38.24293],[-9.70527,38.24375],[-9.70431,38.24792],[-9.70208,38.25102],[-9.70076,38.25208],[-9.69792,38.25325],[-9.69375,38.2556],[-9.6933,38.25625],[-9.69037,38.26042],[-9.68958,38.26306],[-9.68834,38.26458],[-9.68542,38.26534],[-9.68125,38.26696],[-9.67851,38.26875],[-9.67708,38.27007],[-9.67292,38.27081],[-9.66875,38.2706],[-9.66458,38.27178],[-9.66042,38.27183],[-9.65625,38.27197],[-9.65373,38.27292],[-9.65208,38.27437],[-9.65011,38.27708],[-9.64792,38.27878],[-9.64375,38.27994],[-9.64051,38.28125],[-9.63958,38.28173],[-9.63542,38.28433],[-9.63281,38.28542],[-9.63125,38.28582],[-9.63027,38.28542],[-9.62708,38.28412],[-9.62292,38.28294],[-9.61875,38.28395],[-9.6151,38.28542],[-9.61458,38.28562],[-9.61042,38.28804],[-9.60687,38.28958],[-9.60625,38.28996],[-9.60208,38.29319],[-9.60086,38.29375],[-9.59792,38.29444],[-9.59375,38.29529],[-9.58958,38.29731],[-9.58758,38.29792],[-9.58542,38.29844],[-9.58125,38.2991],[-9.57708,38.29998],[-9.57309,38.30208],[-9.57292,38.30214],[-9.56875,38.30244],[-9.56458,38.304],[-9.56233,38.30625],[-9.56042,38.30775],[-9.55688,38.31042],[-9.55625,38.31078],[-9.55223,38.31458],[-9.55208,38.31475],[-9.54792,38.31511],[-9.54375,38.31633],[-9.54016,38.31875],[-9.53958,38.319],[-9.53542,38.3192],[-9.53125,38.3194],[-9.52708,38.31909],[-9.52299,38.32292],[-9.52292,38.323],[-9.51891,38.32708],[-9.51875,38.32719],[-9.51458,38.3273],[-9.51042,38.328],[-9.50682,38.33125],[-9.50625,38.33158],[-9.50208,38.33164],[-9.49792,38.33224],[-9.49375,38.33374],[-9.49124,38.33542],[-9.48958,38.33711],[-9.48568,38.33958],[-9.48542,38.34056],[-9.48223,38.34375],[-9.48223,38.34792],[-9.48542,38.3505],[-9.48958,38.35075],[-9.49375,38.35167],[-9.49792,38.35172],[-9.50208,38.35165],[-9.50625,38.3518],[-9.51042,38.3519],[-9.51064,38.35208],[-9.51042,38.35225],[-9.50667,38.35625],[-9.50625,38.35671],[-9.50272,38.36042],[-9.50208,38.36101],[-9.49838,38.36458],[-9.49792,38.36508],[-9.49375,38.36582],[-9.49049,38.36875],[-9.48958,38.36972],[-9.48754,38.37292],[-9.48542,38.37507],[-9.485,38.37708],[-9.48542,38.37921],[-9.48958,38.37816],[-9.49274,38.37708],[-9.49375,38.3765],[-9.49792,38.37627],[-9.50208,38.37611],[-9.50625,38.37648],[-9.50729,38.37708],[-9.50664,38.38125],[-9.50625,38.38186],[-9.50406,38.38542],[-9.50289,38.38958],[-9.50625,38.39256],[-9.50951,38.38958],[-9.51042,38.38895],[-9.51411,38.38542],[-9.51458,38.38505],[-9.51555,38.38542],[-9.51875,38.38877],[-9.52292,38.3888],[-9.52645,38.38542],[-9.52685,38.38125],[-9.52708,38.38103],[-9.53125,38.3808],[-9.53164,38.38125],[-9.53542,38.3831],[-9.53942,38.38125],[-9.53958,38.38116],[-9.53976,38.38125],[-9.54375,38.38329],[-9.54766,38.38125],[-9.54792,38.38113],[-9.55208,38.3801],[-9.55576,38.37708],[-9.55625,38.37681],[-9.55686,38.37708],[-9.56042,38.37831],[-9.56374,38.37708],[-9.56458,38.37681],[-9.56807,38.37292],[-9.56843,38.36875],[-9.56875,38.36838],[-9.5728,38.36458],[-9.57292,38.36446],[-9.57303,38.36458],[-9.57708,38.36829],[-9.58125,38.36811],[-9.58218,38.36875],[-9.58542,38.3709],[-9.58958,38.37151],[-9.59079,38.37292],[-9.59375,38.37584],[-9.59792,38.37376],[-9.60057,38.37292],[-9.60208,38.37077],[-9.60333,38.36875],[-9.60397,38.36458],[-9.60625,38.36209],[-9.60821,38.36042],[-9.61042,38.35714],[-9.61167,38.35625],[-9.61458,38.35497],[-9.61718,38.35625],[-9.61875,38.3567],[-9.62292,38.35758],[-9.62708,38.35903],[-9.63125,38.35963],[-9.63542,38.3601],[-9.63616,38.36042],[-9.63958,38.36308],[-9.64375,38.36408],[-9.6441,38.36458],[-9.64419,38.36875],[-9.64489,38.37292],[-9.64792,38.37363],[-9.64892,38.37292],[-9.65169,38.36875],[-9.65208,38.36861],[-9.65625,38.36802],[-9.66021,38.36458],[-9.66042,38.36437],[-9.66458,38.36373],[-9.66806,38.36042],[-9.66875,38.35994],[-9.67292,38.35882],[-9.67708,38.35706],[-9.67877,38.35625],[-9.68104,38.35208],[-9.68125,38.35199],[-9.68151,38.35208],[-9.68542,38.35486],[-9.68958,38.35511],[-9.69375,38.35493],[-9.69792,38.355],[-9.70191,38.35208],[-9.70208,38.35203],[-9.70255,38.35208],[-9.70625,38.35589],[-9.7064,38.35625],[-9.71042,38.36013],[-9.71065,38.36042],[-9.71055,38.36458],[-9.71064,38.36875],[-9.71056,38.37292],[-9.71042,38.37303],[-9.70625,38.37418],[-9.70335,38.37708],[-9.70239,38.38125],[-9.70235,38.38542],[-9.7041,38.38958],[-9.70625,38.39019],[-9.71042,38.39013],[-9.71198,38.38958],[-9.71458,38.38827],[-9.71875,38.38818],[-9.72067,38.38958],[-9.72292,38.39138],[-9.72587,38.39375],[-9.72708,38.39422],[-9.73125,38.39459],[-9.73542,38.3943],[-9.73895,38.39792],[-9.73958,38.39835],[-9.74375,38.39978],[-9.74792,38.39988],[-9.75208,38.39949],[-9.75625,38.39893],[-9.76042,38.40202],[-9.76046,38.40208],[-9.76114,38.40625],[-9.76129,38.41042],[-9.76042,38.41178],[-9.75833,38.41458],[-9.75644,38.41875],[-9.75625,38.41896],[-9.75208,38.42168],[-9.75047,38.42292],[-9.74868,38.42708],[-9.74851,38.43125],[-9.74792,38.43246],[-9.74681,38.43542],[-9.74792,38.43651],[-9.75208,38.43747],[-9.7545,38.43958],[-9.75519,38.44375],[-9.75625,38.44639],[-9.75668,38.44792],[-9.75672,38.45208],[-9.76042,38.45519],[-9.76458,38.45481],[-9.76875,38.45426],[-9.77292,38.4532],[-9.77652,38.45208],[-9.77708,38.45194],[-9.78125,38.4514],[-9.78542,38.44957],[-9.78846,38.44792],[-9.78958,38.44728],[-9.79375,38.44553],[-9.79792,38.44633],[-9.8018,38.44792],[-9.80208,38.448],[-9.80274,38.44792],[-9.80625,38.44749],[-9.80903,38.44792],[-9.81042,38.44827],[-9.81458,38.44951],[-9.81875,38.45122],[-9.81949,38.45208],[-9.82079,38.45625],[-9.82168,38.46042],[-9.82292,38.46256],[-9.82708,38.46387],[-9.83125,38.46448],[-9.83143,38.46458],[-9.83175,38.46875],[-9.83125,38.46915],[-9.82803,38.47292],[-9.83125,38.47636],[-9.8316,38.47708],[-9.83542,38.48076],[-9.83599,38.48125],[-9.83657,38.48542],[-9.83958,38.48944],[-9.83984,38.48958],[-9.84375,38.49285],[-9.84502,38.49375],[-9.84792,38.49539],[-9.85208,38.49593],[-9.85625,38.49686],[-9.86042,38.49708],[-9.86458,38.49685],[-9.86875,38.4974],[-9.87292,38.49749],[-9.87708,38.49765],[-9.8775,38.49792],[-9.88125,38.50185],[-9.88149,38.50208],[-9.88542,38.50523],[-9.88958,38.50565],[-9.89375,38.50571],[-9.89792,38.50586],[-9.90208,38.50611],[-9.90224,38.50625],[-9.90208,38.50654],[-9.89825,38.51042],[-9.89792,38.51071],[-9.89398,38.51458],[-9.89375,38.51478],[-9.88958,38.51539],[-9.88592,38.51875],[-9.88958,38.5211],[-9.89375,38.5215],[-9.89792,38.52191],[-9.90208,38.52236],[-9.90625,38.52266],[-9.91042,38.52252],[-9.91458,38.52229],[-9.91875,38.52253],[-9.91941,38.52292],[-9.92292,38.52655],[-9.92708,38.52648],[-9.93113,38.52292],[-9.93125,38.52285],[-9.93542,38.52288],[-9.93549,38.52292],[-9.93958,38.5258],[-9.94375,38.52646],[-9.94792,38.52637],[-9.95208,38.52667],[-9.95625,38.52669],[-9.96042,38.52683],[-9.96458,38.52678],[-9.96491,38.52708],[-9.96875,38.53002],[-9.97292,38.53018],[-9.97708,38.53063],[-9.98125,38.53101],[-9.98542,38.5312],[-9.98548,38.53125],[-9.98542,38.53141],[-9.98226,38.53542],[-9.98542,38.53919],[-9.98558,38.53958],[-9.98549,38.54375],[-9.98584,38.54792],[-9.98589,38.55208],[-9.98553,38.55625],[-9.9855,38.56042],[-9.98542,38.56052],[-9.98125,38.56111],[-9.97746,38.56458],[-9.97708,38.56484],[-9.97325,38.56875],[-9.97292,38.56898],[-9.96875,38.57046],[-9.96581,38.57292],[-9.96458,38.57372],[-9.96166,38.57708],[-9.9609,38.58125],[-9.96042,38.58183],[-9.95625,38.58276],[-9.95232,38.58542],[-9.95208,38.58555],[-9.94792,38.58732],[-9.94625,38.58958],[-9.94792,38.59215],[-9.94849,38.59375],[-9.95208,38.59779],[-9.95625,38.59751],[-9.9567,38.59792],[-9.96042,38.60065],[-9.96398,38.59792],[-9.96458,38.59719],[-9.96875,38.59728],[-9.97292,38.59788],[-9.97296,38.59792],[-9.97708,38.60171],[-9.98125,38.60119],[-9.98542,38.60121],[-9.98918,38.59792],[-9.98958,38.5976],[-9.99034,38.59792],[-9.99375,38.60021],[-9.99792,38.60112],[-10,38.60112]]},"properties":{"fid":1493,"ID":1492,"ELEV":-2000}},
{"type":"Feature","geometry":{"type":"LineString","coordinates":[[-10,32.31191],[-9.99792,32.31191],[-9.99415,32.31042],[-9.99375,32.31029],[-9.99327,32.31042],[-9.99241,32.31458],[-9.99375,32.31528],[-9.99792,32.31657],[-10,32.31657]]},"properties":{"fid":1566,"ID":1565,"ELEV":-2000}},
{"type":"Feature","geometry":{"type":"LineString","coordinates":[[-10,32.00412],[-9.99792,32.00412],[-9.99375,32.00433],[-9.99179,32.00625],[-9.98958,32.00986],[-9.98542,32.00908],[-9.98125,32.00749],[-9.97899,32.00625],[-9.97708,32.00506],[-9.97292,32.00347],[-9.97054,32.00625],[-9.97123,32.01042],[-9.97009,32.01458],[-9.96875,32.01549],[-9.96458,32.01582],[-9.96281,32.01875],[-9.96458,32.02221],[-9.96514,32.02292],[-9.96703,32.02708],[-9.96581,32.03125],[-9.96458,32.03524],[-9.96448,32.03542],[-9.96188,32.03958],[-9.96042,32.04049],[-9.95625,32.04034],[-9.955,32.03958],[-9.95208,32.03749],[-9.95007,32.03542],[-9.94792,32.03343],[-9.94375,32.03304],[-9.94105,32.03542],[-9.93958,32.03805],[-9.93672,32.03958],[-9.93622,32.04375],[-9.93542,32.04472],[-9.93125,32.04436],[-9.92965,32.04375],[-9.92708,32.04302],[-9.92571,32.04375],[-9.92673,32.04792],[-9.92708,32.04852],[-9.92973,32.05208],[-9.93125,32.05356],[-9.93381,32.05625],[-9.93542,32.05994],[-9.93561,32.06042],[-9.93542,32.06076],[-9.93125,32.06226],[-9.92708,32.06445],[-9.92692,32.06458],[-9.92292,32.06691],[-9.91932,32.06875],[-9.91875,32.06922],[-9.91558,32.07292],[-9.91875,32.0758],[-9.91999,32.07708],[-9.92292,32.07954],[-9.92708,32.08019],[-9.93125,32.08071],[-9.93228,32.08125],[-9.93501,32.08542],[-9.93542,32.08563],[-9.93958,32.08603],[-9.94375,32.08635],[-9.94792,32.08686],[-9.95208,32.08893],[-9.95309,32.08958],[-9.95625,32.09242],[-9.95743,32.09375],[-9.95925,32.09792],[-9.95924,32.10208],[-9.95743,32.10625],[-9.95625,32.10743],[-9.95281,32.11042],[-9.95208,32.11088],[-9.94792,32.11184],[-9.94375,32.11242],[-9.93958,32.11332],[-9.93691,32.11458],[-9.93542,32.11611],[-9.93282,32.11875],[-9.93125,32.11938],[-9.92708,32.12031],[-9.92318,32.12292],[-9.92292,32.12355],[-9.92174,32.12708],[-9.92114,32.13125],[-9.92094,32.13542],[-9.92292,32.13779],[-9.92483,32.13958],[-9.92567,32.14375],[-9.92386,32.14792],[-9.92292,32.14876],[-9.91875,32.15201],[-9.91867,32.15208],[-9.91458,32.1538],[-9.91042,32.15399],[-9.90625,32.15462],[-9.90208,32.15514],[-9.89932,32.15208],[-9.89792,32.15126],[-9.89375,32.14987],[-9.88958,32.15018],[-9.88803,32.15208],[-9.88777,32.15625],[-9.88542,32.15997],[-9.88395,32.16042],[-9.88125,32.16235],[-9.87746,32.16458],[-9.87708,32.1649],[-9.87292,32.1649],[-9.86939,32.16875],[-9.87113,32.17292],[-9.87292,32.17352],[-9.87708,32.17391],[-9.88125,32.17448],[-9.88292,32.17708],[-9.88542,32.17874],[-9.88922,32.18125],[-9.88958,32.18197],[-9.89375,32.1832],[-9.89792,32.18479],[-9.90208,32.1848],[-9.90271,32.18542],[-9.90625,32.18774],[-9.91042,32.18876],[-9.91228,32.18958],[-9.91408,32.19375],[-9.91458,32.19491],[-9.91628,32.19792],[-9.9158,32.20208],[-9.91875,32.20438],[-9.92292,32.20597],[-9.9233,32.20625],[-9.92708,32.20975],[-9.92924,32.21042],[-9.93125,32.21349],[-9.9317,32.21458],[-9.93125,32.21521],[-9.92708,32.21862],[-9.92696,32.21875],[-9.92548,32.22292],[-9.9247,32.22708],[-9.92292,32.22887],[-9.91921,32.23125],[-9.91875,32.23138],[-9.91458,32.23136],[-9.91042,32.23148],[-9.90625,32.23125],[-9.90392,32.23542],[-9.90625,32.23735],[-9.91032,32.23958],[-9.90625,32.2428],[-9.90208,32.24311],[-9.89792,32.24323],[-9.89375,32.24299],[-9.88958,32.24324],[-9.88907,32.24375],[-9.88958,32.24462],[-9.89375,32.24567],[-9.89587,32.24792],[-9.89792,32.24898],[-9.90208,32.25088],[-9.90413,32.25208],[-9.90625,32.25404],[-9.91042,32.25583],[-9.91198,32.25625],[-9.91458,32.25819],[-9.91662,32.26042],[-9.91704,32.26458],[-9.91681,32.26875],[-9.91458,32.27071],[-9.9117,32.27292],[-9.91042,32.27341],[-9.90625,32.27604],[-9.90498,32.27708],[-9.90208,32.27819],[-9.89792,32.27822],[-9.89375,32.27925],[-9.88958,32.27921],[-9.88542,32.27908],[-9.88125,32.2783],[-9.87937,32.27708],[-9.87708,32.2762],[-9.87575,32.27708],[-9.87551,32.28125],[-9.87708,32.28255],[-9.87898,32.28542],[-9.87708,32.28721],[-9.87292,32.28641],[-9.87122,32.28958],[-9.87219,32.29375],[-9.87292,32.29449],[-9.87708,32.29515],[-9.88125,32.29583],[-9.88542,32.29786],[-9.88549,32.29792],[-9.88958,32.30121],[-9.89047,32.30208],[-9.89375,32.3038],[-9.89792,32.30545],[-9.89918,32.30625],[-9.90208,32.30946],[-9.90345,32.31042],[-9.90625,32.3143],[-9.90645,32.31458],[-9.9065,32.31875],[-9.90625,32.31921],[-9.9048,32.32292],[-9.90208,32.32467],[-9.89901,32.32708],[-9.89792,32.32771],[-9.89375,32.32934],[-9.88958,32.32964],[-9.88542,32.33013],[-9.88432,32.33125],[-9.88125,32.33478],[-9.87863,32.33542],[-9.87708,32.33609],[-9.87292,32.33788],[-9.87023,32.33958],[-9.86973,32.34375],[-9.87292,32.34449],[-9.87708,32.34614],[-9.88125,32.34613],[-9.88542,32.34646],[-9.88958,32.34685],[-9.89375,32.34704],[-9.89792,32.34707],[-9.90208,32.3475],[-9.90625,32.34781],[-9.91042,32.34763],[-9.9125,32.34792],[-9.91458,32.34923],[-9.91843,32.35208],[-9.91875,32.35252],[-9.92044,32.35625],[-9.91971,32.36042],[-9.91875,32.36205],[-9.91642,32.36458],[-9.91458,32.36677],[-9.91269,32.36875],[-9.91042,32.36997],[-9.90625,32.37275],[-9.90615,32.37292],[-9.90208,32.37708],[-9.9,32.38125],[-9.89857,32.38542],[-9.89792,32.38619],[-9.89375,32.38944],[-9.8934,32.38958],[-9.88958,32.39122],[-9.88686,32.39375],[-9.88542,32.39609],[-9.88456,32.39792],[-9.88232,32.40208],[-9.88125,32.40352],[-9.87708,32.40579],[-9.87604,32.40625],[-9.87292,32.40769],[-9.86937,32.41042],[-9.86875,32.41086],[-9.86458,32.41359],[-9.86336,32.41458],[-9.86205,32.41875],[-9.86083,32.42292],[-9.86169,32.42708],[-9.86138,32.43125],[-9.86146,32.43542],[-9.86068,32.43958],[-9.86042,32.44007],[-9.85881,32.44375],[-9.85722,32.44792],[-9.85625,32.44945],[-9.85398,32.45208],[-9.85208,32.45324],[-9.84792,32.4546],[-9.84375,32.4558],[-9.84282,32.45625],[-9.83958,32.45879],[-9.83542,32.45958],[-9.83125,32.45872],[-9.82708,32.45855],[-9.82292,32.45786],[-9.81984,32.45625],[-9.81875,32.45571],[-9.81458,32.45417],[-9.81042,32.45358],[-9.80625,32.45431],[-9.80208,32.45404],[-9.79792,32.45278],[-9.79573,32.45208],[-9.79375,32.45121],[-9.78958,32.45],[-9.78555,32.44792],[-9.78542,32.44782],[-9.78125,32.44383],[-9.78108,32.44375],[-9.77708,32.4421],[-9.77515,32.44375],[-9.77292,32.44564],[-9.77114,32.44792],[-9.76875,32.45009],[-9.76737,32.45208],[-9.76875,32.4544],[-9.7713,32.45625],[-9.77292,32.4587],[-9.77369,32.46042],[-9.77645,32.46458],[-9.77708,32.46576],[-9.77899,32.46875],[-9.77943,32.47292],[-9.77947,32.47708],[-9.78125,32.48116],[-9.7813,32.48125],[-9.78201,32.48542],[-9.78125,32.48732],[-9.77932,32.48958],[-9.77737,32.49375],[-9.77708,32.49411],[-9.77292,32.49487],[-9.76875,32.49393],[-9.76818,32.49375],[-9.76458,32.49253],[-9.76142,32.49375],[-9.76141,32.49792],[-9.76042,32.49882],[-9.75625,32.50012],[-9.75208,32.49934],[-9.74792,32.49909],[-9.74375,32.4989],[-9.73958,32.49914],[-9.73542,32.50019],[-9.73338,32.50208],[-9.73542,32.5029],[-9.73958,32.50416],[-9.74375,32.50597],[-9.74419,32.50625],[-9.74792,32.5097],[-9.74856,32.51042],[-9.74998,32.51458],[-9.75208,32.5184],[-9.7523,32.51875],[-9.75474,32.52292],[-9.75625,32.52448],[-9.76009,32.52708],[-9.76042,32.52958],[-9.76068,32.53125],[-9.76172,32.53542],[-9.7608,32.53958],[-9.76042,32.54046],[-9.75792,32.54375],[-9.75774,32.54792],[-9.75625,32.54907],[-9.75286,32.55208],[-9.75208,32.55417],[-9.75165,32.55625],[-9.74792,32.56026],[-9.74757,32.56042],[-9.74375,32.56283],[-9.74153,32.56458],[-9.73958,32.56559],[-9.73542,32.56711],[-9.73181,32.56875],[-9.73213,32.57292],[-9.73196,32.57708],[-9.73125,32.57827],[-9.72917,32.58125],[-9.72708,32.58299],[-9.72407,32.58542],[-9.72292,32.58621],[-9.71898,32.58958],[-9.71875,32.59051],[-9.71763,32.59375],[-9.71458,32.59705],[-9.71391,32.59792],[-9.71042,32.60153],[-9.70931,32.60208],[-9.70625,32.60293],[-9.70208,32.60386],[-9.69792,32.60431],[-9.69375,32.60444],[-9.68958,32.60558],[-9.68882,32.60625],[-9.68958,32.60952],[-9.68985,32.61042],[-9.69201,32.61458],[-9.69375,32.61875],[-9.69007,32.62292],[-9.69075,32.62708],[-9.69076,32.63125],[-9.68958,32.63289],[-9.68786,32.63542],[-9.68542,32.63812],[-9.68456,32.63958],[-9.68221,32.64375],[-9.68125,32.64461],[-9.67708,32.64671],[-9.67292,32.64727],[-9.67209,32.64792],[-9.67292,32.64981],[-9.67379,32.65208],[-9.67479,32.65625],[-9.67485,32.66042],[-9.67292,32.66283],[-9.67035,32.66458],[-9.66875,32.66521],[-9.66742,32.66458],[-9.66458,32.66333],[-9.66042,32.66372],[-9.65625,32.66286],[-9.65363,32.66458],[-9.6533,32.66875],[-9.65208,32.66971],[-9.64792,32.6707],[-9.64631,32.67292],[-9.64792,32.67555],[-9.64877,32.67708],[-9.65137,32.68125],[-9.65208,32.6825],[-9.65489,32.68542],[-9.65282,32.68958],[-9.65208,32.69137],[-9.6508,32.69375],[-9.64792,32.69583],[-9.64461,32.69792],[-9.64375,32.69839],[-9.63958,32.70072],[-9.63542,32.69935],[-9.6314,32.69792],[-9.63125,32.69785],[-9.62708,32.69681],[-9.62292,32.69682],[-9.61946,32.69792],[-9.62292,32.70104],[-9.62331,32.70208],[-9.62292,32.70262],[-9.61898,32.70625],[-9.61875,32.70799],[-9.61845,32.71042],[-9.61875,32.7108],[-9.62292,32.71452],[-9.62304,32.71458],[-9.62292,32.715],[-9.62094,32.71875],[-9.61875,32.71932],[-9.61458,32.72101],[-9.61148,32.72292],[-9.61458,32.72674],[-9.61474,32.72708],[-9.61572,32.73125],[-9.61684,32.73542],[-9.61458,32.7363],[-9.61042,32.73634],[-9.60625,32.73706],[-9.60249,32.73542],[-9.60208,32.73533],[-9.60198,32.73542],[-9.60007,32.73958],[-9.60208,32.74085],[-9.60298,32.74375],[-9.60625,32.74736],[-9.60684,32.74792],[-9.60648,32.75208],[-9.60625,32.75458],[-9.60594,32.75625],[-9.60443,32.76042],[-9.60359,32.76458],[-9.60208,32.76576],[-9.59792,32.76715],[-9.59629,32.76875],[-9.59375,32.77054],[-9.58958,32.77215],[-9.58813,32.77292],[-9.5883,32.77708],[-9.58958,32.78089],[-9.58976,32.78125],[-9.58958,32.78155],[-9.58718,32.78542],[-9.58542,32.78601],[-9.58125,32.78688],[-9.57708,32.78861],[-9.57488,32.78958],[-9.57708,32.79267],[-9.57756,32.79375],[-9.57992,32.79792],[-9.57815,32.80208],[-9.57708,32.80402],[-9.57593,32.80625],[-9.57378,32.81042],[-9.57292,32.81132],[-9.56935,32.81458],[-9.56875,32.81486],[-9.56458,32.81655],[-9.56075,32.81875],[-9.56235,32.82292],[-9.56239,32.82708],[-9.56042,32.83051],[-9.56001,32.83125],[-9.56042,32.83194],[-9.56294,32.83542],[-9.56042,32.83794],[-9.55837,32.83958],[-9.55985,32.84375],[-9.55751,32.84792],[-9.55743,32.85208],[-9.55625,32.85347],[-9.55469,32.85625],[-9.55317,32.86042],[-9.55208,32.86267],[-9.55166,32.86458],[-9.55106,32.86875],[-9.54792,32.87083],[-9.54504,32.87292],[-9.54375,32.87442],[-9.54212,32.87708],[-9.54107,32.88125],[-9.53958,32.88369],[-9.53656,32.88542],[-9.53542,32.88681],[-9.53423,32.88958],[-9.53195,32.89375],[-9.53125,32.8976],[-9.53122,32.89792],[-9.52992,32.90208],[-9.52908,32.90625],[-9.53065,32.91042],[-9.53071,32.91458],[-9.52795,32.91875],[-9.52708,32.91935],[-9.52292,32.92183],[-9.52103,32.92292],[-9.51875,32.92637],[-9.51838,32.92708],[-9.51875,32.92795],[-9.52217,32.93125],[-9.52292,32.93168],[-9.52708,32.93458],[-9.52779,32.93542],[-9.52976,32.93958],[-9.53105,32.94375],[-9.52865,32.94792],[-9.52739,32.95208],[-9.52708,32.95313],[-9.52606,32.95625],[-9.52292,32.96031],[-9.52278,32.96042],[-9.51875,32.96292],[-9.51513,32.96458],[-9.51458,32.96479],[-9.51042,32.96653],[-9.50625,32.9682],[-9.50486,32.96875],[-9.50208,32.96988],[-9.49792,32.97195],[-9.49649,32.97292],[-9.49375,32.97468],[-9.49097,32.97708],[-9.48958,32.97833],[-9.4865,32.98125],[-9.48542,32.98229],[-9.48218,32.98542],[-9.48125,32.9865],[-9.47858,32.98958],[-9.47708,32.99198],[-9.47626,32.99375],[-9.47681,32.99792],[-9.47708,32.99856],[-9.47872,33.00208],[-9.48125,33.00572],[-9.48159,33.00625],[-9.48469,33.01042],[-9.48542,33.01458],[-9.4875,33.01875],[-9.48542,33.01977],[-9.48234,33.02292],[-9.48125,33.02411],[-9.47768,33.02708],[-9.47708,33.0277],[-9.47292,33.0307],[-9.47191,33.03125],[-9.46875,33.0338],[-9.46703,33.03542],[-9.46458,33.03715],[-9.46042,33.03802],[-9.45625,33.03958],[-9.45208,33.0413],[-9.44792,33.04131],[-9.44375,33.04304],[-9.44315,33.04375],[-9.44252,33.04792],[-9.44375,33.05014],[-9.44468,33.05208],[-9.44421,33.05625],[-9.44375,33.05792],[-9.44258,33.06042],[-9.44167,33.06458],[-9.44033,33.06875],[-9.43958,33.06966],[-9.43646,33.07292],[-9.4386,33.07708],[-9.43958,33.07943],[-9.44049,33.08125],[-9.43958,33.08349],[-9.43887,33.08542],[-9.43542,33.08944],[-9.4353,33.08958],[-9.43125,33.09241],[-9.42872,33.09375],[-9.42708,33.09616],[-9.42644,33.09792],[-9.42658,33.10208],[-9.42528,33.10625],[-9.42292,33.10764],[-9.42034,33.11042],[-9.41904,33.11458],[-9.41875,33.11509],[-9.41542,33.11875],[-9.41458,33.11934],[-9.41042,33.12278],[-9.41022,33.12292],[-9.40625,33.125],[-9.40208,33.12668],[-9.40172,33.12708],[-9.40208,33.12867],[-9.40283,33.13125],[-9.40301,33.13542],[-9.40228,33.13958],[-9.40208,33.14018],[-9.40016,33.14375],[-9.39792,33.14646],[-9.39684,33.14792],[-9.39375,33.1519],[-9.3935,33.15208],[-9.39175,33.15625],[-9.39035,33.16042],[-9.38958,33.16229],[-9.388,33.16458],[-9.38542,33.16784],[-9.38514,33.16875],[-9.38214,33.17292],[-9.38125,33.17494],[-9.38031,33.17708],[-9.38059,33.18125],[-9.38021,33.18542],[-9.37983,33.18958],[-9.37909,33.19375],[-9.37708,33.19762],[-9.3769,33.19792],[-9.37597,33.20208],[-9.37292,33.20408],[-9.36907,33.20625],[-9.36875,33.20833],[-9.36843,33.21042],[-9.36875,33.21146],[-9.37014,33.21458],[-9.37292,33.21771],[-9.37569,33.21875],[-9.37708,33.21944],[-9.38125,33.22208],[-9.38171,33.22292],[-9.38218,33.22708],[-9.38292,33.23125],[-9.38542,33.23542],[-9.38542,33.23958],[-9.38958,33.24125],[-9.39167,33.24375],[-9.39375,33.24471],[-9.39792,33.24681],[-9.40208,33.24792],[-9.40625,33.2489],[-9.41042,33.24974],[-9.41458,33.25033],[-9.41875,33.24931],[-9.42292,33.24854],[-9.42542,33.24792],[-9.42708,33.24761],[-9.42827,33.24792],[-9.42966,33.25208],[-9.43125,33.25383],[-9.43542,33.25486],[-9.43722,33.25208],[-9.43958,33.24907],[-9.44329,33.24792],[-9.44375,33.24775],[-9.44792,33.2465],[-9.45208,33.24498],[-9.45625,33.24525],[-9.46042,33.24533],[-9.46437,33.24375],[-9.46458,33.24343],[-9.4661,33.23958],[-9.46875,33.23634],[-9.47292,33.23542],[-9.4704,33.23125],[-9.47257,33.22708],[-9.47292,33.22649],[-9.4753,33.22292],[-9.47635,33.21875],[-9.47708,33.2183],[-9.48006,33.21458],[-9.48125,33.21336],[-9.48338,33.21042],[-9.48542,33.20658],[-9.48606,33.20625],[-9.48958,33.20319],[-9.49375,33.20486],[-9.4975,33.20625],[-9.49792,33.20646],[-9.50208,33.2079],[-9.50625,33.20783],[-9.51042,33.21],[-9.51107,33.21042],[-9.51284,33.21458],[-9.51222,33.21875],[-9.51167,33.22292],[-9.51205,33.22708],[-9.51229,33.23125],[-9.51272,33.23542],[-9.51458,33.23767],[-9.517,33.23958],[-9.51775,33.24375],[-9.51597,33.24792],[-9.51458,33.24991],[-9.51323,33.25208],[-9.51042,33.25594],[-9.51024,33.25625],[-9.51,33.26042],[-9.51042,33.26153],[-9.51311,33.26458],[-9.51362,33.26875],[-9.51458,33.27072],[-9.51577,33.27292],[-9.51507,33.27708],[-9.51539,33.28125],[-9.51721,33.28542],[-9.51725,33.28958],[-9.51605,33.29375],[-9.51458,33.29542],[-9.5128,33.29792],[-9.51042,33.3003],[-9.50774,33.30208],[-9.50625,33.30324],[-9.50264,33.30625],[-9.50246,33.31042],[-9.50271,33.31458],[-9.50292,33.31875],[-9.50208,33.32083],[-9.50104,33.32292],[-9.49905,33.32708],[-9.49792,33.32986],[-9.49635,33.33125],[-9.49375,33.33542],[-9.48958,33.33958],[-9.48542,33.34154],[-9.48354,33.34375],[-9.48253,33.34792],[-9.48125,33.35],[-9.4794,33.35208],[-9.47708,33.35417],[-9.47569,33.35625],[-9.47292,33.36042],[-9.46968,33.36458],[-9.46875,33.36551],[-9.46693,33.36875],[-9.46458,33.37125],[-9.4628,33.37292],[-9.46042,33.37569],[-9.45954,33.37708],[-9.45625,33.38076],[-9.45581,33.38125],[-9.45308,33.38542],[-9.45208,33.38646],[-9.44879,33.38958],[-9.44792,33.39077],[-9.44375,33.39279],[-9.44236,33.39375],[-9.43958,33.39583],[-9.43681,33.39792],[-9.43542,33.39905],[-9.43125,33.40208],[-9.42708,33.40478],[-9.42458,33.40625],[-9.42292,33.40744],[-9.41875,33.40982],[-9.41799,33.41042],[-9.41458,33.41354],[-9.41319,33.41458],[-9.41042,33.41708],[-9.40625,33.41829],[-9.40556,33.41875],[-9.40208,33.42024],[-9.39896,33.42292],[-9.39792,33.42417],[-9.39468,33.42708],[-9.39375,33.42792],[-9.38958,33.43042],[-9.3878,33.43125],[-9.38542,33.43253],[-9.38167,33.43542],[-9.38125,33.43564],[-9.37708,33.43896],[-9.3763,33.43958],[-9.37292,33.44297],[-9.37208,33.44375],[-9.36875,33.44688],[-9.36787,33.44792],[-9.36458,33.45159],[-9.36394,33.45208],[-9.36042,33.45438],[-9.35701,33.45625],[-9.35625,33.45671],[-9.35208,33.45958],[-9.35142,33.46042],[-9.34867,33.46458],[-9.34792,33.46546],[-9.34508,33.46875],[-9.34375,33.46983],[-9.34054,33.47292],[-9.33958,33.47388],[-9.33733,33.47708],[-9.33542,33.47917],[-9.3322,33.48125],[-9.33125,33.48264],[-9.32708,33.48542],[-9.32292,33.48833],[-9.31875,33.48932],[-9.31858,33.48958],[-9.31542,33.49375],[-9.31458,33.49479],[-9.31258,33.49792],[-9.31083,33.50208],[-9.31042,33.50249],[-9.30625,33.50576],[-9.30506,33.50625],[-9.30208,33.5087],[-9.29792,33.50985],[-9.29653,33.51042],[-9.29375,33.51103],[-9.28958,33.51136],[-9.28542,33.51075],[-9.28125,33.51068],[-9.27708,33.51155],[-9.27391,33.51458],[-9.27318,33.51875],[-9.27292,33.51929],[-9.27102,33.52292],[-9.26941,33.52708],[-9.26875,33.52826],[-9.26629,33.53125],[-9.26458,33.53458],[-9.2633,33.53542],[-9.26042,33.5375],[-9.25833,33.53958],[-9.25625,33.54038],[-9.25208,33.53986],[-9.24792,33.54337],[-9.24716,33.54375],[-9.24375,33.54471],[-9.24054,33.54792],[-9.23958,33.54873],[-9.23542,33.549],[-9.23125,33.54952],[-9.22708,33.5497],[-9.22292,33.55064],[-9.21875,33.55051],[-9.21458,33.55089],[-9.21042,33.551],[-9.20625,33.55141],[-9.20495,33.55208],[-9.20208,33.55477],[-9.20036,33.55625],[-9.19792,33.55919],[-9.19375,33.56013],[-9.18958,33.55952],[-9.18704,33.56042],[-9.18542,33.56236],[-9.18171,33.56458],[-9.18125,33.56484],[-9.17986,33.56458],[-9.17708,33.56435],[-9.17649,33.56458],[-9.17292,33.56597],[-9.16875,33.56754],[-9.16606,33.56458],[-9.16458,33.5625],[-9.1617,33.56042],[-9.16042,33.55885],[-9.15625,33.55855],[-9.15208,33.55764],[-9.14792,33.55898],[-9.14375,33.55951],[-9.14215,33.56042],[-9.13958,33.56081],[-9.13792,33.56042],[-9.13542,33.55863],[-9.13125,33.55913],[-9.12708,33.56026],[-9.12667,33.56042],[-9.12292,33.56192],[-9.11875,33.56458],[-9.11458,33.56818],[-9.11399,33.56875],[-9.11042,33.57232],[-9.10976,33.57292],[-9.10625,33.57684],[-9.10597,33.57708],[-9.10208,33.58051],[-9.10095,33.58125],[-9.09792,33.58321],[-9.09375,33.585],[-9.09256,33.58542],[-9.08958,33.58632],[-9.08542,33.58698],[-9.08125,33.58775],[-9.07708,33.58872],[-9.07477,33.58958],[-9.07292,33.59028],[-9.06944,33.59375],[-9.06875,33.59423],[-9.06458,33.59732],[-9.06333,33.59792],[-9.06042,33.59839],[-9.05625,33.6],[-9.05327,33.60208],[-9.05208,33.60284],[-9.04792,33.60606],[-9.04745,33.60625],[-9.04375,33.60847],[-9.04256,33.60625],[-9.0418,33.60208],[-9.03958,33.60066],[-9.03611,33.60208],[-9.03542,33.60263],[-9.03137,33.60625],[-9.03125,33.60634],[-9.02808,33.61042],[-9.02708,33.61243],[-9.02506,33.61458],[-9.02292,33.61612],[-9.01875,33.61811],[-9.01756,33.61875],[-9.01458,33.61949],[-9.01042,33.62045],[-9.00625,33.62145],[-9.00208,33.62292],[-8.99792,33.62453],[-8.99375,33.62518],[-8.98958,33.62662],[-8.98773,33.62708],[-8.98542,33.62749],[-8.98368,33.62708],[-8.98125,33.62661],[-8.97708,33.62683],[-8.97663,33.62708],[-8.97292,33.62927],[-8.96875,33.62946],[-8.96458,33.63075],[-8.96042,33.63028],[-8.95625,33.62825],[-8.95401,33.62708],[-8.95208,33.62657],[-8.94792,33.62519],[-8.94375,33.62426],[-8.93958,33.62413],[-8.93542,33.62513],[-8.9315,33.62708],[-8.93125,33.62723],[-8.92708,33.63071],[-8.92654,33.63125],[-8.92356,33.63542],[-8.92292,33.637],[-8.92179,33.63958],[-8.92061,33.64375],[-8.91971,33.64792],[-8.91875,33.65133],[-8.91852,33.65208],[-8.91562,33.65625],[-8.91458,33.65748],[-8.91042,33.65785],[-8.90897,33.66042],[-8.90625,33.66292],[-8.90327,33.66458],[-8.90208,33.66528],[-8.89792,33.66711],[-8.89375,33.66862],[-8.8934,33.66875],[-8.88958,33.67006],[-8.88542,33.67127],[-8.88125,33.67252],[-8.88014,33.67292],[-8.87708,33.67383],[-8.87292,33.67507],[-8.86927,33.67708],[-8.86875,33.67749],[-8.86516,33.68125],[-8.86458,33.68264],[-8.86315,33.68542],[-8.86172,33.68958],[-8.86042,33.69337],[-8.86025,33.69375],[-8.85758,33.69792],[-8.85625,33.7],[-8.85486,33.70208],[-8.85208,33.70573],[-8.85164,33.70625],[-8.84819,33.71042],[-8.84792,33.71074],[-8.84407,33.71458],[-8.84375,33.71484],[-8.84007,33.71875],[-8.83958,33.71919],[-8.83542,33.72212],[-8.83449,33.72292],[-8.83125,33.72545],[-8.82975,33.72708],[-8.82708,33.73026],[-8.82639,33.73125],[-8.8233,33.73542],[-8.82292,33.73588],[-8.81875,33.7381],[-8.81554,33.73958],[-8.81458,33.73994],[-8.81042,33.74203],[-8.80764,33.74375],[-8.80625,33.74483],[-8.80263,33.74792],[-8.80208,33.74854],[-8.79854,33.75208],[-8.79792,33.75282],[-8.79468,33.75625],[-8.79375,33.75729],[-8.79081,33.76042],[-8.78958,33.76164],[-8.78646,33.76458],[-8.78542,33.76569],[-8.78236,33.76875],[-8.78125,33.76979],[-8.77792,33.77292],[-8.77708,33.77365],[-8.77319,33.77708],[-8.77292,33.77736],[-8.76875,33.78097],[-8.76845,33.78125],[-8.76458,33.78444],[-8.76339,33.78542],[-8.76042,33.78802],[-8.75833,33.78958],[-8.75625,33.79125],[-8.75284,33.79375],[-8.75208,33.79435],[-8.74792,33.7974],[-8.74708,33.79792],[-8.74375,33.79967],[-8.73958,33.80139],[-8.73708,33.80208],[-8.73542,33.8025],[-8.73125,33.80407],[-8.72708,33.80605],[-8.72667,33.80625],[-8.72292,33.80759],[-8.71875,33.80949],[-8.71708,33.81042],[-8.71458,33.81163],[-8.71042,33.81367],[-8.70847,33.81458],[-8.70625,33.81554],[-8.70208,33.81713],[-8.69792,33.81875],[-8.69375,33.82021],[-8.68958,33.82204],[-8.68792,33.82292],[-8.68542,33.82423],[-8.68125,33.82685],[-8.6809,33.82708],[-8.67708,33.82963],[-8.67475,33.83125],[-8.67292,33.83243],[-8.66875,33.83521],[-8.66845,33.83542],[-8.66458,33.83788],[-8.662,33.83958],[-8.66042,33.84065],[-8.65625,33.84306],[-8.65508,33.84375],[-8.65208,33.84558],[-8.64866,33.84792],[-8.64792,33.84841],[-8.64375,33.85137],[-8.64281,33.85208],[-8.63958,33.85431],[-8.63594,33.85625],[-8.63542,33.85652],[-8.63125,33.85838],[-8.62708,33.86012],[-8.62646,33.86042],[-8.62292,33.86219],[-8.61923,33.86458],[-8.61875,33.86495],[-8.61458,33.86817],[-8.61375,33.86875],[-8.61042,33.87089],[-8.60725,33.87292],[-8.60625,33.87357],[-8.60208,33.87627],[-8.60082,33.87708],[-8.59792,33.87904],[-8.59451,33.88125],[-8.59375,33.88176],[-8.58958,33.88456],[-8.58826,33.88542],[-8.58542,33.88737],[-8.58187,33.88958],[-8.58125,33.89003],[-8.57708,33.89256],[-8.5747,33.89375],[-8.57292,33.89583],[-8.57099,33.89792],[-8.56875,33.89931],[-8.56458,33.90048],[-8.56042,33.90143],[-8.55937,33.90208],[-8.55625,33.90521],[-8.55502,33.90625],[-8.55208,33.90842],[-8.54939,33.91042],[-8.54792,33.91134],[-8.54375,33.91386],[-8.54236,33.91458],[-8.53958,33.91589],[-8.53542,33.91778],[-8.53333,33.91875],[-8.53125,33.91963],[-8.52708,33.92168],[-8.52523,33.92292],[-8.52292,33.92446],[-8.51875,33.92652],[-8.51779,33.92708],[-8.51458,33.92898],[-8.51208,33.93125],[-8.51042,33.93244],[-8.50645,33.93542],[-8.50625,33.93557],[-8.50208,33.9363],[-8.49792,33.93623],[-8.49375,33.93684],[-8.49023,33.93958],[-8.48958,33.94026],[-8.48649,33.94375],[-8.48542,33.94471],[-8.48138,33.94792],[-8.48125,33.94801],[-8.47708,33.95057],[-8.47292,33.95088],[-8.47029,33.95208],[-8.46986,33.95625],[-8.46875,33.95784],[-8.46458,33.95856],[-8.46042,33.95967],[-8.45625,33.95957],[-8.45246,33.96042],[-8.45208,33.96054],[-8.44792,33.9619],[-8.44375,33.96296],[-8.43958,33.96189],[-8.43542,33.96287],[-8.4315,33.96458],[-8.43125,33.96468],[-8.4277,33.96875],[-8.42708,33.96925],[-8.42443,33.96875],[-8.42292,33.96792],[-8.41875,33.96875],[-8.41458,33.96957],[-8.41042,33.97109],[-8.40667,33.97292],[-8.40625,33.97308],[-8.40208,33.97454],[-8.39911,33.97708],[-8.39792,33.9779],[-8.39375,33.97951],[-8.39135,33.98125],[-8.38958,33.98243],[-8.38542,33.98389],[-8.38201,33.98542],[-8.38125,33.98587],[-8.37708,33.98559],[-8.37292,33.98627],[-8.36875,33.98649],[-8.36458,33.98838],[-8.36042,33.98866],[-8.35625,33.98824],[-8.35208,33.98921],[-8.35104,33.98958],[-8.34792,33.99044],[-8.34375,33.99122],[-8.33958,33.99259],[-8.33542,33.99354],[-8.33125,33.99362],[-8.32847,33.99375],[-8.32708,33.9938],[-8.32292,33.99442],[-8.31875,33.99564],[-8.31597,33.99792],[-8.31458,33.99907],[-8.31042,33.99969],[-8.30625,33.99886],[-8.30208,33.99851],[-8.29792,34.00035],[-8.29375,34.00183],[-8.29323,34.00208],[-8.28958,34.005],[-8.28833,34.00625],[-8.28542,34.00833],[-8.28125,34.00948],[-8.27708,34.01023],[-8.2767,34.01042],[-8.27292,34.01237],[-8.26946,34.01458],[-8.26875,34.01513],[-8.26556,34.01875],[-8.26458,34.02118],[-8.26351,34.02292],[-8.26042,34.02601],[-8.25797,34.02708],[-8.25625,34.02802],[-8.25208,34.02862],[-8.24824,34.03125],[-8.24792,34.03146],[-8.24375,34.03458],[-8.24275,34.03542],[-8.23958,34.03782],[-8.23542,34.03906],[-8.23403,34.03958],[-8.23125,34.04009],[-8.22708,34.04194],[-8.22292,34.04309],[-8.22167,34.04375],[-8.21875,34.04452],[-8.21458,34.04375],[-8.21042,34.04494],[-8.20625,34.04583],[-8.2025,34.04792],[-8.20208,34.04847],[-8.19973,34.05208],[-8.19792,34.05347],[-8.19375,34.05526],[-8.19245,34.05625],[-8.18958,34.05764],[-8.18542,34.05833],[-8.18125,34.05894],[-8.17708,34.06003],[-8.17619,34.06042],[-8.17292,34.06185],[-8.16875,34.06408],[-8.16782,34.06458],[-8.16458,34.06641],[-8.16042,34.06875],[-8.15625,34.07181],[-8.15492,34.07292],[-8.15208,34.07587],[-8.15087,34.07708],[-8.14792,34.08063],[-8.14737,34.08125],[-8.14444,34.08542],[-8.14375,34.08661],[-8.14156,34.08958],[-8.13958,34.09299],[-8.13542,34.09352],[-8.13125,34.0928],[-8.12708,34.09211],[-8.12292,34.09213],[-8.11985,34.09375],[-8.11875,34.09466],[-8.115,34.09792],[-8.11458,34.09833],[-8.11042,34.10208],[-8.10625,34.10461],[-8.10384,34.10625],[-8.10208,34.10748],[-8.09792,34.10721],[-8.09479,34.10625],[-8.09375,34.10604],[-8.0934,34.10625],[-8.08958,34.10854],[-8.08795,34.11042],[-8.08542,34.11258],[-8.08341,34.11458],[-8.08125,34.11641],[-8.07891,34.11875],[-8.07708,34.12182],[-8.07519,34.12292],[-8.07292,34.12423],[-8.06875,34.12587],[-8.06458,34.12688],[-8.06042,34.12625],[-8.05694,34.12292],[-8.05625,34.12248],[-8.05208,34.12078],[-8.04913,34.12292],[-8.04792,34.12357],[-8.04441,34.12708],[-8.04449,34.13125],[-8.04375,34.13542],[-8.04115,34.13958],[-8.03958,34.14072],[-8.03542,34.1434],[-8.03495,34.14375],[-8.03125,34.14613],[-8.02898,34.14792],[-8.02708,34.14907],[-8.02347,34.15208],[-8.02292,34.15238],[-8.01875,34.15465],[-8.01701,34.15625],[-8.01458,34.15819],[-8.01181,34.16042],[-8.01042,34.1614],[-8.00625,34.1633],[-8.00208,34.16435],[-8.00104,34.16458],[-7.99792,34.16542],[-7.99375,34.16652],[-7.98958,34.1684],[-7.98889,34.16875],[-7.98542,34.17064],[-7.98185,34.17292],[-7.98125,34.17333],[-7.97708,34.17629],[-7.97569,34.17708],[-7.97292,34.1786],[-7.96903,34.18125],[-7.96875,34.18151],[-7.96458,34.18428],[-7.96231,34.18542],[-7.96042,34.18619],[-7.9566,34.18958],[-7.95625,34.19002],[-7.95503,34.19375],[-7.9534,34.19792],[-7.95208,34.19936],[-7.94898,34.20208],[-7.94792,34.20295],[-7.94435,34.20625],[-7.94375,34.20722],[-7.94132,34.20625],[-7.93958,34.20556],[-7.93542,34.20347],[-7.93125,34.20391],[-7.92851,34.20625],[-7.92708,34.20781],[-7.92292,34.20914],[-7.91875,34.2089],[-7.91458,34.20875],[-7.91042,34.20833],[-7.90625,34.20792],[-7.90208,34.20804],[-7.89792,34.20856],[-7.89583,34.21042],[-7.8941,34.21458],[-7.89375,34.21528],[-7.89236,34.21875],[-7.88958,34.22196],[-7.88885,34.22292],[-7.88542,34.22583],[-7.88375,34.22708],[-7.88125,34.22842],[-7.87708,34.23027],[-7.87375,34.23125],[-7.87292,34.23149],[-7.86875,34.23349],[-7.86581,34.23542],[-7.86458,34.23889],[-7.86438,34.23958],[-7.86405,34.24375],[-7.86382,34.24792],[-7.86256,34.25208],[-7.86042,34.25563],[-7.85982,34.25625],[-7.85625,34.25822],[-7.85208,34.25775],[-7.84792,34.25638],[-7.84745,34.25625],[-7.84375,34.25517],[-7.83958,34.25517],[-7.83542,34.25625],[-7.83125,34.258],[-7.82819,34.26042],[-7.82708,34.26117],[-7.82292,34.26432],[-7.81875,34.26417],[-7.81458,34.26438],[-7.81354,34.26458],[-7.81042,34.26506],[-7.80625,34.26531],[-7.80208,34.26629],[-7.79792,34.26776],[-7.79494,34.26875],[-7.79375,34.26913],[-7.78958,34.27054],[-7.78542,34.27146],[-7.78125,34.27173],[-7.77708,34.2725],[-7.775,34.27292],[-7.77292,34.27336],[-7.76875,34.27474],[-7.76458,34.2763],[-7.7628,34.27708],[-7.76042,34.27806],[-7.75625,34.27943],[-7.75208,34.27958],[-7.74792,34.27917],[-7.74375,34.27906],[-7.73958,34.27862],[-7.73542,34.27862],[-7.73125,34.27894],[-7.72708,34.27966],[-7.72292,34.28083],[-7.72173,34.28125],[-7.71875,34.28212],[-7.71458,34.28371],[-7.71146,34.28542],[-7.71042,34.28592],[-7.70625,34.28788],[-7.70312,34.28958],[-7.70208,34.2901],[-7.69792,34.2928],[-7.69643,34.29375],[-7.69375,34.29531],[-7.68958,34.29744],[-7.68833,34.29792],[-7.68542,34.29924],[-7.68125,34.30153],[-7.68032,34.30208],[-7.67708,34.30391],[-7.67292,34.30417],[-7.66875,34.3036],[-7.66458,34.30292],[-7.66181,34.30208],[-7.66042,34.30174],[-7.65625,34.3006],[-7.65208,34.30112],[-7.64896,34.30208],[-7.64792,34.30243],[-7.64375,34.30401],[-7.63958,34.30597],[-7.63912,34.30625],[-7.63542,34.30833],[-7.63171,34.31042],[-7.63125,34.31069],[-7.62708,34.31336],[-7.62519,34.31458],[-7.62292,34.31625],[-7.62024,34.31875],[-7.61875,34.32024],[-7.61667,34.32292],[-7.61458,34.32542],[-7.61302,34.32708],[-7.61042,34.32953],[-7.60799,34.33125],[-7.60625,34.33212],[-7.60208,34.3327],[-7.59792,34.33304],[-7.59375,34.33363],[-7.58958,34.33346],[-7.58542,34.33319],[-7.58125,34.33333],[-7.57708,34.33393],[-7.57292,34.3351],[-7.57187,34.33542],[-7.56875,34.33625],[-7.56458,34.33766],[-7.56101,34.33958],[-7.56042,34.3399],[-7.55625,34.3399],[-7.55208,34.33993],[-7.54792,34.34083],[-7.54375,34.34323],[-7.54292,34.34375],[-7.53958,34.34468],[-7.53889,34.34375],[-7.53542,34.34088],[-7.53233,34.34375],[-7.53125,34.34599],[-7.52708,34.3476],[-7.52625,34.34792],[-7.52292,34.34911],[-7.51875,34.3503],[-7.51458,34.35119],[-7.5128,34.35208],[-7.51042,34.35301],[-7.50625,34.35375],[-7.50208,34.35465],[-7.49792,34.35529],[-7.49375,34.35625],[-7.48958,34.35764],[-7.48542,34.35903],[-7.48125,34.36042],[-7.47708,34.36042],[-7.47292,34.35856],[-7.46875,34.35944],[-7.46458,34.35954],[-7.46042,34.35985],[-7.45937,34.36042],[-7.45625,34.36229],[-7.45319,34.36458],[-7.45208,34.36556],[-7.44792,34.36875],[-7.44375,34.37176],[-7.44115,34.37292],[-7.43958,34.37357],[-7.43542,34.37489],[-7.43125,34.37577],[-7.42708,34.37664],[-7.42431,34.37708],[-7.42292,34.37733],[-7.41875,34.37782],[-7.41458,34.37847],[-7.41042,34.37906],[-7.40625,34.37986],[-7.40208,34.38099],[-7.40125,34.38125],[-7.39792,34.38223],[-7.39375,34.38346],[-7.38958,34.38396],[-7.38634,34.38542],[-7.38542,34.38606],[-7.38125,34.38828],[-7.37708,34.3886],[-7.37292,34.38805],[-7.36875,34.38819],[-7.3651,34.38958],[-7.36458,34.38996],[-7.36042,34.39236],[-7.35625,34.39311],[-7.35208,34.39347],[-7.34792,34.39375],[-7.34375,34.39569],[-7.33958,34.39635],[-7.33542,34.39718],[-7.33229,34.39792],[-7.33125,34.39815],[-7.32708,34.39979],[-7.32292,34.4005],[-7.31875,34.40011],[-7.31458,34.39958],[-7.31042,34.39861],[-7.30625,34.39888],[-7.30208,34.39958],[-7.29792,34.4],[-7.29375,34.40086],[-7.28958,34.40208],[-7.28542,34.40324],[-7.28125,34.40479],[-7.27708,34.40625],[-7.27292,34.40748],[-7.26875,34.40807],[-7.26458,34.40863],[-7.26042,34.40875],[-7.25625,34.40875],[-7.25208,34.40804],[-7.24792,34.40729],[-7.24375,34.40674],[-7.23958,34.40772],[-7.23542,34.40856],[-7.23125,34.40923],[-7.22708,34.40933],[-7.22292,34.40913],[-7.21875,34.4092],[-7.21458,34.4092],[-7.21042,34.40942],[-7.20729,34.41042],[-7.20625,34.41086],[-7.20208,34.41305],[-7.19884,34.41458],[-7.19792,34.41502],[-7.19375,34.41686],[-7.18958,34.41803],[-7.18542,34.41837],[-7.18125,34.41803],[-7.17708,34.41761],[-7.17292,34.41639],[-7.16875,34.41542],[-7.16577,34.41458],[-7.16458,34.41422],[-7.16042,34.41368],[-7.15625,34.41383],[-7.15208,34.41424],[-7.15,34.41458],[-7.14792,34.41485],[-7.14375,34.41512],[-7.14097,34.41458],[-7.13958,34.41429],[-7.13542,34.41273],[-7.13125,34.41122],[-7.12917,34.41042],[-7.12708,34.40955],[-7.12292,34.40714],[-7.12099,34.40625],[-7.11875,34.40537],[-7.11458,34.40407],[-7.11042,34.4033],[-7.10625,34.40208],[-7.10208,34.40109],[-7.09792,34.3997],[-7.09375,34.39812],[-7.09167,34.39792],[-7.08958,34.39769],[-7.08899,34.39792],[-7.08542,34.40019],[-7.0831,34.40208],[-7.08125,34.40446],[-7.08011,34.40625],[-7.07708,34.40958],[-7.07625,34.41042],[-7.07417,34.41458],[-7.07292,34.41708],[-7.07199,34.41875],[-7.07024,34.42292],[-7.06986,34.42708],[-7.06875,34.43125],[-7.06907,34.43542],[-7.06875,34.43557],[-7.06829,34.43542],[-7.06458,34.43208],[-7.06319,34.43542],[-7.06458,34.43958],[-7.06522,34.44375],[-7.0651,34.44792],[-7.06458,34.44958],[-7.06385,34.45208],[-7.06224,34.45625],[-7.06042,34.4599],[-7.0601,34.46042],[-7.05714,34.46458],[-7.05625,34.46554],[-7.05406,34.46875],[-7.05208,34.47109],[-7.05076,34.47292],[-7.04792,34.47682],[-7.04775,34.47708],[-7.04503,34.48125],[-7.04375,34.48347],[-7.04263,34.48542],[-7.04131,34.48958],[-7.04102,34.49375],[-7.04228,34.49792],[-7.04375,34.50149],[-7.04398,34.50208],[-7.04564,34.50625],[-7.04772,34.51042],[-7.04792,34.51081],[-7.05025,34.51458],[-7.05208,34.51875],[-7.05089,34.52292],[-7.05069,34.52708],[-7.05125,34.53125],[-7.05052,34.53542],[-7.04952,34.53958],[-7.0487,34.54375],[-7.04914,34.54792],[-7.04826,34.55208],[-7.04792,34.55278],[-7.04618,34.55625],[-7.04375,34.5589],[-7.04167,34.56042],[-7.03958,34.56319],[-7.03909,34.56458],[-7.03843,34.56875],[-7.03866,34.57292],[-7.03958,34.57477],[-7.04074,34.57708],[-7.04146,34.58125],[-7.03958,34.58346],[-7.03588,34.58542],[-7.03542,34.58564],[-7.03125,34.58717],[-7.02708,34.58864],[-7.02586,34.58958],[-7.02316,34.59375],[-7.02292,34.59427],[-7.02138,34.59792],[-7.02057,34.60208],[-7.02069,34.60625],[-7.02173,34.61042],[-7.02292,34.61319],[-7.02367,34.61458],[-7.02633,34.61875],[-7.0258,34.62292],[-7.02448,34.62708],[-7.02344,34.63125],[-7.02292,34.63333],[-7.02232,34.63542],[-7.02163,34.63958],[-7.02083,34.64375],[-7.0206,34.64792],[-7.01921,34.65208],[-7.01875,34.65417],[-7.01829,34.65625],[-7.01736,34.66042],[-7.01708,34.66458],[-7.01696,34.66875],[-7.01736,34.67292],[-7.01696,34.67708],[-7.01875,34.67887],[-7.02153,34.68125],[-7.01989,34.68542],[-7.01875,34.68917],[-7.01458,34.6875],[-7.0125,34.68958],[-7.01138,34.69375],[-7.01098,34.69792],[-7.01042,34.69857],[-7.00625,34.70129],[-7.00561,34.70208],[-7.0028,34.70625],[-7.00208,34.70785],[-7.00093,34.71042],[-6.99792,34.71278],[-6.99666,34.71458],[-6.99591,34.71875],[-6.99653,34.72292],[-6.99792,34.72639],[-7,34.72708],[-6.99792,34.72778],[-6.99648,34.73125],[-6.99636,34.73542],[-6.99742,34.73958],[-6.99792,34.74015],[-7.00208,34.74007],[-7.00625,34.74002],[-7.01042,34.7399],[-7.01458,34.7405],[-7.01875,34.74137],[-7.02292,34.74188],[-7.0256,34.74375],[-7.02649,34.74792],[-7.02708,34.74884],[-7.03,34.75208],[-7.02708,34.755],[-7.0266,34.75625],[-7.02708,34.75682],[-7.03085,34.76042],[-7.03125,34.76086],[-7.03542,34.76224],[-7.0381,34.76458],[-7.03909,34.76875],[-7.03958,34.76931],[-7.04345,34.77292],[-7.04342,34.77708],[-7.04375,34.77745],[-7.04773,34.78125],[-7.04778,34.78542],[-7.04792,34.78556],[-7.05208,34.78958],[-7.05625,34.79013],[-7.05923,34.79375],[-7.06042,34.79476],[-7.06458,34.79484],[-7.06796,34.79792],[-7.06875,34.79856],[-7.07228,34.80208],[-7.07292,34.80625],[-7.07708,34.80665],[-7.08111,34.81042],[-7.08125,34.81054],[-7.08542,34.81128],[-7.08886,34.81458],[-7.08958,34.81531],[-7.09335,34.81875],[-7.09342,34.82292],[-7.09375,34.82384],[-7.0964,34.82708],[-7.09625,34.83125],[-7.09792,34.83165],[-7.10208,34.832],[-7.10625,34.83211],[-7.11042,34.8324],[-7.11458,34.83311],[-7.11875,34.83504],[-7.1194,34.83542],[-7.12173,34.83958],[-7.12292,34.84036],[-7.12708,34.842],[-7.13125,34.84308],[-7.13472,34.84375],[-7.13542,34.84387],[-7.13958,34.84431],[-7.14375,34.84436],[-7.14479,34.84375],[-7.14792,34.84231],[-7.15208,34.84176],[-7.15494,34.83958],[-7.15625,34.8374],[-7.16042,34.83871],[-7.16161,34.83958],[-7.16458,34.84055],[-7.16875,34.84127],[-7.17292,34.84352],[-7.1731,34.84375],[-7.17708,34.84504],[-7.18125,34.8444],[-7.18428,34.84375],[-7.18125,34.84179],[-7.17708,34.83958],[-7.18125,34.83857],[-7.18542,34.83904],[-7.18773,34.83958],[-7.18958,34.84051],[-7.19375,34.84167],[-7.19792,34.843],[-7.20156,34.84375],[-7.20208,34.84403],[-7.20625,34.84726],[-7.20714,34.84792],[-7.21042,34.85078],[-7.21202,34.85208],[-7.21458,34.85511],[-7.21667,34.85625],[-7.21875,34.8575],[-7.2224,34.86042],[-7.22292,34.86088],[-7.22708,34.8625],[-7.23125,34.86091],[-7.23542,34.86312],[-7.2365,34.86458],[-7.23958,34.86806],[-7.23994,34.86875],[-7.24375,34.87273],[-7.24393,34.87292],[-7.24792,34.8769],[-7.24875,34.87708],[-7.25208,34.88011],[-7.25365,34.88125],[-7.25284,34.88542],[-7.25208,34.8875],[-7.25,34.88958],[-7.25208,34.89125],[-7.25304,34.89375],[-7.25625,34.89792],[-7.26042,34.90208],[-7.26458,34.90542],[-7.26495,34.90625],[-7.26458,34.90833],[-7.26354,34.91042],[-7.26458,34.91125],[-7.26592,34.91458],[-7.26605,34.91875],[-7.26875,34.92181],[-7.26912,34.92292],[-7.26875,34.92569],[-7.26542,34.92292],[-7.26458,34.92232],[-7.26042,34.92042],[-7.25625,34.91994],[-7.25208,34.91917],[-7.25116,34.91875],[-7.25139,34.91458],[-7.24792,34.91343],[-7.24375,34.91198],[-7.24208,34.91458],[-7.24375,34.91719],[-7.24567,34.91875],[-7.24653,34.92292],[-7.24375,34.92569],[-7.24097,34.92708],[-7.23958,34.93125],[-7.24375,34.93281],[-7.24606,34.93542],[-7.24792,34.93693],[-7.25083,34.93958],[-7.25208,34.94271],[-7.25231,34.94375],[-7.2524,34.94792],[-7.25246,34.95208],[-7.25529,34.95625],[-7.25625,34.95708],[-7.2601,34.96042],[-7.2591,34.96458],[-7.26042,34.96736],[-7.26083,34.96875],[-7.26042,34.96971],[-7.25663,34.97292],[-7.25625,34.97708],[-7.25625,34.98125],[-7.25208,34.98495],[-7.25162,34.98542],[-7.24792,34.9864],[-7.24375,34.98684],[-7.23958,34.98773],[-7.2358,34.98958],[-7.23758,34.99375],[-7.23724,34.99792],[-7.23702,35.00208],[-7.23542,35.00417],[-7.23411,35.00625],[-7.23375,35.01042],[-7.23125,35.01399],[-7.22708,35.01458],[-7.23125,35.01875],[-7.22708,35.01994],[-7.22361,35.02292],[-7.22292,35.02321],[-7.21875,35.02552],[-7.21771,35.02708],[-7.21458,35.03021],[-7.21345,35.03125],[-7.21042,35.03381],[-7.20868,35.03542],[-7.20625,35.03785],[-7.20465,35.03958],[-7.20208,35.04134],[-7.19792,35.04271],[-7.19375,35.04347],[-7.19333,35.04375],[-7.19051,35.04792],[-7.18958,35.04841],[-7.18542,35.05069],[-7.18333,35.05208],[-7.18125,35.05303],[-7.17881,35.05625],[-7.17708,35.05958],[-7.17643,35.06042],[-7.17708,35.06155],[-7.18011,35.06458],[-7.18125,35.06667],[-7.18542,35.06761],[-7.1872,35.06875],[-7.18958,35.06968],[-7.19375,35.07181],[-7.19792,35.07234],[-7.20104,35.07292],[-7.20208,35.07325],[-7.20625,35.075],[-7.21042,35.07617],[-7.2128,35.07708],[-7.21458,35.08083],[-7.21475,35.08125],[-7.21458,35.08131],[-7.21042,35.08153],[-7.20625,35.08183],[-7.20208,35.08244],[-7.19792,35.08365],[-7.19375,35.08239],[-7.19062,35.08125],[-7.19375,35.07917],[-7.19525,35.07708],[-7.19375,35.07488],[-7.18958,35.075],[-7.18542,35.07558],[-7.18125,35.07664],[-7.18095,35.07708],[-7.18125,35.07875],[-7.18281,35.08125],[-7.18125,35.08182],[-7.17708,35.08268],[-7.17292,35.0822],[-7.16958,35.08125],[-7.16875,35.08087],[-7.16458,35.07958],[-7.16042,35.07958],[-7.15804,35.08125],[-7.15625,35.08375],[-7.15486,35.08542],[-7.15486,35.08958],[-7.15446,35.09375],[-7.15301,35.09792],[-7.15255,35.10208],[-7.15469,35.10625],[-7.15625,35.10739],[-7.15928,35.11042],[-7.16042,35.11458],[-7.16007,35.11875],[-7.15928,35.12292],[-7.15792,35.12708],[-7.15833,35.13125],[-7.15986,35.13542],[-7.16042,35.13646],[-7.16354,35.13958],[-7.16458,35.14007],[-7.16875,35.14323],[-7.16935,35.14375],[-7.17109,35.14792],[-7.17049,35.15208],[-7.16875,35.15625],[-7.16581,35.16042],[-7.16875,35.16319],[-7.17054,35.16458],[-7.17279,35.16875],[-7.17292,35.16893],[-7.17708,35.17173],[-7.17884,35.17292],[-7.18125,35.1745],[-7.18542,35.17699],[-7.1855,35.17708],[-7.18833,35.18125],[-7.18958,35.18275],[-7.19236,35.18542],[-7.19167,35.18958],[-7.18958,35.19018],[-7.18542,35.19087],[-7.18125,35.19132],[-7.17708,35.19236],[-7.17292,35.19282],[-7.17014,35.19375],[-7.16875,35.19421],[-7.16458,35.19583],[-7.16042,35.19792],[-7.15744,35.20208],[-7.15625,35.20301],[-7.15208,35.20521],[-7.14896,35.20625],[-7.14792,35.20677],[-7.14375,35.20982],[-7.14306,35.21042],[-7.13958,35.21339],[-7.13819,35.21458],[-7.13542,35.21597],[-7.13125,35.2184],[-7.13073,35.21875],[-7.13125,35.22292],[-7.13221,35.22708],[-7.13125,35.22917],[-7.12946,35.23125],[-7.12708,35.2331],[-7.12448,35.23542],[-7.12292,35.2375],[-7.12135,35.23958],[-7.12083,35.24375],[-7.11875,35.24792],[-7.11458,35.2517],[-7.11042,35.25179],[-7.10625,35.25181],[-7.10208,35.25139],[-7.09792,35.25077],[-7.09375,35.25127],[-7.09223,35.25208],[-7.08958,35.25312],[-7.08542,35.25455],[-7.08125,35.25453],[-7.07708,35.25529],[-7.07549,35.25625],[-7.07312,35.26042],[-7.07708,35.26438],[-7.08125,35.263],[-7.08542,35.26042],[-7.08828,35.26458],[-7.08542,35.26667],[-7.08125,35.26597],[-7.07708,35.26496],[-7.07292,35.26625],[-7.06917,35.26875],[-7.06875,35.26921],[-7.06679,35.27292],[-7.06458,35.27512],[-7.06042,35.27708],[-7.06458,35.27965],[-7.06875,35.28037],[-7.07292,35.28],[-7.07411,35.28125],[-7.07292,35.28201],[-7.06875,35.28197],[-7.06458,35.28255],[-7.06042,35.28413],[-7.05875,35.28542],[-7.05777,35.28958],[-7.05729,35.29375],[-7.05685,35.29792],[-7.05625,35.30208],[-7.05417,35.30625],[-7.05208,35.31042],[-7.04911,35.31458],[-7.04792,35.31667],[-7.04708,35.31875],[-7.04514,35.32292],[-7.04421,35.32708],[-7.04375,35.32917],[-7.04329,35.33125],[-7.04271,35.33542],[-7.04256,35.33958],[-7.04375,35.34375],[-7.03958,35.34792],[-7.03792,35.35208],[-7.03611,35.35625],[-7.03542,35.35903],[-7.0349,35.36042],[-7.03472,35.36458],[-7.03542,35.36518],[-7.03958,35.36815],[-7.04097,35.36875],[-7.04375,35.36994],[-7.04673,35.37292],[-7.04792,35.37411],[-7.05,35.37708],[-7.05,35.38125],[-7.04792,35.38542],[-7.04567,35.38958],[-7.04375,35.39315],[-7.04315,35.39375],[-7.03958,35.39554],[-7.03588,35.39792],[-7.03542,35.3983],[-7.03125,35.40019],[-7.02778,35.40208],[-7.02708,35.40417],[-7.02667,35.40625],[-7.02708,35.40833],[-7.02755,35.41042],[-7.02833,35.41458],[-7.03011,35.41875],[-7.03125,35.42125],[-7.03208,35.42292],[-7.03292,35.42708],[-7.03349,35.43125],[-7.03514,35.43542],[-7.03542,35.43646],[-7.03611,35.43958],[-7.03594,35.44375],[-7.03542,35.44792],[-7.03542,35.45208],[-7.03482,35.45625],[-7.03437,35.46042],[-7.03125,35.46138],[-7.02708,35.4625],[-7.02292,35.46292],[-7.01875,35.46333],[-7.01458,35.46425],[-7.0125,35.46458],[-7.01042,35.46542],[-7.00625,35.46715],[-7.00208,35.46875],[-7.00312,35.47292],[-7.00625,35.47708],[-7.00561,35.48125],[-7.00625,35.48333],[-7.00718,35.48542],[-7.00625,35.48958],[-7.00573,35.49375],[-7.00486,35.49792],[-7.00625,35.49948],[-7.00972,35.50208],[-7.00937,35.50625],[-7.0089,35.51042],[-7.00917,35.51458],[-7.00833,35.51875],[-7.00625,35.52153],[-7.00521,35.52292],[-7.00208,35.52342],[-6.99792,35.5242],[-6.99375,35.52536],[-6.98958,35.52564],[-6.98542,35.52596],[-6.98125,35.52644],[-6.97708,35.52693],[-6.97667,35.52708],[-6.97292,35.53083],[-6.97208,35.53125],[-6.96875,35.53264],[-6.96458,35.53504],[-6.96399,35.53542],[-6.96042,35.53854],[-6.95937,35.53958],[-6.95625,35.54208],[-6.9544,35.54375],[-6.9525,35.54792],[-6.95208,35.54861],[-6.94792,35.55156],[-6.94687,35.55208],[-6.94375,35.55347],[-6.93958,35.55625],[-6.93667,35.56042],[-6.93542,35.56125],[-6.93125,35.56319],[-6.92708,35.56458],[-6.92292,35.56607],[-6.91875,35.56756],[-6.91723,35.56875],[-6.91458,35.5714],[-6.9125,35.57292],[-6.91042,35.575],[-6.90833,35.57708],[-6.90625,35.57986],[-6.90532,35.58125],[-6.90333,35.58542],[-6.9025,35.58958],[-6.90327,35.59375],[-6.90625,35.59722],[-6.90729,35.59792],[-6.91042,35.59948],[-6.9125,35.60208],[-6.91458,35.60299],[-6.91515,35.60208],[-6.91562,35.59792],[-6.91875,35.59598],[-6.92292,35.59674],[-6.92646,35.59792],[-6.92708,35.59835],[-6.93018,35.60208],[-6.92708,35.60569],[-6.925,35.60625],[-6.92292,35.60669],[-6.91875,35.60732],[-6.91458,35.60808],[-6.91042,35.60852],[-6.90625,35.60873],[-6.90295,35.61042],[-6.90208,35.61157],[-6.89792,35.6137],[-6.89583,35.61458],[-6.89375,35.61782],[-6.89097,35.61875],[-6.89208,35.62292],[-6.89236,35.62708],[-6.89375,35.62917],[-6.89542,35.63125],[-6.89792,35.63304],[-6.90208,35.63482],[-6.90312,35.63542],[-6.90625,35.63792],[-6.90833,35.63958],[-6.91042,35.64034],[-6.91458,35.64236],[-6.91597,35.64375],[-6.9169,35.64792],[-6.91577,35.65208],[-6.91713,35.65625],[-6.91701,35.66042],[-6.91777,35.66458],[-6.91875,35.66792],[-6.92083,35.66875],[-6.92264,35.67292],[-6.92292,35.67316],[-6.92708,35.6733],[-6.93006,35.67708],[-6.93125,35.67917],[-6.93403,35.68125],[-6.93542,35.68244],[-6.93731,35.68542],[-6.93958,35.68899],[-6.94097,35.68958],[-6.94375,35.69034],[-6.9475,35.69375],[-6.94722,35.69792],[-6.94792,35.69911],[-6.95208,35.69896],[-6.95458,35.70208],[-6.95542,35.70625],[-6.95625,35.70792],[-6.95937,35.71042],[-6.95903,35.71458],[-6.96042,35.71875],[-6.96042,35.72292],[-6.96458,35.7233],[-6.96875,35.72569],[-6.96979,35.72708],[-6.97216,35.73125],[-6.97292,35.73201],[-6.97458,35.73125],[-6.97708,35.72917],[-6.97833,35.73125],[-6.97887,35.73542],[-6.98021,35.73958],[-6.98051,35.74375],[-6.98125,35.74688],[-6.98208,35.74792],[-6.98542,35.75069],[-6.98625,35.75208],[-6.98958,35.75417],[-6.99375,35.75532],[-6.99401,35.75625],[-6.99422,35.76042],[-6.99456,35.76458],[-6.99462,35.76875],[-6.99375,35.76991],[-6.99139,35.77292],[-6.98958,35.77511],[-6.9878,35.77708],[-6.98674,35.78125],[-6.98569,35.78542],[-6.98958,35.78958],[-6.99375,35.78903],[-6.99479,35.78958],[-6.99792,35.79375],[-6.99542,35.79792],[-6.99375,35.79958],[-6.99125,35.80208],[-6.99042,35.80625],[-6.99042,35.81042],[-6.99125,35.81458],[-6.99208,35.81875],[-6.99236,35.82292],[-6.99292,35.82708],[-6.99271,35.83125],[-6.99375,35.83264],[-6.99451,35.83542],[-6.99722,35.83958],[-6.99375,35.84279],[-6.99219,35.84375],[-6.99375,35.84554],[-6.99494,35.84792],[-6.99792,35.85112],[-7,35.85208],[-7.00208,35.85458],[-7.00375,35.85625],[-7.00625,35.85833],[-7.00708,35.86042],[-7.00863,35.86458],[-7.00822,35.86875],[-7.01042,35.87292],[-7.01458,35.87379],[-7.01875,35.87575],[-7.02292,35.87667],[-7.02396,35.87708],[-7.02708,35.87887],[-7.03125,35.88105],[-7.03157,35.88125],[-7.03125,35.8816],[-7.02896,35.88542],[-7.02708,35.88792],[-7.02292,35.88938],[-7.02245,35.88958],[-7.02292,35.89028],[-7.02708,35.89067],[-7.03125,35.89026],[-7.03352,35.88958],[-7.03542,35.88875],[-7.03958,35.88819],[-7.04375,35.88958],[-7.04792,35.8912],[-7.05208,35.89156],[-7.05587,35.89375],[-7.05625,35.89458],[-7.05667,35.89375],[-7.05625,35.89236],[-7.05549,35.88958],[-7.05252,35.88542],[-7.05625,35.88258],[-7.05833,35.88125],[-7.06042,35.87992],[-7.06345,35.88125],[-7.06458,35.88182],[-7.06875,35.88146],[-7.07292,35.88208],[-7.07708,35.88403],[-7.08125,35.88495],[-7.08542,35.88542],[-7.08958,35.88472],[-7.09375,35.88469],[-7.09792,35.88449],[-7.10069,35.88542],[-7.10208,35.88958],[-7.10625,35.89097],[-7.10694,35.88958],[-7.11042,35.88785],[-7.11458,35.88655],[-7.11875,35.88836],[-7.12222,35.88958],[-7.12292,35.88996],[-7.12708,35.8919],[-7.13125,35.89063],[-7.13229,35.88958],[-7.13542,35.88811],[-7.13958,35.88617],[-7.14028,35.88542],[-7.14375,35.88387],[-7.14792,35.88239],[-7.15012,35.88125],[-7.1517,35.87708],[-7.15208,35.87686],[-7.15476,35.87292],[-7.15625,35.86994],[-7.15729,35.86875],[-7.16042,35.86458],[-7.16424,35.86042],[-7.16458,35.8602],[-7.16875,35.85795],[-7.17054,35.85625],[-7.17292,35.85347],[-7.17708,35.85289],[-7.17917,35.85208],[-7.18125,35.85063],[-7.18542,35.84815],[-7.18564,35.84792],[-7.18958,35.84375],[-7.19375,35.84053],[-7.19514,35.83958],[-7.19792,35.83851],[-7.20208,35.83696],[-7.20417,35.83542],[-7.20625,35.83194],[-7.21042,35.83157],[-7.2125,35.83125],[-7.21458,35.83087],[-7.21875,35.8295],[-7.22161,35.82708],[-7.22292,35.82548],[-7.22708,35.82417],[-7.22901,35.82292],[-7.23125,35.82175],[-7.23542,35.82191],[-7.23798,35.82292],[-7.23958,35.82708],[-7.23542,35.82986],[-7.23343,35.83125],[-7.23125,35.83354],[-7.22857,35.83542],[-7.22708,35.83773],[-7.22292,35.83937],[-7.2227,35.83958],[-7.22292,35.84018],[-7.22604,35.84375],[-7.22292,35.84451],[-7.21875,35.84718],[-7.21815,35.84792],[-7.21496,35.85208],[-7.21458,35.85268],[-7.21042,35.85585],[-7.21006,35.85625],[-7.20625,35.86029],[-7.20609,35.86042],[-7.20208,35.86401],[-7.20121,35.86458],[-7.19792,35.86875],[-7.1974,35.87292],[-7.19375,35.87708],[-7.19792,35.87847],[-7.2,35.87708],[-7.20208,35.87569],[-7.20625,35.87396],[-7.20744,35.87292],[-7.21042,35.87102],[-7.21399,35.86875],[-7.21458,35.86815],[-7.21875,35.86458],[-7.22292,35.86379],[-7.22708,35.86234],[-7.23125,35.86101],[-7.23319,35.86042],[-7.23542,35.85931],[-7.23958,35.85745],[-7.24319,35.85625],[-7.24375,35.856],[-7.24792,35.85469],[-7.25208,35.85282],[-7.25625,35.85208],[-7.26042,35.84909],[-7.26429,35.84792],[-7.26458,35.84783],[-7.26875,35.84655],[-7.27292,35.8458],[-7.27708,35.84561],[-7.28125,35.8456],[-7.28542,35.84489],[-7.28958,35.84404],[-7.29375,35.84514],[-7.29792,35.84517],[-7.30208,35.84375],[-7.30625,35.84227],[-7.31042,35.84292],[-7.31345,35.83958],[-7.31458,35.8391],[-7.31625,35.83958],[-7.31625,35.84375],[-7.31875,35.84792],[-7.31458,35.84542],[-7.3128,35.84792],[-7.31458,35.84948],[-7.31667,35.85208],[-7.31875,35.85331],[-7.32292,35.85375],[-7.32708,35.85625],[-7.33125,35.85506],[-7.33264,35.85625],[-7.33125,35.8581],[-7.32865,35.86042],[-7.32708,35.86155],[-7.32512,35.86458],[-7.32292,35.86799],[-7.32232,35.86875],[-7.32003,35.87292],[-7.32292,35.87708],[-7.32083,35.88125],[-7.31875,35.88189],[-7.31646,35.88542],[-7.31875,35.88958],[-7.32292,35.88661],[-7.32367,35.88542],[-7.32708,35.88253],[-7.33125,35.88125],[-7.33125,35.87708],[-7.33125,35.88125],[-7.33542,35.88514],[-7.33958,35.88333],[-7.34028,35.88542],[-7.33988,35.88958],[-7.33958,35.88979],[-7.33598,35.89375],[-7.33542,35.89625],[-7.33125,35.89792],[-7.32708,35.89673],[-7.32604,35.89792],[-7.32292,35.90042],[-7.31958,35.90208],[-7.31875,35.90292],[-7.31597,35.90625],[-7.31701,35.91042],[-7.31875,35.91196],[-7.32153,35.91042],[-7.32292,35.90833],[-7.32589,35.90625],[-7.32708,35.90458],[-7.33125,35.90347],[-7.33403,35.90625],[-7.33542,35.90663],[-7.33702,35.91042],[-7.3383,35.91458],[-7.33958,35.91667],[-7.34375,35.91723],[-7.34792,35.91458],[-7.35208,35.91811],[-7.35272,35.91875],[-7.35458,35.92292],[-7.35625,35.92708],[-7.35685,35.93125],[-7.35625,35.93542],[-7.35792,35.93958],[-7.36042,35.94375],[-7.36375,35.94792],[-7.36458,35.95],[-7.36597,35.95208],[-7.36875,35.95625],[-7.36458,35.95278],[-7.36161,35.95625],[-7.36211,35.96042],[-7.36458,35.96412],[-7.36493,35.96458],[-7.36875,35.96754],[-7.37143,35.96875],[-7.37292,35.97005],[-7.37708,35.97042],[-7.37936,35.97292],[-7.37708,35.97388],[-7.37292,35.97367],[-7.36875,35.97385],[-7.36458,35.97477],[-7.36042,35.9751],[-7.35863,35.97292],[-7.35625,35.96985],[-7.35208,35.96913],[-7.34792,35.96875],[-7.34375,35.96917],[-7.33958,35.96902],[-7.33893,35.96875],[-7.3372,35.96458],[-7.33542,35.96369],[-7.33437,35.96458],[-7.33125,35.96875],[-7.33154,35.97292],[-7.33542,35.97613],[-7.33958,35.97699],[-7.3399,35.97708],[-7.34375,35.97917],[-7.34792,35.98042],[-7.35208,35.98003],[-7.35625,35.97944],[-7.36042,35.98038],[-7.36458,35.98087],[-7.36597,35.98125],[-7.36875,35.98223],[-7.37292,35.98229],[-7.37396,35.98125],[-7.37708,35.98071],[-7.37812,35.98125],[-7.37746,35.98542],[-7.37708,35.9875],[-7.37692,35.98958],[-7.37292,35.99154],[-7.36875,35.9931],[-7.36686,35.99375],[-7.36458,35.99413],[-7.36302,35.99375],[-7.36042,35.9913],[-7.35799,35.98958],[-7.35625,35.98854],[-7.35417,35.98958],[-7.35625,35.99042],[-7.35903,35.99375],[-7.35625,35.99662],[-7.35208,35.99583],[-7.34792,35.99732],[-7.34725,35.99792],[-7.34658,36.00208],[-7.34375,36.00428],[-7.34002,36.00625],[-7.34375,36.00962],[-7.34792,36.00864],[-7.35208,36.00787],[-7.35625,36.00876],[-7.36042,36.00786],[-7.36345,36.00625],[-7.36458,36.00417],[-7.36736,36.00208],[-7.36875,36.00169],[-7.37292,36.00088],[-7.37708,35.99901],[-7.37869,35.99792],[-7.38125,35.99725],[-7.38542,35.99572],[-7.38958,35.99389],[-7.38988,35.99375],[-7.39375,35.99283],[-7.39792,35.99224],[-7.40208,35.99354],[-7.40625,35.99158],[-7.41042,35.99329],[-7.41094,35.99375],[-7.41042,35.99468],[-7.40941,35.99792],[-7.40719,36.00208],[-7.40625,36.00451],[-7.40394,36.00625],[-7.40506,36.01042],[-7.40529,36.01458],[-7.40542,36.01875],[-7.40436,36.02292],[-7.40536,36.02708],[-7.40556,36.03125],[-7.40498,36.03542],[-7.40625,36.03724],[-7.4075,36.03958],[-7.40625,36.04065],[-7.40208,36.04294],[-7.40112,36.04375],[-7.39792,36.04792],[-7.39774,36.05208],[-7.39792,36.05231],[-7.39925,36.05625],[-7.40208,36.05859],[-7.40625,36.06026],[-7.40781,36.06042],[-7.41042,36.06076],[-7.41125,36.06042],[-7.41389,36.05625],[-7.41458,36.0525],[-7.41747,36.05625],[-7.41875,36.05658],[-7.42208,36.05625],[-7.42292,36.05542],[-7.42625,36.05208],[-7.42708,36.05181],[-7.43073,36.04792],[-7.43125,36.04748],[-7.43542,36.04475],[-7.43661,36.04375],[-7.43958,36.03984],[-7.43976,36.03958],[-7.44042,36.03542],[-7.44375,36.03395],[-7.44792,36.03339],[-7.45208,36.03211],[-7.4533,36.03125],[-7.45625,36.02897],[-7.46042,36.02786],[-7.46354,36.02708],[-7.46458,36.02695],[-7.46875,36.02622],[-7.46982,36.02708],[-7.47292,36.02881],[-7.47708,36.02729],[-7.48125,36.02708],[-7.48542,36.02708],[-7.48958,36.0256],[-7.49375,36.02321],[-7.49413,36.02292],[-7.49687,36.01875],[-7.49752,36.01458],[-7.49792,36.01442],[-7.50208,36.01362],[-7.50625,36.01275],[-7.51042,36.01215],[-7.51458,36.0115],[-7.51875,36.01115],[-7.52277,36.01458],[-7.51875,36.01782],[-7.51572,36.01875],[-7.51458,36.01927],[-7.51042,36.02145],[-7.50855,36.02292],[-7.50777,36.02708],[-7.5068,36.03125],[-7.50625,36.03368],[-7.50208,36.035],[-7.50181,36.03542],[-7.49792,36.03958],[-7.49375,36.04216],[-7.48958,36.04277],[-7.48542,36.04299],[-7.48423,36.04375],[-7.48125,36.04704],[-7.4794,36.04792],[-7.48125,36.0492],[-7.48542,36.05097],[-7.4864,36.05208],[-7.48542,36.05284],[-7.483,36.05625],[-7.48125,36.05784],[-7.47708,36.05994],[-7.47653,36.06042],[-7.47458,36.06458],[-7.47361,36.06875],[-7.47292,36.0697],[-7.46875,36.07146],[-7.4651,36.07292],[-7.46458,36.07319],[-7.46042,36.07552],[-7.45625,36.07405],[-7.45529,36.07292],[-7.45399,36.06875],[-7.45312,36.06458],[-7.45249,36.06042],[-7.45208,36.05997],[-7.44792,36.05861],[-7.44375,36.05871],[-7.43958,36.05958],[-7.43902,36.06042],[-7.43958,36.06086],[-7.44375,36.06272],[-7.44694,36.06458],[-7.44647,36.06875],[-7.44777,36.07292],[-7.44792,36.07431],[-7.44896,36.07708],[-7.44792,36.07894],[-7.44734,36.08125],[-7.44792,36.08472],[-7.44819,36.08542],[-7.44792,36.08571],[-7.44521,36.08958],[-7.44375,36.09141],[-7.43958,36.09264],[-7.43542,36.09153],[-7.4337,36.08958],[-7.43125,36.08755],[-7.42843,36.08542],[-7.42708,36.08488],[-7.42292,36.08355],[-7.41885,36.08125],[-7.41875,36.08114],[-7.41458,36.0784],[-7.41042,36.07744],[-7.40625,36.07729],[-7.40208,36.08076],[-7.40181,36.08125],[-7.40208,36.08139],[-7.40625,36.08398],[-7.41042,36.08482],[-7.41458,36.08439],[-7.41731,36.08542],[-7.41851,36.08958],[-7.41875,36.09063],[-7.42102,36.09375],[-7.42292,36.09549],[-7.42708,36.09781],[-7.42727,36.09792],[-7.43125,36.10208],[-7.4331,36.10625],[-7.43542,36.10875],[-7.43603,36.11042],[-7.43842,36.11458],[-7.43958,36.11604],[-7.44057,36.11875],[-7.44375,36.12218],[-7.44538,36.12292],[-7.44792,36.12416],[-7.45208,36.12425],[-7.45341,36.12292],[-7.45625,36.11888],[-7.45636,36.11875],[-7.45625,36.11858],[-7.4549,36.11458],[-7.45625,36.11236],[-7.45875,36.11042],[-7.46042,36.10777],[-7.46157,36.10625],[-7.46442,36.10208],[-7.46458,36.10164],[-7.46663,36.09792],[-7.46875,36.09595],[-7.47292,36.09536],[-7.47685,36.09375],[-7.47708,36.09354],[-7.48053,36.08958],[-7.48125,36.08926],[-7.48542,36.08764],[-7.48958,36.08598],[-7.49085,36.08542],[-7.49375,36.08444],[-7.49792,36.08333],[-7.50208,36.08301],[-7.50625,36.0832],[-7.51042,36.0834],[-7.51458,36.08382],[-7.51875,36.08532],[-7.52292,36.08533],[-7.52708,36.08446],[-7.53125,36.08412],[-7.53542,36.08407],[-7.5392,36.08542],[-7.53958,36.08559],[-7.54375,36.08854],[-7.54792,36.08785],[-7.55208,36.08634],[-7.55625,36.08875],[-7.55958,36.08542],[-7.55982,36.08125],[-7.55982,36.07708],[-7.55625,36.07516],[-7.55208,36.07292],[-7.55542,36.06875],[-7.55625,36.06847],[-7.56042,36.06815],[-7.56458,36.06788],[-7.56875,36.06756],[-7.57153,36.06875],[-7.57292,36.07],[-7.574,36.07292],[-7.57292,36.07583],[-7.57178,36.07708],[-7.57014,36.08125],[-7.57292,36.08363],[-7.57708,36.08478],[-7.58042,36.08542],[-7.58002,36.08958],[-7.57708,36.09065],[-7.57292,36.09141],[-7.56917,36.09375],[-7.56875,36.09382],[-7.56458,36.09454],[-7.5625,36.09375],[-7.56042,36.09167],[-7.55671,36.09375],[-7.55625,36.09435],[-7.55486,36.09792],[-7.55208,36.09914],[-7.54792,36.09992],[-7.54375,36.10174],[-7.54167,36.10208],[-7.53958,36.10236],[-7.53889,36.10208],[-7.53611,36.09792],[-7.53542,36.09767],[-7.53361,36.09375],[-7.53125,36.09102],[-7.52708,36.09016],[-7.5235,36.09375],[-7.52708,36.09781],[-7.52847,36.09792],[-7.53125,36.09911],[-7.53333,36.10208],[-7.53458,36.10625],[-7.53192,36.11042],[-7.53125,36.11099],[-7.52708,36.1119],[-7.52292,36.11458],[-7.51875,36.11603],[-7.51515,36.11875],[-7.51458,36.11947],[-7.51042,36.12199],[-7.50625,36.12292],[-7.50282,36.12708],[-7.50208,36.12756],[-7.49792,36.12991],[-7.49583,36.13125],[-7.49375,36.13259],[-7.4901,36.13542],[-7.48958,36.1357],[-7.48542,36.1377],[-7.48251,36.13958],[-7.48125,36.14],[-7.47708,36.14082],[-7.47429,36.14375],[-7.47292,36.14576],[-7.46984,36.14792],[-7.46875,36.14906],[-7.46565,36.15208],[-7.46458,36.15357],[-7.46238,36.15625],[-7.46042,36.1584],[-7.45758,36.16042],[-7.45625,36.16125],[-7.45301,36.16458],[-7.45208,36.16554],[-7.44792,36.16615],[-7.44494,36.16875],[-7.44375,36.16949],[-7.43958,36.17164],[-7.43883,36.17292],[-7.43542,36.17708],[-7.43125,36.17984],[-7.4281,36.18125],[-7.42708,36.18168],[-7.42292,36.18299],[-7.41875,36.18498],[-7.41826,36.18542],[-7.41472,36.18958],[-7.41458,36.1897],[-7.41042,36.19234],[-7.40785,36.19375],[-7.40625,36.19688],[-7.40567,36.19792],[-7.40208,36.20072],[-7.40016,36.20208],[-7.39792,36.20341],[-7.39531,36.20625],[-7.39375,36.20795],[-7.39056,36.21042],[-7.38958,36.21126],[-7.38542,36.21273],[-7.38313,36.21458],[-7.38144,36.21875],[-7.38125,36.2189],[-7.37708,36.22172],[-7.37532,36.22292],[-7.37371,36.22708],[-7.37292,36.23125],[-7.37005,36.23542],[-7.36875,36.2392],[-7.36837,36.23958],[-7.36654,36.24375],[-7.36458,36.2446],[-7.36219,36.24792],[-7.36042,36.25058],[-7.35933,36.25208],[-7.35625,36.25457],[-7.35448,36.25625],[-7.35208,36.2603],[-7.35199,36.26042],[-7.34792,36.26431],[-7.34764,36.26458],[-7.34699,36.26875],[-7.34625,36.27292],[-7.34583,36.27708],[-7.34792,36.27822],[-7.3487,36.27708],[-7.35208,36.2739],[-7.35337,36.27292],[-7.35625,36.27057],[-7.3589,36.26875],[-7.36042,36.26756],[-7.36458,36.26581],[-7.36875,36.26512],[-7.37031,36.26458],[-7.37292,36.26324],[-7.37708,36.26149],[-7.37928,36.26042],[-7.38125,36.25885],[-7.38356,36.25625],[-7.38542,36.25362],[-7.3862,36.25208],[-7.38742,36.24792],[-7.38958,36.24662],[-7.39375,36.24533],[-7.39792,36.24668],[-7.39883,36.24792],[-7.40208,36.25093],[-7.40625,36.24855],[-7.40736,36.24792],[-7.41042,36.2441],[-7.41078,36.24375],[-7.41042,36.24236],[-7.40625,36.23958],[-7.40858,36.23542],[-7.41028,36.23125],[-7.41042,36.23113],[-7.41458,36.22926],[-7.41875,36.23082],[-7.41989,36.23125],[-7.42292,36.23363],[-7.42458,36.23125],[-7.42451,36.22708],[-7.42708,36.22372],[-7.42787,36.22292],[-7.43125,36.22107],[-7.43542,36.21986],[-7.43958,36.21894],[-7.4399,36.21875],[-7.44287,36.21458],[-7.44375,36.21383],[-7.44792,36.21331],[-7.45208,36.21458],[-7.45625,36.21068],[-7.45729,36.21042],[-7.46042,36.20976],[-7.46354,36.21042],[-7.46458,36.21061],[-7.46493,36.21042],[-7.46875,36.20833],[-7.47161,36.20625],[-7.47292,36.20476],[-7.47604,36.20208],[-7.47708,36.20156],[-7.48125,36.2006],[-7.48542,36.19969],[-7.48958,36.19821],[-7.4901,36.19792],[-7.49375,36.19573],[-7.49719,36.19375],[-7.49792,36.19332],[-7.50208,36.19097],[-7.50549,36.18958],[-7.50625,36.18905],[-7.51042,36.18625],[-7.51224,36.18542],[-7.51458,36.18471],[-7.51875,36.18245],[-7.52216,36.18125],[-7.52292,36.18072],[-7.52708,36.17813],[-7.53125,36.17708],[-7.5311,36.17292],[-7.53125,36.1724],[-7.53142,36.17292],[-7.53125,36.17708],[-7.53542,36.17888],[-7.53958,36.17966],[-7.54216,36.18125],[-7.54375,36.18289],[-7.54792,36.18239],[-7.55208,36.18299],[-7.55433,36.18542],[-7.55625,36.18836],[-7.56042,36.1886],[-7.56458,36.18822],[-7.56875,36.18747],[-7.57292,36.18657],[-7.57574,36.18542],[-7.57708,36.18495],[-7.58125,36.18277],[-7.58542,36.1813],[-7.58562,36.18125],[-7.58958,36.1797],[-7.59375,36.1788],[-7.59792,36.17765],[-7.60208,36.17747],[-7.60625,36.17719],[-7.61042,36.17719],[-7.61458,36.17757],[-7.61875,36.17765],[-7.62292,36.17729],[-7.62458,36.17708],[-7.62708,36.17654],[-7.63125,36.17688],[-7.63542,36.17688],[-7.63958,36.17708],[-7.64375,36.17746],[-7.64613,36.17708],[-7.64792,36.1766],[-7.65208,36.17674],[-7.65312,36.17708],[-7.65625,36.17774],[-7.66042,36.17769],[-7.66458,36.178],[-7.66875,36.17758],[-7.67292,36.17813],[-7.67708,36.18056],[-7.68125,36.18032],[-7.68244,36.18125],[-7.68542,36.18204],[-7.68934,36.18542],[-7.68894,36.18958],[-7.68542,36.19172],[-7.68125,36.19257],[-7.67738,36.19375],[-7.67708,36.19407],[-7.67396,36.19792],[-7.67708,36.19935],[-7.68125,36.19831],[-7.6831,36.19792],[-7.68542,36.19712],[-7.68958,36.19613],[-7.69292,36.19375],[-7.69375,36.19313],[-7.69792,36.19351],[-7.69888,36.19375],[-7.70208,36.19457],[-7.70625,36.19412],[-7.71042,36.19417],[-7.71458,36.19569],[-7.71792,36.19792],[-7.71875,36.19851],[-7.72292,36.19984],[-7.72708,36.20095],[-7.72958,36.20208],[-7.73125,36.20257],[-7.73542,36.20403],[-7.73845,36.20625],[-7.73958,36.20781],[-7.74375,36.21042],[-7.74722,36.21458],[-7.74792,36.21542],[-7.75125,36.21875],[-7.75208,36.21935],[-7.75625,36.22222],[-7.75729,36.22292],[-7.76042,36.22604],[-7.7625,36.22708],[-7.76458,36.22917],[-7.76667,36.23125],[-7.76875,36.23542],[-7.76792,36.23958],[-7.76806,36.24375],[-7.76667,36.24792],[-7.76667,36.25208],[-7.76875,36.25542],[-7.76944,36.25625],[-7.77292,36.25972],[-7.77708,36.26042],[-7.78125,36.25903],[-7.78542,36.25863],[-7.78958,36.25938],[-7.79375,36.26042],[-7.79531,36.26458],[-7.79375,36.26771],[-7.79306,36.26875],[-7.79042,36.27292],[-7.78958,36.27431],[-7.78819,36.27708],[-7.78542,36.28042],[-7.78403,36.28125],[-7.78125,36.28201],[-7.77708,36.28472],[-7.77674,36.28542],[-7.775,36.28958],[-7.77388,36.29375],[-7.77292,36.29479],[-7.76875,36.29514],[-7.76458,36.29417],[-7.76371,36.29375],[-7.76042,36.2918],[-7.75625,36.29063],[-7.75208,36.29112],[-7.74792,36.29179],[-7.74375,36.29127],[-7.74021,36.28958],[-7.73958,36.2892],[-7.73542,36.28877],[-7.73125,36.28912],[-7.72973,36.28958],[-7.72708,36.29282],[-7.72569,36.29375],[-7.72708,36.29653],[-7.7276,36.29792],[-7.73125,36.30035],[-7.73542,36.30208],[-7.73375,36.30625],[-7.73125,36.30729],[-7.72708,36.3081],[-7.72292,36.30833],[-7.71875,36.31042],[-7.71875,36.31458],[-7.71927,36.31875],[-7.72031,36.32292],[-7.72292,36.32639],[-7.7231,36.32708],[-7.72354,36.33125],[-7.72292,36.33151],[-7.71875,36.33306],[-7.7166,36.33542],[-7.71458,36.33675],[-7.71042,36.3378],[-7.70976,36.33958],[-7.70726,36.34375],[-7.70625,36.34618],[-7.70417,36.34792],[-7.70521,36.35208],[-7.70433,36.35625],[-7.70208,36.35733],[-7.6997,36.36042],[-7.69792,36.36225],[-7.69552,36.36458],[-7.69375,36.3675],[-7.69294,36.36875],[-7.68958,36.37292],[-7.69375,36.37392],[-7.69468,36.37292],[-7.69792,36.37097],[-7.70208,36.36979],[-7.70625,36.36875],[-7.71042,36.36723],[-7.71458,36.36638],[-7.71782,36.36458],[-7.71875,36.36384],[-7.72136,36.36042],[-7.72292,36.35878],[-7.7252,36.35625],[-7.72708,36.35371],[-7.72802,36.35208],[-7.73091,36.34792],[-7.73125,36.34777],[-7.73542,36.34689],[-7.73958,36.34636],[-7.74375,36.34783],[-7.74792,36.34581],[-7.75106,36.34375],[-7.75208,36.34286],[-7.75625,36.33965],[-7.75646,36.33958],[-7.76042,36.33875],[-7.76458,36.33866],[-7.76875,36.33845],[-7.77292,36.33891],[-7.77656,36.33958],[-7.77708,36.33967],[-7.78125,36.34018],[-7.78542,36.34102],[-7.78958,36.34123],[-7.79375,36.34056],[-7.79792,36.33992],[-7.80069,36.33958],[-7.80208,36.33927],[-7.80625,36.33879],[-7.81042,36.3389],[-7.81458,36.3386],[-7.81729,36.33958],[-7.81875,36.33989],[-7.82292,36.34065],[-7.82708,36.34072],[-7.83125,36.34165],[-7.83542,36.34298],[-7.83813,36.34375],[-7.83958,36.34401],[-7.84375,36.34431],[-7.84792,36.3447],[-7.85208,36.34525],[-7.85625,36.34624],[-7.86042,36.34726],[-7.86412,36.34792],[-7.86458,36.34799],[-7.86875,36.34836],[-7.87292,36.34875],[-7.87708,36.35196],[-7.87735,36.35208],[-7.88125,36.35386],[-7.88542,36.35481],[-7.88862,36.35625],[-7.88958,36.35688],[-7.89375,36.35992],[-7.89635,36.36042],[-7.89792,36.36053],[-7.90208,36.36136],[-7.90625,36.36211],[-7.91042,36.36283],[-7.91422,36.36458],[-7.91458,36.36482],[-7.91851,36.36875],[-7.91875,36.3689],[-7.92292,36.37131],[-7.92587,36.37292],[-7.92708,36.37354],[-7.93125,36.37699],[-7.93136,36.37708],[-7.93465,36.38125],[-7.93542,36.38235],[-7.93958,36.38413],[-7.94151,36.38542],[-7.94375,36.38642],[-7.94792,36.38781],[-7.95165,36.38958],[-7.95208,36.38985],[-7.95625,36.39331],[-7.95666,36.39375],[-7.96042,36.39641],[-7.9625,36.39792],[-7.96458,36.39974],[-7.9681,36.40208],[-7.96875,36.40235],[-7.97292,36.4044],[-7.97673,36.40625],[-7.97708,36.40644],[-7.98125,36.40882],[-7.98542,36.4099],[-7.98672,36.41042],[-7.98833,36.41458],[-7.98958,36.41548],[-7.99375,36.41788],[-7.99556,36.41875],[-7.99792,36.4205],[-8.00104,36.42292],[-8.00208,36.42388],[-8.00605,36.42708],[-8.00625,36.42723],[-8.01042,36.42976],[-8.01231,36.43125],[-8.01458,36.43375],[-8.01603,36.43542],[-8.01875,36.43813],[-8.02003,36.43958],[-8.02292,36.44217],[-8.02483,36.44375],[-8.02708,36.4466],[-8.02817,36.44792],[-8.03125,36.45164],[-8.03161,36.45208],[-8.03542,36.45521],[-8.03654,36.45625],[-8.03958,36.45985],[-8.04013,36.46042],[-8.04303,36.46458],[-8.04375,36.46522],[-8.04792,36.46856],[-8.04821,36.46875],[-8.05208,36.47176],[-8.05308,36.47292],[-8.05625,36.47684],[-8.05653,36.47708],[-8.05937,36.48125],[-8.06042,36.48299],[-8.06174,36.48542],[-8.06458,36.48813],[-8.06667,36.48958],[-8.06875,36.49181],[-8.07167,36.49375],[-8.07292,36.49453],[-8.07562,36.49792],[-8.07708,36.49954],[-8.0809,36.50208],[-8.08125,36.50234],[-8.08542,36.50569],[-8.08617,36.50625],[-8.08958,36.50938],[-8.09054,36.51042],[-8.09375,36.5142],[-8.09405,36.51458],[-8.09792,36.51875],[-8.10208,36.52292],[-8.10625,36.5258],[-8.10863,36.52708],[-8.11042,36.52751],[-8.11458,36.52869],[-8.11875,36.53021],[-8.11992,36.53125],[-8.12292,36.53451],[-8.12639,36.53542],[-8.12708,36.53588],[-8.13125,36.53807],[-8.13333,36.53958],[-8.1349,36.54375],[-8.13542,36.54427],[-8.13958,36.54792],[-8.14375,36.54444],[-8.14792,36.54458],[-8.15208,36.54606],[-8.15579,36.54792],[-8.15625,36.54819],[-8.16014,36.55208],[-8.16042,36.55229],[-8.16458,36.55365],[-8.16779,36.55625],[-8.16875,36.55703],[-8.17236,36.56042],[-8.17292,36.56086],[-8.17685,36.56458],[-8.17708,36.56479],[-8.18125,36.56522],[-8.18542,36.56875],[-8.18958,36.57],[-8.19282,36.57292],[-8.19375,36.57375],[-8.19708,36.57708],[-8.19792,36.57778],[-8.20139,36.58125],[-8.20208,36.58174],[-8.20625,36.58322],[-8.20946,36.58542],[-8.21042,36.58585],[-8.21458,36.58653],[-8.21875,36.58673],[-8.22292,36.58843],[-8.22708,36.58872],[-8.23125,36.58864],[-8.23542,36.58867],[-8.23958,36.58867],[-8.24375,36.58873],[-8.24792,36.58883],[-8.25208,36.58891],[-8.25625,36.58905],[-8.26042,36.58895],[-8.26458,36.58912],[-8.26875,36.58958],[-8.27292,36.59104],[-8.27708,36.59294],[-8.28125,36.59375],[-8.28542,36.59583],[-8.28958,36.59507],[-8.29375,36.59458],[-8.2976,36.59792],[-8.29792,36.59808],[-8.30208,36.59841],[-8.30625,36.59884],[-8.31042,36.59983],[-8.31343,36.60208],[-8.31458,36.60313],[-8.31826,36.60625],[-8.31875,36.60654],[-8.32263,36.61042],[-8.32292,36.61067],[-8.32708,36.61111],[-8.33105,36.61458],[-8.33125,36.6149],[-8.33542,36.61499],[-8.33958,36.61518],[-8.34375,36.61577],[-8.34776,36.61875],[-8.34792,36.61887],[-8.35208,36.61904],[-8.35571,36.62292],[-8.35616,36.62708],[-8.35625,36.62714],[-8.36042,36.62724],[-8.36458,36.62731],[-8.36875,36.62726],[-8.37292,36.6273],[-8.37708,36.62759],[-8.38125,36.62795],[-8.38542,36.62796],[-8.38958,36.62751],[-8.39009,36.62708],[-8.39375,36.62312],[-8.39396,36.62292],[-8.39494,36.61875],[-8.39792,36.61528],[-8.40208,36.61467],[-8.40223,36.61458],[-8.40265,36.61042],[-8.40625,36.60935],[-8.40813,36.61042],[-8.41042,36.61372],[-8.41399,36.61458],[-8.41458,36.61466],[-8.41875,36.61485],[-8.41951,36.61458],[-8.42292,36.61357],[-8.42708,36.61345],[-8.42943,36.61458],[-8.43125,36.61575],[-8.43542,36.61736],[-8.4378,36.61875],[-8.43958,36.62014],[-8.44315,36.62292],[-8.44375,36.62315],[-8.44792,36.62317],[-8.45191,36.62708],[-8.45208,36.62717],[-8.4523,36.62708],[-8.45625,36.62375],[-8.46,36.62708],[-8.46042,36.6273],[-8.46458,36.62827],[-8.46837,36.63125],[-8.46875,36.63153],[-8.47292,36.63158],[-8.47708,36.63231],[-8.48087,36.63542],[-8.48125,36.63561],[-8.48542,36.63606],[-8.48958,36.63622],[-8.49186,36.63958],[-8.49347,36.64375],[-8.49375,36.64402],[-8.49792,36.64538],[-8.50208,36.64573],[-8.50473,36.64792],[-8.50483,36.65208],[-8.50571,36.65625],[-8.50625,36.65677],[-8.51042,36.65786],[-8.51458,36.65992],[-8.51562,36.66042],[-8.51809,36.66458],[-8.51875,36.66557],[-8.52193,36.66875],[-8.52292,36.67143],[-8.52351,36.67292],[-8.5251,36.67708],[-8.52569,36.68125],[-8.52292,36.6834],[-8.52056,36.68542],[-8.51875,36.68675],[-8.51458,36.68899],[-8.51402,36.68958],[-8.51042,36.69303],[-8.50625,36.69367],[-8.50615,36.69375],[-8.50208,36.69772],[-8.50191,36.69792],[-8.50193,36.70208],[-8.50191,36.70625],[-8.50199,36.71042],[-8.50208,36.71057],[-8.50501,36.71458],[-8.50589,36.71875],[-8.50625,36.71944],[-8.50809,36.72292],[-8.5092,36.72708],[-8.51017,36.73125],[-8.51042,36.73145],[-8.51458,36.73243],[-8.51815,36.73542],[-8.51875,36.73596],[-8.52246,36.73958],[-8.52292,36.74017],[-8.52558,36.74375],[-8.5266,36.74792],[-8.52708,36.74844],[-8.53125,36.7488],[-8.53466,36.75208],[-8.53542,36.7526],[-8.53958,36.7526],[-8.54375,36.75333],[-8.54792,36.75208],[-8.54405,36.74792],[-8.54375,36.74754],[-8.5402,36.74375],[-8.53958,36.74285],[-8.53659,36.73958],[-8.53578,36.73542],[-8.5357,36.73125],[-8.53574,36.72708],[-8.53551,36.72292],[-8.53551,36.71875],[-8.53958,36.71463],[-8.53963,36.71458],[-8.54078,36.71042],[-8.54375,36.70791],[-8.54792,36.70661],[-8.54823,36.70625],[-8.54902,36.70208],[-8.55208,36.69898],[-8.5531,36.69792],[-8.55486,36.69375],[-8.55625,36.69225],[-8.55919,36.68958],[-8.56042,36.68806],[-8.56215,36.68542],[-8.56433,36.68125],[-8.56458,36.67965],[-8.56521,36.67708],[-8.56593,36.67292],[-8.56543,36.66875],[-8.56458,36.66571],[-8.56424,36.66458],[-8.56238,36.66042],[-8.56458,36.6577],[-8.56875,36.65661],[-8.56908,36.65625],[-8.56943,36.65208],[-8.57292,36.64859],[-8.57332,36.64792],[-8.57302,36.64375],[-8.57292,36.64355],[-8.57006,36.63958],[-8.56984,36.63542],[-8.56875,36.63409],[-8.56648,36.63125],[-8.56875,36.62734],[-8.57292,36.62713],[-8.57299,36.62708],[-8.57708,36.62376],[-8.57866,36.62292],[-8.58125,36.62149],[-8.58542,36.62003],[-8.58611,36.61875],[-8.58958,36.6165],[-8.59194,36.61458],[-8.59337,36.61042],[-8.59375,36.60928],[-8.59527,36.60625],[-8.59792,36.60318],[-8.6017,36.60208],[-8.60208,36.60199],[-8.60625,36.60141],[-8.60903,36.60208],[-8.61042,36.6026],[-8.61458,36.60405],[-8.61875,36.60448],[-8.62292,36.60532],[-8.62708,36.60534],[-8.63125,36.60494],[-8.63542,36.60466],[-8.63958,36.60428],[-8.64375,36.60401],[-8.64792,36.60387],[-8.65208,36.60362],[-8.65625,36.60304],[-8.65972,36.60208],[-8.66042,36.60191],[-8.66458,36.60046],[-8.66875,36.59838],[-8.66958,36.59792],[-8.67292,36.59744],[-8.67708,36.59593],[-8.68125,36.59428],[-8.68542,36.59447],[-8.68958,36.59426],[-8.69375,36.59436],[-8.69792,36.59465],[-8.70208,36.59507],[-8.70625,36.59589],[-8.70971,36.59792],[-8.71042,36.59831],[-8.71102,36.59792],[-8.71458,36.59539],[-8.71875,36.59455],[-8.71974,36.59375],[-8.72292,36.59046],[-8.72708,36.58984],[-8.72746,36.58958],[-8.73125,36.58622],[-8.73304,36.58542],[-8.73542,36.58285],[-8.73802,36.58125],[-8.73958,36.57986],[-8.74315,36.58125],[-8.74375,36.58141],[-8.74392,36.58125],[-8.74792,36.57816],[-8.75208,36.5775],[-8.75625,36.57753],[-8.75714,36.57708],[-8.76042,36.57454],[-8.76458,36.5744],[-8.76771,36.57708],[-8.76801,36.58125],[-8.76875,36.58214],[-8.77292,36.58253],[-8.77708,36.58214],[-8.78125,36.58185],[-8.78304,36.58542],[-8.78347,36.58958],[-8.78343,36.59375],[-8.78285,36.59792],[-8.78125,36.60089],[-8.78027,36.60208],[-8.77708,36.60444],[-8.77593,36.60625],[-8.77581,36.61042],[-8.77492,36.61458],[-8.77354,36.61875],[-8.77292,36.62035],[-8.77147,36.62292],[-8.76875,36.62526],[-8.76715,36.62708],[-8.76479,36.63125],[-8.76458,36.63176],[-8.76307,36.63542],[-8.76164,36.63958],[-8.76042,36.6422],[-8.75974,36.64375],[-8.75859,36.64792],[-8.75625,36.6517],[-8.75602,36.65208],[-8.75546,36.65625],[-8.75625,36.66012],[-8.76042,36.65779],[-8.7623,36.65625],[-8.76458,36.65381],[-8.76587,36.65208],[-8.76875,36.64792],[-8.77292,36.64583],[-8.77601,36.64375],[-8.77708,36.64312],[-8.78125,36.64122],[-8.78504,36.63958],[-8.78542,36.63894],[-8.78958,36.63601],[-8.79375,36.6375],[-8.79792,36.63887],[-8.80019,36.63958],[-8.80208,36.64074],[-8.80625,36.64113],[-8.80964,36.63958],[-8.81042,36.63939],[-8.81458,36.63797],[-8.81875,36.63746],[-8.82292,36.63723],[-8.82708,36.63674],[-8.8297,36.63542],[-8.83125,36.63478],[-8.83542,36.63404],[-8.83882,36.63542],[-8.83958,36.63575],[-8.84375,36.63573],[-8.84431,36.63542],[-8.84792,36.63203],[-8.85208,36.63144],[-8.85232,36.63125],[-8.85625,36.62763],[-8.86042,36.62761],[-8.86458,36.62708],[-8.86672,36.62292],[-8.86875,36.62116],[-8.87292,36.62029],[-8.87708,36.62076],[-8.87989,36.62292],[-8.88065,36.62708],[-8.88125,36.62745],[-8.88542,36.62771],[-8.88958,36.62803],[-8.89375,36.62887],[-8.89763,36.63125],[-8.89792,36.63144],[-8.90208,36.63162],[-8.90321,36.63125],[-8.90625,36.62975],[-8.91042,36.63008],[-8.91183,36.63125],[-8.91414,36.63542],[-8.91458,36.63575],[-8.91875,36.63542],[-8.92292,36.63585],[-8.92708,36.63564],[-8.92744,36.63542],[-8.93125,36.63247],[-8.93542,36.6322],[-8.9394,36.63542],[-8.93958,36.63554],[-8.94375,36.6358],[-8.94792,36.63599],[-8.95208,36.63545],[-8.95625,36.63583],[-8.96042,36.63601],[-8.96458,36.6362],[-8.96875,36.63626],[-8.97003,36.63542],[-8.97292,36.63324],[-8.97708,36.63297],[-8.98046,36.63542],[-8.98125,36.63601],[-8.98542,36.63727],[-8.98958,36.63817],[-8.99375,36.63792],[-8.99792,36.63856],[-8.99964,36.63958],[-9.00208,36.64074],[-9.00625,36.64047],[-9.00775,36.63958],[-9.01042,36.63703],[-9.01403,36.63958],[-9.01458,36.6399],[-9.01875,36.64064],[-9.0228,36.64375],[-9.02292,36.64384],[-9.02708,36.64458],[-9.03031,36.64792],[-9.03125,36.64879],[-9.03483,36.65208],[-9.03542,36.65257],[-9.03897,36.65625],[-9.03958,36.6567],[-9.04375,36.65681],[-9.04792,36.65679],[-9.05208,36.65665],[-9.05625,36.65754],[-9.05988,36.66042],[-9.06042,36.66075],[-9.06458,36.66087],[-9.06535,36.66042],[-9.06875,36.65792],[-9.07292,36.65737],[-9.07708,36.65767],[-9.08012,36.66042],[-9.08125,36.66122],[-9.08542,36.66165],[-9.08958,36.66161],[-9.09303,36.66458],[-9.09375,36.66517],[-9.09792,36.66513],[-9.10208,36.66498],[-9.10558,36.66875],[-9.10625,36.6694],[-9.11042,36.66985],[-9.11336,36.67292],[-9.11458,36.67419],[-9.11875,36.67448],[-9.12292,36.6758],[-9.1252,36.67708],[-9.12574,36.68125],[-9.125,36.68542],[-9.12708,36.68669],[-9.13125,36.68745],[-9.13542,36.68866],[-9.13708,36.68958],[-9.13958,36.69131],[-9.14375,36.69319],[-9.14673,36.69375],[-9.14792,36.69431],[-9.15208,36.69538],[-9.15625,36.69489],[-9.15982,36.69375],[-9.16042,36.69363],[-9.16094,36.69375],[-9.16134,36.69792],[-9.16458,36.70181],[-9.16542,36.70208],[-9.16875,36.70238],[-9.17292,36.70246],[-9.17708,36.70245],[-9.18125,36.70237],[-9.18542,36.70208],[-9.18958,36.70161],[-9.19375,36.70109],[-9.19792,36.70069],[-9.20208,36.70119],[-9.20583,36.70208],[-9.20625,36.70216],[-9.21042,36.70244],[-9.21202,36.70208],[-9.21458,36.70042],[-9.21875,36.69819],[-9.22292,36.69847],[-9.22708,36.69984],[-9.22903,36.70208],[-9.23125,36.70306],[-9.23542,36.70308],[-9.23958,36.70406],[-9.24375,36.70465],[-9.24792,36.70625],[-9.25208,36.70833],[-9.25625,36.70833],[-9.25875,36.71042],[-9.26042,36.71097],[-9.26458,36.7106],[-9.26875,36.71092],[-9.27042,36.71042],[-9.26958,36.70625],[-9.27292,36.70458],[-9.27569,36.70625],[-9.27519,36.71042],[-9.27708,36.71107],[-9.2794,36.71042],[-9.28125,36.70833],[-9.28458,36.71042],[-9.28542,36.71071],[-9.28646,36.71042],[-9.28958,36.70972],[-9.29083,36.71042],[-9.29256,36.71458],[-9.29236,36.71875],[-9.29375,36.72153],[-9.29542,36.72292],[-9.29792,36.72388],[-9.30208,36.72328],[-9.30327,36.72292],[-9.30625,36.72176],[-9.31042,36.72104],[-9.31458,36.72049],[-9.3175,36.72292],[-9.31875,36.72314],[-9.32292,36.72429],[-9.32708,36.72364],[-9.33125,36.72335],[-9.33542,36.72471],[-9.33958,36.72489],[-9.34375,36.72563],[-9.34699,36.72708],[-9.34792,36.72788],[-9.35054,36.73125],[-9.35208,36.73472],[-9.35238,36.73542],[-9.35394,36.73958],[-9.35608,36.74375],[-9.35625,36.74401],[-9.35993,36.74792],[-9.36042,36.74824],[-9.36458,36.74864],[-9.36875,36.74857],[-9.37292,36.74865],[-9.37708,36.74986],[-9.38125,36.75176],[-9.38171,36.75208],[-9.38542,36.75511],[-9.38655,36.75625],[-9.38958,36.75928],[-9.39137,36.76042],[-9.39375,36.76114],[-9.39792,36.76287],[-9.40035,36.76458],[-9.40208,36.76667],[-9.40331,36.76875],[-9.40625,36.77188],[-9.40736,36.77292],[-9.41042,36.77674],[-9.41062,36.77708],[-9.41412,36.78125],[-9.41458,36.78194],[-9.41607,36.78542],[-9.41747,36.78958],[-9.41771,36.79375],[-9.41875,36.79468],[-9.42083,36.79792],[-9.42292,36.80116],[-9.42347,36.80208],[-9.42474,36.80625],[-9.42448,36.81042],[-9.42292,36.81319],[-9.42222,36.81458],[-9.42153,36.81875],[-9.42125,36.82292],[-9.41875,36.8258],[-9.41803,36.82708],[-9.41731,36.83125],[-9.41548,36.83542],[-9.41458,36.83615],[-9.41042,36.83851],[-9.40943,36.83958],[-9.40625,36.84268],[-9.40549,36.84375],[-9.40468,36.84792],[-9.40253,36.85208],[-9.40208,36.85229],[-9.39792,36.85538],[-9.39479,36.85625],[-9.39375,36.85645],[-9.38958,36.85669],[-9.38542,36.85715],[-9.38125,36.85694],[-9.37708,36.85674],[-9.37292,36.85779],[-9.36968,36.85625],[-9.36875,36.85568],[-9.36458,36.85614],[-9.36438,36.85625],[-9.36042,36.85903],[-9.35923,36.86042],[-9.35913,36.86458],[-9.35625,36.86833],[-9.35607,36.86875],[-9.35558,36.87292],[-9.35486,36.87708],[-9.35208,36.88092],[-9.35183,36.88125],[-9.34939,36.88542],[-9.34792,36.88573],[-9.34375,36.88693],[-9.34045,36.88958],[-9.33958,36.89048],[-9.33542,36.89052],[-9.33125,36.89036],[-9.32756,36.89375],[-9.32708,36.89414],[-9.32292,36.89782],[-9.32285,36.89792],[-9.32153,36.90208],[-9.32001,36.90625],[-9.3226,36.91042],[-9.31875,36.91189],[-9.31458,36.91316],[-9.31235,36.91458],[-9.31042,36.91529],[-9.30625,36.9155],[-9.30208,36.91538],[-9.29792,36.91835],[-9.29751,36.91875],[-9.29375,36.92212],[-9.29313,36.92292],[-9.29274,36.92708],[-9.28958,36.92972],[-9.28542,36.93012],[-9.28125,36.93063],[-9.28057,36.93125],[-9.27708,36.93509],[-9.27677,36.93542],[-9.27673,36.93958],[-9.27583,36.94375],[-9.27292,36.9474],[-9.2724,36.94792],[-9.26875,36.95085],[-9.26458,36.95194],[-9.26444,36.95208],[-9.26413,36.95625],[-9.26042,36.96028],[-9.2603,36.96042],[-9.25625,36.96431],[-9.25599,36.96458],[-9.25208,36.96834],[-9.25164,36.96875],[-9.24792,36.97253],[-9.24751,36.97292],[-9.24634,36.97708],[-9.24375,36.98092],[-9.24348,36.98125],[-9.23958,36.98508],[-9.23917,36.98542],[-9.23542,36.98867],[-9.23399,36.98958],[-9.23125,36.99171],[-9.22708,36.99348],[-9.22675,36.99375],[-9.22292,36.99717],[-9.22205,36.99792],[-9.21875,37.00018],[-9.21458,37.0016],[-9.21419,37.00208],[-9.21313,37.00625],[-9.21042,37.00863],[-9.20625,37.00976],[-9.2053,37.01042],[-9.20208,37.01248],[-9.19792,37.01336],[-9.19375,37.014],[-9.19275,37.01458],[-9.18958,37.01678],[-9.18542,37.01803],[-9.18448,37.01875],[-9.18125,37.02198],[-9.17708,37.02281],[-9.17696,37.02292],[-9.17292,37.02582],[-9.16875,37.02631],[-9.16458,37.02672],[-9.1639,37.02708],[-9.16042,37.02892],[-9.15659,37.02708],[-9.15625,37.02695],[-9.15604,37.02708],[-9.15208,37.03051],[-9.14792,37.03094],[-9.14738,37.03125],[-9.14375,37.03358],[-9.13958,37.03507],[-9.13933,37.03542],[-9.13542,37.03881],[-9.13125,37.03915],[-9.12708,37.03948],[-9.12695,37.03958],[-9.12641,37.04375],[-9.12708,37.04453],[-9.13031,37.04792],[-9.12708,37.05194],[-9.127,37.05208],[-9.12708,37.05218],[-9.13125,37.05245],[-9.13187,37.05208],[-9.13542,37.04926],[-9.13958,37.04882],[-9.14375,37.04915],[-9.14792,37.04979],[-9.15099,37.05208],[-9.15196,37.05625],[-9.15208,37.05637],[-9.15237,37.05625],[-9.15625,37.05454],[-9.15988,37.05625],[-9.16042,37.05661],[-9.16443,37.06042],[-9.16424,37.06458],[-9.16042,37.06859],[-9.16023,37.06875],[-9.15625,37.07211],[-9.15208,37.07272],[-9.14792,37.07286],[-9.14783,37.07292],[-9.14375,37.07674],[-9.14332,37.07708],[-9.14369,37.08125],[-9.14375,37.0813],[-9.14792,37.08154],[-9.15208,37.08165],[-9.15625,37.08211],[-9.16012,37.08542],[-9.16042,37.08567],[-9.16458,37.086],[-9.16875,37.08579],[-9.17292,37.08588],[-9.17681,37.08958],[-9.17699,37.09375],[-9.17708,37.09389],[-9.18012,37.09792],[-9.18083,37.10208],[-9.17708,37.10594],[-9.17688,37.10625],[-9.17708,37.10664],[-9.18013,37.11042],[-9.17708,37.11434],[-9.17696,37.11458],[-9.17607,37.11875],[-9.17639,37.12292],[-9.17684,37.12708],[-9.17708,37.12744],[-9.18125,37.12793],[-9.18285,37.12708],[-9.18542,37.12563],[-9.18722,37.12708],[-9.18833,37.13125],[-9.1892,37.13542],[-9.18542,37.13829],[-9.18125,37.13793],[-9.17708,37.13769],[-9.17435,37.13958],[-9.17441,37.14375],[-9.17708,37.14547],[-9.18094,37.14792],[-9.18125,37.14811],[-9.18532,37.15208],[-9.18542,37.15225],[-9.18958,37.15311],[-9.19272,37.15625],[-9.19236,37.16042],[-9.18958,37.16394],[-9.18911,37.16458],[-9.18875,37.16875],[-9.18958,37.16963],[-9.19375,37.16951],[-9.19419,37.16875],[-9.19792,37.16538],[-9.19879,37.16458],[-9.20208,37.16198],[-9.20625,37.16073],[-9.20651,37.16042],[-9.21042,37.15651],[-9.21074,37.15625],[-9.21458,37.15347],[-9.21875,37.15293],[-9.21902,37.15208],[-9.2206,37.14792],[-9.22292,37.14562],[-9.22708,37.1451],[-9.22852,37.14375],[-9.23125,37.14023],[-9.23542,37.13985],[-9.23567,37.13958],[-9.23595,37.13542],[-9.23857,37.13125],[-9.23958,37.13034],[-9.24292,37.12708],[-9.24375,37.12661],[-9.24785,37.12292],[-9.24792,37.12284],[-9.25138,37.11875],[-9.25208,37.11777],[-9.25625,37.11596],[-9.26042,37.11674],[-9.2622,37.11875],[-9.26418,37.12292],[-9.26458,37.12313],[-9.26875,37.1249],[-9.27167,37.12708],[-9.27292,37.13101],[-9.2751,37.12708],[-9.27708,37.12577],[-9.28087,37.12708],[-9.28125,37.12718],[-9.28142,37.12708],[-9.28125,37.12686],[-9.27936,37.12292],[-9.27708,37.12029],[-9.2754,37.11875],[-9.27568,37.11458],[-9.27708,37.11314],[-9.2808,37.11458],[-9.28125,37.11474],[-9.28144,37.11458],[-9.28542,37.11073],[-9.28958,37.11073],[-9.29294,37.11458],[-9.29375,37.11532],[-9.29764,37.11875],[-9.29792,37.11902],[-9.30208,37.11899],[-9.30556,37.12292],[-9.30553,37.12708],[-9.30208,37.13102],[-9.30183,37.13125],[-9.30181,37.13542],[-9.30201,37.13958],[-9.30208,37.14375],[-9.30605,37.14792],[-9.30625,37.14806],[-9.30968,37.15208],[-9.31042,37.15277],[-9.31312,37.15625],[-9.31458,37.15821],[-9.31596,37.16042],[-9.31764,37.16458],[-9.3186,37.16875],[-9.31875,37.16889],[-9.32292,37.16961],[-9.32625,37.17292],[-9.32675,37.17708],[-9.32687,37.18125],[-9.32686,37.18542],[-9.32708,37.18599],[-9.33099,37.18958],[-9.33125,37.19006],[-9.33521,37.19375],[-9.33542,37.19401],[-9.33571,37.19375],[-9.33773,37.18958],[-9.33958,37.18695],[-9.34009,37.18542],[-9.34026,37.18125],[-9.34027,37.17708],[-9.33958,37.17535],[-9.33826,37.17292],[-9.338,37.16875],[-9.33839,37.16458],[-9.33893,37.16042],[-9.33918,37.15625],[-9.33892,37.15208],[-9.33927,37.14792],[-9.33958,37.14583],[-9.34002,37.14375],[-9.34358,37.13958],[-9.34375,37.13945],[-9.34792,37.136],[-9.34859,37.13542],[-9.35208,37.13223],[-9.35625,37.132],[-9.36042,37.13266],[-9.36233,37.13125],[-9.36198,37.12708],[-9.36458,37.12523],[-9.36794,37.12292],[-9.36875,37.12208],[-9.37292,37.11898],[-9.37321,37.11875],[-9.37633,37.11458],[-9.37292,37.11158],[-9.37187,37.11042],[-9.37246,37.10625],[-9.37292,37.105],[-9.375,37.10208],[-9.37708,37.10059],[-9.37982,37.09792],[-9.38125,37.09534],[-9.38215,37.09375],[-9.38317,37.08958],[-9.38542,37.08705],[-9.38724,37.08958],[-9.38958,37.09247],[-9.39029,37.09375],[-9.39139,37.09792],[-9.39177,37.10208],[-9.39188,37.10625],[-9.39247,37.11042],[-9.39375,37.11399],[-9.39427,37.11458],[-9.39792,37.11674],[-9.39966,37.11875],[-9.40208,37.12058],[-9.40539,37.12292],[-9.40592,37.12708],[-9.40608,37.13125],[-9.40625,37.13208],[-9.4067,37.13542],[-9.40625,37.13819],[-9.40587,37.13958],[-9.40208,37.14337],[-9.4017,37.14375],[-9.39884,37.14792],[-9.39792,37.15069],[-9.39732,37.15208],[-9.39683,37.15625],[-9.39717,37.16042],[-9.39755,37.16458],[-9.39792,37.16637],[-9.39858,37.16875],[-9.40044,37.17292],[-9.40208,37.17527],[-9.40625,37.17679],[-9.40833,37.17708],[-9.41042,37.17768],[-9.41117,37.18125],[-9.4115,37.18542],[-9.41173,37.18958],[-9.41174,37.19375],[-9.41269,37.19792],[-9.41188,37.20208],[-9.41098,37.20625],[-9.41095,37.21042],[-9.41131,37.21458],[-9.41101,37.21875],[-9.41042,37.22292],[-9.41,37.22708],[-9.40833,37.23125],[-9.40689,37.23542],[-9.40625,37.23661],[-9.40417,37.23542],[-9.40208,37.23403],[-9.39792,37.23253],[-9.39375,37.23522],[-9.39366,37.23542],[-9.39274,37.23958],[-9.39375,37.24119],[-9.39649,37.24375],[-9.39375,37.24631],[-9.38987,37.24375],[-9.38958,37.2436],[-9.38944,37.24375],[-9.38921,37.24792],[-9.38941,37.25208],[-9.38958,37.25239],[-9.39375,37.25301],[-9.39653,37.25208],[-9.39792,37.25125],[-9.40208,37.25125],[-9.4024,37.25208],[-9.40208,37.25278],[-9.40048,37.25625],[-9.40008,37.26042],[-9.39988,37.26458],[-9.40008,37.26875],[-9.40089,37.27292],[-9.40019,37.27708],[-9.39792,37.27986],[-9.39375,37.28087],[-9.38958,37.2809],[-9.38542,37.28095],[-9.38512,37.28125],[-9.38542,37.28208],[-9.38727,37.28542],[-9.38958,37.28715],[-9.39075,37.28958],[-9.39236,37.29375],[-9.3925,37.29792],[-9.39144,37.30208],[-9.38958,37.30542],[-9.38906,37.30625],[-9.3875,37.31042],[-9.38698,37.31458],[-9.38661,37.31875],[-9.38698,37.32292],[-9.3875,37.32708],[-9.38542,37.32986],[-9.38472,37.33125],[-9.38285,37.33542],[-9.38155,37.33958],[-9.38125,37.34097],[-9.37917,37.33958],[-9.37708,37.33819],[-9.37649,37.33958],[-9.37351,37.34375],[-9.37292,37.34792],[-9.36875,37.34769],[-9.36862,37.34792],[-9.36849,37.35208],[-9.36835,37.35625],[-9.36818,37.36042],[-9.36801,37.36458],[-9.36782,37.36875],[-9.36763,37.37292],[-9.36721,37.37708],[-9.3669,37.38125],[-9.36699,37.38542],[-9.36683,37.38958],[-9.3669,37.39375],[-9.36699,37.39792],[-9.36701,37.40208],[-9.36657,37.40625],[-9.36458,37.40946],[-9.36042,37.40998],[-9.35625,37.40962],[-9.35208,37.40873],[-9.34792,37.40851],[-9.34375,37.40942],[-9.33958,37.40999],[-9.33922,37.41042],[-9.33542,37.41429],[-9.3352,37.41458],[-9.33486,37.41875],[-9.33525,37.42292],[-9.33542,37.42309],[-9.33553,37.42292],[-9.33625,37.41875],[-9.33958,37.41588],[-9.34133,37.41458],[-9.34375,37.41161],[-9.34583,37.41458],[-9.34792,37.41585],[-9.35078,37.41875],[-9.35208,37.41998],[-9.35425,37.42292],[-9.35498,37.42708],[-9.35625,37.42899],[-9.35839,37.43125],[-9.35625,37.4345],[-9.35564,37.43542],[-9.35486,37.43958],[-9.35433,37.44375],[-9.35403,37.44792],[-9.35408,37.45208],[-9.35479,37.45625],[-9.35587,37.46042],[-9.35625,37.46095],[-9.35929,37.46458],[-9.35987,37.46875],[-9.36042,37.46958],[-9.3635,37.47292],[-9.36403,37.47708],[-9.36458,37.47801],[-9.36659,37.48125],[-9.36731,37.48542],[-9.36781,37.48958],[-9.36823,37.49375],[-9.3684,37.49792],[-9.36875,37.49851],[-9.37089,37.50208],[-9.37134,37.50625],[-9.37229,37.51042],[-9.37257,37.51458],[-9.37292,37.51515],[-9.3747,37.51458],[-9.37589,37.51042],[-9.37708,37.50938],[-9.38125,37.50625],[-9.38153,37.51042],[-9.38125,37.5125],[-9.38042,37.51458],[-9.38125,37.51563],[-9.38208,37.51875],[-9.38393,37.52292],[-9.38542,37.52552],[-9.38792,37.52708],[-9.38958,37.52801],[-9.39282,37.53125],[-9.39375,37.53292],[-9.39458,37.53542],[-9.39599,37.53958],[-9.39792,37.54375],[-9.39986,37.54792],[-9.40208,37.55125],[-9.40278,37.55208],[-9.40583,37.55625],[-9.40625,37.55677],[-9.40704,37.56042],[-9.40784,37.56458],[-9.40875,37.56875],[-9.40995,37.57292],[-9.41042,37.57403],[-9.41458,37.57351],[-9.41875,37.57411],[-9.42292,37.57484],[-9.42583,37.57708],[-9.42708,37.58125],[-9.43125,37.58224],[-9.43458,37.58542],[-9.43542,37.58629],[-9.43715,37.58958],[-9.4387,37.59375],[-9.43937,37.59792],[-9.43958,37.59814],[-9.44314,37.60208],[-9.44375,37.60269],[-9.44792,37.60308],[-9.45208,37.60456],[-9.45344,37.60625],[-9.45625,37.60994],[-9.45697,37.61042],[-9.46042,37.61324],[-9.46135,37.61458],[-9.46458,37.61807],[-9.46496,37.61875],[-9.46851,37.62292],[-9.46875,37.62308],[-9.47292,37.62506],[-9.47708,37.62602],[-9.47869,37.62708],[-9.47886,37.63125],[-9.47904,37.63542],[-9.47833,37.63958],[-9.47708,37.64185],[-9.47556,37.64375],[-9.47429,37.64792],[-9.47586,37.65208],[-9.47708,37.65302],[-9.48125,37.65315],[-9.48542,37.65375],[-9.48958,37.65449],[-9.49187,37.65625],[-9.4932,37.66042],[-9.49234,37.66458],[-9.48958,37.66798],[-9.48916,37.66875],[-9.48958,37.66929],[-9.4936,37.67292],[-9.49375,37.6731],[-9.49792,37.67346],[-9.50135,37.67708],[-9.50171,37.68125],[-9.50208,37.68174],[-9.50513,37.68542],[-9.50613,37.68958],[-9.50625,37.68974],[-9.50969,37.69375],[-9.51018,37.69792],[-9.51029,37.70208],[-9.51031,37.70625],[-9.51036,37.71042],[-9.51042,37.71053],[-9.51384,37.71458],[-9.51458,37.71554],[-9.51875,37.71875],[-9.51784,37.72292],[-9.51875,37.72633],[-9.51892,37.72708],[-9.51875,37.72725],[-9.51458,37.73049],[-9.5138,37.73125],[-9.51196,37.73542],[-9.51233,37.73958],[-9.51259,37.74375],[-9.51042,37.74759],[-9.50913,37.74792],[-9.50625,37.74867],[-9.50458,37.75208],[-9.50341,37.75625],[-9.50208,37.75833],[-9.49792,37.75991],[-9.49706,37.76042],[-9.49375,37.76197],[-9.49193,37.76458],[-9.48989,37.76875],[-9.48958,37.76946],[-9.4864,37.77292],[-9.48542,37.77371],[-9.48125,37.77571],[-9.47986,37.77292],[-9.47708,37.77131],[-9.47292,37.7726],[-9.46875,37.77177],[-9.46458,37.77231],[-9.4634,37.77292],[-9.46042,37.77449],[-9.45625,37.77409],[-9.45479,37.77292],[-9.45274,37.76875],[-9.45208,37.76746],[-9.44979,37.76458],[-9.44792,37.76243],[-9.44497,37.76042],[-9.44375,37.75899],[-9.44135,37.75625],[-9.43958,37.75499],[-9.43542,37.75508],[-9.43264,37.75208],[-9.43134,37.74792],[-9.43125,37.74785],[-9.42708,37.7476],[-9.42292,37.74755],[-9.419,37.74375],[-9.41875,37.74354],[-9.4149,37.73958],[-9.41458,37.73934],[-9.41042,37.73885],[-9.40625,37.73776],[-9.40208,37.7375],[-9.40182,37.73958],[-9.40192,37.74375],[-9.40208,37.744],[-9.40536,37.74792],[-9.40587,37.75208],[-9.40613,37.75625],[-9.40625,37.76042],[-9.40524,37.76458],[-9.40554,37.76875],[-9.40625,37.77096],[-9.408,37.77292],[-9.40625,37.77569],[-9.40387,37.77292],[-9.40208,37.77242],[-9.40184,37.77292],[-9.39792,37.7768],[-9.39375,37.777],[-9.39363,37.77708],[-9.39375,37.77748],[-9.39771,37.78125],[-9.39792,37.78144],[-9.39828,37.78125],[-9.40208,37.77727],[-9.4051,37.78125],[-9.4059,37.78542],[-9.40625,37.78565],[-9.41042,37.78618],[-9.41458,37.78559],[-9.41875,37.78568],[-9.42292,37.78664],[-9.42633,37.78958],[-9.42708,37.79012],[-9.43125,37.79141],[-9.43359,37.79375],[-9.43542,37.79549],[-9.43837,37.79792],[-9.43958,37.79881],[-9.44355,37.80208],[-9.44375,37.8023],[-9.44792,37.80264],[-9.449,37.80208],[-9.45208,37.8],[-9.45625,37.80046],[-9.46042,37.8011],[-9.46458,37.80067],[-9.46875,37.79993],[-9.47292,37.80194],[-9.47315,37.80208],[-9.4763,37.80625],[-9.47708,37.80833],[-9.47798,37.81042],[-9.47708,37.81354],[-9.47674,37.81458],[-9.47583,37.81875],[-9.47384,37.82292],[-9.47292,37.82458],[-9.46875,37.82639],[-9.46857,37.82708],[-9.46625,37.83125],[-9.46458,37.83458],[-9.46427,37.83542],[-9.4643,37.83958],[-9.46458,37.84034],[-9.46875,37.84354],[-9.47292,37.84375],[-9.46989,37.84792],[-9.46973,37.85208],[-9.46875,37.85375],[-9.46625,37.85625],[-9.46458,37.85764],[-9.46042,37.85917],[-9.46013,37.86042],[-9.45923,37.86458],[-9.45625,37.86821],[-9.45532,37.86875],[-9.45321,37.87292],[-9.45208,37.87445],[-9.44792,37.87662],[-9.44375,37.87637],[-9.44278,37.87708],[-9.43958,37.87975],[-9.43542,37.88096],[-9.43125,37.8811],[-9.42708,37.88123],[-9.42706,37.88125],[-9.42292,37.885],[-9.41875,37.88523],[-9.41833,37.88542],[-9.41458,37.88901],[-9.41042,37.88929],[-9.40984,37.88958],[-9.41008,37.89375],[-9.41042,37.894],[-9.41458,37.89467],[-9.41875,37.89546],[-9.42292,37.89598],[-9.42708,37.89611],[-9.43017,37.89792],[-9.42708,37.90188],[-9.42698,37.90208],[-9.42589,37.90625],[-9.42292,37.90963],[-9.42225,37.91042],[-9.42136,37.91458],[-9.42106,37.91875],[-9.42104,37.92292],[-9.42111,37.92708],[-9.42078,37.93125],[-9.41875,37.93407],[-9.41765,37.93542],[-9.41458,37.93866],[-9.41371,37.93958],[-9.41245,37.94375],[-9.41042,37.94708],[-9.4097,37.94792],[-9.40859,37.95208],[-9.40625,37.95592],[-9.40603,37.95625],[-9.40599,37.96042],[-9.40563,37.96458],[-9.40208,37.96801],[-9.40156,37.96875],[-9.40048,37.97292],[-9.39792,37.97625],[-9.39728,37.97708],[-9.39714,37.98125],[-9.39702,37.98542],[-9.39375,37.98796],[-9.38958,37.98941],[-9.38947,37.98958],[-9.38891,37.99375],[-9.38542,37.99689],[-9.38448,37.99792],[-9.38125,38.00111],[-9.37708,38.00184],[-9.37292,38.00183],[-9.3726,38.00208],[-9.36875,38.00458],[-9.36525,38.00208],[-9.36458,38.00167],[-9.36383,38.00208],[-9.36042,38.00418],[-9.35625,38.00547],[-9.35208,38.00602],[-9.35114,38.00625],[-9.34792,38.00794],[-9.34375,38.01034],[-9.3436,38.01042],[-9.33958,38.01242],[-9.33542,38.01418],[-9.33425,38.01458],[-9.33125,38.0159],[-9.32708,38.01677],[-9.32461,38.01458],[-9.32292,38.01317],[-9.31875,38.01458],[-9.31458,38.01385],[-9.31357,38.01458],[-9.31322,38.01875],[-9.31435,38.02292],[-9.31458,38.02306],[-9.31875,38.02346],[-9.32029,38.02292],[-9.32292,38.02119],[-9.32453,38.02292],[-9.32708,38.02472],[-9.33125,38.02463],[-9.33542,38.02369],[-9.3369,38.02292],[-9.33958,38.022],[-9.34375,38.02083],[-9.34792,38.02237],[-9.34948,38.02292],[-9.34792,38.02604],[-9.34745,38.02708],[-9.34527,38.03125],[-9.34468,38.03542],[-9.34375,38.03958],[-9.34323,38.04375],[-9.34144,38.04792],[-9.34005,38.05208],[-9.33958,38.05313],[-9.33833,38.05625],[-9.33681,38.06042],[-9.33542,38.06354],[-9.33516,38.06458],[-9.33437,38.06875],[-9.33359,38.07292],[-9.33292,38.07708],[-9.33264,38.08125],[-9.33213,38.08542],[-9.33125,38.0867],[-9.32792,38.08542],[-9.32827,38.08125],[-9.32708,38.08079],[-9.32677,38.08125],[-9.32691,38.08542],[-9.32674,38.08958],[-9.3269,38.09375],[-9.3269,38.09792],[-9.32708,38.09816],[-9.33011,38.10208],[-9.33021,38.10625],[-9.3303,38.11042],[-9.33026,38.11458],[-9.33011,38.11875],[-9.32998,38.12292],[-9.32708,38.12662],[-9.32681,38.12708],[-9.32708,38.1275],[-9.33083,38.13125],[-9.32708,38.1352],[-9.32692,38.13542],[-9.32292,38.13958],[-9.32279,38.14375],[-9.3227,38.14792],[-9.31875,38.15141],[-9.31818,38.15208],[-9.31458,38.15514],[-9.31042,38.15604],[-9.30625,38.15617],[-9.3061,38.15625],[-9.30208,38.15981],[-9.29792,38.1599],[-9.2976,38.16042],[-9.29781,38.16458],[-9.29792,38.16467],[-9.30208,38.16497],[-9.30625,38.16528],[-9.31042,38.16542],[-9.31426,38.16875],[-9.31458,38.16899],[-9.31875,38.16906],[-9.32292,38.16932],[-9.32687,38.17292],[-9.32708,38.17708],[-9.33085,38.18125],[-9.33083,38.18542],[-9.33059,38.18958],[-9.32708,38.19329],[-9.32676,38.19375],[-9.32292,38.19775],[-9.32278,38.19792],[-9.3226,38.20208],[-9.3227,38.20625],[-9.31875,38.21],[-9.31842,38.21042],[-9.31806,38.21458],[-9.31458,38.21806],[-9.31404,38.21875],[-9.31042,38.22064],[-9.30625,38.22176],[-9.30476,38.22292],[-9.30208,38.22431],[-9.29792,38.22556],[-9.29432,38.22292],[-9.29375,38.22268],[-9.28958,38.22196],[-9.28542,38.22127],[-9.28125,38.2202],[-9.27843,38.21875],[-9.27708,38.21818],[-9.27292,38.21823],[-9.26875,38.21772],[-9.26458,38.2171],[-9.26042,38.21769],[-9.25625,38.21834],[-9.25544,38.21875],[-9.25208,38.2198],[-9.24792,38.2196],[-9.24491,38.21875],[-9.24375,38.21829],[-9.24292,38.21875],[-9.23958,38.22106],[-9.23542,38.22269],[-9.23509,38.22292],[-9.23125,38.225],[-9.22708,38.22488],[-9.22292,38.22452],[-9.21949,38.22292],[-9.21875,38.22252],[-9.21458,38.22194],[-9.21042,38.22118],[-9.20703,38.21875],[-9.20625,38.21831],[-9.20208,38.21862],[-9.20197,38.21875],[-9.20161,38.22292],[-9.19792,38.22661],[-9.19705,38.22708],[-9.19732,38.23125],[-9.19781,38.23542],[-9.19785,38.23958],[-9.19792,38.24375],[-9.20181,38.24792],[-9.20201,38.25208],[-9.20208,38.25219],[-9.2057,38.25625],[-9.20208,38.26031],[-9.20202,38.26042],[-9.19792,38.2642],[-9.19375,38.26362],[-9.18958,38.26211],[-9.18577,38.26042],[-9.18542,38.26022],[-9.18125,38.26011],[-9.17708,38.25983],[-9.17292,38.2598],[-9.16875,38.25942],[-9.16458,38.25958],[-9.16042,38.25975],[-9.15625,38.26013],[-9.1557,38.26042],[-9.15208,38.26261],[-9.14792,38.26305],[-9.14375,38.26365],[-9.13958,38.26415],[-9.13542,38.26447],[-9.13523,38.26458],[-9.13424,38.26875],[-9.13125,38.27191],[-9.13023,38.27292],[-9.12708,38.27671],[-9.12662,38.27708],[-9.12292,38.28052],[-9.11875,38.28112],[-9.11458,38.28105],[-9.11042,38.28113],[-9.10625,38.28106],[-9.10208,38.28122],[-9.10203,38.28125],[-9.10208,38.2813],[-9.10625,38.28146],[-9.11042,38.28138],[-9.11426,38.28542],[-9.11455,38.28958],[-9.11458,38.2896],[-9.11462,38.28958],[-9.11875,38.28576],[-9.12292,38.28572],[-9.12361,38.28542],[-9.12708,38.28244],[-9.13125,38.28196],[-9.13542,38.28172],[-9.13958,38.28157],[-9.14375,38.2816],[-9.14792,38.2817],[-9.15208,38.28192],[-9.15625,38.28234],[-9.16042,38.28228],[-9.16458,38.28212],[-9.1683,38.28542],[-9.16875,38.28565],[-9.17292,38.28592],[-9.17708,38.28603],[-9.1811,38.28958],[-9.18125,38.28968],[-9.18142,38.28958],[-9.18542,38.28631],[-9.18958,38.28606],[-9.19375,38.28633],[-9.19684,38.28958],[-9.19375,38.2937],[-9.19372,38.29375],[-9.19375,38.29378],[-9.19792,38.29393],[-9.20208,38.29408],[-9.20625,38.2942],[-9.21042,38.29404],[-9.21443,38.29792],[-9.21458,38.29802],[-9.21875,38.29885],[-9.22271,38.30208],[-9.22292,38.30223],[-9.22708,38.30267],[-9.23104,38.30625],[-9.23125,38.30635],[-9.23542,38.30658],[-9.23958,38.30667],[-9.24375,38.30741],[-9.24619,38.31042],[-9.24375,38.31387],[-9.23958,38.3144],[-9.23943,38.31458],[-9.23956,38.31875],[-9.23958,38.31877],[-9.24375,38.31891],[-9.24426,38.31875],[-9.24792,38.31708],[-9.2517,38.31875],[-9.25146,38.32292],[-9.24792,38.32698],[-9.24786,38.32708],[-9.24792,38.32714],[-9.25208,38.32768],[-9.25623,38.33125],[-9.25625,38.33127],[-9.26042,38.33142],[-9.26438,38.33542],[-9.26426,38.33958],[-9.26405,38.34375],[-9.26458,38.34467],[-9.26875,38.34406],[-9.26935,38.34375],[-9.27292,38.34151],[-9.27708,38.34006],[-9.28125,38.33986],[-9.28481,38.34375],[-9.28125,38.34733],[-9.28082,38.34792],[-9.28081,38.35208],[-9.28058,38.35625],[-9.27956,38.36042],[-9.27708,38.36372],[-9.27639,38.36458],[-9.27292,38.36863],[-9.27281,38.36875],[-9.27292,38.36892],[-9.27708,38.36913],[-9.27754,38.36875],[-9.28125,38.36499],[-9.28182,38.36458],[-9.28542,38.36195],[-9.2884,38.36042],[-9.28958,38.35925],[-9.29375,38.3564],[-9.29665,38.36042],[-9.29792,38.36126],[-9.30208,38.36094],[-9.30625,38.36084],[-9.31042,38.36052],[-9.31056,38.36042],[-9.31458,38.35642],[-9.3184,38.36042],[-9.31875,38.36064],[-9.32273,38.36458],[-9.32292,38.36479],[-9.32624,38.36875],[-9.32708,38.37012],[-9.32835,38.37292],[-9.32708,38.37634],[-9.32292,38.37705],[-9.32289,38.37708],[-9.32276,38.38125],[-9.31875,38.38539],[-9.31873,38.38542],[-9.31869,38.38958],[-9.31855,38.39375],[-9.31875,38.394],[-9.32292,38.39403],[-9.32662,38.39792],[-9.32292,38.40171],[-9.32256,38.40208],[-9.31875,38.40482],[-9.31458,38.40551],[-9.31042,38.40596],[-9.30625,38.40622],[-9.30621,38.40625],[-9.30567,38.41042],[-9.30208,38.41426],[-9.30179,38.41458],[-9.30128,38.41875],[-9.30166,38.42292],[-9.30203,38.42708],[-9.30208,38.42716],[-9.3061,38.43125],[-9.30625,38.43137],[-9.31042,38.43199],[-9.31441,38.43542],[-9.31458,38.43557],[-9.31875,38.4359],[-9.32292,38.43585],[-9.32359,38.43542],[-9.32708,38.43388],[-9.33125,38.43368],[-9.33451,38.43542],[-9.33125,38.43883],[-9.33086,38.43958],[-9.32965,38.44375],[-9.32708,38.44729],[-9.32292,38.44783],[-9.31875,38.4479],[-9.31871,38.44792],[-9.31875,38.44793],[-9.32292,38.44796],[-9.32708,38.44824],[-9.33125,38.44834],[-9.33218,38.44792],[-9.33542,38.44527],[-9.33958,38.44393],[-9.33979,38.44375],[-9.34375,38.44032],[-9.34464,38.43958],[-9.34792,38.43716],[-9.35208,38.43574],[-9.35245,38.43542],[-9.35462,38.43125],[-9.35625,38.42892],[-9.35712,38.42708],[-9.35706,38.42292],[-9.35625,38.42224],[-9.35231,38.41875],[-9.35208,38.41855],[-9.34792,38.41826],[-9.34375,38.41703],[-9.34044,38.41458],[-9.34375,38.41203],[-9.34792,38.41066],[-9.35208,38.41054],[-9.35224,38.41042],[-9.35221,38.40625],[-9.35254,38.40208],[-9.35625,38.39823],[-9.35646,38.39792],[-9.35625,38.39752],[-9.35286,38.39375],[-9.35501,38.38958],[-9.3559,38.38542],[-9.35625,38.38246],[-9.35669,38.38125],[-9.35661,38.37708],[-9.357,38.37292],[-9.35709,38.36875],[-9.35848,38.36458],[-9.35998,38.36042],[-9.36042,38.35948],[-9.36458,38.35634],[-9.36469,38.35625],[-9.36875,38.35256],[-9.37035,38.35208],[-9.37292,38.35057],[-9.37662,38.35208],[-9.37708,38.3522],[-9.38114,38.35625],[-9.38125,38.35634],[-9.38542,38.35649],[-9.38958,38.35671],[-9.39357,38.36042],[-9.39375,38.36058],[-9.39792,38.36157],[-9.40172,38.36458],[-9.40109,38.36875],[-9.39792,38.37086],[-9.39626,38.37292],[-9.39375,38.37636],[-9.39336,38.37708],[-9.38958,38.38108],[-9.38949,38.38125],[-9.38952,38.38542],[-9.38941,38.38958],[-9.38946,38.39375],[-9.38951,38.39792],[-9.38958,38.39806],[-9.39375,38.39842],[-9.39435,38.39792],[-9.39792,38.39413],[-9.39816,38.39375],[-9.40208,38.38979],[-9.40235,38.38958],[-9.40625,38.38582],[-9.41042,38.38578],[-9.41458,38.38562],[-9.41499,38.38542],[-9.41875,38.38308],[-9.42292,38.38295],[-9.42545,38.38542],[-9.42292,38.38909],[-9.42267,38.38958],[-9.42273,38.39375],[-9.42292,38.394],[-9.42708,38.39402],[-9.43056,38.39792],[-9.43046,38.40208],[-9.42708,38.4061],[-9.42699,38.40625],[-9.42705,38.41042],[-9.42708,38.41045],[-9.43125,38.41058],[-9.43542,38.41067],[-9.43587,38.41042],[-9.43958,38.40647],[-9.43974,38.40625],[-9.44243,38.40208],[-9.44375,38.40087],[-9.44685,38.40208],[-9.44773,38.40625],[-9.44759,38.41042],[-9.44741,38.41458],[-9.44713,38.41875],[-9.44672,38.42292],[-9.44654,38.42708],[-9.44659,38.43125],[-9.44675,38.43542],[-9.4472,38.43958],[-9.44766,38.44375],[-9.44781,38.44792],[-9.44792,38.44803],[-9.45208,38.44846],[-9.45561,38.45208],[-9.45625,38.45298],[-9.45936,38.45625],[-9.46031,38.46042],[-9.46042,38.46052],[-9.46448,38.46458],[-9.46458,38.46468],[-9.46875,38.46507],[-9.47236,38.46875],[-9.47292,38.46925],[-9.47708,38.46914],[-9.4774,38.46875],[-9.47736,38.46458],[-9.47708,38.46339],[-9.47521,38.46042],[-9.47708,38.45694],[-9.47719,38.45625],[-9.47708,38.45584],[-9.47374,38.45208],[-9.47356,38.44792],[-9.47708,38.4445],[-9.48125,38.44418],[-9.48542,38.44453],[-9.48945,38.44792],[-9.48958,38.44799],[-9.48977,38.44792],[-9.49375,38.44425],[-9.49792,38.44385],[-9.50208,38.44394],[-9.50625,38.44387],[-9.50638,38.44375],[-9.50719,38.43958],[-9.50927,38.43542],[-9.51032,38.43125],[-9.51042,38.43088],[-9.51181,38.43125],[-9.51458,38.43143],[-9.51875,38.43176],[-9.52264,38.43542],[-9.52292,38.43564],[-9.52336,38.43542],[-9.52708,38.43159],[-9.52746,38.43125],[-9.52945,38.42708],[-9.53125,38.42468],[-9.5323,38.42292],[-9.53542,38.41924],[-9.5359,38.41875],[-9.53958,38.41642],[-9.54375,38.41473],[-9.54391,38.41458],[-9.54792,38.41101],[-9.55208,38.41131],[-9.55625,38.41103],[-9.55726,38.41042],[-9.56042,38.40672],[-9.56458,38.40639],[-9.56501,38.40625],[-9.56875,38.40476],[-9.57215,38.40625],[-9.57292,38.40652],[-9.57367,38.40625],[-9.57708,38.40467],[-9.58096,38.40625],[-9.58125,38.4064],[-9.58432,38.41042],[-9.58125,38.41426],[-9.58108,38.41458],[-9.58024,38.41875],[-9.58125,38.41983],[-9.58542,38.4206],[-9.58958,38.42086],[-9.59274,38.42292],[-9.59375,38.42342],[-9.59519,38.42292],[-9.59792,38.42129],[-9.60208,38.41985],[-9.60625,38.42],[-9.61042,38.41902],[-9.61458,38.42061],[-9.61875,38.41985],[-9.62292,38.41927],[-9.62708,38.41899],[-9.62771,38.41875],[-9.63125,38.41657],[-9.63542,38.41491],[-9.63958,38.41546],[-9.64224,38.41875],[-9.64334,38.42292],[-9.64375,38.42339],[-9.64752,38.42708],[-9.6474,38.43125],[-9.64375,38.43454],[-9.64305,38.43542],[-9.63958,38.43782],[-9.63542,38.43898],[-9.63487,38.43958],[-9.63125,38.44285],[-9.63039,38.44375],[-9.62708,38.44706],[-9.62621,38.44792],[-9.62292,38.4515],[-9.61875,38.45195],[-9.61859,38.45208],[-9.61867,38.45625],[-9.61875,38.45637],[-9.62292,38.45659],[-9.62708,38.45708],[-9.63125,38.45686],[-9.63526,38.46042],[-9.63542,38.46049],[-9.63958,38.46056],[-9.64375,38.46052],[-9.64395,38.46042],[-9.64792,38.45732],[-9.65171,38.46042],[-9.65208,38.46064],[-9.65625,38.4606],[-9.66042,38.46062],[-9.66361,38.46458],[-9.66042,38.46801],[-9.65974,38.46875],[-9.65625,38.47171],[-9.65208,38.47249],[-9.65153,38.47292],[-9.64792,38.47528],[-9.64375,38.47605],[-9.63958,38.47685],[-9.63939,38.47708],[-9.63958,38.47742],[-9.64311,38.48125],[-9.63958,38.48453],[-9.63877,38.48542],[-9.63542,38.48897],[-9.63484,38.48958],[-9.63542,38.49017],[-9.63958,38.49107],[-9.64375,38.49134],[-9.64588,38.49375],[-9.64375,38.49571],[-9.63958,38.49723],[-9.63922,38.49792],[-9.63958,38.49851],[-9.64216,38.50208],[-9.64375,38.50361],[-9.64792,38.5038],[-9.65208,38.50356],[-9.65625,38.50275],[-9.66042,38.50259],[-9.66458,38.50235],[-9.66503,38.50208],[-9.66875,38.49849],[-9.67292,38.49848],[-9.67708,38.49801],[-9.6804,38.50208],[-9.67708,38.50435],[-9.67525,38.50625],[-9.67428,38.51042],[-9.67292,38.51188],[-9.66875,38.51373],[-9.66782,38.51458],[-9.66458,38.51833],[-9.66419,38.51875],[-9.66458,38.51904],[-9.66875,38.52023],[-9.67232,38.52292],[-9.66875,38.5256],[-9.66458,38.52619],[-9.66393,38.52708],[-9.66434,38.53125],[-9.66458,38.53154],[-9.66865,38.53542],[-9.66875,38.53555],[-9.67292,38.53693],[-9.67646,38.53958],[-9.67708,38.53985],[-9.67752,38.53958],[-9.68125,38.53618],[-9.68542,38.53575],[-9.68604,38.53542],[-9.68958,38.53309],[-9.69264,38.53542],[-9.69327,38.53958],[-9.68958,38.54345],[-9.68937,38.54375],[-9.68946,38.54792],[-9.68958,38.54811],[-9.69375,38.54809],[-9.69792,38.54799],[-9.70208,38.54798],[-9.70221,38.54792],[-9.70625,38.54422],[-9.70729,38.54375],[-9.71042,38.54208],[-9.71246,38.54375],[-9.7138,38.54792],[-9.71368,38.55208],[-9.71352,38.55625],[-9.71297,38.56042],[-9.71042,38.56362],[-9.70973,38.56458],[-9.70625,38.56822],[-9.70579,38.56875],[-9.70567,38.57292],[-9.70589,38.57708],[-9.70208,38.58105],[-9.70194,38.58125],[-9.70208,38.5816],[-9.70584,38.58542],[-9.70208,38.58872],[-9.70123,38.58958],[-9.70114,38.59375],[-9.70042,38.59792],[-9.69792,38.60174],[-9.69774,38.60208],[-9.69757,38.60625],[-9.6968,38.61042],[-9.69766,38.61458],[-9.69792,38.61478],[-9.70198,38.61875],[-9.70208,38.61887],[-9.70523,38.62292],[-9.70579,38.62708],[-9.70599,38.63125],[-9.70625,38.63159],[-9.70954,38.63542],[-9.7103,38.63958],[-9.71042,38.63974],[-9.71458,38.64014],[-9.71875,38.63976],[-9.71887,38.63958],[-9.72045,38.63542],[-9.7221,38.63125],[-9.72292,38.62929],[-9.72373,38.62708],[-9.72708,38.62303],[-9.72716,38.62292],[-9.72749,38.61875],[-9.73125,38.61486],[-9.7315,38.61458],[-9.7331,38.61042],[-9.73542,38.60721],[-9.7362,38.60625],[-9.73958,38.60324],[-9.74375,38.60256],[-9.74427,38.60208],[-9.74792,38.59832],[-9.74825,38.59792],[-9.74861,38.59375],[-9.75208,38.59007],[-9.75234,38.58958],[-9.75625,38.58638],[-9.76042,38.58584],[-9.76458,38.58548],[-9.76472,38.58542],[-9.76875,38.58185],[-9.77292,38.58141],[-9.77314,38.58125],[-9.77708,38.5773],[-9.77737,38.57708],[-9.78125,38.57387],[-9.78347,38.57292],[-9.78542,38.57211],[-9.78958,38.5695],[-9.79037,38.56875],[-9.79375,38.56584],[-9.79646,38.56458],[-9.79792,38.56373],[-9.79974,38.56458],[-9.80208,38.56656],[-9.80389,38.56875],[-9.80625,38.57101],[-9.80816,38.57292],[-9.81042,38.57461],[-9.81458,38.57659],[-9.81533,38.57708],[-9.81875,38.58017],[-9.81954,38.58125],[-9.81938,38.58542],[-9.82027,38.58958],[-9.82244,38.59375],[-9.82292,38.59423],[-9.82591,38.59792],[-9.82686,38.60208],[-9.82708,38.60284],[-9.8277,38.60625],[-9.82708,38.61042],[-9.82561,38.61458],[-9.82292,38.61728],[-9.82163,38.61875],[-9.81875,38.62163],[-9.81728,38.62292],[-9.81458,38.62483],[-9.81125,38.62708],[-9.81042,38.62844],[-9.80667,38.63125],[-9.80625,38.63168],[-9.80208,38.63279],[-9.80113,38.63542],[-9.79792,38.63899],[-9.79742,38.63958],[-9.79792,38.64041],[-9.80208,38.64033],[-9.80534,38.63958],[-9.80625,38.63891],[-9.81042,38.63548],[-9.81054,38.63542],[-9.81458,38.63304],[-9.81875,38.63151],[-9.81958,38.63125],[-9.82292,38.63037],[-9.82708,38.62955],[-9.83125,38.62708],[-9.83542,38.62475],[-9.83958,38.62348],[-9.84375,38.62319],[-9.84461,38.62292],[-9.84792,38.62137],[-9.85208,38.62023],[-9.85526,38.62292],[-9.85625,38.6239],[-9.86042,38.62599],[-9.86141,38.62708],[-9.86302,38.63125],[-9.86056,38.63542],[-9.86042,38.6355],[-9.85625,38.63834],[-9.85208,38.63944],[-9.85175,38.63958],[-9.84792,38.64327],[-9.84761,38.64375],[-9.84527,38.64792],[-9.84792,38.64986],[-9.85208,38.65079],[-9.85625,38.65052],[-9.86042,38.65078],[-9.86206,38.65208],[-9.86042,38.6548],[-9.85952,38.65625],[-9.85685,38.66042],[-9.85625,38.66091],[-9.85329,38.66458],[-9.85208,38.66611],[-9.84978,38.66875],[-9.84801,38.67292],[-9.84792,38.67303],[-9.84533,38.67708],[-9.84375,38.68036],[-9.84327,38.68125],[-9.83981,38.68542],[-9.84375,38.68935],[-9.84395,38.68958],[-9.84375,38.69062],[-9.84304,38.69375],[-9.84181,38.69792],[-9.84056,38.70208],[-9.83991,38.70625],[-9.83958,38.70846],[-9.83918,38.71042],[-9.83838,38.71458],[-9.83779,38.71875],[-9.83694,38.72292],[-9.83958,38.72411],[-9.84128,38.72292],[-9.84375,38.72118],[-9.8462,38.71875],[-9.84792,38.71734],[-9.85205,38.71458],[-9.85208,38.71455],[-9.85625,38.71141],[-9.85741,38.71042],[-9.86042,38.70709],[-9.8616,38.70625],[-9.86458,38.70384],[-9.86823,38.70208],[-9.86875,38.70191],[-9.87292,38.70114],[-9.87708,38.70069],[-9.88125,38.70083],[-9.88542,38.69943],[-9.88958,38.6994],[-9.89276,38.70208],[-9.89375,38.70246],[-9.89792,38.70287],[-9.89902,38.70208],[-9.90208,38.69851],[-9.90249,38.69792],[-9.90625,38.695],[-9.90814,38.69375],[-9.91042,38.69128],[-9.91458,38.68986],[-9.91875,38.69002],[-9.92248,38.69375],[-9.92292,38.69419],[-9.92654,38.69792],[-9.92708,38.69844],[-9.93125,38.69861],[-9.93542,38.69864],[-9.93958,38.69887],[-9.94375,38.69875],[-9.94792,38.69881],[-9.95208,38.69922],[-9.95577,38.70208],[-9.95625,38.70233],[-9.96042,38.70217],[-9.96458,38.70225],[-9.96875,38.70228],[-9.9691,38.70208],[-9.97292,38.6985],[-9.97402,38.69792],[-9.97708,38.6951],[-9.97917,38.69375],[-9.98125,38.69282],[-9.98542,38.69073],[-9.98958,38.68971],[-9.99375,38.68973],[-9.99792,38.68993],[-10,38.68993]]},"properties":{"fid":1686,"ID":1685,"ELEV":-1000}},
{"type":"Feature","geometry":{"type":"LineString","coordinates":[[-9.65208,31.71354],[-9.65139,31.71458],[-9.65208,31.71625],[-9.65486,31.71458],[-9.65208,31.71354]]},"properties":{"fid":1785,"ID":1784,"ELEV":0}},
{"type":"Feature","geometry":{"type":"LineString","coordinates":[[-9.78333,31.49792],[-9.78542,31.49567],[-9.78958,31.49688],[-9.79022,31.49792],[-9.78958,31.5],[-9.78542,31.50208],[-9.78333,31.49792]]},"properties":{"fid":1859,"ID":1858,"ELEV":0}},
{"type":"Feature","geometry":{"type":"LineString","coordinates":[[-9.72388,30],[-9.72388,30.00208],[-9.72292,30.00458],[-9.7225,30.00625],[-9.71875,30.01042],[-9.71752,30.01458],[-9.71458,30.01771],[-9.71375,30.01875],[-9.713,30.02292],[-9.71042,30.02563],[-9.70909,30.02708],[-9.70843,30.03125],[-9.70625,30.03366],[-9.70521,30.03542],[-9.70498,30.03958],[-9.7036,30.04375],[-9.70208,30.04708],[-9.70182,30.04792],[-9.69792,30.05139],[-9.69735,30.05208],[-9.69625,30.05625],[-9.69375,30.06042],[-9.69077,30.06458],[-9.68958,30.06597],[-9.68625,30.06875],[-9.68542,30.06935],[-9.68125,30.07196],[-9.68,30.07292],[-9.67933,30.07708],[-9.67708,30.07917],[-9.67514,30.08125],[-9.67388,30.08542],[-9.67292,30.08854],[-9.67245,30.08958],[-9.67153,30.09375],[-9.66875,30.09745],[-9.66852,30.09792],[-9.66458,30.10129],[-9.66414,30.10208],[-9.66414,30.10625],[-9.66333,30.11042],[-9.66264,30.11458],[-9.66042,30.11681],[-9.65899,30.11875],[-9.65903,30.12292],[-9.65625,30.12708],[-9.65589,30.13125],[-9.65579,30.13542],[-9.65556,30.13958],[-9.65478,30.14375],[-9.65404,30.14792],[-9.65208,30.15208],[-9.65063,30.15625],[-9.64816,30.16042],[-9.64792,30.16181],[-9.64764,30.16458],[-9.64698,30.16875],[-9.64375,30.17169],[-9.64302,30.17292],[-9.6431,30.17708],[-9.64284,30.18125],[-9.64253,30.18542],[-9.63958,30.18944],[-9.63949,30.18958],[-9.63958,30.1899],[-9.64186,30.19375],[-9.63958,30.1976],[-9.63944,30.19792],[-9.63958,30.19819],[-9.6425,30.20208],[-9.6428,30.20625],[-9.64236,30.21042],[-9.64105,30.21458],[-9.63958,30.21686],[-9.63785,30.21875],[-9.63724,30.22292],[-9.63542,30.22708],[-9.63455,30.23125],[-9.63482,30.23542],[-9.63449,30.23958],[-9.63403,30.24375],[-9.6337,30.24792],[-9.63125,30.25037],[-9.63003,30.25208],[-9.63062,30.25625],[-9.63085,30.26042],[-9.63053,30.26458],[-9.62955,30.26875],[-9.62708,30.27121],[-9.62569,30.27292],[-9.6247,30.27708],[-9.62443,30.28125],[-9.62292,30.28363],[-9.62202,30.28542],[-9.62175,30.28958],[-9.62262,30.29375],[-9.62202,30.29792],[-9.62083,30.30208],[-9.62096,30.30625],[-9.62116,30.31042],[-9.6213,30.31458],[-9.62106,30.31875],[-9.62071,30.32292],[-9.61875,30.3253],[-9.61708,30.32708],[-9.61667,30.33125],[-9.61551,30.33542],[-9.61458,30.3375],[-9.61339,30.33958],[-9.61302,30.34375],[-9.61198,30.34792],[-9.61167,30.35208],[-9.61146,30.35625],[-9.61227,30.36042],[-9.61042,30.3628],[-9.60792,30.36458],[-9.60764,30.36875],[-9.60804,30.37292],[-9.60729,30.37708],[-9.60718,30.38125],[-9.60625,30.38292],[-9.60486,30.38542],[-9.60458,30.38958],[-9.60465,30.39375],[-9.60417,30.39792],[-9.60514,30.40208],[-9.60521,30.40625],[-9.60497,30.41042],[-9.60625,30.41193],[-9.60833,30.41458],[-9.61042,30.41782],[-9.61208,30.41875],[-9.61458,30.41938],[-9.61875,30.41935],[-9.62292,30.41974],[-9.62708,30.42083],[-9.63125,30.42153],[-9.63333,30.42292],[-9.63542,30.42403],[-9.6375,30.42708],[-9.63958,30.42892],[-9.64375,30.43065],[-9.64431,30.43125],[-9.64729,30.43542],[-9.64792,30.43594],[-9.65208,30.43651],[-9.65625,30.43802],[-9.65729,30.43958],[-9.66042,30.44333],[-9.66111,30.44375],[-9.66375,30.44792],[-9.66442,30.45208],[-9.66458,30.4523],[-9.66875,30.4559],[-9.66905,30.45625],[-9.67146,30.46042],[-9.6723,30.46458],[-9.67292,30.46875],[-9.67272,30.47292],[-9.67292,30.47324],[-9.67555,30.47708],[-9.67569,30.48125],[-9.67669,30.48542],[-9.67708,30.4875],[-9.67822,30.48958],[-9.6803,30.49375],[-9.68125,30.49792],[-9.68431,30.50208],[-9.68542,30.5036],[-9.68736,30.50625],[-9.68862,30.51042],[-9.68958,30.51167],[-9.69183,30.51458],[-9.69261,30.51875],[-9.69299,30.52292],[-9.69375,30.52384],[-9.6964,30.52708],[-9.69792,30.52946],[-9.69931,30.53125],[-9.70208,30.53333],[-9.70458,30.53542],[-9.70625,30.53819],[-9.70685,30.53958],[-9.71042,30.54131],[-9.71458,30.54243],[-9.71651,30.54375],[-9.71875,30.54444],[-9.72292,30.54426],[-9.72708,30.54442],[-9.73125,30.5452],[-9.73542,30.54681],[-9.7367,30.54792],[-9.73958,30.55133],[-9.73998,30.55208],[-9.74332,30.55625],[-9.74375,30.55779],[-9.74613,30.56042],[-9.74782,30.56458],[-9.74773,30.56875],[-9.74792,30.56951],[-9.74989,30.57292],[-9.75208,30.57569],[-9.7544,30.57708],[-9.75625,30.57986],[-9.75718,30.58125],[-9.76042,30.58542],[-9.76458,30.58845],[-9.76615,30.58958],[-9.76875,30.5919],[-9.77027,30.59375],[-9.77292,30.59792],[-9.77708,30.60014],[-9.78,30.60208],[-9.78125,30.60286],[-9.78371,30.60625],[-9.78542,30.60726],[-9.78958,30.60875],[-9.79292,30.61042],[-9.79375,30.61076],[-9.79792,30.61193],[-9.80116,30.61458],[-9.80208,30.61492],[-9.80625,30.61615],[-9.80993,30.61875],[-9.81042,30.61891],[-9.81458,30.61994],[-9.81875,30.6216],[-9.82083,30.62292],[-9.82292,30.62381],[-9.82708,30.62403],[-9.83125,30.62413],[-9.83542,30.62478],[-9.83958,30.62664],[-9.84125,30.62708],[-9.84375,30.62715],[-9.84427,30.62708],[-9.84792,30.62344],[-9.85208,30.62292],[-9.85625,30.62333],[-9.86042,30.62309],[-9.8625,30.62292],[-9.86458,30.6224],[-9.86875,30.6227],[-9.86921,30.62292],[-9.87292,30.62369],[-9.87708,30.62357],[-9.88125,30.62354],[-9.88542,30.62516],[-9.88769,30.62708],[-9.88958,30.62839],[-9.89188,30.63125],[-9.89271,30.63542],[-9.89215,30.63958],[-9.89201,30.64375],[-9.89137,30.64792],[-9.89196,30.65208],[-9.89247,30.65625],[-9.89265,30.66042],[-9.89097,30.66458],[-9.89028,30.66875],[-9.88958,30.67083],[-9.88885,30.67292],[-9.88859,30.67708],[-9.88681,30.68125],[-9.88542,30.68208],[-9.88327,30.68542],[-9.88277,30.68958],[-9.88125,30.69329],[-9.88104,30.69375],[-9.87804,30.69792],[-9.87708,30.69888],[-9.87477,30.70208],[-9.87292,30.70417],[-9.87069,30.70625],[-9.86875,30.70833],[-9.8661,30.71042],[-9.86458,30.71193],[-9.86042,30.71458],[-9.85729,30.71875],[-9.85625,30.72188],[-9.85602,30.72292],[-9.85503,30.72708],[-9.85486,30.73125],[-9.85486,30.73542],[-9.85331,30.73958],[-9.85208,30.7419],[-9.85023,30.74375],[-9.84792,30.74722],[-9.84722,30.74792],[-9.84375,30.75052],[-9.84279,30.75208],[-9.83958,30.7544],[-9.8383,30.75625],[-9.8372,30.76042],[-9.83542,30.76319],[-9.83455,30.76458],[-9.83395,30.76875],[-9.83125,30.77215],[-9.83058,30.77292],[-9.83059,30.77708],[-9.82951,30.78125],[-9.82708,30.78368],[-9.8256,30.78542],[-9.82292,30.78883],[-9.8224,30.78958],[-9.82042,30.79375],[-9.81875,30.79594],[-9.81736,30.79792],[-9.81694,30.80208],[-9.81542,30.80625],[-9.81458,30.80833],[-9.8128,30.81042],[-9.81106,30.81458],[-9.81042,30.81563],[-9.80985,30.81875],[-9.80997,30.82292],[-9.81024,30.82708],[-9.81042,30.82752],[-9.81314,30.83125],[-9.81367,30.83542],[-9.81458,30.83655],[-9.81875,30.83702],[-9.82131,30.83958],[-9.82292,30.84089],[-9.82546,30.84375],[-9.82623,30.84792],[-9.82708,30.84913],[-9.82971,30.85208],[-9.82827,30.85625],[-9.82708,30.85758],[-9.82572,30.86042],[-9.82292,30.86373],[-9.82202,30.86458],[-9.8217,30.86875],[-9.81935,30.87292],[-9.81875,30.8739],[-9.81682,30.87708],[-9.81719,30.88125],[-9.8169,30.88542],[-9.81581,30.88958],[-9.81687,30.89375],[-9.81771,30.89792],[-9.81752,30.90208],[-9.81875,30.90331],[-9.82092,30.90625],[-9.82169,30.91042],[-9.82187,30.91458],[-9.82194,30.91875],[-9.82106,30.92292],[-9.82099,30.92708],[-9.8213,30.93125],[-9.82196,30.93542],[-9.82275,30.93958],[-9.82238,30.94375],[-9.82241,30.94792],[-9.82292,30.95208],[-9.825,30.95625],[-9.82616,30.96042],[-9.82708,30.96319],[-9.82799,30.96458],[-9.82878,30.96875],[-9.82838,30.97292],[-9.82825,30.97708],[-9.82708,30.9787],[-9.82581,30.98125],[-9.82552,30.98542],[-9.82292,30.98839],[-9.82211,30.98958],[-9.82064,30.99375],[-9.81897,30.99792],[-9.81875,30.99875],[-9.81747,31.00208],[-9.81687,31.00625],[-9.8151,31.01042],[-9.81458,31.01161],[-9.81406,31.01458],[-9.81458,31.01542],[-9.81727,31.01875],[-9.81812,31.02292],[-9.81875,31.02445],[-9.82054,31.02708],[-9.82147,31.03125],[-9.82113,31.03542],[-9.82236,31.03958],[-9.82245,31.04375],[-9.82198,31.04792],[-9.82282,31.05208],[-9.82288,31.05625],[-9.82292,31.05632],[-9.82636,31.06042],[-9.82708,31.06259],[-9.82866,31.06458],[-9.82708,31.06677],[-9.82554,31.06875],[-9.82527,31.07292],[-9.82292,31.0755],[-9.82184,31.07708],[-9.8202,31.08125],[-9.81942,31.08542],[-9.81913,31.08958],[-9.82292,31.09211],[-9.82478,31.09375],[-9.82687,31.09792],[-9.82708,31.09799],[-9.83125,31.09827],[-9.83542,31.09911],[-9.83773,31.10208],[-9.83958,31.1024],[-9.84375,31.10372],[-9.8462,31.10625],[-9.84595,31.11042],[-9.84498,31.11458],[-9.84394,31.11875],[-9.84375,31.11907],[-9.84062,31.12292],[-9.84022,31.12708],[-9.84144,31.13125],[-9.84264,31.13542],[-9.84279,31.13958],[-9.84263,31.14375],[-9.84244,31.14792],[-9.84122,31.15208],[-9.83958,31.15463],[-9.8388,31.15625],[-9.83702,31.16042],[-9.83611,31.16458],[-9.83542,31.16597],[-9.83375,31.16875],[-9.83171,31.17292],[-9.83125,31.17344],[-9.82917,31.17708],[-9.82708,31.17862],[-9.82458,31.18125],[-9.82292,31.18403],[-9.82232,31.18542],[-9.82232,31.18958],[-9.82292,31.19271],[-9.82319,31.19375],[-9.82388,31.19792],[-9.82552,31.20208],[-9.82587,31.20625],[-9.82542,31.21042],[-9.82468,31.21458],[-9.82466,31.21875],[-9.82354,31.22292],[-9.82292,31.22448],[-9.82208,31.22708],[-9.82235,31.23125],[-9.82177,31.23542],[-9.82292,31.23875],[-9.82341,31.23958],[-9.82292,31.24042],[-9.82173,31.24375],[-9.81974,31.24792],[-9.81875,31.25208],[-9.81651,31.25625],[-9.81458,31.25852],[-9.81375,31.26042],[-9.81134,31.26458],[-9.81042,31.2661],[-9.80896,31.26875],[-9.80849,31.27292],[-9.8081,31.27708],[-9.80625,31.28042],[-9.80587,31.28125],[-9.80417,31.28542],[-9.80322,31.28958],[-9.80208,31.29375],[-9.80125,31.29792],[-9.80135,31.30208],[-9.80097,31.30625],[-9.80104,31.31042],[-9.80069,31.31458],[-9.80048,31.31875],[-9.80077,31.32292],[-9.80019,31.32708],[-9.80023,31.33125],[-9.79896,31.33542],[-9.80069,31.33958],[-9.80116,31.34375],[-9.80156,31.34792],[-9.80208,31.34896],[-9.80387,31.35208],[-9.80375,31.35625],[-9.80521,31.36042],[-9.80625,31.36458],[-9.80833,31.36875],[-9.81042,31.37292],[-9.81375,31.37708],[-9.81458,31.37746],[-9.81875,31.37894],[-9.82222,31.38125],[-9.82292,31.38151],[-9.82708,31.38292],[-9.82958,31.38542],[-9.83125,31.3858],[-9.83542,31.38625],[-9.83958,31.3872],[-9.84375,31.38889],[-9.84514,31.38958],[-9.84792,31.39236],[-9.84931,31.39375],[-9.84875,31.39792],[-9.84792,31.40208],[-9.84375,31.40625],[-9.83958,31.41042],[-9.8375,31.41458],[-9.83542,31.41736],[-9.83437,31.41875],[-9.83125,31.42188],[-9.82986,31.42292],[-9.82708,31.42458],[-9.82552,31.42708],[-9.82292,31.43056],[-9.82222,31.43125],[-9.81958,31.43542],[-9.81875,31.43646],[-9.81625,31.43958],[-9.81458,31.44097],[-9.81042,31.44375],[-9.80625,31.4474],[-9.80565,31.44792],[-9.80208,31.45149],[-9.80104,31.45208],[-9.79792,31.45458],[-9.79673,31.45625],[-9.79375,31.45923],[-9.79236,31.46042],[-9.79167,31.46458],[-9.78958,31.46756],[-9.78866,31.46875],[-9.78625,31.47292],[-9.78542,31.475],[-9.78438,31.47708],[-9.78125,31.48125],[-9.77946,31.48542],[-9.77986,31.48958],[-9.77708,31.49167],[-9.77292,31.49167],[-9.77135,31.49375],[-9.77014,31.49792],[-9.76875,31.49931],[-9.76597,31.50208],[-9.76577,31.50625],[-9.76875,31.50972],[-9.76917,31.51042],[-9.77292,31.51383],[-9.77431,31.51458],[-9.77316,31.51875],[-9.77292,31.51905],[-9.76875,31.52035],[-9.76458,31.52083],[-9.76042,31.52292],[-9.75625,31.52708],[-9.75458,31.53125],[-9.75208,31.53375],[-9.75083,31.53542],[-9.74792,31.53833],[-9.74667,31.53958],[-9.74375,31.5425],[-9.74236,31.54375],[-9.73958,31.54653],[-9.73819,31.54792],[-9.73542,31.55069],[-9.73385,31.55208],[-9.73125,31.55506],[-9.73014,31.55625],[-9.72708,31.55978],[-9.72649,31.56042],[-9.72292,31.56458],[-9.72188,31.56875],[-9.71875,31.57292],[-9.71625,31.57708],[-9.71458,31.57986],[-9.71319,31.58125],[-9.71042,31.58403],[-9.7099,31.58542],[-9.70625,31.58958],[-9.70417,31.59375],[-9.70208,31.59792],[-9.69792,31.60208],[-9.69375,31.6044],[-9.69097,31.60625],[-9.68958,31.60833],[-9.68854,31.61042],[-9.6875,31.61458],[-9.68646,31.61875],[-9.68542,31.62014],[-9.68423,31.62292],[-9.68437,31.62708],[-9.68333,31.63125],[-9.68208,31.63542],[-9.68125,31.6375],[-9.68056,31.63958],[-9.68032,31.64375],[-9.68079,31.64792],[-9.68065,31.65208],[-9.68042,31.65625],[-9.67708,31.66042],[-9.67847,31.66458],[-9.67917,31.66875],[-9.67827,31.67292],[-9.67812,31.67708],[-9.67986,31.68125],[-9.67969,31.68542],[-9.67708,31.68839],[-9.67569,31.68958],[-9.67708,31.69375],[-9.67708,31.69792],[-9.67569,31.70208],[-9.67458,31.70625],[-9.67292,31.70792],[-9.67083,31.71042],[-9.66875,31.71198],[-9.66458,31.71319],[-9.6625,31.71458],[-9.66042,31.71625],[-9.65792,31.71875],[-9.65625,31.72292],[-9.65278,31.72708],[-9.65208,31.7276],[-9.64792,31.73],[-9.64613,31.73125],[-9.64375,31.73292],[-9.63958,31.73403],[-9.63866,31.73542],[-9.63681,31.73958],[-9.63542,31.74167],[-9.63292,31.74375],[-9.63125,31.74514],[-9.62986,31.74792],[-9.62708,31.7503],[-9.62481,31.75208],[-9.62292,31.75469],[-9.62113,31.75625],[-9.62113,31.76042],[-9.61875,31.76458],[-9.61458,31.76752],[-9.61285,31.76875],[-9.61042,31.77099],[-9.60685,31.77292],[-9.60625,31.775],[-9.60521,31.77708],[-9.60208,31.78125],[-9.59844,31.78542],[-9.59792,31.78625],[-9.59375,31.78958],[-9.58958,31.79271],[-9.58819,31.79375],[-9.58681,31.79792],[-9.58625,31.80208],[-9.58542,31.80313],[-9.58292,31.80625],[-9.58125,31.80764],[-9.57792,31.81042],[-9.57708,31.81101],[-9.57292,31.81389],[-9.57232,31.81458],[-9.56875,31.81708],[-9.56736,31.81875],[-9.56458,31.82208],[-9.56339,31.82292],[-9.56042,31.82639],[-9.5599,31.82708],[-9.55625,31.83032],[-9.55532,31.83125],[-9.55268,31.83542],[-9.55208,31.83601],[-9.54792,31.83845],[-9.54583,31.83958],[-9.54375,31.84083],[-9.54051,31.84375],[-9.53958,31.84458],[-9.53625,31.84792],[-9.53542,31.84884],[-9.53277,31.85208],[-9.53171,31.85625],[-9.53125,31.85764],[-9.53042,31.86042],[-9.52708,31.86412],[-9.52649,31.86458],[-9.52292,31.86708],[-9.52054,31.86875],[-9.51875,31.87031],[-9.51615,31.87292],[-9.51458,31.87448],[-9.51042,31.87569],[-9.50958,31.87708],[-9.50625,31.87946],[-9.50446,31.88125],[-9.50208,31.88403],[-9.50104,31.88542],[-9.49792,31.88819],[-9.49735,31.88958],[-9.49375,31.89318],[-9.49301,31.89375],[-9.48958,31.8974],[-9.48854,31.89792],[-9.48542,31.90042],[-9.48403,31.90208],[-9.48125,31.90625],[-9.47708,31.90949],[-9.47542,31.91042],[-9.47292,31.91458],[-9.46875,31.91875],[-9.46637,31.92292],[-9.46458,31.92431],[-9.46181,31.92708],[-9.46042,31.92822],[-9.45671,31.93125],[-9.45625,31.93163],[-9.45278,31.93542],[-9.45208,31.93646],[-9.44792,31.93899],[-9.44687,31.93958],[-9.44375,31.94208],[-9.44236,31.94375],[-9.43958,31.94583],[-9.4372,31.94792],[-9.43542,31.9497],[-9.43375,31.95208],[-9.43125,31.95521],[-9.43042,31.95625],[-9.42951,31.96042],[-9.42708,31.96307],[-9.425,31.96458],[-9.42292,31.96644],[-9.41875,31.96829],[-9.41837,31.96875],[-9.41458,31.97222],[-9.41394,31.97292],[-9.41042,31.97597],[-9.40938,31.97708],[-9.40625,31.98002],[-9.40502,31.98125],[-9.40208,31.98388],[-9.40055,31.98542],[-9.39792,31.98899],[-9.39728,31.98958],[-9.39567,31.99375],[-9.39375,31.99567],[-9.39193,31.99792],[-9.38958,32.00026],[-9.38594,32.00208],[-9.38542,32.00268],[-9.38185,32.00625],[-9.38125,32.00671],[-9.37708,32.00944],[-9.37589,32.01042],[-9.37292,32.01389],[-9.37199,32.01458],[-9.36875,32.01823],[-9.3684,32.01875],[-9.36458,32.02228],[-9.36394,32.02292],[-9.36042,32.02597],[-9.3589,32.02708],[-9.35625,32.03032],[-9.35347,32.03125],[-9.35208,32.03208],[-9.35,32.03542],[-9.35,32.03958],[-9.35042,32.04375],[-9.34792,32.04792],[-9.34514,32.05208],[-9.34375,32.05313],[-9.34125,32.05625],[-9.34089,32.06042],[-9.33958,32.06202],[-9.33792,32.06458],[-9.33542,32.06875],[-9.3339,32.07292],[-9.33125,32.07656],[-9.33116,32.07708],[-9.33125,32.07917],[-9.33167,32.08125],[-9.33167,32.08542],[-9.33125,32.0875],[-9.33111,32.08958],[-9.32784,32.09375],[-9.32708,32.09514],[-9.32655,32.09792],[-9.32639,32.10208],[-9.32292,32.10529],[-9.32229,32.10625],[-9.32199,32.11042],[-9.3214,32.11458],[-9.3206,32.11875],[-9.31931,32.12292],[-9.31875,32.12356],[-9.31458,32.125],[-9.31269,32.12708],[-9.31042,32.12986],[-9.30885,32.13125],[-9.30625,32.13314],[-9.30375,32.13542],[-9.30208,32.13958],[-9.29792,32.14054],[-9.29494,32.14375],[-9.29375,32.14486],[-9.29048,32.14792],[-9.28958,32.14905],[-9.28702,32.15208],[-9.28542,32.15398],[-9.28333,32.15625],[-9.28125,32.15817],[-9.27953,32.16042],[-9.27855,32.16458],[-9.27708,32.16597],[-9.27431,32.16875],[-9.27292,32.16989],[-9.26921,32.17292],[-9.26875,32.17356],[-9.2662,32.17708],[-9.26458,32.17973],[-9.26425,32.18125],[-9.26362,32.18542],[-9.26234,32.18958],[-9.26042,32.19315],[-9.2602,32.19375],[-9.25797,32.19792],[-9.25674,32.20208],[-9.25625,32.20301],[-9.25521,32.20625],[-9.25486,32.21042],[-9.25453,32.21458],[-9.25404,32.21875],[-9.25396,32.22292],[-9.25458,32.22708],[-9.25561,32.23125],[-9.25625,32.23218],[-9.26042,32.235],[-9.26094,32.23542],[-9.26298,32.23958],[-9.26319,32.24375],[-9.26458,32.2474],[-9.26505,32.24792],[-9.26518,32.25208],[-9.26528,32.25625],[-9.26458,32.25714],[-9.2624,32.26042],[-9.26125,32.26458],[-9.26042,32.26563],[-9.25849,32.26875],[-9.25792,32.27292],[-9.25625,32.2749],[-9.25477,32.27708],[-9.25365,32.28125],[-9.25208,32.28295],[-9.24992,32.28542],[-9.24992,32.28958],[-9.24958,32.29375],[-9.24792,32.29606],[-9.24633,32.29792],[-9.24569,32.30208],[-9.24645,32.30625],[-9.24671,32.31042],[-9.24792,32.31146],[-9.25088,32.31458],[-9.25208,32.31713],[-9.255,32.31875],[-9.25625,32.31958],[-9.26042,32.32173],[-9.2625,32.32292],[-9.26458,32.3231],[-9.26875,32.32577],[-9.27102,32.32708],[-9.27292,32.32726],[-9.27708,32.32718],[-9.28125,32.32804],[-9.28356,32.33125],[-9.28542,32.33495],[-9.28562,32.33542],[-9.28655,32.33958],[-9.28698,32.34375],[-9.28696,32.34792],[-9.28808,32.35208],[-9.2888,32.35625],[-9.28958,32.35966],[-9.2901,32.36042],[-9.29226,32.36458],[-9.29167,32.36875],[-9.29101,32.37292],[-9.29005,32.37708],[-9.28958,32.37792],[-9.28646,32.38125],[-9.28542,32.38264],[-9.28208,32.38542],[-9.28125,32.38611],[-9.27827,32.38958],[-9.27708,32.39069],[-9.27381,32.39375],[-9.27292,32.395],[-9.2712,32.39792],[-9.26875,32.39931],[-9.26677,32.40208],[-9.26458,32.4045],[-9.26042,32.40592],[-9.26015,32.40625],[-9.25924,32.41042],[-9.25625,32.41375],[-9.25569,32.41458],[-9.25444,32.41875],[-9.25268,32.42292],[-9.25208,32.42448],[-9.25104,32.42708],[-9.24922,32.43125],[-9.24792,32.43255],[-9.24608,32.43542],[-9.24375,32.4375],[-9.24239,32.43958],[-9.24182,32.44375],[-9.23958,32.44743],[-9.23941,32.44792],[-9.23893,32.45208],[-9.23858,32.45625],[-9.23804,32.46042],[-9.2372,32.46458],[-9.23542,32.46815],[-9.23532,32.46875],[-9.23532,32.47292],[-9.23499,32.47708],[-9.23542,32.47847],[-9.2392,32.48125],[-9.23958,32.4816],[-9.2434,32.48542],[-9.24375,32.48568],[-9.24792,32.48934],[-9.2483,32.48958],[-9.25125,32.49375],[-9.25208,32.495],[-9.2538,32.49792],[-9.25625,32.49877],[-9.26042,32.50186],[-9.26101,32.50208],[-9.26458,32.50625],[-9.26757,32.51042],[-9.26786,32.51458],[-9.26875,32.51548],[-9.27176,32.51875],[-9.27292,32.5209],[-9.27507,32.52292],[-9.27589,32.52708],[-9.27708,32.52986],[-9.27894,32.53125],[-9.28125,32.53423],[-9.28189,32.53542],[-9.28449,32.53958],[-9.28542,32.54236],[-9.28672,32.54375],[-9.28542,32.54549],[-9.28317,32.54792],[-9.28125,32.55],[-9.27812,32.55208],[-9.27708,32.55272],[-9.27381,32.55625],[-9.27292,32.55675],[-9.26875,32.5575],[-9.26551,32.56042],[-9.26458,32.56111],[-9.26042,32.56389],[-9.25949,32.56458],[-9.25625,32.56562],[-9.25352,32.56875],[-9.25208,32.57028],[-9.24864,32.57292],[-9.24792,32.57371],[-9.24375,32.57552],[-9.24196,32.57708],[-9.23958,32.57901],[-9.23681,32.58125],[-9.23542,32.58242],[-9.23253,32.58542],[-9.23125,32.58665],[-9.22708,32.58767],[-9.2249,32.58958],[-9.22292,32.59119],[-9.21989,32.59375],[-9.21875,32.595],[-9.21458,32.59704],[-9.21383,32.59792],[-9.21042,32.60042],[-9.20849,32.60208],[-9.20625,32.60391],[-9.20208,32.60577],[-9.20149,32.60625],[-9.19792,32.61042],[-9.19375,32.61458],[-9.18958,32.61625],[-9.18542,32.61719],[-9.18363,32.61875],[-9.18125,32.62102],[-9.17944,32.62292],[-9.17708,32.625],[-9.17462,32.62708],[-9.17292,32.62847],[-9.16875,32.63011],[-9.16708,32.63125],[-9.16458,32.63304],[-9.16195,32.63542],[-9.16042,32.63663],[-9.15704,32.63958],[-9.15625,32.64031],[-9.15265,32.64375],[-9.15208,32.64432],[-9.14792,32.64736],[-9.14708,32.64792],[-9.14375,32.65125],[-9.14292,32.65208],[-9.13958,32.65375],[-9.13542,32.65526],[-9.13442,32.65625],[-9.13125,32.65855],[-9.12956,32.66042],[-9.12708,32.6624],[-9.12505,32.66458],[-9.12292,32.66649],[-9.12027,32.66875],[-9.11875,32.67059],[-9.11458,32.67212],[-9.11339,32.67292],[-9.1112,32.67708],[-9.11042,32.67804],[-9.10721,32.68125],[-9.10625,32.68214],[-9.10243,32.68542],[-9.10208,32.68574],[-9.09792,32.68883],[-9.09743,32.68958],[-9.09375,32.6923],[-9.09256,32.69375],[-9.08958,32.69673],[-9.0883,32.69792],[-9.08542,32.70133],[-9.08462,32.70208],[-9.08125,32.70492],[-9.07958,32.70625],[-9.07708,32.70875],[-9.07512,32.71042],[-9.07292,32.7125],[-9.07003,32.71458],[-9.06875,32.71625],[-9.06563,32.71875],[-9.06458,32.72014],[-9.06042,32.72292],[-9.0575,32.72708],[-9.05625,32.72833],[-9.05333,32.73125],[-9.05208,32.73229],[-9.04896,32.73542],[-9.04792,32.73655],[-9.04458,32.73958],[-9.04375,32.74063],[-9.03958,32.74375],[-9.03681,32.74792],[-9.03542,32.74911],[-9.03163,32.75208],[-9.03125,32.75236],[-9.02708,32.7525],[-9.02367,32.75625],[-9.02292,32.75685],[-9.02029,32.76042],[-9.01875,32.76188],[-9.01458,32.76181],[-9.01161,32.76458],[-9.01042,32.76577],[-9.00744,32.76875],[-9.00625,32.77014],[-9.00347,32.77292],[-9.00208,32.7742],[-8.99896,32.77708],[-8.99792,32.77798],[-8.99375,32.78065],[-8.99306,32.78125],[-8.98958,32.78255],[-8.98576,32.78542],[-8.98542,32.78569],[-8.98125,32.78839],[-8.97958,32.78958],[-8.97708,32.79054],[-8.97292,32.79375],[-8.96875,32.79792],[-8.96458,32.80042],[-8.96339,32.80208],[-8.96042,32.80331],[-8.95625,32.80625],[-8.95208,32.81042],[-8.94792,32.81101],[-8.94435,32.81458],[-8.94375,32.81498],[-8.93958,32.81875],[-8.93542,32.81898],[-8.93169,32.82292],[-8.93125,32.82326],[-8.92708,32.82367],[-8.92367,32.82708],[-8.92292,32.82827],[-8.92031,32.83125],[-8.91875,32.83403],[-8.91779,32.83542],[-8.91458,32.83773],[-8.9122,32.83958],[-8.91042,32.84083],[-8.90625,32.84137],[-8.90403,32.84375],[-8.90208,32.84537],[-8.89881,32.84792],[-8.89792,32.84881],[-8.89486,32.85208],[-8.89375,32.85327],[-8.89097,32.85625],[-8.88958,32.85799],[-8.88634,32.86042],[-8.88542,32.86146],[-8.88264,32.86458],[-8.88125,32.86597],[-8.87875,32.86875],[-8.87708,32.87027],[-8.87417,32.87292],[-8.8739,32.87708],[-8.87292,32.87801],[-8.86875,32.87891],[-8.86654,32.88125],[-8.86458,32.88321],[-8.86238,32.88542],[-8.86042,32.88727],[-8.85797,32.88958],[-8.85625,32.8913],[-8.85365,32.89375],[-8.85208,32.89542],[-8.85,32.89792],[-8.84792,32.90012],[-8.84596,32.90208],[-8.84375,32.90443],[-8.83958,32.905],[-8.83819,32.90625],[-8.83542,32.90903],[-8.83417,32.91042],[-8.83125,32.91333],[-8.82986,32.91458],[-8.82708,32.91736],[-8.82595,32.91875],[-8.82292,32.92083],[-8.82083,32.92292],[-8.81875,32.92488],[-8.81607,32.92708],[-8.81458,32.92869],[-8.8122,32.93125],[-8.81042,32.93317],[-8.80859,32.93542],[-8.80625,32.93776],[-8.80401,32.93958],[-8.80208,32.94151],[-8.79792,32.94167],[-8.79599,32.94375],[-8.79375,32.94667],[-8.79261,32.94792],[-8.78958,32.95125],[-8.78542,32.95208],[-8.78542,32.95625],[-8.78542,32.96042],[-8.78125,32.96042],[-8.77847,32.96458],[-8.77708,32.96597],[-8.77512,32.96875],[-8.77292,32.97109],[-8.7712,32.97292],[-8.76875,32.97552],[-8.76458,32.97595],[-8.76302,32.97708],[-8.76042,32.9794],[-8.75708,32.98125],[-8.75708,32.98542],[-8.75625,32.98634],[-8.75301,32.98958],[-8.75208,32.99051],[-8.74943,32.99375],[-8.74792,32.99613],[-8.74542,32.99792],[-8.74375,33],[-8.74167,33.00208],[-8.73958,33.00312],[-8.73542,33.00347],[-8.73285,33.00625],[-8.73125,33.00833],[-8.72976,33.01042],[-8.72708,33.0133],[-8.72523,33.01458],[-8.72375,33.01875],[-8.72292,33.01958],[-8.71958,33.02292],[-8.71875,33.02431],[-8.71708,33.02708],[-8.71458,33.02887],[-8.71181,33.03125],[-8.71042,33.03244],[-8.70694,33.03542],[-8.70625,33.03681],[-8.70458,33.03958],[-8.70278,33.04375],[-8.70208,33.04479],[-8.69792,33.04708],[-8.69708,33.04792],[-8.69583,33.05208],[-8.69375,33.05521],[-8.69236,33.05625],[-8.68958,33.05833],[-8.68792,33.06042],[-8.68661,33.06458],[-8.68542,33.06625],[-8.68229,33.06875],[-8.68125,33.06927],[-8.67708,33.07],[-8.67417,33.07292],[-8.67292,33.0747],[-8.67083,33.07708],[-8.66875,33.08042],[-8.66771,33.08125],[-8.66458,33.08304],[-8.6622,33.08542],[-8.66076,33.08958],[-8.66042,33.09005],[-8.65625,33.09137],[-8.65417,33.09375],[-8.65208,33.09708],[-8.65104,33.09792],[-8.64896,33.10208],[-8.64792,33.10301],[-8.64375,33.10451],[-8.64186,33.10625],[-8.63958,33.10804],[-8.6372,33.11042],[-8.63542,33.11319],[-8.63385,33.11458],[-8.63253,33.11875],[-8.63125,33.12042],[-8.62847,33.12292],[-8.62708,33.12405],[-8.62431,33.12708],[-8.62292,33.12894],[-8.6206,33.13125],[-8.61994,33.13542],[-8.62064,33.13958],[-8.62049,33.14375],[-8.62035,33.14792],[-8.6225,33.15208],[-8.62292,33.15259],[-8.62637,33.15625],[-8.62708,33.16042],[-8.63042,33.16458],[-8.63125,33.16875],[-8.62917,33.17292],[-8.62708,33.17569],[-8.62569,33.17708],[-8.62292,33.17986],[-8.62014,33.17708],[-8.61875,33.17604],[-8.61806,33.17708],[-8.61875,33.17847],[-8.62153,33.18125],[-8.61875,33.18403],[-8.61667,33.18542],[-8.61458,33.18681],[-8.61042,33.18958],[-8.60764,33.19375],[-8.60625,33.19792],[-8.60208,33.20069],[-8.59931,33.19792],[-8.59792,33.19653],[-8.59583,33.19792],[-8.59792,33.20208],[-8.59375,33.20375],[-8.58958,33.20486],[-8.58854,33.20625],[-8.58646,33.21042],[-8.58542,33.21146],[-8.58333,33.21458],[-8.58125,33.21708],[-8.57986,33.21875],[-8.57708,33.22113],[-8.57292,33.22173],[-8.56875,33.22208],[-8.56458,33.2225],[-8.56412,33.22292],[-8.56319,33.22708],[-8.56042,33.23125],[-8.55625,33.23542],[-8.55208,33.23958],[-8.54792,33.24167],[-8.54583,33.24375],[-8.54375,33.24479],[-8.53958,33.24688],[-8.53819,33.24792],[-8.53542,33.25208],[-8.53125,33.25625],[-8.52708,33.26042],[-8.52292,33.26319],[-8.52014,33.26042],[-8.51875,33.25958],[-8.51815,33.26042],[-8.51875,33.26458],[-8.51458,33.26458],[-8.51042,33.26875],[-8.50625,33.26875],[-8.50208,33.26875],[-8.49931,33.26458],[-8.49792,33.2625],[-8.49653,33.26042],[-8.49514,33.25625],[-8.49479,33.25208],[-8.49375,33.25125],[-8.48958,33.25052],[-8.48661,33.24792],[-8.48542,33.24653],[-8.48125,33.24653],[-8.47708,33.24688],[-8.47292,33.24653],[-8.47083,33.24792],[-8.46875,33.24931],[-8.46458,33.24977],[-8.46042,33.25023],[-8.45875,33.25208],[-8.45625,33.25458],[-8.45208,33.25486],[-8.44792,33.25561],[-8.44708,33.25625],[-8.44375,33.25863],[-8.43958,33.25946],[-8.43819,33.26042],[-8.43542,33.26269],[-8.43125,33.26307],[-8.42792,33.26458],[-8.42708,33.2651],[-8.42292,33.26708],[-8.4214,33.26875],[-8.41875,33.27118],[-8.41458,33.27196],[-8.41362,33.27292],[-8.41042,33.27552],[-8.40625,33.27644],[-8.40542,33.27708],[-8.40208,33.28011],[-8.39792,33.28125],[-8.39375,33.28466],[-8.39292,33.28542],[-8.38958,33.28819],[-8.38819,33.28958],[-8.38542,33.29215],[-8.3831,33.29375],[-8.38125,33.29613],[-8.37875,33.29792],[-8.37708,33.3],[-8.37292,33.30208],[-8.36875,33.30583],[-8.36806,33.30625],[-8.36458,33.30972],[-8.36319,33.31042],[-8.36042,33.31319],[-8.35625,33.31458],[-8.35208,33.31806],[-8.35156,33.31875],[-8.34792,33.3224],[-8.34375,33.32208],[-8.34167,33.32292],[-8.33958,33.32431],[-8.33819,33.32708],[-8.33542,33.32986],[-8.33375,33.33125],[-8.33208,33.33542],[-8.33125,33.3375],[-8.33042,33.33958],[-8.32847,33.34375],[-8.32708,33.34583],[-8.32656,33.34792],[-8.32292,33.35156],[-8.3224,33.35208],[-8.31875,33.35625],[-8.31875,33.36042],[-8.31458,33.36042],[-8.31042,33.3642],[-8.31,33.36458],[-8.30625,33.36799],[-8.30532,33.36875],[-8.30208,33.37167],[-8.29792,33.37208],[-8.29375,33.37232],[-8.28958,33.3724],[-8.28542,33.37292],[-8.28125,33.3725],[-8.27708,33.3725],[-8.27656,33.37292],[-8.27292,33.37557],[-8.27163,33.37708],[-8.26875,33.37976],[-8.26458,33.37969],[-8.26042,33.37933],[-8.25625,33.37901],[-8.25208,33.37976],[-8.2506,33.38125],[-8.24792,33.38393],[-8.24375,33.38428],[-8.23958,33.38417],[-8.23542,33.38417],[-8.23125,33.38428],[-8.22708,33.38431],[-8.22569,33.38542],[-8.22292,33.3878],[-8.21875,33.38847],[-8.21458,33.38931],[-8.21424,33.38958],[-8.21042,33.3934],[-8.20833,33.39375],[-8.20625,33.39479],[-8.20208,33.39708],[-8.19792,33.39732],[-8.19728,33.39792],[-8.19375,33.40061],[-8.18958,33.40104],[-8.18849,33.40208],[-8.18542,33.40515],[-8.18411,33.40625],[-8.18125,33.40931],[-8.17708,33.40972],[-8.17292,33.41042],[-8.16875,33.4125],[-8.16458,33.41406],[-8.16042,33.41412],[-8.15625,33.41417],[-8.15208,33.41406],[-8.14792,33.41412],[-8.14583,33.41458],[-8.14375,33.41563],[-8.13958,33.41696],[-8.13542,33.41756],[-8.13125,33.41806],[-8.12708,33.41837],[-8.1267,33.41875],[-8.12292,33.42222],[-8.12083,33.42292],[-8.11875,33.42431],[-8.11458,33.42612],[-8.11042,33.42616],[-8.10903,33.42708],[-8.10625,33.42917],[-8.10208,33.42958],[-8.09792,33.43021],[-8.09732,33.43125],[-8.09375,33.43403],[-8.08958,33.43458],[-8.08875,33.43542],[-8.08542,33.43845],[-8.08125,33.43899],[-8.08079,33.43958],[-8.07708,33.44292],[-8.07292,33.44323],[-8.06875,33.44375],[-8.06458,33.4474],[-8.06042,33.4474],[-8.05625,33.44732],[-8.05556,33.44792],[-8.05208,33.45052],[-8.04792,33.45089],[-8.04375,33.45139],[-8.04315,33.45208],[-8.03958,33.45565],[-8.03542,33.45625],[-8.03125,33.45625],[-8.02708,33.45903],[-8.02292,33.45923],[-8.01875,33.45923],[-8.01458,33.45982],[-8.01354,33.46042],[-8.01042,33.4622],[-8.00625,33.46319],[-8.005,33.46458],[-8.00208,33.46782],[-7.99792,33.46875],[-7.99375,33.47083],[-7.98958,33.47208],[-7.98819,33.47292],[-7.98542,33.475],[-7.98125,33.47708],[-7.97708,33.47917],[-7.97569,33.48125],[-7.97292,33.48333],[-7.96875,33.48403],[-7.96458,33.48333],[-7.96042,33.48375],[-7.95625,33.48423],[-7.95208,33.48438],[-7.94792,33.48438],[-7.94375,33.48403],[-7.93958,33.48403],[-7.93792,33.48542],[-7.93542,33.4875],[-7.93125,33.48958],[-7.92708,33.49292],[-7.925,33.49375],[-7.92292,33.49514],[-7.91875,33.49583],[-7.91458,33.49653],[-7.91042,33.49722],[-7.90937,33.49792],[-7.90625,33.4997],[-7.90208,33.5],[-7.90069,33.50208],[-7.89792,33.50347],[-7.89375,33.50486],[-7.89292,33.50625],[-7.88958,33.50863],[-7.88542,33.50903],[-7.88125,33.50833],[-7.88021,33.51042],[-7.87708,33.51198],[-7.87519,33.51458],[-7.87292,33.51651],[-7.87097,33.51875],[-7.86875,33.52131],[-7.86458,33.52222],[-7.86354,33.52292],[-7.86042,33.52604],[-7.85625,33.52708],[-7.85208,33.52708],[-7.84792,33.52755],[-7.84375,33.52827],[-7.83958,33.52917],[-7.83734,33.53125],[-7.83542,33.53281],[-7.83221,33.53542],[-7.83125,33.5362],[-7.82738,33.53958],[-7.82708,33.53988],[-7.82292,33.5399],[-7.81875,33.53958],[-7.81736,33.53542],[-7.81458,33.53185],[-7.81042,33.53185],[-7.80625,33.53385],[-7.80208,33.53458],[-7.79931,33.53542],[-7.79792,33.53611],[-7.79375,33.53854],[-7.78958,33.53958],[-7.79375,33.54167],[-7.79421,33.54375],[-7.79375,33.54427],[-7.79292,33.54375],[-7.78958,33.53958],[-7.78542,33.54282],[-7.78125,33.54375],[-7.77708,33.54699],[-7.77292,33.54745],[-7.7725,33.54792],[-7.76875,33.55026],[-7.76458,33.55069],[-7.76307,33.55208],[-7.76042,33.55451],[-7.75625,33.55511],[-7.755,33.55625],[-7.75208,33.55868],[-7.74792,33.55949],[-7.74722,33.56042],[-7.74375,33.56339],[-7.7419,33.56458],[-7.73958,33.56607],[-7.73542,33.56625],[-7.73125,33.56708],[-7.72986,33.56875],[-7.72708,33.57083],[-7.72292,33.57135],[-7.72083,33.57292],[-7.71875,33.575],[-7.71458,33.57625],[-7.7128,33.57708],[-7.71094,33.58125],[-7.71042,33.58167],[-7.70625,33.58264],[-7.70208,33.58458],[-7.70069,33.58542],[-7.69792,33.58661],[-7.69375,33.58917],[-7.69337,33.58958],[-7.68958,33.59219],[-7.68601,33.59375],[-7.68542,33.59421],[-7.68125,33.59792],[-7.67708,33.60042],[-7.67292,33.60208],[-7.66875,33.60465],[-7.66458,33.60547],[-7.66345,33.60625],[-7.6608,33.61042],[-7.66042,33.61071],[-7.65681,33.61458],[-7.65625,33.61507],[-7.65208,33.6151],[-7.65116,33.61458],[-7.64792,33.61215],[-7.64444,33.61042],[-7.64375,33.60995],[-7.63958,33.61007],[-7.63906,33.61042],[-7.63542,33.61266],[-7.63125,33.61276],[-7.62708,33.61458],[-7.62292,33.61536],[-7.62202,33.61458],[-7.61875,33.61042],[-7.61708,33.60625],[-7.61458,33.60446],[-7.61042,33.60542],[-7.60833,33.60625],[-7.60625,33.60655],[-7.60208,33.60723],[-7.59792,33.60721],[-7.59375,33.60714],[-7.58958,33.60764],[-7.58542,33.60753],[-7.58167,33.61042],[-7.58125,33.61083],[-7.57708,33.61083],[-7.57333,33.61458],[-7.57292,33.6149],[-7.56875,33.61641],[-7.56458,33.61708],[-7.56146,33.61875],[-7.56042,33.61951],[-7.55625,33.62188],[-7.55208,33.62222],[-7.54792,33.62292],[-7.54375,33.62411],[-7.53958,33.62542],[-7.53542,33.62583],[-7.53417,33.62708],[-7.53125,33.62933],[-7.52708,33.62894],[-7.52292,33.63006],[-7.52125,33.63125],[-7.51875,33.63375],[-7.51458,33.63542],[-7.5128,33.63958],[-7.51042,33.64167],[-7.50625,33.64219],[-7.50446,33.64375],[-7.50208,33.64542],[-7.49792,33.64625],[-7.49653,33.64792],[-7.49375,33.6503],[-7.48958,33.65069],[-7.48802,33.65208],[-7.48542,33.65469],[-7.48363,33.65625],[-7.48125,33.65833],[-7.47958,33.66042],[-7.47708,33.66292],[-7.47292,33.66458],[-7.46875,33.66756],[-7.46736,33.66875],[-7.46458,33.67153],[-7.46354,33.67292],[-7.46042,33.67484],[-7.45625,33.67535],[-7.45451,33.67708],[-7.45208,33.67903],[-7.4497,33.68125],[-7.44792,33.68292],[-7.44375,33.68239],[-7.44072,33.68542],[-7.43958,33.68958],[-7.43542,33.69],[-7.43201,33.69375],[-7.43125,33.69451],[-7.42812,33.69792],[-7.42708,33.69875],[-7.42292,33.70012],[-7.42069,33.70208],[-7.41875,33.70391],[-7.41607,33.70625],[-7.41458,33.70764],[-7.41161,33.71042],[-7.41042,33.71153],[-7.40625,33.71458],[-7.4024,33.71875],[-7.40208,33.71895],[-7.40179,33.71875],[-7.39792,33.71556],[-7.39653,33.71458],[-7.39375,33.71236],[-7.38958,33.71262],[-7.38542,33.71273],[-7.38125,33.7125],[-7.37708,33.71167],[-7.37292,33.71181],[-7.36875,33.71458],[-7.36458,33.71412],[-7.36399,33.71458],[-7.36042,33.71771],[-7.35625,33.71875],[-7.35208,33.72083],[-7.34792,33.72222],[-7.34687,33.72292],[-7.34699,33.72708],[-7.34531,33.73125],[-7.34375,33.73239],[-7.33958,33.73403],[-7.33542,33.73542],[-7.33264,33.73958],[-7.33125,33.74083],[-7.32708,33.74077],[-7.32411,33.74375],[-7.32292,33.74451],[-7.31875,33.74427],[-7.31583,33.74792],[-7.31458,33.74896],[-7.31083,33.75208],[-7.31042,33.7525],[-7.30667,33.75625],[-7.30625,33.75667],[-7.30208,33.75694],[-7.29911,33.76042],[-7.29792,33.76134],[-7.29375,33.76458],[-7.28958,33.76875],[-7.28542,33.76968],[-7.28218,33.77292],[-7.28125,33.77384],[-7.2776,33.77708],[-7.27708,33.77768],[-7.27292,33.77875],[-7.26875,33.78125],[-7.26458,33.78229],[-7.26042,33.78542],[-7.25625,33.78542],[-7.25208,33.78958],[-7.24958,33.79375],[-7.24792,33.79514],[-7.24375,33.79375],[-7.23958,33.79792],[-7.23542,33.79931],[-7.23264,33.80208],[-7.23125,33.80292],[-7.22792,33.80625],[-7.22708,33.80677],[-7.22292,33.80729],[-7.21875,33.80694],[-7.21458,33.80708],[-7.21042,33.80729],[-7.20625,33.80792],[-7.20208,33.80833],[-7.19792,33.80903],[-7.19708,33.81042],[-7.19375,33.81227],[-7.18958,33.81125],[-7.18681,33.81458],[-7.18542,33.81551],[-7.18125,33.81625],[-7.17875,33.81875],[-7.17708,33.82014],[-7.17338,33.82292],[-7.17292,33.82326],[-7.17187,33.82292],[-7.16875,33.82083],[-7.16458,33.82135],[-7.16042,33.82196],[-7.15952,33.82292],[-7.15625,33.82561],[-7.15208,33.82569],[-7.1508,33.82708],[-7.14792,33.82976],[-7.14375,33.82969],[-7.13958,33.82875],[-7.13708,33.83125],[-7.13542,33.83229],[-7.13125,33.83281],[-7.12865,33.83542],[-7.12708,33.83655],[-7.12292,33.83731],[-7.11875,33.83845],[-7.11719,33.83958],[-7.11458,33.84219],[-7.1128,33.84375],[-7.11042,33.84583],[-7.10833,33.84792],[-7.10625,33.84958],[-7.10208,33.85023],[-7.1,33.85208],[-7.09792,33.85375],[-7.09542,33.85625],[-7.09375,33.85764],[-7.09042,33.86042],[-7.08958,33.86117],[-7.08542,33.86208],[-7.08264,33.86458],[-7.08125,33.86563],[-7.07708,33.86597],[-7.07396,33.86875],[-7.07292,33.86951],[-7.06875,33.87042],[-7.06562,33.87292],[-7.06458,33.87384],[-7.06042,33.87448],[-7.05625,33.875],[-7.05208,33.875],[-7.04792,33.87542],[-7.04583,33.87708],[-7.04375,33.8786],[-7.03958,33.87894],[-7.03698,33.88125],[-7.03542,33.8825],[-7.03125,33.88304],[-7.02958,33.88542],[-7.02708,33.8875],[-7.02292,33.88802],[-7.02042,33.88958],[-7.01875,33.89051],[-7.01551,33.89375],[-7.01458,33.89583],[-7.0125,33.89792],[-7.01042,33.89958],[-7.00625,33.90208],[-7.00208,33.90583],[-7.00125,33.90625],[-6.99792,33.90863],[-6.99583,33.91042],[-6.99375,33.91198],[-6.98958,33.91302],[-6.98542,33.91458],[-6.98411,33.91875],[-6.98125,33.92161],[-6.97708,33.92143],[-6.97361,33.92292],[-6.97292,33.92338],[-6.96875,33.9247],[-6.96708,33.92708],[-6.96597,33.93125],[-6.96458,33.93264],[-6.96155,33.93542],[-6.96042,33.93698],[-6.95625,33.9372],[-6.95208,33.93708],[-6.94958,33.93958],[-6.94792,33.94077],[-6.94444,33.94375],[-6.94375,33.94435],[-6.94062,33.94792],[-6.93958,33.94896],[-6.93681,33.95208],[-6.93542,33.95417],[-6.93363,33.95625],[-6.93125,33.95903],[-6.92986,33.96042],[-6.92708,33.96193],[-6.92292,33.96366],[-6.92199,33.96458],[-6.91875,33.96701],[-6.91759,33.96875],[-6.91458,33.97236],[-6.91389,33.97292],[-6.91042,33.97639],[-6.90958,33.97708],[-6.90625,33.98011],[-6.90511,33.98125],[-6.90208,33.98381],[-6.90048,33.98542],[-6.89792,33.98764],[-6.89549,33.98958],[-6.89375,33.99107],[-6.89107,33.99375],[-6.88958,33.99524],[-6.8867,33.99792],[-6.88542,33.99903],[-6.88125,33.99986],[-6.87903,34.00208],[-6.87708,34.00473],[-6.87569,34.00625],[-6.87292,34.00903],[-6.87173,34.01042],[-6.86875,34.01319],[-6.86771,34.01458],[-6.86458,34.01771],[-6.86319,34.01875],[-6.8608,34.02292],[-6.86042,34.02324],[-6.85685,34.02708],[-6.85625,34.02764],[-6.85208,34.02891],[-6.8494,34.03125],[-6.84792,34.03264],[-6.84375,34.03346],[-6.83958,34.03466],[-6.83564,34.03125],[-6.83542,34.03108],[-6.83504,34.03125],[-6.83542,34.03157],[-6.83854,34.03542],[-6.83792,34.03958],[-6.83646,34.04375],[-6.83542,34.04471],[-6.83281,34.04792],[-6.83223,34.05208],[-6.83125,34.05313],[-6.82862,34.05625],[-6.82708,34.05779],[-6.82431,34.06042],[-6.82292,34.06198],[-6.81875,34.06354],[-6.81761,34.06458],[-6.81562,34.06875],[-6.81458,34.07042],[-6.8128,34.07292],[-6.81042,34.075],[-6.80625,34.07708],[-6.80208,34.08042],[-6.80119,34.08125],[-6.79792,34.08452],[-6.79696,34.08542],[-6.79375,34.08819],[-6.79201,34.08958],[-6.78958,34.09153],[-6.78807,34.09375],[-6.78542,34.09699],[-6.78449,34.09792],[-6.78277,34.10208],[-6.78125,34.10417],[-6.77973,34.10625],[-6.77708,34.10868],[-6.77519,34.11042],[-6.77292,34.11354],[-6.77153,34.11458],[-6.76875,34.11736],[-6.76782,34.11875],[-6.76597,34.12292],[-6.76458,34.12477],[-6.76198,34.12708],[-6.76042,34.12887],[-6.75833,34.13125],[-6.75625,34.13292],[-6.75417,34.13542],[-6.75208,34.13854],[-6.75133,34.13958],[-6.74875,34.14375],[-6.74792,34.14444],[-6.74547,34.14792],[-6.74375,34.14931],[-6.74151,34.15208],[-6.73958,34.15471],[-6.73764,34.15625],[-6.73542,34.15958],[-6.73478,34.16042],[-6.73304,34.16458],[-6.73125,34.16771],[-6.73032,34.16875],[-6.72708,34.1724],[-6.72667,34.17292],[-6.72586,34.17708],[-6.72292,34.18021],[-6.7214,34.18125],[-6.71875,34.1849],[-6.71806,34.18542],[-6.71723,34.18958],[-6.71551,34.19375],[-6.71458,34.19542],[-6.71302,34.19792],[-6.71042,34.2],[-6.70911,34.20208],[-6.70681,34.20625],[-6.70625,34.20708],[-6.70466,34.21042],[-6.70319,34.21458],[-6.70208,34.2161],[-6.70062,34.21875],[-6.7,34.22292],[-6.69792,34.22523],[-6.69633,34.22708],[-6.69564,34.23125],[-6.69375,34.23323],[-6.69199,34.23542],[-6.69158,34.23958],[-6.6912,34.24375],[-6.68958,34.24569],[-6.6872,34.24792],[-6.68606,34.25208],[-6.68542,34.25292],[-6.68333,34.25625],[-6.68239,34.26042],[-6.68125,34.26292],[-6.67986,34.26458],[-6.68125,34.26625],[-6.68542,34.26771],[-6.68594,34.26875],[-6.68542,34.26935],[-6.68125,34.26979],[-6.67708,34.27014],[-6.67431,34.27292],[-6.67292,34.27431],[-6.67064,34.27708],[-6.6706,34.28125],[-6.66875,34.28264],[-6.66597,34.28542],[-6.66458,34.2875],[-6.66292,34.28958],[-6.66328,34.29375],[-6.66042,34.29681],[-6.65804,34.29792],[-6.65625,34.2997],[-6.65473,34.30208],[-6.65446,34.30625],[-6.65208,34.30847],[-6.65,34.31042],[-6.64792,34.3125],[-6.64567,34.31458],[-6.64375,34.31686],[-6.64186,34.31875],[-6.64,34.32292],[-6.63958,34.325],[-6.63875,34.32708],[-6.6372,34.33125],[-6.63542,34.33375],[-6.63375,34.33542],[-6.63125,34.33792],[-6.63042,34.33958],[-6.62708,34.34236],[-6.62431,34.34375],[-6.62292,34.34542],[-6.62178,34.34792],[-6.61921,34.35208],[-6.61875,34.35347],[-6.61756,34.35625],[-6.61667,34.36042],[-6.61458,34.36458],[-6.61042,34.36667],[-6.60625,34.36875],[-6.60382,34.37292],[-6.60208,34.375],[-6.6006,34.37708],[-6.59856,34.38125],[-6.59792,34.38333],[-6.59728,34.38542],[-6.59653,34.38958],[-6.59527,34.39375],[-6.59375,34.39792],[-6.59028,34.40208],[-6.58958,34.4025],[-6.58542,34.40486],[-6.58292,34.40625],[-6.58125,34.40701],[-6.57708,34.40833],[-6.57569,34.41042],[-6.57292,34.41264],[-6.5712,34.41458],[-6.56875,34.41875],[-6.56764,34.42292],[-6.56667,34.42708],[-6.56458,34.43125],[-6.56167,34.43542],[-6.56042,34.43667],[-6.55718,34.43958],[-6.55625,34.44051],[-6.55301,34.44375],[-6.55208,34.44468],[-6.54844,34.44792],[-6.54792,34.44838],[-6.54375,34.45208],[-6.53958,34.45597],[-6.53936,34.45625],[-6.53802,34.46042],[-6.53574,34.46458],[-6.53542,34.46518],[-6.53363,34.46875],[-6.53125,34.47208],[-6.53081,34.47292],[-6.52708,34.47685],[-6.52695,34.47708],[-6.52532,34.48125],[-6.52292,34.48409],[-6.52179,34.48542],[-6.52045,34.48958],[-6.51875,34.49179],[-6.5173,34.49375],[-6.51597,34.49792],[-6.51458,34.4995],[-6.51223,34.50208],[-6.51042,34.50389],[-6.50861,34.50625],[-6.50625,34.50878],[-6.50486,34.51042],[-6.50378,34.51458],[-6.50208,34.51713],[-6.50082,34.51875],[-6.49948,34.52292],[-6.49792,34.52604],[-6.49743,34.52708],[-6.49375,34.53021],[-6.49303,34.53125],[-6.49167,34.53542],[-6.48958,34.53819],[-6.48846,34.53958],[-6.48542,34.54335],[-6.48513,34.54375],[-6.48423,34.54792],[-6.48125,34.55089],[-6.48029,34.55208],[-6.47708,34.55542],[-6.47645,34.55625],[-6.47542,34.56042],[-6.47292,34.56326],[-6.47179,34.56458],[-6.47118,34.56875],[-6.46875,34.57199],[-6.46782,34.57292],[-6.46641,34.57708],[-6.46458,34.57951],[-6.46349,34.58125],[-6.46158,34.58542],[-6.46042,34.58642],[-6.45755,34.58958],[-6.45625,34.59113],[-6.45423,34.59375],[-6.45332,34.59792],[-6.45208,34.60014],[-6.45055,34.60208],[-6.45,34.60625],[-6.44792,34.60903],[-6.44708,34.61042],[-6.44375,34.61336],[-6.4428,34.61458],[-6.44213,34.61875],[-6.43958,34.62161],[-6.43843,34.62292],[-6.43681,34.62708],[-6.43542,34.62875],[-6.43371,34.63125],[-6.43252,34.63542],[-6.43125,34.63724],[-6.42946,34.63958],[-6.42708,34.64208],[-6.42563,34.64375],[-6.42455,34.64792],[-6.42292,34.65104],[-6.42208,34.65208],[-6.42208,34.65625],[-6.42106,34.66042],[-6.41994,34.66458],[-6.41875,34.66736],[-6.41806,34.66875],[-6.41458,34.67222],[-6.41375,34.67292],[-6.41042,34.675],[-6.4089,34.67708],[-6.40625,34.68073],[-6.40599,34.68125],[-6.40556,34.68542],[-6.4026,34.68958],[-6.40208,34.6901],[-6.39984,34.69375],[-6.39792,34.69602],[-6.39631,34.69792],[-6.39375,34.70095],[-6.39292,34.70208],[-6.39178,34.70625],[-6.38958,34.70903],[-6.38828,34.71042],[-6.38792,34.71458],[-6.38542,34.71799],[-6.38482,34.71875],[-6.38333,34.72292],[-6.38125,34.725],[-6.37986,34.72708],[-6.37917,34.73125],[-6.37708,34.73333],[-6.37527,34.73542],[-6.37477,34.73958],[-6.37292,34.74236],[-6.37181,34.74375],[-6.37083,34.74792],[-6.36875,34.75083],[-6.36771,34.75208],[-6.3661,34.75625],[-6.36458,34.75863],[-6.36333,34.76042],[-6.36236,34.76458],[-6.36042,34.76667],[-6.35909,34.76875],[-6.35625,34.77159],[-6.35513,34.77292],[-6.35469,34.77708],[-6.35417,34.78125],[-6.35208,34.78363],[-6.35045,34.78542],[-6.3503,34.78958],[-6.34792,34.79236],[-6.34667,34.79375],[-6.34538,34.79792],[-6.34375,34.79936],[-6.34131,34.80208],[-6.33958,34.80471],[-6.33812,34.80625],[-6.33769,34.81042],[-6.33542,34.81336],[-6.33437,34.81458],[-6.33301,34.81875],[-6.33223,34.82292],[-6.33125,34.82458],[-6.32978,34.82708],[-6.32708,34.83061],[-6.32659,34.83125],[-6.3251,34.83542],[-6.32292,34.83771],[-6.32147,34.83958],[-6.32054,34.84375],[-6.31875,34.84592],[-6.31722,34.84792],[-6.31645,34.85208],[-6.31458,34.85409],[-6.31296,34.85625],[-6.31269,34.86042],[-6.31042,34.86375],[-6.30979,34.86458],[-6.30852,34.86875],[-6.30625,34.87188],[-6.30486,34.87292],[-6.30497,34.87708],[-6.30208,34.88083],[-6.3019,34.88125],[-6.30139,34.88542],[-6.30042,34.88958],[-6.29792,34.89221],[-6.29646,34.89375],[-6.29573,34.89792],[-6.29375,34.90023],[-6.29223,34.90208],[-6.2919,34.90625],[-6.2901,34.91042],[-6.28958,34.91458],[-6.2901,34.91875],[-6.29018,34.92292],[-6.29077,34.92708],[-6.29137,34.93125],[-6.29137,34.93542],[-6.29028,34.93958],[-6.28958,34.94375],[-6.28542,34.94792],[-6.28125,34.95208],[-6.27812,34.95625],[-6.27708,34.95764],[-6.27569,34.96042],[-6.27361,34.96458],[-6.27292,34.96667],[-6.27222,34.96875],[-6.27042,34.97292],[-6.26875,34.97569],[-6.26792,34.97708],[-6.26458,34.98125],[-6.26125,34.98542],[-6.26042,34.98681],[-6.25903,34.98958],[-6.25804,34.99375],[-6.25781,34.99792],[-6.25625,35.00208],[-6.25327,35.00625],[-6.25208,35.00729],[-6.24792,35.01042],[-6.24375,35.01406],[-6.24342,35.01458],[-6.24253,35.01875],[-6.24179,35.02292],[-6.24062,35.02708],[-6.24062,35.03125],[-6.24034,35.03542],[-6.23958,35.0375],[-6.23894,35.03958],[-6.23715,35.04375],[-6.23542,35.04722],[-6.23507,35.04792],[-6.23208,35.05208],[-6.23125,35.05327],[-6.22995,35.05625],[-6.2275,35.06042],[-6.22708,35.06146],[-6.2263,35.06458],[-6.22569,35.06875],[-6.22458,35.07292],[-6.22417,35.07708],[-6.22338,35.08125],[-6.22292,35.08194],[-6.22031,35.08542],[-6.21913,35.08958],[-6.21875,35.09005],[-6.21653,35.09375],[-6.2161,35.09792],[-6.21458,35.10125],[-6.21424,35.10208],[-6.21227,35.10625],[-6.21042,35.11042],[-6.20875,35.11458],[-6.20777,35.11875],[-6.20671,35.12292],[-6.20625,35.12431],[-6.20506,35.12708],[-6.20208,35.12969],[-6.20104,35.13125],[-6.19792,35.13359],[-6.19665,35.13542],[-6.19569,35.13958],[-6.19498,35.14375],[-6.19375,35.14514],[-6.19153,35.14792],[-6.19117,35.15208],[-6.19069,35.15625],[-6.18984,35.16042],[-6.18958,35.16076],[-6.18542,35.16458],[-6.18464,35.16875],[-6.18314,35.17292],[-6.18167,35.17708],[-6.18125,35.17792],[-6.17997,35.18125],[-6.17755,35.18542],[-6.17708,35.18583],[-6.17552,35.18958],[-6.17446,35.19375],[-6.17292,35.19529],[-6.16875,35.19645],[-6.16675,35.19792],[-6.16458,35.19985],[-6.16042,35.2],[-6.15625,35.20143],[-6.15375,35.20208],[-6.15298,35.20625],[-6.1533,35.21042],[-6.15208,35.21204],[-6.1499,35.21458],[-6.14943,35.21875],[-6.14792,35.22131],[-6.14669,35.22292],[-6.1463,35.22708],[-6.14599,35.23125],[-6.14375,35.23358],[-6.14192,35.23542],[-6.1408,35.23958],[-6.13958,35.24223],[-6.13819,35.24375],[-6.13798,35.24792],[-6.13828,35.25208],[-6.13715,35.25625],[-6.13542,35.25833],[-6.13442,35.26042],[-6.13327,35.26458],[-6.13125,35.26813],[-6.13047,35.26875],[-6.12993,35.27292],[-6.12708,35.27679],[-6.12685,35.27708],[-6.12592,35.28125],[-6.12473,35.28542],[-6.12292,35.28715],[-6.12125,35.28958],[-6.12108,35.29375],[-6.11875,35.29705],[-6.11752,35.29792],[-6.11743,35.30208],[-6.11705,35.30625],[-6.11458,35.3091],[-6.11358,35.31042],[-6.11233,35.31458],[-6.11202,35.31875],[-6.11042,35.32056],[-6.10833,35.32292],[-6.10739,35.32708],[-6.10781,35.33125],[-6.10703,35.33542],[-6.10625,35.33854],[-6.10602,35.33958],[-6.10625,35.34167],[-6.10667,35.34375],[-6.10625,35.34583],[-6.10583,35.34792],[-6.10347,35.35208],[-6.10208,35.35458],[-6.10116,35.35625],[-6.09948,35.36042],[-6.09896,35.36458],[-6.09844,35.36875],[-6.09792,35.37083],[-6.09754,35.37292],[-6.09542,35.37708],[-6.09375,35.37917],[-6.09277,35.38125],[-6.09264,35.38542],[-6.09226,35.38958],[-6.09167,35.39375],[-6.09167,35.39792],[-6.09125,35.40208],[-6.09051,35.40625],[-6.08958,35.40833],[-6.08875,35.41042],[-6.08594,35.41458],[-6.08542,35.41518],[-6.08264,35.41875],[-6.08125,35.42014],[-6.07812,35.42292],[-6.07708,35.42411],[-6.07448,35.42708],[-6.07292,35.42887],[-6.07163,35.43125],[-6.07027,35.43542],[-6.06875,35.43958],[-6.06771,35.44375],[-6.06667,35.44792],[-6.0651,35.45208],[-6.06458,35.45292],[-6.0622,35.45625],[-6.06042,35.45875],[-6.05903,35.46042],[-6.05625,35.46319],[-6.05458,35.46458],[-6.05208,35.46667],[-6.04958,35.46875],[-6.04792,35.47014],[-6.04375,35.47292],[-6.04042,35.47708],[-6.03958,35.47792],[-6.03625,35.48125],[-6.03542,35.48264],[-6.03375,35.48542],[-6.03125,35.48958],[-6.02875,35.49375],[-6.02708,35.49653],[-6.02662,35.49792],[-6.02292,35.50125],[-6.02153,35.50208],[-6.01989,35.50625],[-6.01979,35.51042],[-6.01875,35.5125],[-6.01625,35.51458],[-6.01458,35.51875],[-6.01319,35.52292],[-6.01354,35.52708],[-6.01138,35.53125],[-6.01042,35.53437],[-6.00958,35.53542],[-6.00958,35.53958],[-6.00721,35.54375],[-6.00625,35.54625],[-6.00458,35.54792],[-6.00243,35.55208],[-6.00208,35.55417],[-6.00104,35.55625],[-5.99792,35.55938],[-5.99722,35.56042],[-5.99792,35.56458],[-5.99847,35.56875],[-5.99865,35.57292],[-5.99792,35.5737],[-5.99375,35.57708],[-5.99375,35.58125],[-5.99401,35.58542],[-5.99419,35.58958],[-5.99375,35.59375],[-5.99396,35.59792],[-5.99394,35.60208],[-5.99375,35.60292],[-5.98958,35.60625],[-5.98958,35.61042],[-5.99022,35.61458],[-5.98958,35.61667],[-5.98792,35.61875],[-5.98681,35.62292],[-5.98542,35.625],[-5.98125,35.62569],[-5.97986,35.62708],[-5.98125,35.63125],[-5.98542,35.62986],[-5.98594,35.63125],[-5.98542,35.63229],[-5.98125,35.63542],[-5.97986,35.63958],[-5.98021,35.64375],[-5.97917,35.64792],[-5.97847,35.65208],[-5.97708,35.65625],[-5.97708,35.66042],[-5.97292,35.66458],[-5.97458,35.66875],[-5.97458,35.67292],[-5.97292,35.67708],[-5.97292,35.68125],[-5.97083,35.68542],[-5.96875,35.68792],[-5.96667,35.68958],[-5.96458,35.69375],[-5.96111,35.69792],[-5.96167,35.70208],[-5.96042,35.70347],[-5.95792,35.70625],[-5.95694,35.71042],[-5.95681,35.71458],[-5.95625,35.71577],[-5.95365,35.71875],[-5.95286,35.72292],[-5.95231,35.72708],[-5.95208,35.72847],[-5.94792,35.72986],[-5.94687,35.73125],[-5.94375,35.73542],[-5.94216,35.73958],[-5.93958,35.74319],[-5.93919,35.74375],[-5.93819,35.74792],[-5.93542,35.75139],[-5.93504,35.75208],[-5.93542,35.75301],[-5.93713,35.75625],[-5.93672,35.76042],[-5.93542,35.7625],[-5.93458,35.76458],[-5.93314,35.76875],[-5.93417,35.77292],[-5.93125,35.77616],[-5.93036,35.77708],[-5.92801,35.78125],[-5.92708,35.78333],[-5.92703,35.78542],[-5.92292,35.7893],[-5.91875,35.78936],[-5.91847,35.78958],[-5.91458,35.79357],[-5.91042,35.79365],[-5.91028,35.79375],[-5.90625,35.79739],[-5.90208,35.7972],[-5.89792,35.79725],[-5.89375,35.7973],[-5.88958,35.79732],[-5.88542,35.7973],[-5.88125,35.79746],[-5.87708,35.79746],[-5.87292,35.79753],[-5.86875,35.79747],[-5.86458,35.79736],[-5.86083,35.79375],[-5.86042,35.79354],[-5.86018,35.79375],[-5.85625,35.79768],[-5.85208,35.79773],[-5.84792,35.79784],[-5.84375,35.7978],[-5.83958,35.79745],[-5.83584,35.79375],[-5.83542,35.79293],[-5.83125,35.79317],[-5.82708,35.7933],[-5.82292,35.79328],[-5.81875,35.79319],[-5.81505,35.78958],[-5.81458,35.78903],[-5.81042,35.78859],[-5.80625,35.7875],[-5.80208,35.78542],[-5.79792,35.78125],[-5.79508,35.77708],[-5.79375,35.775],[-5.78958,35.77431],[-5.78542,35.77431],[-5.78125,35.77526],[-5.77708,35.77633],[-5.77292,35.77688],[-5.76875,35.77682],[-5.76708,35.77708],[-5.76458,35.78021],[-5.76435,35.78125],[-5.76042,35.78498],[-5.76,35.78542],[-5.75978,35.78958],[-5.75625,35.79311],[-5.75208,35.79353],[-5.75197,35.79375],[-5.74931,35.79792],[-5.74792,35.80069],[-5.74786,35.80208],[-5.74766,35.80625],[-5.7478,35.81042],[-5.74783,35.81458],[-5.74375,35.818],[-5.73958,35.81804],[-5.73542,35.81822],[-5.73125,35.81845],[-5.72708,35.81861],[-5.72685,35.81875],[-5.72292,35.82254],[-5.72246,35.82292],[-5.71875,35.82689],[-5.71861,35.82708],[-5.71458,35.83062],[-5.71069,35.82708],[-5.71042,35.82681],[-5.70625,35.82679],[-5.70208,35.82686],[-5.69792,35.82656],[-5.6975,35.82708],[-5.69375,35.83103],[-5.69368,35.83125],[-5.68958,35.8352],[-5.68542,35.83526],[-5.68125,35.83511],[-5.67708,35.83479],[-5.67292,35.83433],[-5.66954,35.83125],[-5.66875,35.83077],[-5.66458,35.83037],[-5.66091,35.82708],[-5.66042,35.82689],[-5.65625,35.82674],[-5.65208,35.82597],[-5.64792,35.82396],[-5.64375,35.82431],[-5.64361,35.82708],[-5.63958,35.83085],[-5.63542,35.83095],[-5.63125,35.83106],[-5.62708,35.83102],[-5.62688,35.83125],[-5.62292,35.83478],[-5.61875,35.83477],[-5.6149,35.83125],[-5.61458,35.83087],[-5.61042,35.83081],[-5.60625,35.83081],[-5.60208,35.83081],[-5.59819,35.82708],[-5.59792,35.827],[-5.59772,35.82708],[-5.59375,35.83099],[-5.58958,35.83107],[-5.58542,35.83104],[-5.58125,35.83095],[-5.58116,35.83125],[-5.57708,35.83537],[-5.57695,35.83542],[-5.57292,35.83882],[-5.56875,35.83911],[-5.56458,35.8392],[-5.56161,35.83542],[-5.56042,35.83208],[-5.55875,35.83542],[-5.5587,35.83958],[-5.55972,35.84375],[-5.55625,35.84485],[-5.55436,35.84375],[-5.55208,35.84335],[-5.54792,35.84358],[-5.54772,35.84375],[-5.54375,35.8478],[-5.54356,35.84792],[-5.53958,35.85177],[-5.539,35.85208],[-5.53866,35.85625],[-5.53542,35.85917],[-5.53444,35.86042],[-5.53125,35.86373],[-5.53051,35.86458],[-5.52708,35.86795],[-5.52625,35.86875],[-5.52292,35.87181],[-5.5215,35.87292],[-5.51875,35.87607],[-5.51458,35.87642],[-5.51347,35.87708],[-5.51042,35.88036],[-5.50625,35.88104],[-5.50595,35.88125],[-5.50511,35.88542],[-5.50208,35.88774],[-5.49792,35.8876],[-5.49375,35.88634],[-5.48958,35.88932],[-5.48941,35.88958],[-5.48893,35.89375],[-5.48542,35.89726],[-5.48531,35.89792],[-5.48125,35.90205],[-5.48117,35.90208],[-5.48007,35.90625],[-5.47708,35.90767],[-5.47455,35.90625],[-5.47292,35.90543],[-5.46875,35.90594],[-5.46837,35.90625],[-5.46458,35.9101],[-5.46351,35.91042],[-5.46042,35.9136],[-5.45761,35.91042],[-5.45625,35.9101],[-5.45208,35.90967],[-5.44861,35.90625],[-5.44792,35.90519],[-5.44427,35.90208],[-5.44375,35.90181],[-5.43958,35.90205],[-5.43957,35.90208],[-5.43542,35.90622],[-5.43264,35.90625],[-5.43125,35.90648],[-5.42917,35.90625],[-5.42708,35.90622],[-5.42292,35.9062],[-5.41979,35.90625],[-5.41875,35.90633],[-5.41458,35.90735],[-5.41042,35.9104],[-5.40982,35.91042],[-5.40625,35.91128],[-5.40208,35.91367],[-5.39792,35.91215],[-5.3947,35.91042],[-5.39375,35.90985],[-5.39001,35.90625],[-5.38958,35.90609],[-5.38542,35.90616],[-5.38524,35.90625],[-5.38125,35.91021],[-5.37708,35.91034],[-5.37702,35.91042],[-5.37292,35.91426],[-5.36875,35.91433],[-5.36458,35.91417],[-5.36042,35.91398],[-5.35625,35.91411],[-5.35216,35.91042],[-5.35208,35.91037],[-5.34819,35.90625],[-5.34792,35.90583],[-5.34411,35.90208],[-5.34375,35.90152],[-5.33983,35.89792],[-5.33958,35.89765],[-5.33542,35.89583],[-5.33236,35.89375],[-5.33125,35.8934],[-5.32708,35.89313],[-5.32292,35.89352],[-5.31875,35.89277],[-5.31458,35.89],[-5.31354,35.88958],[-5.31185,35.88542],[-5.31458,35.88248],[-5.31875,35.88542],[-5.32292,35.88542],[-5.32708,35.88157],[-5.32763,35.88125],[-5.33125,35.87772],[-5.33542,35.87771],[-5.33802,35.87708],[-5.33958,35.87569],[-5.34375,35.87309],[-5.34404,35.87292],[-5.34638,35.86875],[-5.34609,35.86458],[-5.34514,35.86042],[-5.34494,35.85625],[-5.34514,35.85208],[-5.34375,35.85112],[-5.34028,35.84792],[-5.34236,35.84375],[-5.34375,35.84279],[-5.34792,35.84144],[-5.35208,35.84375],[-5.35387,35.83958],[-5.35322,35.83542],[-5.3524,35.83125],[-5.35208,35.82917],[-5.35174,35.82708],[-5.35083,35.82292],[-5.35042,35.81875],[-5.35083,35.81458],[-5.35149,35.81042],[-5.35208,35.80833],[-5.35292,35.80625],[-5.35486,35.80208],[-5.35312,35.79792],[-5.35278,35.79375],[-5.35208,35.79236],[-5.35089,35.78958],[-5.34833,35.78542],[-5.34792,35.78458],[-5.34653,35.78125],[-5.34554,35.77708],[-5.34542,35.77292],[-5.34535,35.76875],[-5.34503,35.76458],[-5.34486,35.76042],[-5.34464,35.75625],[-5.34403,35.75208],[-5.34375,35.75],[-5.34306,35.74792],[-5.34077,35.74375],[-5.34018,35.73958],[-5.34018,35.73542],[-5.33958,35.73403],[-5.33792,35.73125],[-5.33542,35.72708],[-5.33542,35.72292],[-5.33646,35.71875],[-5.33708,35.71458],[-5.33854,35.71042],[-5.33958,35.70625],[-5.33542,35.70278],[-5.33472,35.70208],[-5.33375,35.69792],[-5.33125,35.69678],[-5.32847,35.69375],[-5.32708,35.69137],[-5.325,35.68958],[-5.32292,35.68862],[-5.31875,35.68899],[-5.31458,35.68836],[-5.31042,35.68727],[-5.30625,35.68621],[-5.30387,35.68542],[-5.30208,35.68528],[-5.29792,35.68492],[-5.29375,35.68493],[-5.28958,35.68498],[-5.28879,35.68542],[-5.28542,35.68864],[-5.28219,35.68542],[-5.28125,35.68424],[-5.27768,35.68125],[-5.27708,35.67839],[-5.27535,35.67708],[-5.27604,35.67292],[-5.27708,35.67135],[-5.27831,35.66875],[-5.27875,35.66458],[-5.27887,35.66042],[-5.27986,35.65625],[-5.28125,35.65208],[-5.2816,35.64792],[-5.28208,35.64375],[-5.28264,35.63958],[-5.28125,35.63889],[-5.27708,35.6375],[-5.275,35.63542],[-5.27292,35.63333],[-5.27153,35.63125],[-5.27083,35.62708],[-5.27014,35.62292],[-5.26875,35.61875],[-5.27292,35.61458],[-5.27292,35.61042],[-5.27708,35.60903],[-5.28125,35.61042],[-5.28542,35.60625],[-5.28125,35.60347],[-5.27708,35.60208],[-5.27292,35.60208],[-5.27292,35.59792],[-5.26875,35.59444],[-5.26771,35.59375],[-5.26736,35.58958],[-5.26458,35.5875],[-5.26042,35.58646],[-5.25903,35.58542],[-5.25625,35.58482],[-5.2524,35.58125],[-5.25208,35.57986],[-5.24931,35.57708],[-5.24861,35.57292],[-5.24792,35.57188],[-5.24542,35.56875],[-5.24444,35.56458],[-5.24375,35.56319],[-5.23958,35.56181],[-5.23819,35.56042],[-5.23542,35.55949],[-5.23375,35.56042],[-5.23125,35.56354],[-5.22708,35.56375],[-5.22292,35.56125],[-5.22208,35.56042],[-5.21875,35.55764],[-5.21799,35.55625],[-5.21683,35.55208],[-5.21542,35.54792],[-5.21458,35.54736],[-5.21307,35.54792],[-5.21042,35.55016],[-5.20625,35.55048],[-5.20387,35.54792],[-5.20208,35.54716],[-5.19792,35.54669],[-5.19375,35.54613],[-5.18958,35.54572],[-5.18583,35.54375],[-5.18542,35.54355],[-5.18125,35.5425],[-5.17901,35.53958],[-5.17708,35.53681],[-5.17292,35.53542],[-5.16875,35.53304],[-5.16736,35.53125],[-5.16458,35.52847],[-5.16311,35.52708],[-5.16042,35.52356],[-5.15986,35.52292],[-5.15752,35.51875],[-5.15625,35.51703],[-5.15417,35.51458],[-5.15208,35.51213],[-5.15046,35.51042],[-5.14828,35.50625],[-5.14792,35.50606],[-5.14375,35.50535],[-5.14005,35.50208],[-5.13958,35.5018],[-5.13542,35.5014],[-5.13125,35.50069],[-5.12847,35.49792],[-5.12708,35.49685],[-5.12412,35.49375],[-5.12292,35.49273],[-5.11937,35.48958],[-5.11875,35.48918],[-5.11458,35.48828],[-5.11148,35.48542],[-5.11042,35.48444],[-5.10625,35.48264],[-5.10443,35.48125],[-5.10208,35.4775],[-5.10176,35.47708],[-5.10208,35.47649],[-5.1026,35.47292],[-5.10208,35.4722],[-5.09792,35.47083],[-5.09596,35.46875],[-5.09474,35.46458],[-5.09375,35.46198],[-5.09271,35.46042],[-5.09083,35.45625],[-5.09018,35.45208],[-5.09018,35.44792],[-5.09062,35.44375],[-5.08958,35.44256],[-5.08785,35.43958],[-5.08542,35.43693],[-5.08423,35.43542],[-5.08542,35.43356],[-5.08839,35.43125],[-5.08542,35.42894],[-5.08125,35.42875],[-5.07708,35.42708],[-5.07292,35.42431],[-5.07188,35.42292],[-5.06958,35.41875],[-5.06875,35.41802],[-5.06531,35.41458],[-5.06458,35.41364],[-5.06202,35.41042],[-5.06042,35.40833],[-5.05625,35.40815],[-5.05208,35.40886],[-5.04792,35.40883],[-5.04375,35.40885],[-5.03958,35.40893],[-5.03542,35.40878],[-5.03125,35.40854],[-5.02708,35.40852],[-5.02292,35.40729],[-5.02196,35.40625],[-5.01875,35.40556],[-5.01528,35.40208],[-5.01458,35.40027],[-5.01187,35.39792],[-5.01042,35.39708],[-5.00625,35.39441],[-5.00559,35.39375],[-5.00208,35.39091],[-5.00035,35.38958],[-4.99792,35.3874],[-4.99578,35.38542],[-4.99375,35.38125],[-4.98958,35.37904],[-4.98773,35.37708],[-4.98542,35.37582],[-4.98125,35.37394],[-4.97983,35.37292],[-4.97708,35.37124],[-4.97292,35.37019],[-4.96966,35.36875],[-4.96875,35.36825],[-4.96525,35.36458],[-4.96458,35.3637],[-4.96173,35.36042],[-4.96042,35.35748],[-4.95893,35.35625],[-4.95679,35.35208],[-4.95625,35.35112],[-4.95246,35.34792],[-4.95208,35.34764],[-4.94901,35.34375],[-4.94792,35.34284],[-4.94479,35.33958],[-4.94375,35.33601],[-4.94271,35.33542],[-4.93958,35.33464],[-4.93542,35.33292],[-4.93375,35.33125],[-4.93125,35.33024],[-4.92792,35.32708],[-4.92708,35.32674],[-4.92292,35.32661],[-4.91875,35.32543],[-4.91641,35.32292],[-4.91516,35.31875],[-4.91458,35.31814],[-4.91042,35.31632],[-4.90861,35.31458],[-4.90625,35.31294],[-4.90208,35.31121],[-4.90084,35.31042],[-4.89792,35.30895],[-4.89375,35.30757],[-4.88958,35.3065],[-4.88896,35.30625],[-4.88542,35.30509],[-4.88125,35.3046],[-4.87708,35.30438],[-4.87292,35.30469],[-4.86875,35.30553],[-4.86458,35.305],[-4.86134,35.30208],[-4.86042,35.30153],[-4.85625,35.29847],[-4.85583,35.29792],[-4.85305,35.29375],[-4.85208,35.29282],[-4.84922,35.28958],[-4.84792,35.2883],[-4.84503,35.28542],[-4.84375,35.28427],[-4.84032,35.28125],[-4.83958,35.28068],[-4.83542,35.27992],[-4.83125,35.27902],[-4.82879,35.27708],[-4.82708,35.27583],[-4.82358,35.27292],[-4.82292,35.27225],[-4.81875,35.27014],[-4.81823,35.26875],[-4.81516,35.26458],[-4.81458,35.26375],[-4.81292,35.26042],[-4.81042,35.25771],[-4.80771,35.25625],[-4.80625,35.25602],[-4.80208,35.2557],[-4.79792,35.25248],[-4.79699,35.25208],[-4.79375,35.25076],[-4.78958,35.24958],[-4.78736,35.24792],[-4.78542,35.24722],[-4.78168,35.24375],[-4.78125,35.24356],[-4.77708,35.24338],[-4.77607,35.24375],[-4.77292,35.24747],[-4.76875,35.24692],[-4.76571,35.24375],[-4.76458,35.24307],[-4.76064,35.23958],[-4.76042,35.23941],[-4.75625,35.23914],[-4.75208,35.23919],[-4.74792,35.23924],[-4.74375,35.23625],[-4.74315,35.23542],[-4.74056,35.23125],[-4.73958,35.23061],[-4.73606,35.22708],[-4.73542,35.22674],[-4.73125,35.22627],[-4.72708,35.22569],[-4.72292,35.2251],[-4.71875,35.225],[-4.71458,35.22405],[-4.71333,35.22292],[-4.71042,35.22153],[-4.70699,35.21875],[-4.70625,35.21851],[-4.70208,35.21824],[-4.69824,35.21458],[-4.69792,35.21439],[-4.69375,35.21389],[-4.68958,35.21326],[-4.68591,35.21042],[-4.68542,35.21025],[-4.68125,35.21004],[-4.67965,35.21042],[-4.67708,35.21264],[-4.67292,35.21424],[-4.66875,35.21354],[-4.66823,35.21458],[-4.66458,35.21667],[-4.66042,35.21681],[-4.65625,35.21625],[-4.65268,35.21458],[-4.65208,35.21451],[-4.64792,35.21438],[-4.64375,35.21167],[-4.64301,35.21042],[-4.63958,35.20925],[-4.63664,35.20625],[-4.63542,35.20551],[-4.63182,35.20208],[-4.63125,35.20173],[-4.62708,35.20134],[-4.62335,35.19792],[-4.62292,35.1976],[-4.61875,35.19741],[-4.6148,35.19375],[-4.61458,35.19352],[-4.61042,35.19308],[-4.60625,35.19252],[-4.60276,35.18958],[-4.60208,35.18899],[-4.6,35.18958],[-4.59792,35.19153],[-4.59375,35.19299],[-4.59299,35.19375],[-4.58958,35.19617],[-4.58542,35.19669],[-4.58194,35.19792],[-4.58125,35.19854],[-4.57969,35.19792],[-4.57708,35.19745],[-4.57292,35.19639],[-4.56998,35.19375],[-4.56875,35.19342],[-4.56475,35.18958],[-4.56458,35.1893],[-4.56399,35.18958],[-4.56042,35.19191],[-4.55625,35.19187],[-4.55316,35.18958],[-4.55208,35.18918],[-4.54792,35.18851],[-4.54375,35.18824],[-4.54007,35.18542],[-4.53958,35.18515],[-4.53542,35.18472],[-4.53125,35.1838],[-4.52708,35.18125],[-4.52292,35.18006],[-4.51875,35.17804],[-4.51458,35.17969],[-4.51042,35.18002],[-4.50625,35.18073],[-4.50525,35.18125],[-4.50208,35.18485],[-4.49958,35.18542],[-4.49792,35.18681],[-4.49625,35.18542],[-4.49375,35.18482],[-4.48958,35.18499],[-4.48542,35.18412],[-4.48233,35.18125],[-4.48125,35.18062],[-4.47747,35.17708],[-4.47708,35.17675],[-4.47292,35.17455],[-4.47153,35.17292],[-4.46875,35.17176],[-4.46458,35.17087],[-4.4614,35.16875],[-4.46042,35.16836],[-4.45625,35.16797],[-4.45208,35.16717],[-4.44842,35.16458],[-4.44792,35.16416],[-4.44375,35.16348],[-4.43958,35.16298],[-4.43542,35.16235],[-4.43125,35.16132],[-4.42976,35.16042],[-4.42708,35.15924],[-4.42511,35.16042],[-4.42292,35.1624],[-4.41875,35.16381],[-4.41667,35.16458],[-4.41458,35.16558],[-4.41042,35.16621],[-4.40625,35.16597],[-4.40255,35.16458],[-4.40208,35.16446],[-4.39792,35.16262],[-4.39475,35.16042],[-4.39375,35.1599],[-4.38958,35.1597],[-4.38542,35.15872],[-4.38125,35.15753],[-4.3794,35.15625],[-4.37708,35.15572],[-4.37292,35.15208],[-4.36875,35.1518],[-4.36719,35.15208],[-4.36458,35.15347],[-4.3631,35.15208],[-4.36042,35.15069],[-4.35625,35.15172],[-4.35593,35.15208],[-4.35208,35.15565],[-4.34792,35.15597],[-4.3476,35.15625],[-4.34375,35.15833],[-4.33958,35.15937],[-4.33542,35.16029],[-4.33458,35.16042],[-4.33125,35.1628],[-4.32875,35.16458],[-4.32708,35.16587],[-4.32292,35.1678],[-4.31875,35.16862],[-4.31853,35.16875],[-4.31458,35.17188],[-4.31042,35.17267],[-4.30917,35.17292],[-4.30625,35.17438],[-4.30208,35.17554],[-4.29792,35.17557],[-4.29712,35.17708],[-4.29375,35.18016],[-4.29316,35.18125],[-4.28958,35.18429],[-4.28542,35.18399],[-4.28367,35.18542],[-4.28125,35.18789],[-4.27708,35.18866],[-4.27292,35.18896],[-4.26875,35.18625],[-4.26824,35.18958],[-4.26458,35.19287],[-4.26042,35.19343],[-4.25625,35.19362],[-4.25581,35.19375],[-4.25208,35.19648],[-4.24792,35.19686],[-4.24375,35.19648],[-4.23958,35.1961],[-4.23651,35.19375],[-4.23555,35.18958],[-4.23542,35.18927],[-4.23529,35.18958],[-4.23125,35.1931],[-4.22925,35.19375],[-4.22708,35.19572],[-4.22292,35.19569],[-4.21944,35.19375],[-4.21875,35.18958],[-4.21796,35.19375],[-4.21458,35.19596],[-4.21042,35.19635],[-4.20897,35.19792],[-4.20625,35.19978],[-4.20208,35.20148],[-4.20128,35.20208],[-4.19792,35.205],[-4.19375,35.20576],[-4.19246,35.20625],[-4.18958,35.20785],[-4.18542,35.20888],[-4.18125,35.20909],[-4.17708,35.20909],[-4.17343,35.20625],[-4.17292,35.20595],[-4.16961,35.20208],[-4.16875,35.2014],[-4.16458,35.20145],[-4.16042,35.20194],[-4.16015,35.20208],[-4.15625,35.20593],[-4.15208,35.20561],[-4.14792,35.20517],[-4.14375,35.20534],[-4.14192,35.20625],[-4.13958,35.20817],[-4.13542,35.20939],[-4.13125,35.20998],[-4.12979,35.21042],[-4.12708,35.21168],[-4.12292,35.21241],[-4.11875,35.21347],[-4.11458,35.21409],[-4.1138,35.21458],[-4.11042,35.21778],[-4.10625,35.21782],[-4.10478,35.21875],[-4.10208,35.22045],[-4.09792,35.22251],[-4.09375,35.22271],[-4.08958,35.22271],[-4.08918,35.22292],[-4.08542,35.22635],[-4.08125,35.22625],[-4.07751,35.22708],[-4.07708,35.22792],[-4.07292,35.23087],[-4.07167,35.23125],[-4.06875,35.23333],[-4.06458,35.23417],[-4.06181,35.23542],[-4.06042,35.23642],[-4.05625,35.23742],[-4.05208,35.2376],[-4.04792,35.23792],[-4.04375,35.23937],[-4.04306,35.23958],[-4.03958,35.24178],[-4.03542,35.24122],[-4.03125,35.24251],[-4.02708,35.24331],[-4.02292,35.24349],[-4.01875,35.24277],[-4.01458,35.24205],[-4.01042,35.24129],[-4.00625,35.24087],[-4.00208,35.242],[-3.99792,35.24217],[-3.99375,35.24167],[-3.98958,35.24141],[-3.98569,35.23958],[-3.98542,35.23943],[-3.98532,35.23958],[-3.98125,35.24278],[-3.97708,35.24279],[-3.97665,35.24375],[-3.97292,35.24676],[-3.96875,35.24733],[-3.96458,35.24715],[-3.96304,35.24792],[-3.96042,35.24965],[-3.95625,35.25013],[-3.95319,35.25208],[-3.95208,35.25306],[-3.94792,35.25577],[-3.94717,35.25625],[-3.94375,35.25853],[-3.9422,35.26042],[-3.93958,35.26345],[-3.93542,35.2642],[-3.93125,35.26413],[-3.92708,35.26418],[-3.92292,35.26428],[-3.91902,35.26042],[-3.91875,35.26024],[-3.91491,35.25625],[-3.91875,35.25231],[-3.91926,35.25208],[-3.92292,35.24858],[-3.92364,35.24792],[-3.92292,35.24729],[-3.91933,35.24375],[-3.92042,35.23958],[-3.91875,35.23731],[-3.91686,35.23542],[-3.91458,35.23125],[-3.91198,35.22708],[-3.91128,35.22292],[-3.91042,35.22208],[-3.90733,35.21875],[-3.90625,35.21843],[-3.90218,35.21458],[-3.90208,35.21417],[-3.89814,35.21042],[-3.89792,35.2102],[-3.89583,35.21042],[-3.89375,35.21101],[-3.89292,35.21042],[-3.88958,35.20931],[-3.88542,35.20913],[-3.88125,35.20923],[-3.87804,35.20625],[-3.87708,35.20511],[-3.87292,35.20387],[-3.86875,35.20394],[-3.86458,35.20493],[-3.86097,35.20208],[-3.86042,35.20104],[-3.85625,35.20119],[-3.85208,35.20089],[-3.84792,35.20019],[-3.84375,35.2],[-3.83958,35.2],[-3.83542,35.20035],[-3.83125,35.20089],[-3.82708,35.20042],[-3.82292,35.19958],[-3.81875,35.20069],[-3.81458,35.20104],[-3.81319,35.20208],[-3.81042,35.20347],[-3.80625,35.20208],[-3.80208,35.20347],[-3.8,35.20625],[-3.79792,35.20764],[-3.79375,35.20833],[-3.79196,35.21042],[-3.78958,35.21227],[-3.78542,35.2125],[-3.78333,35.21458],[-3.78125,35.21637],[-3.77887,35.21875],[-3.77708,35.22083],[-3.77292,35.22187],[-3.77266,35.22292],[-3.77243,35.22708],[-3.77187,35.23125],[-3.77237,35.23542],[-3.77198,35.23958],[-3.77125,35.24375],[-3.76875,35.24708],[-3.76821,35.24792],[-3.76458,35.251],[-3.76399,35.25208],[-3.76399,35.25625],[-3.76366,35.26042],[-3.76354,35.26458],[-3.76042,35.26821],[-3.75993,35.26875],[-3.75909,35.27292],[-3.75625,35.27563],[-3.75208,35.27655],[-3.74792,35.2768],[-3.74687,35.27708],[-3.74375,35.27906],[-3.7413,35.28125],[-3.73958,35.28297],[-3.73542,35.28442],[-3.73125,35.28499],[-3.73065,35.28542],[-3.72708,35.28883],[-3.72292,35.28942],[-3.71875,35.28929],[-3.71458,35.28936],[-3.71438,35.28958],[-3.71042,35.29306],[-3.70645,35.28958],[-3.70625,35.28948],[-3.70208,35.28912],[-3.69792,35.28926],[-3.69375,35.28929],[-3.68958,35.28917],[-3.68542,35.28872],[-3.68125,35.2887],[-3.67758,35.28542],[-3.67708,35.2831],[-3.67375,35.28125],[-3.67292,35.2809],[-3.66939,35.27708],[-3.66875,35.27664],[-3.66458,35.2756],[-3.6617,35.27292],[-3.66042,35.27163],[-3.65729,35.26875],[-3.65625,35.26779],[-3.65327,35.26458],[-3.65208,35.26394],[-3.64856,35.26042],[-3.64792,35.25997],[-3.64375,35.25944],[-3.64056,35.25625],[-3.63958,35.25577],[-3.6372,35.25625],[-3.63542,35.25729],[-3.63403,35.25625],[-3.63125,35.25525],[-3.62765,35.25208],[-3.62708,35.25174],[-3.62292,35.25137],[-3.61875,35.25092],[-3.61534,35.24792],[-3.61458,35.24722],[-3.6115,35.24375],[-3.61078,35.23958],[-3.61042,35.2392],[-3.60625,35.23828],[-3.60208,35.23625],[-3.60116,35.23542],[-3.59792,35.23317],[-3.59375,35.23125],[-3.59144,35.22708],[-3.58958,35.22625],[-3.5875,35.22708],[-3.58542,35.22819],[-3.58375,35.22708],[-3.58125,35.22458],[-3.57917,35.22292],[-3.57708,35.22253],[-3.57557,35.22292],[-3.57292,35.22438],[-3.57049,35.22292],[-3.56875,35.22176],[-3.56458,35.22143],[-3.56042,35.22064],[-3.55625,35.21971],[-3.55208,35.21935],[-3.54792,35.21938],[-3.54375,35.21929],[-3.53958,35.21929],[-3.53862,35.21875],[-3.53542,35.2163],[-3.53125,35.21556],[-3.52958,35.21458],[-3.52708,35.21345],[-3.52292,35.21335],[-3.51947,35.21042],[-3.51875,35.21005],[-3.51458,35.20994],[-3.51078,35.20625],[-3.51042,35.20605],[-3.50937,35.20625],[-3.50625,35.20846],[-3.50312,35.20625],[-3.50208,35.20559],[-3.49875,35.20208],[-3.49792,35.20183],[-3.49514,35.20208],[-3.49375,35.20327],[-3.48958,35.20545],[-3.48542,35.20551],[-3.48153,35.20208],[-3.48125,35.20194],[-3.48108,35.20208],[-3.47946,35.20625],[-3.47708,35.20833],[-3.47292,35.20895],[-3.46875,35.20942],[-3.46458,35.20955],[-3.46042,35.20952],[-3.45625,35.20859],[-3.45208,35.20913],[-3.44792,35.2087],[-3.44444,35.20625],[-3.44375,35.20589],[-3.43995,35.20208],[-3.43958,35.20159],[-3.43542,35.20188],[-3.43125,35.20179],[-3.42708,35.20169],[-3.42292,35.20158],[-3.42161,35.20208],[-3.41875,35.20463],[-3.41458,35.20521],[-3.41042,35.20469],[-3.40625,35.20401],[-3.40208,35.20391],[-3.39965,35.20208],[-3.39792,35.20118],[-3.39375,35.19911],[-3.39223,35.19792],[-3.38958,35.1963],[-3.38542,35.19665],[-3.38224,35.19375],[-3.38125,35.19331],[-3.37708,35.19328],[-3.37292,35.19322],[-3.36875,35.19321],[-3.36458,35.19326],[-3.36134,35.19375],[-3.36042,35.19431],[-3.35625,35.1955],[-3.35208,35.19502],[-3.34984,35.19375],[-3.34792,35.19318],[-3.34375,35.19324],[-3.33958,35.19334],[-3.33868,35.19375],[-3.33542,35.19558],[-3.33125,35.19632],[-3.32708,35.19713],[-3.32292,35.19766],[-3.32251,35.19792],[-3.31875,35.2012],[-3.31458,35.20099],[-3.31389,35.20208],[-3.31042,35.2058],[-3.30976,35.20625],[-3.30625,35.20915],[-3.30208,35.20994],[-3.30095,35.21042],[-3.29792,35.21193],[-3.29375,35.21297],[-3.28958,35.21337],[-3.28542,35.2137],[-3.28125,35.21324],[-3.27708,35.21367],[-3.27292,35.21415],[-3.26875,35.21425],[-3.26458,35.21452],[-3.26447,35.21458],[-3.26042,35.21777],[-3.2566,35.21875],[-3.25625,35.21927],[-3.25208,35.22248],[-3.24792,35.22282],[-3.24375,35.22204],[-3.24137,35.22292],[-3.23958,35.225],[-3.23542,35.22589],[-3.23125,35.22672],[-3.22708,35.22653],[-3.22647,35.22708],[-3.22292,35.23092],[-3.21875,35.23109],[-3.21458,35.23105],[-3.21042,35.22946],[-3.20804,35.22708],[-3.20625,35.22668],[-3.205,35.22708],[-3.20208,35.22951],[-3.19792,35.22875],[-3.19375,35.22887],[-3.18958,35.22946],[-3.1878,35.23125],[-3.18542,35.23363],[-3.18125,35.23458],[-3.17917,35.23542],[-3.17708,35.23625],[-3.17292,35.23792],[-3.17208,35.23958],[-3.17083,35.24375],[-3.16875,35.24583],[-3.16458,35.24716],[-3.16339,35.24792],[-3.1625,35.25208],[-3.16042,35.25417],[-3.15625,35.25565],[-3.15573,35.25625],[-3.15486,35.26042],[-3.15208,35.26298],[-3.15086,35.26458],[-3.14792,35.26771],[-3.14681,35.26875],[-3.14635,35.27292],[-3.14375,35.27569],[-3.14236,35.27708],[-3.13958,35.27969],[-3.13862,35.28125],[-3.13542,35.28504],[-3.13508,35.28542],[-3.13125,35.28815],[-3.12708,35.28785],[-3.12365,35.28542],[-3.12325,35.28125],[-3.12292,35.28101],[-3.11875,35.2808],[-3.11503,35.27708],[-3.11458,35.27676],[-3.11042,35.27696],[-3.10625,35.27691],[-3.10606,35.27708],[-3.10208,35.28045],[-3.09792,35.28077],[-3.09375,35.28103],[-3.09357,35.28125],[-3.08958,35.28492],[-3.08889,35.28542],[-3.08542,35.28854],[-3.08125,35.28885],[-3.08042,35.28958],[-3.07708,35.29252],[-3.07292,35.29345],[-3.07264,35.29375],[-3.07176,35.29792],[-3.06875,35.30062],[-3.06729,35.30208],[-3.06458,35.30509],[-3.06364,35.30625],[-3.06042,35.30962],[-3.05923,35.31042],[-3.05625,35.31319],[-3.05486,35.31458],[-3.05208,35.31837],[-3.05184,35.31875],[-3.05,35.32292],[-3.04792,35.32465],[-3.0463,35.32708],[-3.04375,35.33036],[-3.04306,35.33125],[-3.04193,35.33542],[-3.03958,35.33776],[-3.03837,35.33958],[-3.03808,35.34375],[-3.03542,35.34665],[-3.03441,35.34792],[-3.03381,35.35208],[-3.03125,35.35559],[-3.03088,35.35625],[-3.03046,35.36042],[-3.02708,35.36337],[-3.02569,35.36458],[-3.02292,35.36801],[-3.02229,35.36875],[-3.02083,35.37292],[-3.01875,35.37569],[-3.01803,35.37708],[-3.01716,35.38125],[-3.01458,35.38426],[-3.01368,35.38542],[-3.0125,35.38958],[-3.01295,35.39375],[-3.01042,35.39697],[-3.00947,35.39792],[-3.01042,35.39864],[-3.01292,35.40208],[-3.01042,35.40511],[-3.0094,35.40625],[-3.00625,35.41027],[-3.0061,35.41042],[-3.00524,35.41458],[-3.00347,35.41875],[-3.00208,35.42292],[-3.00162,35.42708],[-3.00086,35.43125],[-2.99792,35.43458],[-2.99599,35.43542],[-2.99375,35.43688],[-2.98958,35.43825],[-2.98542,35.43921],[-2.98125,35.43926],[-2.97976,35.43958],[-2.97708,35.44167],[-2.97292,35.44],[-2.96875,35.44264],[-2.96458,35.44273],[-2.96042,35.44],[-2.95903,35.43958],[-2.95625,35.43839],[-2.95417,35.43542],[-2.95252,35.43125],[-2.95208,35.4274],[-2.95149,35.42708],[-2.95052,35.42292],[-2.95208,35.42113],[-2.9536,35.41875],[-2.95625,35.4161],[-2.96042,35.41458],[-2.95729,35.41042],[-2.95625,35.4081],[-2.95417,35.40625],[-2.95625,35.40486],[-2.95654,35.40208],[-2.95692,35.39792],[-2.96042,35.39394],[-2.96049,35.39375],[-2.96042,35.3934],[-2.95858,35.38958],[-2.95708,35.38542],[-2.9566,35.38125],[-2.96042,35.37934],[-2.96458,35.37708],[-2.96458,35.37292],[-2.96875,35.36921],[-2.96885,35.36875],[-2.96875,35.36756],[-2.96458,35.36534],[-2.96339,35.36458],[-2.96458,35.36292],[-2.96637,35.36042],[-2.96458,35.35972],[-2.96042,35.35781],[-2.95928,35.35625],[-2.95744,35.35208],[-2.95772,35.34792],[-2.95847,35.34375],[-2.96042,35.34213],[-2.96081,35.33958],[-2.96042,35.33672],[-2.95965,35.33542],[-2.95794,35.33125],[-2.95661,35.32708],[-2.95625,35.32616],[-2.95375,35.32292],[-2.95208,35.32097],[-2.94961,35.31875],[-2.94792,35.31634],[-2.94625,35.31458],[-2.94502,35.31042],[-2.94398,35.30625],[-2.94375,35.30596],[-2.93966,35.30208],[-2.93958,35.30197],[-2.93632,35.29792],[-2.93542,35.29572],[-2.93292,35.29375],[-2.93542,35.29087],[-2.9367,35.28958],[-2.93646,35.28542],[-2.93576,35.28125],[-2.93542,35.28083],[-2.93201,35.27708],[-2.93125,35.27431],[-2.92986,35.27292],[-2.92708,35.27014],[-2.92569,35.26875],[-2.92292,35.26458],[-2.91958,35.26042],[-2.91875,35.25903],[-2.91667,35.25625],[-2.91458,35.25458],[-2.91208,35.25208],[-2.91042,35.25],[-2.90833,35.24792],[-2.90625,35.24514],[-2.90208,35.24583],[-2.89896,35.24375],[-2.89792,35.24167],[-2.89375,35.23958],[-2.89167,35.23542],[-2.88958,35.23333],[-2.8875,35.23125],[-2.88542,35.22917],[-2.88403,35.22708],[-2.88125,35.22431],[-2.88021,35.22292],[-2.88021,35.21875],[-2.88125,35.21667],[-2.88333,35.21875],[-2.88542,35.22292],[-2.8875,35.22708],[-2.88958,35.22917],[-2.89375,35.22917],[-2.89583,35.23125],[-2.89792,35.23333],[-2.90208,35.23333],[-2.90417,35.23542],[-2.90625,35.23958],[-2.90833,35.24375],[-2.91042,35.24514],[-2.91458,35.24708],[-2.91562,35.24792],[-2.91875,35.25042],[-2.92042,35.25208],[-2.92292,35.25458],[-2.92604,35.25208],[-2.92708,35.25],[-2.9275,35.24792],[-2.92768,35.24375],[-2.92755,35.23958],[-2.92764,35.23542],[-2.92708,35.23438],[-2.92516,35.23125],[-2.92292,35.22708],[-2.91913,35.22292],[-2.91875,35.22245],[-2.91458,35.22254],[-2.91042,35.22187],[-2.90863,35.21875],[-2.90625,35.21794],[-2.90263,35.21458],[-2.90232,35.21042],[-2.90625,35.20637],[-2.90729,35.20625],[-2.91042,35.20446],[-2.91319,35.20208],[-2.91458,35.19931],[-2.91597,35.19792],[-2.91875,35.19653],[-2.92292,35.195],[-2.92388,35.19375],[-2.92333,35.18958],[-2.92292,35.18854],[-2.91875,35.18542],[-2.91458,35.18542],[-2.91875,35.18125],[-2.91597,35.17708],[-2.91458,35.17292],[-2.9125,35.16875],[-2.91125,35.16458],[-2.91042,35.16354],[-2.90729,35.16042],[-2.90764,35.15625],[-2.90625,35.15208],[-2.90625,35.14792],[-2.90208,35.14583],[-2.9,35.14375],[-2.89792,35.14167],[-2.89375,35.13958],[-2.88958,35.1375],[-2.88542,35.13958],[-2.88125,35.13542],[-2.87708,35.13125],[-2.87292,35.12986],[-2.87014,35.12708],[-2.86875,35.12625],[-2.86458,35.12625],[-2.86042,35.12604],[-2.85792,35.12292],[-2.85625,35.12153],[-2.85208,35.12188],[-2.84792,35.12083],[-2.84375,35.11875],[-2.83958,35.11667],[-2.83542,35.11597],[-2.83333,35.11458],[-2.83194,35.11042],[-2.83125,35.10972],[-2.82708,35.10863],[-2.82292,35.10938],[-2.81875,35.10938],[-2.81625,35.10625],[-2.81458,35.10532],[-2.81042,35.10469],[-2.80625,35.10417],[-2.80208,35.10486],[-2.79792,35.10542],[-2.79375,35.1044],[-2.78958,35.10473],[-2.78542,35.10556],[-2.78125,35.10556],[-2.77708,35.10573],[-2.77344,35.10208],[-2.77292,35.10162],[-2.76875,35.10083],[-2.76458,35.10104],[-2.76042,35.10149],[-2.75833,35.10208],[-2.75625,35.10417],[-2.75417,35.10625],[-2.75208,35.10833],[-2.75,35.11042],[-2.74792,35.11181],[-2.74514,35.11458],[-2.74792,35.11625],[-2.75208,35.11625],[-2.75521,35.11875],[-2.75625,35.11979],[-2.76042,35.12083],[-2.76458,35.12292],[-2.76875,35.12396],[-2.77187,35.12708],[-2.77208,35.13125],[-2.77292,35.13229],[-2.77708,35.13542],[-2.78125,35.13681],[-2.78542,35.1375],[-2.7875,35.13958],[-2.78958,35.14097],[-2.79236,35.14375],[-2.79125,35.14792],[-2.79271,35.15208],[-2.79375,35.15301],[-2.79792,35.15322],[-2.80095,35.15625],[-2.80208,35.15781],[-2.80625,35.15792],[-2.80903,35.16042],[-2.81042,35.1622],[-2.81458,35.16161],[-2.81756,35.16458],[-2.81875,35.16551],[-2.82199,35.16875],[-2.82292,35.16958],[-2.82708,35.17292],[-2.83056,35.17708],[-2.83125,35.17875],[-2.83333,35.18125],[-2.83542,35.18333],[-2.8375,35.18542],[-2.83958,35.18792],[-2.84167,35.18958],[-2.84375,35.19167],[-2.84792,35.19375],[-2.85208,35.19375],[-2.85625,35.19375],[-2.85625,35.19792],[-2.86042,35.19931],[-2.86458,35.20208],[-2.86319,35.20625],[-2.86458,35.20764],[-2.86875,35.20875],[-2.87292,35.20903],[-2.87708,35.20833],[-2.87847,35.21042],[-2.87708,35.21146],[-2.87292,35.21146],[-2.86875,35.21208],[-2.86458,35.21208],[-2.8625,35.21042],[-2.86042,35.20833],[-2.85764,35.20625],[-2.85625,35.20417],[-2.85208,35.20347],[-2.85139,35.20208],[-2.85208,35.2],[-2.85625,35.19792],[-2.85208,35.19375],[-2.84792,35.19375],[-2.84375,35.19583],[-2.84167,35.19375],[-2.83958,35.19167],[-2.83542,35.19236],[-2.83304,35.18958],[-2.83125,35.1875],[-2.82875,35.18542],[-2.82708,35.18403],[-2.82292,35.18229],[-2.82153,35.18125],[-2.81927,35.17708],[-2.81875,35.17662],[-2.81458,35.17583],[-2.81134,35.17292],[-2.81042,35.17173],[-2.80694,35.16875],[-2.80625,35.16792],[-2.80208,35.16458],[-2.79792,35.16458],[-2.79514,35.16042],[-2.79375,35.15917],[-2.7901,35.15625],[-2.78958,35.15565],[-2.78601,35.15208],[-2.78542,35.15104],[-2.78292,35.14792],[-2.78125,35.14583],[-2.77708,35.14792],[-2.78125,35.15208],[-2.77708,35.14792],[-2.77292,35.14375],[-2.77113,35.13958],[-2.76875,35.1375],[-2.76637,35.13542],[-2.76458,35.13363],[-2.76042,35.13363],[-2.75856,35.13125],[-2.75625,35.12917],[-2.75208,35.12958],[-2.75,35.12708],[-2.74792,35.1253],[-2.74375,35.125],[-2.73958,35.1253],[-2.73681,35.12292],[-2.73542,35.12083],[-2.73125,35.12188],[-2.72708,35.12083],[-2.72552,35.11875],[-2.72292,35.11458],[-2.71875,35.11708],[-2.71667,35.11458],[-2.71458,35.1125],[-2.71042,35.11319],[-2.70764,35.11042],[-2.70625,35.10938],[-2.70208,35.10949],[-2.69844,35.10625],[-2.69792,35.10595],[-2.69375,35.10537],[-2.68958,35.10603],[-2.68601,35.10208],[-2.68542,35.10165],[-2.68125,35.10176],[-2.67708,35.10167],[-2.67292,35.10159],[-2.66875,35.10116],[-2.66458,35.09861],[-2.6625,35.09792],[-2.66042,35.09774],[-2.65625,35.09653],[-2.65292,35.09375],[-2.65208,35.09362],[-2.64792,35.09363],[-2.64375,35.09337],[-2.63958,35.09308],[-2.63542,35.0934],[-2.63175,35.08958],[-2.63125,35.0893],[-2.62708,35.08958],[-2.62292,35.09063],[-2.61875,35.09151],[-2.61458,35.09223],[-2.61042,35.0925],[-2.60625,35.09236],[-2.60208,35.09201],[-2.59844,35.08958],[-2.59792,35.08942],[-2.59375,35.08948],[-2.58958,35.0892],[-2.58542,35.08901],[-2.5817,35.08542],[-2.58125,35.08499],[-2.57708,35.08456],[-2.57292,35.08535],[-2.57254,35.08542],[-2.56875,35.08839],[-2.56597,35.08958],[-2.56458,35.09077],[-2.56042,35.09279],[-2.55625,35.09315],[-2.55208,35.09286],[-2.54792,35.09247],[-2.54375,35.09208],[-2.53958,35.0925],[-2.53542,35.09279],[-2.53125,35.09295],[-2.52708,35.09298],[-2.52292,35.09333],[-2.52208,35.09375],[-2.51875,35.09732],[-2.51667,35.09792],[-2.51458,35.09861],[-2.51042,35.09965],[-2.50625,35.10135],[-2.50208,35.10141],[-2.49792,35.10159],[-2.49694,35.10208],[-2.49375,35.10466],[-2.48958,35.10556],[-2.48542,35.10612],[-2.48514,35.10625],[-2.48125,35.11042],[-2.47708,35.11438],[-2.47691,35.11458],[-2.47292,35.11789],[-2.46979,35.11875],[-2.46875,35.11994],[-2.46577,35.12292],[-2.46458,35.125],[-2.46042,35.12644],[-2.45729,35.12708],[-2.45625,35.12827],[-2.45208,35.13091],[-2.45179,35.13125],[-2.44792,35.1348],[-2.44725,35.13542],[-2.44375,35.13822],[-2.44196,35.13958],[-2.43958,35.14171],[-2.4373,35.14375],[-2.43542,35.14622],[-2.43424,35.14792],[-2.43125,35.15135],[-2.42708,35.1513],[-2.42341,35.14792],[-2.42316,35.14375],[-2.42292,35.14306],[-2.41875,35.14219],[-2.41458,35.14236],[-2.41125,35.13958],[-2.41042,35.13924],[-2.40833,35.13958],[-2.40625,35.14097],[-2.40417,35.13958],[-2.40208,35.13929],[-2.39792,35.13819],[-2.39375,35.1375],[-2.39097,35.13542],[-2.38958,35.13458],[-2.38542,35.13438],[-2.38125,35.13125],[-2.37708,35.12986],[-2.37292,35.13042],[-2.36875,35.12986],[-2.36458,35.12986],[-2.36042,35.12917],[-2.35625,35.12812],[-2.35486,35.12708],[-2.35208,35.12292],[-2.35208,35.11875],[-2.34792,35.11458],[-2.34375,35.11875],[-2.34583,35.12292],[-2.34375,35.12396],[-2.33958,35.12396],[-2.33542,35.125],[-2.33125,35.125],[-2.32708,35.12396],[-2.32569,35.12292],[-2.32292,35.11875],[-2.31875,35.12014],[-2.31458,35.11875],[-2.31042,35.11597],[-2.30938,35.11458],[-2.30625,35.11146],[-2.30208,35.11458],[-2.29792,35.11125],[-2.29375,35.11208],[-2.29208,35.11042],[-2.28958,35.10792],[-2.28542,35.10875],[-2.28229,35.10625],[-2.28125,35.10521],[-2.27708,35.10625],[-2.27569,35.10208],[-2.27292,35.09931],[-2.26875,35.1],[-2.26458,35.10125],[-2.26042,35.10042],[-2.25625,35.09792],[-2.25208,35.09708],[-2.24792,35.09653],[-2.24458,35.09375],[-2.24375,35.09306],[-2.23958,35.09315],[-2.23542,35.09256],[-2.23125,35.09236],[-2.22887,35.08958],[-2.22708,35.08819],[-2.22292,35.08899],[-2.21875,35.08875],[-2.21458,35.08875],[-2.21042,35.0878],[-2.20708,35.08542],[-2.20625,35.08403],[-2.20208,35.0849],[-2.20156,35.08542],[-2.19792,35.08906],[-2.19772,35.08958],[-2.19375,35.09355],[-2.19236,35.09375],[-2.18958,35.09583],[-2.18542,35.09583],[-2.18125,35.09514],[-2.17708,35.09724],[-2.17628,35.09792],[-2.17292,35.10104],[-2.16875,35.10208],[-2.16458,35.10625],[-2.16042,35.10833],[-2.15625,35.10856],[-2.15208,35.10764],[-2.1503,35.10625],[-2.14792,35.10486],[-2.14535,35.10208],[-2.14375,35.10118],[-2.13958,35.10125],[-2.13542,35.10069],[-2.13171,35.09792],[-2.13125,35.09779],[-2.12917,35.09792],[-2.12708,35.09861],[-2.12649,35.09792],[-2.12292,35.0972],[-2.11875,35.09631],[-2.11458,35.09375],[-2.11208,35.08958],[-2.1106,35.08542],[-2.11042,35.0853],[-2.10625,35.08368],[-2.10208,35.08333],[-2.09792,35.08375],[-2.09479,35.08125],[-2.09375,35.08103],[-2.08958,35.08015],[-2.08542,35.08029],[-2.08125,35.08006],[-2.07778,35.07708],[-2.07708,35.07695],[-2.07292,35.0768],[-2.06875,35.07708],[-2.06458,35.0768],[-2.06042,35.07597],[-2.05625,35.0756],[-2.05208,35.07665],[-2.04792,35.0766],[-2.04375,35.07658],[-2.04042,35.07708],[-2.03958,35.07736],[-2.03542,35.07917],[-2.03125,35.08071],[-2.02708,35.08111],[-2.02431,35.08125],[-2.02292,35.08185],[-2.01875,35.08194],[-2.01771,35.08125],[-2.01458,35.07917],[-2.01319,35.07708],[-2.01042,35.07604],[-2.00625,35.0758],[-2.00208,35.07708],[-1.99792,35.07708],[-1.99375,35.07685],[-1.98958,35.07645],[-1.98542,35.077],[-1.98437,35.07708],[-1.98125,35.07917],[-1.97708,35.08006],[-1.97292,35.08015],[-1.96968,35.07708],[-1.96875,35.07687],[-1.96771,35.07708],[-1.96458,35.07936],[-1.96042,35.07882],[-1.95625,35.08092],[-1.95573,35.08125],[-1.95208,35.0849],[-1.95139,35.08542],[-1.94792,35.08802],[-1.94375,35.08892],[-1.94137,35.08958],[-1.93958,35.09054],[-1.93542,35.09063],[-1.93229,35.08958],[-1.93125,35.08944],[-1.92708,35.08958],[-1.92292,35.08935],[-1.91875,35.08886],[-1.91458,35.08936],[-1.91339,35.08958],[-1.91042,35.09306],[-1.90625,35.09298],[-1.90563,35.09375],[-1.90208,35.09702],[-1.89792,35.0974],[-1.89375,35.09731],[-1.88981,35.09375],[-1.88958,35.09346],[-1.88923,35.09375],[-1.88542,35.09782],[-1.88532,35.09792],[-1.88125,35.10131],[-1.87708,35.10088],[-1.87617,35.10208],[-1.87292,35.10584],[-1.86875,35.10561],[-1.86458,35.10292],[-1.86347,35.10625],[-1.86042,35.10911],[-1.85625,35.10975],[-1.85208,35.11036],[-1.84792,35.11029],[-1.84779,35.11042],[-1.84375,35.1144],[-1.83958,35.1143],[-1.83792,35.11458],[-1.83542,35.11736],[-1.83125,35.11832],[-1.82708,35.1185],[-1.82672,35.11875],[-1.82292,35.1224],[-1.82233,35.12292],[-1.81875,35.12701],[-1.81868,35.12708],[-1.81458,35.13058],[-1.81042,35.13099],[-1.80625,35.13104],[-1.80208,35.13029],[-1.79846,35.12708],[-1.79792,35.12458],[-1.79583,35.12292],[-1.79375,35.12282],[-1.78958,35.12275],[-1.78919,35.12292],[-1.78542,35.12586],[-1.78125,35.12318],[-1.77708,35.12454],[-1.77292,35.12525],[-1.77062,35.12708],[-1.76875,35.12917],[-1.76607,35.13125],[-1.76458,35.1318],[-1.76042,35.13325],[-1.75625,35.13429],[-1.75208,35.13467],[-1.74792,35.13521],[-1.74375,35.13526],[-1.74354,35.13542],[-1.73958,35.1394],[-1.73542,35.13948],[-1.7353,35.13958],[-1.73519,35.14375],[-1.73125,35.14752],[-1.73089,35.14792],[-1.73089,35.15208],[-1.72708,35.15567],[-1.72667,35.15625],[-1.72292,35.15975],[-1.7225,35.16042],[-1.71875,35.16424],[-1.71458,35.16437],[-1.71434,35.16458],[-1.71042,35.16837],[-1.70987,35.16875],[-1.70625,35.17233],[-1.70587,35.17292],[-1.70208,35.1766],[-1.70148,35.17708],[-1.69792,35.18045],[-1.69668,35.18125],[-1.69375,35.18377],[-1.68958,35.18406],[-1.68542,35.1839],[-1.68125,35.1844],[-1.67708,35.18489],[-1.67356,35.18125],[-1.67292,35.18065],[-1.66875,35.18043],[-1.66458,35.18112],[-1.66422,35.18125],[-1.66042,35.18456],[-1.65937,35.18542],[-1.65625,35.18754],[-1.65208,35.18879],[-1.65131,35.18958],[-1.6513,35.19375],[-1.64844,35.19792],[-1.64792,35.19812],[-1.64683,35.20208],[-1.64375,35.2061],[-1.64282,35.20625],[-1.63958,35.20679],[-1.63694,35.21042],[-1.63542,35.212],[-1.6328,35.21458],[-1.63125,35.21609],[-1.62708,35.21688],[-1.62483,35.21875],[-1.62292,35.22062],[-1.61987,35.22292],[-1.61875,35.22442],[-1.61458,35.22507],[-1.61302,35.22708],[-1.61042,35.22992],[-1.60942,35.23125],[-1.60625,35.23407],[-1.60208,35.2351],[-1.60127,35.23542],[-1.59792,35.23718],[-1.59431,35.23958],[-1.59375,35.24019],[-1.58958,35.24007],[-1.58542,35.24287],[-1.58403,35.24375],[-1.58125,35.2456],[-1.57708,35.24748],[-1.57685,35.24792],[-1.57412,35.25208],[-1.57292,35.25347],[-1.56875,35.25452],[-1.56633,35.25625],[-1.56458,35.25944],[-1.56394,35.26042],[-1.56042,35.2631],[-1.55934,35.26458],[-1.55625,35.26787],[-1.55208,35.26831],[-1.55158,35.26875],[-1.54792,35.27216],[-1.54375,35.27214],[-1.53958,35.27219],[-1.53542,35.2724],[-1.53382,35.27292],[-1.53125,35.27515],[-1.52708,35.27523],[-1.52292,35.27559],[-1.52087,35.27708],[-1.51875,35.27901],[-1.51458,35.28085],[-1.51161,35.28125],[-1.51042,35.28148],[-1.50625,35.28366],[-1.50208,35.28532],[-1.50196,35.28542],[-1.49792,35.2886],[-1.49651,35.28958],[-1.49375,35.29234],[-1.48958,35.29247],[-1.48542,35.29283],[-1.48446,35.29375],[-1.48125,35.29742],[-1.48048,35.29792],[-1.47708,35.3019],[-1.47682,35.30208],[-1.47292,35.30469],[-1.46875,35.30563],[-1.46458,35.30542],[-1.46042,35.30562],[-1.45625,35.30579],[-1.45208,35.30585],[-1.44792,35.30582],[-1.44375,35.30579],[-1.43958,35.30565],[-1.43584,35.30208],[-1.43542,35.30181],[-1.43125,35.30184],[-1.42708,35.30174],[-1.42292,35.30181],[-1.41891,35.29792],[-1.41875,35.29776],[-1.41458,35.29767],[-1.41042,35.29774],[-1.40625,35.29782],[-1.40602,35.29792],[-1.40208,35.3014],[-1.39792,35.30155],[-1.39375,35.30165],[-1.38958,35.30171],[-1.3883,35.30208],[-1.38542,35.30443],[-1.38253,35.30208],[-1.38125,35.30186],[-1.38105,35.30208],[-1.37708,35.30587],[-1.37671,35.30625],[-1.37292,35.31009],[-1.36875,35.31022],[-1.36838,35.31042],[-1.36458,35.31406],[-1.36042,35.31428],[-1.36013,35.31458],[-1.35625,35.31839],[-1.35208,35.31844],[-1.35165,35.31875],[-1.34792,35.32235],[-1.34751,35.32292],[-1.34375,35.32671],[-1.34335,35.32708],[-1.33958,35.33092],[-1.33928,35.33125],[-1.33917,35.33542],[-1.33542,35.33914],[-1.33515,35.33958],[-1.33507,35.34375],[-1.33125,35.34744],[-1.32708,35.3475],[-1.32292,35.34749],[-1.31875,35.34744],[-1.31458,35.3474],[-1.31042,35.34743],[-1.30625,35.34742],[-1.30208,35.34743],[-1.29792,35.34722],[-1.29701,35.34792],[-1.29375,35.35098],[-1.28958,35.35093],[-1.28792,35.35208],[-1.28542,35.35486],[-1.28125,35.35549],[-1.28062,35.35625],[-1.27708,35.35962],[-1.27634,35.36042],[-1.27292,35.36427],[-1.27245,35.36458],[-1.27255,35.36875],[-1.26875,35.37262],[-1.26844,35.37292],[-1.26855,35.37708],[-1.26458,35.38086],[-1.26428,35.38125],[-1.26042,35.38521],[-1.26019,35.38542],[-1.26025,35.38958],[-1.2601,35.39375],[-1.25625,35.39754],[-1.25585,35.39792],[-1.25208,35.40181],[-1.25172,35.40208],[-1.2517,35.40625],[-1.25156,35.41042],[-1.2513,35.41458],[-1.24792,35.41841],[-1.24375,35.41848],[-1.24326,35.41875],[-1.24289,35.42292],[-1.24271,35.42708],[-1.24266,35.43125],[-1.23958,35.43462],[-1.23542,35.43504],[-1.2348,35.43542],[-1.23449,35.43958],[-1.23319,35.44375],[-1.23411,35.44792],[-1.23472,35.45208],[-1.23465,35.45625],[-1.23125,35.45933],[-1.23016,35.46042],[-1.22708,35.46411],[-1.22662,35.46458],[-1.22656,35.46875],[-1.22645,35.47292],[-1.22665,35.47708],[-1.22292,35.48082],[-1.22265,35.48125],[-1.22261,35.48542],[-1.22274,35.48958],[-1.22255,35.49375],[-1.22251,35.49792],[-1.21875,35.50168],[-1.21854,35.50208],[-1.21458,35.50622],[-1.21456,35.50625],[-1.21451,35.51042],[-1.21042,35.51447],[-1.21032,35.51458],[-1.21015,35.51875],[-1.20625,35.52275],[-1.20612,35.52292],[-1.20598,35.52708],[-1.20625,35.52783],[-1.20907,35.53125],[-1.20779,35.53542],[-1.20625,35.5392],[-1.20597,35.53958],[-1.20527,35.54375],[-1.20208,35.54762],[-1.20183,35.54792],[-1.20142,35.55208],[-1.20075,35.55625],[-1.20064,35.56042],[-1.20095,35.56458],[-1.20208,35.56875],[-1.20189,35.57292],[-1.19911,35.57708],[-1.19792,35.57806],[-1.19375,35.58125],[-1.18958,35.58194],[-1.18819,35.58125],[-1.18542,35.58119],[-1.18125,35.58099],[-1.17708,35.58113],[-1.17292,35.58125],[-1.16875,35.58062],[-1.16458,35.58017],[-1.1608,35.57708],[-1.16042,35.57656],[-1.15937,35.57708],[-1.15625,35.57936],[-1.15502,35.58125],[-1.15208,35.58438],[-1.15164,35.58542],[-1.14792,35.58946],[-1.14785,35.58958],[-1.14625,35.59375],[-1.14375,35.59592],[-1.14192,35.59792],[-1.13958,35.60135],[-1.13908,35.60208],[-1.13792,35.60625],[-1.13542,35.60775],[-1.13125,35.6096],[-1.12708,35.61022],[-1.12675,35.61042],[-1.12292,35.61339],[-1.11875,35.6135],[-1.11837,35.61458],[-1.11797,35.61875],[-1.11458,35.62276],[-1.11426,35.62292],[-1.11042,35.62492],[-1.10625,35.6263],[-1.10208,35.62691],[-1.09792,35.62687],[-1.09732,35.62708],[-1.09375,35.62891],[-1.08958,35.62997],[-1.08542,35.63052],[-1.08415,35.63125],[-1.08125,35.63522],[-1.07708,35.63534],[-1.07675,35.63542],[-1.07292,35.63781],[-1.0697,35.63958],[-1.06875,35.64045],[-1.06458,35.64248],[-1.06042,35.64157],[-1.05933,35.64375],[-1.05942,35.64792],[-1.05913,35.65208],[-1.05625,35.65595],[-1.05593,35.65625],[-1.05208,35.6603],[-1.05198,35.66042],[-1.05104,35.66458],[-1.04792,35.66741],[-1.04593,35.66875],[-1.04375,35.67066],[-1.03958,35.67211],[-1.03822,35.67292],[-1.03542,35.67487],[-1.03266,35.67292],[-1.03125,35.67249],[-1.03021,35.67292],[-1.02775,35.67708],[-1.02708,35.67778],[-1.02292,35.68056],[-1.02122,35.68125],[-1.01875,35.68257],[-1.01458,35.68218],[-1.0137,35.68125],[-1.01042,35.67944],[-1.00625,35.67799],[-1.00208,35.67735],[-0.99931,35.67708],[-0.99792,35.677],[-0.99764,35.67708],[-0.99375,35.67851],[-0.98958,35.68011],[-0.98769,35.68125],[-0.98542,35.68482],[-0.9849,35.68542],[-0.98125,35.68701],[-0.97881,35.68958],[-0.97708,35.69117],[-0.97292,35.69209],[-0.97132,35.69375],[-0.96875,35.69646],[-0.96744,35.69792],[-0.9671,35.70208],[-0.96659,35.70625],[-0.96458,35.70726],[-0.96042,35.70863],[-0.95889,35.71042],[-0.95788,35.71458],[-0.95625,35.71736],[-0.9547,35.71875],[-0.95208,35.72187],[-0.94792,35.72239],[-0.94717,35.72292],[-0.94375,35.72533],[-0.93958,35.72576],[-0.93581,35.72708],[-0.93542,35.72727],[-0.93385,35.72708],[-0.93125,35.72671],[-0.92708,35.72449],[-0.92292,35.72402],[-0.92174,35.72292],[-0.91875,35.72074],[-0.91458,35.72006],[-0.91194,35.71875],[-0.91109,35.71458],[-0.91042,35.7138],[-0.90718,35.71042],[-0.90625,35.70948],[-0.90208,35.70756],[-0.89792,35.70672],[-0.89375,35.70659],[-0.89341,35.70625],[-0.89097,35.70208],[-0.88958,35.70093],[-0.88542,35.69961],[-0.88264,35.70208],[-0.88125,35.70404],[-0.87928,35.70625],[-0.87708,35.70681],[-0.87361,35.71042],[-0.87292,35.71162],[-0.86875,35.71192],[-0.86528,35.71458],[-0.86458,35.71563],[-0.86042,35.71681],[-0.85875,35.71875],[-0.85625,35.72054],[-0.85318,35.72292],[-0.85208,35.72452],[-0.8497,35.72708],[-0.84792,35.72986],[-0.84673,35.73125],[-0.84375,35.73493],[-0.84342,35.73542],[-0.83958,35.73941],[-0.83942,35.73958],[-0.83542,35.74144],[-0.83354,35.74375],[-0.83309,35.74792],[-0.83125,35.75136],[-0.83068,35.75208],[-0.82949,35.75625],[-0.82783,35.76042],[-0.82708,35.76091],[-0.82451,35.76458],[-0.82292,35.76725],[-0.81875,35.76692],[-0.81458,35.76625],[-0.81083,35.76875],[-0.81042,35.76904],[-0.80625,35.76989],[-0.80208,35.76988],[-0.79792,35.77083],[-0.79428,35.76875],[-0.79394,35.76458],[-0.79375,35.76435],[-0.79236,35.76042],[-0.78958,35.75758],[-0.78542,35.75846],[-0.78321,35.75625],[-0.78125,35.75429],[-0.77708,35.75215],[-0.777,35.75208],[-0.77292,35.74855],[-0.76875,35.74797],[-0.76853,35.74792],[-0.76458,35.74629],[-0.76143,35.74375],[-0.76042,35.74],[-0.7599,35.73958],[-0.75625,35.73884],[-0.75479,35.73958],[-0.75208,35.74071],[-0.74792,35.74085],[-0.74375,35.7408],[-0.73958,35.73958],[-0.73542,35.73652],[-0.73125,35.73635],[-0.72708,35.73755],[-0.72292,35.73839],[-0.71875,35.73931],[-0.71818,35.73958],[-0.71458,35.74175],[-0.71042,35.74173],[-0.70625,35.74157],[-0.70208,35.73984],[-0.70089,35.73958],[-0.69792,35.7376],[-0.69644,35.73542],[-0.69792,35.73365],[-0.70023,35.73125],[-0.69931,35.72708],[-0.69792,35.72682],[-0.69542,35.72292],[-0.69547,35.71875],[-0.69375,35.71812],[-0.68958,35.71741],[-0.68542,35.71692],[-0.68235,35.71458],[-0.68125,35.71442],[-0.68021,35.71458],[-0.67708,35.71708],[-0.67468,35.71458],[-0.67292,35.71438],[-0.66875,35.71453],[-0.66458,35.71457],[-0.66042,35.71453],[-0.65625,35.71344],[-0.6529,35.71042],[-0.65208,35.70962],[-0.64792,35.71034],[-0.64375,35.71034],[-0.63958,35.71013],[-0.63542,35.70991],[-0.63428,35.71042],[-0.63125,35.7119],[-0.62708,35.71358],[-0.62292,35.71408],[-0.62245,35.71458],[-0.61875,35.71841],[-0.61703,35.71875],[-0.61458,35.72073],[-0.61042,35.72251],[-0.60625,35.72266],[-0.60587,35.72292],[-0.60208,35.72676],[-0.60177,35.72708],[-0.59792,35.73012],[-0.59375,35.73082],[-0.59303,35.73125],[-0.59187,35.73542],[-0.58958,35.73775],[-0.58827,35.73958],[-0.58542,35.74212],[-0.58379,35.74375],[-0.58125,35.74655],[-0.57976,35.74792],[-0.57708,35.75054],[-0.57572,35.75208],[-0.57292,35.75463],[-0.57206,35.75625],[-0.56875,35.75978],[-0.56818,35.76042],[-0.56458,35.76398],[-0.5641,35.76458],[-0.56353,35.76875],[-0.56042,35.77159],[-0.55625,35.77269],[-0.55568,35.77292],[-0.55208,35.77696],[-0.54792,35.775],[-0.54663,35.77292],[-0.54375,35.77193],[-0.54112,35.76875],[-0.53958,35.76803],[-0.53542,35.76836],[-0.53125,35.76846],[-0.53044,35.76875],[-0.52708,35.77185],[-0.52292,35.77235],[-0.52208,35.77292],[-0.51875,35.7763],[-0.51798,35.77708],[-0.51458,35.78033],[-0.51365,35.78125],[-0.51042,35.78474],[-0.50969,35.78542],[-0.50625,35.78848],[-0.50507,35.78958],[-0.50432,35.79375],[-0.50208,35.79645],[-0.50108,35.79792],[-0.50062,35.80208],[-0.49792,35.80509],[-0.49719,35.80625],[-0.49542,35.81042],[-0.49375,35.81431],[-0.49366,35.81458],[-0.49345,35.81875],[-0.4925,35.82292],[-0.48958,35.82681],[-0.48947,35.82708],[-0.48903,35.83125],[-0.48823,35.83542],[-0.48542,35.83893],[-0.48495,35.83958],[-0.48315,35.84375],[-0.48366,35.84792],[-0.4845,35.85208],[-0.48444,35.85625],[-0.48409,35.86042],[-0.48435,35.86458],[-0.48125,35.86857],[-0.48114,35.86875],[-0.48125,35.86904],[-0.48513,35.87292],[-0.48542,35.87307],[-0.48943,35.87708],[-0.48542,35.87955],[-0.48125,35.88001],[-0.48006,35.88125],[-0.47708,35.88427],[-0.47292,35.88502],[-0.47237,35.88542],[-0.46875,35.88883],[-0.46495,35.88542],[-0.46458,35.88493],[-0.46042,35.88125],[-0.45625,35.88059],[-0.45208,35.88039],[-0.44804,35.87708],[-0.44792,35.87704],[-0.44779,35.87708],[-0.44375,35.88057],[-0.43958,35.8809],[-0.43542,35.88092],[-0.43125,35.88109],[-0.42708,35.88108],[-0.42671,35.88125],[-0.42292,35.88536],[-0.42262,35.88542],[-0.41875,35.88929],[-0.4184,35.88958],[-0.41458,35.89142],[-0.41042,35.89222],[-0.40625,35.89326],[-0.40208,35.89356],[-0.40179,35.89375],[-0.39792,35.89776],[-0.39748,35.89792],[-0.39375,35.9002],[-0.38958,35.90197],[-0.38947,35.90208],[-0.38849,35.90625],[-0.38542,35.90861],[-0.38125,35.90915],[-0.37708,35.90947],[-0.37292,35.90863],[-0.36875,35.9087],[-0.36458,35.90919],[-0.36042,35.90932],[-0.35817,35.90625],[-0.35625,35.90456],[-0.35208,35.90599],[-0.35158,35.90625],[-0.34792,35.9097],[-0.34375,35.90931],[-0.33958,35.90891],[-0.33575,35.90625],[-0.33562,35.90208],[-0.33542,35.89792],[-0.33125,35.89682],[-0.3276,35.89375],[-0.32708,35.8934],[-0.32548,35.88958],[-0.32292,35.88678],[-0.31875,35.88666],[-0.31785,35.88542],[-0.31458,35.88419],[-0.31213,35.88542],[-0.31042,35.88711],[-0.30625,35.88674],[-0.30417,35.88542],[-0.30208,35.88387],[-0.29856,35.88125],[-0.29792,35.88014],[-0.29563,35.87708],[-0.29375,35.87574],[-0.2912,35.87292],[-0.29047,35.86875],[-0.29113,35.86458],[-0.29264,35.86042],[-0.29375,35.85938],[-0.29792,35.85625],[-0.30208,35.85486],[-0.30625,35.85365],[-0.30937,35.85208],[-0.30625,35.84851],[-0.30542,35.84792],[-0.30469,35.84375],[-0.30375,35.83958],[-0.30208,35.8375],[-0.29931,35.83542],[-0.29792,35.83458],[-0.29732,35.83125],[-0.29375,35.82755],[-0.29236,35.82708],[-0.28958,35.82569],[-0.28542,35.82292],[-0.28125,35.8196],[-0.27812,35.81875],[-0.27708,35.81801],[-0.27292,35.81496],[-0.26875,35.81625],[-0.26458,35.81572],[-0.26042,35.81644],[-0.2589,35.81458],[-0.25625,35.8125],[-0.25208,35.81202],[-0.24792,35.8128],[-0.24375,35.81181],[-0.24236,35.81042],[-0.23958,35.80923],[-0.23542,35.8088],[-0.23125,35.80819],[-0.22708,35.80739],[-0.2253,35.80625],[-0.22292,35.80514],[-0.21875,35.80274],[-0.21458,35.80233],[-0.21042,35.80273],[-0.20625,35.80249],[-0.20347,35.80208],[-0.20208,35.80164],[-0.19792,35.80139],[-0.19653,35.80208],[-0.19375,35.80289],[-0.18958,35.80281],[-0.18542,35.80306],[-0.18125,35.80322],[-0.17969,35.80208],[-0.17708,35.80019],[-0.17292,35.8],[-0.16875,35.79931],[-0.16458,35.79896],[-0.1628,35.79792],[-0.16042,35.79554],[-0.15833,35.79375],[-0.15625,35.79125],[-0.15208,35.79125],[-0.14792,35.79125],[-0.14375,35.79051],[-0.13958,35.79063],[-0.13542,35.7911],[-0.13125,35.79125],[-0.12847,35.78958],[-0.12708,35.7875],[-0.12292,35.7875],[-0.11875,35.78611],[-0.11644,35.78958],[-0.11458,35.79125],[-0.11042,35.79203],[-0.10625,35.79137],[-0.10208,35.79148],[-0.09792,35.7925],[-0.09708,35.79375],[-0.09375,35.79708],[-0.08958,35.79716],[-0.08854,35.79792],[-0.08542,35.80121],[-0.08383,35.80208],[-0.08125,35.80425],[-0.07708,35.80476],[-0.07527,35.80625],[-0.07292,35.80883],[-0.06875,35.80929],[-0.06458,35.80982],[-0.06042,35.81016],[-0.0601,35.81042],[-0.05625,35.81354],[-0.05208,35.81427],[-0.05167,35.81458],[-0.04792,35.81784],[-0.04444,35.81875],[-0.04375,35.81927],[-0.03958,35.82214],[-0.03542,35.8222],[-0.03125,35.8227],[-0.03105,35.82292],[-0.02847,35.82708],[-0.02708,35.82813],[-0.02292,35.82933],[-0.01875,35.82958],[-0.01708,35.83125],[-0.01458,35.83385],[-0.01042,35.83378],[-0.00895,35.83542],[-0.00625,35.83942],[-0.00599,35.83958],[-0.00208,35.84287],[0,35.84287]]},"properties":{"fid":2334,"ID":2333,"ELEV":0}}
]}