{"type":"FeatureCollection", "features": [
{"type":"Feature","geometry":{"type":"LineString","coordinates":[[-74.93958,45],[-74.93958,44.99792],[-74.93958,45]]},"properties":{"fid":1,"ID":0,"ELEV":0}},
{"type":"Feature","geometry":{"type":"LineString","coordinates":[[-74.91458,45],[-74.91458,44.99792],[-74.91875,44.99792],[-74.91875,45]]},"properties":{"fid":2,"ID":1,"ELEV":0}},
{"type":"Feature","geometry":{"type":"LineString","coordinates":[[-72.2327,45],[-72.2327,44.99792],[-72.23125,44.99718],[-72.22708,44.99717],[-72.22292,44.99704],[-72.21989,44.99792],[-72.21989,45]]},"properties":{"fid":3,"ID":2,"ELEV":0}},
{"type":"Feature","geometry":{"type":"LineString","coordinates":[[-72.21761,45],[-72.21761,44.99792],[-72.21458,44.99712],[-72.21042,44.99729],[-72.20625,44.9977],[-72.20611,44.99792],[-72.20611,45]]},"properties":{"fid":4,"ID":3,"ELEV":0}},
{"type":"Feature","geometry":{"type":"LineString","coordinates":[[-74.83333,45],[-74.83333,44.99792],[-74.83125,44.99583],[-74.83056,44.99375],[-74.82708,44.99333],[-74.82292,44.99318],[-74.82239,44.99375],[-74.81875,44.99739],[-74.81458,44.99745],[-74.81042,44.99656],[-74.80662,44.99375],[-74.80625,44.99344],[-74.80589,44.99375],[-74.80625,44.9943],[-74.80862,44.99792],[-74.80862,45]]},"properties":{"fid":23,"ID":22,"ELEV":0}},
{"type":"Feature","geometry":{"type":"LineString","coordinates":[[-74.79792,44.99333],[-74.79756,44.99375],[-74.79792,44.99429],[-74.79834,44.99375],[-74.79792,44.99333]]},"properties":{"fid":24,"ID":23,"ELEV":0}},
{"type":"Feature","geometry":{"type":"LineString","coordinates":[[-74.72738,44.99375],[-74.73125,44.99029],[-74.73542,44.99035],[-74.73839,44.99375],[-74.73542,44.99715],[-74.73125,44.99753],[-74.72738,44.99375]]},"properties":{"fid":25,"ID":24,"ELEV":0}},
{"type":"Feature","geometry":{"type":"LineString","coordinates":[[-74.95347,45],[-74.95347,44.99792],[-74.95625,44.99375],[-74.96042,44.99167],[-74.96458,44.99097],[-74.96875,44.98958],[-74.97292,44.9875],[-74.97396,44.98542],[-74.97708,44.98428],[-74.98125,44.98229],[-74.98542,44.98438],[-74.98958,44.98194],[-74.99375,44.98151],[-74.99792,44.98141],[-75,44.98141]]},"properties":{"fid":53,"ID":52,"ELEV":0}},
{"type":"Feature","geometry":{"type":"LineString","coordinates":[[-74.78138,45],[-74.78138,44.99792],[-74.78125,44.99778],[-74.77708,44.99765],[-74.77353,44.99375],[-74.77292,44.99284],[-74.76907,44.98958],[-74.76875,44.98924],[-74.76513,44.98542],[-74.76458,44.98504],[-74.76042,44.98481],[-74.75625,44.98488],[-74.75214,44.98125],[-74.75208,44.98118],[-74.75199,44.98125],[-74.74792,44.9847],[-74.74375,44.98493],[-74.73958,44.98488],[-74.73542,44.98471],[-74.73125,44.98472],[-74.72708,44.98479],[-74.72636,44.98542],[-74.72292,44.98893],[-74.71875,44.98905],[-74.71823,44.98958],[-74.71458,44.99289],[-74.71042,44.99295],[-74.70625,44.9932],[-74.70561,44.99375],[-74.70208,44.99686],[-74.69856,44.99375],[-74.69792,44.99322],[-74.69375,44.99198],[-74.68958,44.99189],[-74.6863,44.98958],[-74.68542,44.98894],[-74.6848,44.98958],[-74.68125,44.99292],[-74.67708,44.99306],[-74.67292,44.99315],[-74.67229,44.99375],[-74.66875,44.99729],[-74.66792,44.99792],[-74.66792,45]]},"properties":{"fid":65,"ID":64,"ELEV":0}},
{"type":"Feature","geometry":{"type":"LineString","coordinates":[[-74.78125,44.98065],[-74.78046,44.98125],[-74.78105,44.98542],[-74.78125,44.98556],[-74.78542,44.98559],[-74.78958,44.98559],[-74.79375,44.98563],[-74.79792,44.98557],[-74.7981,44.98542],[-74.79792,44.98527],[-74.79375,44.98521],[-74.78958,44.98525],[-74.78602,44.98125],[-74.78542,44.98063],[-74.78125,44.98065]]},"properties":{"fid":66,"ID":65,"ELEV":0}},
{"type":"Feature","geometry":{"type":"LineString","coordinates":[[-74.87917,44.97708],[-74.88125,44.97431],[-74.88333,44.97708],[-74.88125,44.98125],[-74.88542,44.98542],[-74.88125,44.9875],[-74.87986,44.98542],[-74.88125,44.98125],[-74.87917,44.97708]]},"properties":{"fid":76,"ID":75,"ELEV":0}},
{"type":"Feature","geometry":{"type":"LineString","coordinates":[[-74.81458,44.97656],[-74.81416,44.97708],[-74.81458,44.97771],[-74.81849,44.98125],[-74.81875,44.98155],[-74.82292,44.9815],[-74.82708,44.98163],[-74.83125,44.98166],[-74.83542,44.98155],[-74.83958,44.98132],[-74.83966,44.98125],[-74.83958,44.98118],[-74.83542,44.98106],[-74.83125,44.981],[-74.82708,44.98106],[-74.8231,44.97708],[-74.82292,44.9769],[-74.81875,44.97671],[-74.81458,44.97656]]},"properties":{"fid":77,"ID":76,"ELEV":0}},
{"type":"Feature","geometry":{"type":"LineString","coordinates":[[-74.96042,44.96875],[-74.96042,44.97292],[-74.95625,44.97431],[-74.95417,44.97292],[-74.95625,44.97083],[-74.96042,44.96875]]},"properties":{"fid":91,"ID":90,"ELEV":0}},
{"type":"Feature","geometry":null,"properties":{"fid":92,"ID":91,"ELEV":0}},
{"type":"Feature","geometry":{"type":"LineString","coordinates":[[-75,44.97032],[-74.99792,44.97032],[-74.99482,44.96875],[-74.99653,44.96458],[-74.99792,44.96339],[-75,44.96339]]},"properties":{"fid":103,"ID":102,"ELEV":0}},
{"type":"Feature","geometry":{"type":"LineString","coordinates":[[-75,44.94288],[-74.99792,44.94288],[-74.99729,44.94375],[-74.99687,44.94792],[-74.99375,44.95122],[-74.98958,44.95125],[-74.98542,44.95131],[-74.98462,44.95208],[-74.98125,44.95576],[-74.97708,44.95583],[-74.97666,44.95625],[-74.97292,44.95981],[-74.96875,44.95999],[-74.96458,44.9603],[-74.96042,44.96025],[-74.95625,44.96025],[-74.95208,44.95995],[-74.94792,44.96025],[-74.94384,44.95625],[-74.94792,44.95217],[-74.94799,44.95208],[-74.94798,44.94792],[-74.94792,44.94786],[-74.94782,44.94792],[-74.94375,44.9519],[-74.93958,44.95201],[-74.93946,44.95208],[-74.93542,44.95613],[-74.93535,44.95625],[-74.93125,44.96028],[-74.92757,44.95625],[-74.92708,44.95581],[-74.92666,44.95625],[-74.92703,44.96042],[-74.92292,44.9642],[-74.91922,44.96042],[-74.91875,44.95971],[-74.91458,44.9593],[-74.91333,44.96042],[-74.91458,44.9622],[-74.91855,44.96458],[-74.91458,44.96821],[-74.91233,44.96458],[-74.91042,44.96322],[-74.90943,44.96458],[-74.9102,44.96875],[-74.90625,44.97277],[-74.90208,44.97236],[-74.8989,44.96875],[-74.90208,44.966],[-74.90319,44.96458],[-74.90208,44.96357],[-74.89792,44.96373],[-74.89698,44.96458],[-74.89375,44.9681],[-74.89313,44.96875],[-74.88958,44.97279],[-74.88681,44.97292],[-74.88542,44.97431],[-74.88333,44.97292],[-74.88131,44.96875],[-74.88125,44.96869],[-74.87708,44.96847],[-74.87344,44.96458],[-74.87292,44.96428],[-74.87255,44.96458],[-74.87292,44.9651],[-74.87681,44.96875],[-74.87292,44.97255],[-74.86919,44.96875],[-74.86875,44.96844],[-74.86846,44.96875],[-74.86875,44.96902],[-74.8727,44.97292],[-74.86875,44.97703],[-74.86458,44.97686],[-74.86064,44.97292],[-74.86042,44.97267],[-74.85625,44.97243],[-74.85208,44.97269],[-74.85174,44.97292],[-74.8519,44.97708],[-74.85208,44.9772],[-74.85625,44.97715],[-74.86035,44.98125],[-74.86042,44.98139],[-74.86201,44.98542],[-74.86042,44.98766],[-74.85924,44.98958],[-74.85625,44.99368],[-74.85208,44.99354],[-74.84792,44.99343],[-74.84375,44.99336],[-74.83958,44.99357],[-74.83542,44.99375],[-74.83625,44.99792],[-74.83625,45]]},"properties":{"fid":156,"ID":155,"ELEV":0}},
{"type":"Feature","geometry":{"type":"LineString","coordinates":[[-70.00625,43.83042],[-70.00542,43.83125],[-70.00625,43.83403],[-70.01042,43.83167],[-70.01086,43.83125],[-70.01042,43.83042],[-70.00625,43.83042]]},"properties":{"fid":4741,"ID":4740,"ELEV":0}},
{"type":"Feature","geometry":{"type":"LineString","coordinates":[[-70.10208,43.81811],[-70.10159,43.81875],[-70.10208,43.81968],[-70.10375,43.81875],[-70.10208,43.81811]]},"properties":{"fid":4796,"ID":4795,"ELEV":0}},
{"type":"Feature","geometry":{"type":"LineString","coordinates":[[-70.04183,43.81875],[-70.04375,43.81683],[-70.04625,43.81875],[-70.04375,43.82125],[-70.04183,43.81875]]},"properties":{"fid":4797,"ID":4796,"ELEV":0}},
{"type":"Feature","geometry":{"type":"LineString","coordinates":[[-70,43.81518],[-70.00208,43.81518],[-70.00625,43.81477],[-70.00643,43.81458],[-70.01042,43.81119],[-70.01458,43.81234],[-70.01701,43.81458],[-70.01875,43.81648],[-70.02083,43.81875],[-70.01875,43.82102],[-70.01644,43.82292],[-70.01458,43.8253],[-70.01345,43.82708],[-70.01458,43.82771],[-70.01875,43.82792],[-70.01973,43.82708],[-70.02292,43.82407],[-70.02465,43.82292],[-70.02708,43.82083],[-70.02951,43.82292],[-70.02946,43.82708],[-70.02708,43.82946],[-70.02552,43.83125],[-70.02292,43.83423],[-70.02125,43.83542],[-70.01875,43.83819],[-70.01458,43.83906],[-70.01394,43.83958],[-70.01042,43.8434],[-70.01007,43.84375],[-70.00625,43.84757],[-70.00599,43.84792],[-70.00208,43.85182],[-70,43.85182]]},"properties":{"fid":4815,"ID":4814,"ELEV":0}},
{"type":"Feature","geometry":{"type":"LineString","coordinates":[[-70.06994,43.81042],[-70.07292,43.80744],[-70.07589,43.81042],[-70.07292,43.81339],[-70.06994,43.81042]]},"properties":{"fid":4835,"ID":4834,"ELEV":0}},
{"type":"Feature","geometry":{"type":"LineString","coordinates":[[-70.06125,43.80625],[-70.06458,43.8044],[-70.06792,43.80625],[-70.06458,43.80903],[-70.06125,43.80625]]},"properties":{"fid":4860,"ID":4859,"ELEV":0}},
{"type":"Feature","geometry":{"type":"LineString","coordinates":[[-70.03321,43.80208],[-70.03542,43.7994],[-70.03776,43.80208],[-70.03785,43.80625],[-70.03761,43.81042],[-70.03542,43.81273],[-70.03125,43.81262],[-70.02891,43.81042],[-70.02806,43.80625],[-70.03125,43.80316],[-70.03321,43.80208]]},"properties":{"fid":4876,"ID":4875,"ELEV":0}},
{"type":"Feature","geometry":{"type":"LineString","coordinates":[[-70.06947,43.79792],[-70.07292,43.79475],[-70.07708,43.79583],[-70.07933,43.79792],[-70.07708,43.80116],[-70.07653,43.80208],[-70.07292,43.80569],[-70.06875,43.80608],[-70.06533,43.80208],[-70.06875,43.79853],[-70.06947,43.79792]]},"properties":{"fid":4894,"ID":4893,"ELEV":0}},
{"type":"Feature","geometry":{"type":"LineString","coordinates":[[-70.08073,43.79375],[-70.08125,43.79333],[-70.0816,43.79375],[-70.08125,43.79435],[-70.08073,43.79375]]},"properties":{"fid":4911,"ID":4910,"ELEV":0}},
{"type":"Feature","geometry":{"type":"LineString","coordinates":[[-70.04247,43.78542],[-70.04375,43.78444],[-70.04792,43.78438],[-70.04896,43.78542],[-70.04914,43.78958],[-70.04884,43.79375],[-70.04792,43.79503],[-70.04542,43.79792],[-70.04375,43.7997],[-70.03958,43.80082],[-70.03641,43.79792],[-70.03958,43.79441],[-70.04042,43.79375],[-70.04054,43.78958],[-70.04247,43.78542]]},"properties":{"fid":4951,"ID":4950,"ELEV":0}},
{"type":"Feature","geometry":{"type":"LineString","coordinates":[[-70.09514,43.78125],[-70.09792,43.77887],[-70.10208,43.77936],[-70.10625,43.77869],[-70.10903,43.78125],[-70.11042,43.78236],[-70.11347,43.78542],[-70.11042,43.78894],[-70.10714,43.78542],[-70.10625,43.78428],[-70.10486,43.78542],[-70.10208,43.78819],[-70.10146,43.78958],[-70.09792,43.79296],[-70.09497,43.78958],[-70.09375,43.78875],[-70.09051,43.78542],[-70.09375,43.78177],[-70.09514,43.78125]]},"properties":{"fid":4972,"ID":4971,"ELEV":0}},
{"type":"Feature","geometry":{"type":"LineString","coordinates":[[-70.07083,43.78125],[-70.07292,43.77965],[-70.07465,43.78125],[-70.07448,43.78542],[-70.07292,43.78769],[-70.07125,43.78542],[-70.07083,43.78125]]},"properties":{"fid":4973,"ID":4972,"ELEV":0}},
{"type":"Feature","geometry":{"type":"LineString","coordinates":[[-70.11193,43.78125],[-70.11458,43.7786],[-70.11683,43.78125],[-70.11458,43.7839],[-70.11193,43.78125]]},"properties":{"fid":4974,"ID":4973,"ELEV":0}},
{"type":"Feature","geometry":{"type":"LineString","coordinates":[[-70.05537,43.76458],[-70.05625,43.76366],[-70.05736,43.76458],[-70.05868,43.76875],[-70.05625,43.77037],[-70.05503,43.76875],[-70.05537,43.76458]]},"properties":{"fid":5055,"ID":5054,"ELEV":0}},
{"type":"Feature","geometry":{"type":"LineString","coordinates":[[-70.04573,43.76042],[-70.04792,43.75777],[-70.05035,43.76042],[-70.04948,43.76458],[-70.04792,43.76597],[-70.04658,43.76458],[-70.04573,43.76042]]},"properties":{"fid":5073,"ID":5072,"ELEV":0}},
{"type":"Feature","geometry":{"type":"LineString","coordinates":[[-70.09708,43.76042],[-70.09792,43.75729],[-70.09931,43.76042],[-70.09792,43.76146],[-70.09708,43.76042]]},"properties":{"fid":5074,"ID":5073,"ELEV":0}},
{"type":"Feature","geometry":{"type":"LineString","coordinates":[[-70,43.7625],[-70.00208,43.7625],[-70.00327,43.76042],[-70.00208,43.75982],[-70,43.75982]]},"properties":{"fid":5075,"ID":5074,"ELEV":0}},
{"type":"Feature","geometry":{"type":"LineString","coordinates":[[-70.05009,43.75625],[-70.05208,43.75501],[-70.05385,43.75625],[-70.05208,43.75801],[-70.05009,43.75625]]},"properties":{"fid":5091,"ID":5090,"ELEV":0}},
{"type":"Feature","geometry":{"type":"LineString","coordinates":[[-70.05595,43.75208],[-70.05625,43.75167],[-70.0566,43.75208],[-70.05625,43.75257],[-70.05595,43.75208]]},"properties":{"fid":5107,"ID":5106,"ELEV":0}},
{"type":"Feature","geometry":{"type":"LineString","coordinates":[[-70.01875,43.75069],[-70.01823,43.75208],[-70.01875,43.75248],[-70.01927,43.75208],[-70.01875,43.75069]]},"properties":{"fid":5108,"ID":5107,"ELEV":0}},
{"type":"Feature","geometry":{"type":"LineString","coordinates":[[-70.05867,43.74792],[-70.06042,43.74605],[-70.06192,43.74792],[-70.06042,43.74946],[-70.05867,43.74792]]},"properties":{"fid":5128,"ID":5127,"ELEV":0}},
{"type":"Feature","geometry":{"type":"LineString","coordinates":[[-70,43.74899],[-70.00208,43.74899],[-70.00321,43.74792],[-70.00625,43.74451],[-70.01042,43.74407],[-70.01146,43.74375],[-70.01458,43.74167],[-70.01708,43.74375],[-70.01875,43.74583],[-70.0206,43.74792],[-70.02292,43.74901],[-70.0244,43.74792],[-70.02708,43.74571],[-70.02894,43.74375],[-70.03125,43.74156],[-70.03344,43.74375],[-70.03542,43.745],[-70.03729,43.74375],[-70.03958,43.74146],[-70.04177,43.74375],[-70.04117,43.74792],[-70.03958,43.7495],[-70.03765,43.75208],[-70.03596,43.75625],[-70.03542,43.75699],[-70.03277,43.76042],[-70.03125,43.762],[-70.02879,43.76458],[-70.02708,43.76629],[-70.02292,43.7669],[-70.02147,43.76875],[-70.02115,43.77292],[-70.01875,43.77542],[-70.01686,43.77708],[-70.01644,43.78125],[-70.01458,43.78352],[-70.01042,43.78451],[-70.00919,43.78542],[-70.00753,43.78958],[-70.00625,43.79087],[-70.00391,43.79375],[-70.00208,43.7964],[-70,43.7964]]},"properties":{"fid":5147,"ID":5146,"ELEV":0}},
{"type":"Feature","geometry":{"type":"LineString","coordinates":[[-70.06434,43.74375],[-70.06458,43.74357],[-70.06472,43.74375],[-70.06458,43.74392],[-70.06434,43.74375]]},"properties":{"fid":5148,"ID":5147,"ELEV":0}},
{"type":"Feature","geometry":{"type":"LineString","coordinates":[[-70.1839,43.73958],[-70.18542,43.73819],[-70.18693,43.73958],[-70.18681,43.74375],[-70.18542,43.74479],[-70.18125,43.74599],[-70.17901,43.74375],[-70.18125,43.74167],[-70.1839,43.73958]]},"properties":{"fid":5174,"ID":5173,"ELEV":0}},
{"type":"Feature","geometry":{"type":"LineString","coordinates":[[-70.08103,43.73958],[-70.08125,43.73924],[-70.0816,43.73958],[-70.08125,43.73988],[-70.08103,43.73958]]},"properties":{"fid":5175,"ID":5174,"ELEV":0}},
{"type":"Feature","geometry":{"type":"LineString","coordinates":[[-70.04226,43.73958],[-70.04375,43.73798],[-70.04514,43.73958],[-70.04375,43.74097],[-70.04226,43.73958]]},"properties":{"fid":5176,"ID":5175,"ELEV":0}},
{"type":"Feature","geometry":{"type":"LineString","coordinates":[[-70.02153,43.73542],[-70.02292,43.73428],[-70.02405,43.73542],[-70.0244,43.73958],[-70.02292,43.74167],[-70.01875,43.74223],[-70.01651,43.73958],[-70.01875,43.73734],[-70.02153,43.73542]]},"properties":{"fid":5200,"ID":5199,"ELEV":0}},
{"type":"Feature","geometry":{"type":"LineString","coordinates":[[-70.16779,43.73542],[-70.16875,43.73458],[-70.16971,43.73542],[-70.16875,43.73646],[-70.16779,43.73542]]},"properties":{"fid":5201,"ID":5200,"ELEV":0}},
{"type":"Feature","geometry":{"type":"LineString","coordinates":[[-70.05133,43.73542],[-70.05208,43.73472],[-70.05255,43.73542],[-70.05208,43.73606],[-70.05133,43.73542]]},"properties":{"fid":5202,"ID":5201,"ELEV":0}},
{"type":"Feature","geometry":{"type":"LineString","coordinates":[[-70.0875,43.73125],[-70.08958,43.73106],[-70.08988,43.73125],[-70.08958,43.73163],[-70.0875,43.73125]]},"properties":{"fid":5232,"ID":5231,"ELEV":0}},
{"type":"Feature","geometry":{"type":"LineString","coordinates":[[-70.02662,43.73125],[-70.02708,43.73021],[-70.02768,43.73125],[-70.02708,43.73171],[-70.02662,43.73125]]},"properties":{"fid":5233,"ID":5232,"ELEV":0}},
{"type":"Feature","geometry":{"type":"LineString","coordinates":[[-70,43.72986],[-70.00208,43.72986],[-70.00322,43.73125],[-70.00208,43.73254],[-70,43.73254]]},"properties":{"fid":5234,"ID":5233,"ELEV":0}},
{"type":"Feature","geometry":{"type":"LineString","coordinates":[[-70.09308,43.72708],[-70.09375,43.72644],[-70.09439,43.72708],[-70.09375,43.72806],[-70.09308,43.72708]]},"properties":{"fid":5250,"ID":5249,"ELEV":0}},
{"type":"Feature","geometry":{"type":"LineString","coordinates":[[-70.18839,43.72292],[-70.18958,43.7216],[-70.19105,43.72292],[-70.18958,43.72431],[-70.18839,43.72292]]},"properties":{"fid":5271,"ID":5270,"ELEV":0}},
{"type":"Feature","geometry":{"type":"LineString","coordinates":[[-70.19243,43.71875],[-70.19375,43.71728],[-70.19542,43.71875],[-70.19375,43.72022],[-70.19243,43.71875]]},"properties":{"fid":5293,"ID":5292,"ELEV":0}},
{"type":"Feature","geometry":{"type":"LineString","coordinates":[[-70.03958,43.71458],[-70.04125,43.71875],[-70.04115,43.72292],[-70.04375,43.72523],[-70.04463,43.72708],[-70.04375,43.7286],[-70.04042,43.72708],[-70.03958,43.72604],[-70.03542,43.72708],[-70.03125,43.72875],[-70.02887,43.72708],[-70.02708,43.72619],[-70.02454,43.72292],[-70.02708,43.71875],[-70.03125,43.71558],[-70.03542,43.7151],[-70.03958,43.71458]]},"properties":{"fid":5315,"ID":5314,"ELEV":0}},
{"type":"Feature","geometry":{"type":"LineString","coordinates":[[-70.19757,43.71458],[-70.19792,43.7142],[-70.19833,43.71458],[-70.19792,43.715],[-70.19757,43.71458]]},"properties":{"fid":5316,"ID":5315,"ELEV":0}},
{"type":"Feature","geometry":{"type":"LineString","coordinates":[[-70,43.71625],[-70.00208,43.71625],[-70.00529,43.71458],[-70.00625,43.71385],[-70.01042,43.71435],[-70.01058,43.71458],[-70.01042,43.71474],[-70.00777,43.71875],[-70.00625,43.72044],[-70.00309,43.72292],[-70.00208,43.72408],[-70,43.72408]]},"properties":{"fid":5317,"ID":5316,"ELEV":0}},
{"type":"Feature","geometry":{"type":"LineString","coordinates":[[-70.07621,43.71042],[-70.07708,43.70903],[-70.07847,43.71042],[-70.08125,43.71375],[-70.08201,43.71458],[-70.08542,43.71747],[-70.08634,43.71875],[-70.08542,43.71954],[-70.08304,43.71875],[-70.08125,43.71625],[-70.08042,43.71458],[-70.07708,43.71181],[-70.07621,43.71042]]},"properties":{"fid":5337,"ID":5336,"ELEV":0}},
{"type":"Feature","geometry":{"type":"LineString","coordinates":[[-70.05563,43.71042],[-70.05625,43.70994],[-70.0566,43.71042],[-70.05625,43.71081],[-70.05563,43.71042]]},"properties":{"fid":5338,"ID":5337,"ELEV":0}},
{"type":"Feature","geometry":{"type":"LineString","coordinates":[[-70.12183,43.70208],[-70.12292,43.70112],[-70.12411,43.70208],[-70.12351,43.70625],[-70.12708,43.70792],[-70.12997,43.71042],[-70.12847,43.71458],[-70.13073,43.71875],[-70.13125,43.71887],[-70.13542,43.71991],[-70.13958,43.72188],[-70.14005,43.72292],[-70.14097,43.72708],[-70.13958,43.72894],[-70.13828,43.73125],[-70.13542,43.73478],[-70.13486,43.73542],[-70.13433,43.73958],[-70.13125,43.74331],[-70.13065,43.74375],[-70.12997,43.74792],[-70.12708,43.75104],[-70.12292,43.75104],[-70.11875,43.75158],[-70.11458,43.75164],[-70.11042,43.75125],[-70.10923,43.75208],[-70.10913,43.75625],[-70.10625,43.75859],[-70.10208,43.75903],[-70.09824,43.75625],[-70.09792,43.75593],[-70.09583,43.75208],[-70.09792,43.74981],[-70.09922,43.74792],[-70.10208,43.74486],[-70.1036,43.74375],[-70.10417,43.73958],[-70.10417,43.73542],[-70.10478,43.73125],[-70.10625,43.72986],[-70.10817,43.72708],[-70.11042,43.72431],[-70.11366,43.72292],[-70.11458,43.72083],[-70.11522,43.71875],[-70.11875,43.71548],[-70.11949,43.71458],[-70.12292,43.71151],[-70.12382,43.71042],[-70.12292,43.70744],[-70.11875,43.70903],[-70.11729,43.71042],[-70.11458,43.71327],[-70.11242,43.71042],[-70.11194,43.70625],[-70.11458,43.70392],[-70.11875,43.70437],[-70.12183,43.70208]]},"properties":{"fid":5370,"ID":5369,"ELEV":0}},
{"type":"Feature","geometry":{"type":"LineString","coordinates":[[-70.18437,43.69375],[-70.18542,43.69252],[-70.18672,43.69375],[-70.18542,43.69466],[-70.18437,43.69375]]},"properties":{"fid":5404,"ID":5403,"ELEV":0}},
{"type":"Feature","geometry":{"type":"LineString","coordinates":[[-70.1122,43.68958],[-70.11458,43.68773],[-70.1161,43.68958],[-70.1164,43.69375],[-70.11458,43.69566],[-70.1108,43.69792],[-70.11042,43.69856],[-70.10851,43.70208],[-70.10625,43.70444],[-70.1038,43.70625],[-70.10208,43.70729],[-70.09811,43.71042],[-70.09792,43.71064],[-70.09375,43.71107],[-70.09286,43.71042],[-70.09375,43.70938],[-70.09504,43.70625],[-70.09792,43.70327],[-70.09925,43.70208],[-70.09792,43.69905],[-70.09375,43.69867],[-70.09306,43.69792],[-70.09375,43.69583],[-70.09792,43.69635],[-70.09905,43.69792],[-70.10208,43.69925],[-70.10375,43.69792],[-70.10625,43.69529],[-70.10787,43.69375],[-70.11042,43.69146],[-70.1122,43.68958]]},"properties":{"fid":5418,"ID":5417,"ELEV":0}},
{"type":"Feature","geometry":{"type":"LineString","coordinates":[[-70.22778,43.68958],[-70.23125,43.68596],[-70.23542,43.68574],[-70.23875,43.68958],[-70.23542,43.69315],[-70.23125,43.69337],[-70.22778,43.68958]]},"properties":{"fid":5419,"ID":5418,"ELEV":0}},
{"type":"Feature","geometry":{"type":"LineString","coordinates":[[-70.08792,43.68958],[-70.08958,43.6875],[-70.09271,43.68958],[-70.08958,43.69208],[-70.08792,43.68958]]},"properties":{"fid":5420,"ID":5419,"ELEV":0}},
{"type":"Feature","geometry":{"type":"LineString","coordinates":[[-70.11849,43.68542],[-70.11875,43.68522],[-70.1189,43.68542],[-70.11875,43.68561],[-70.11849,43.68542]]},"properties":{"fid":5440,"ID":5439,"ELEV":0}},
{"type":"Feature","geometry":null,"properties":{"fid":5462,"ID":5461,"ELEV":0}},
{"type":"Feature","geometry":{"type":"LineString","coordinates":[[-70.15514,43.67708],[-70.15625,43.67633],[-70.15833,43.67708],[-70.16042,43.67813],[-70.16458,43.67817],[-70.16771,43.67708],[-70.16875,43.6767],[-70.16907,43.67708],[-70.16964,43.68125],[-70.17292,43.68441],[-70.17386,43.68542],[-70.17378,43.68958],[-70.17292,43.69045],[-70.16875,43.69102],[-70.16458,43.69159],[-70.16161,43.69375],[-70.16042,43.69489],[-70.15625,43.69542],[-70.15327,43.69792],[-70.15208,43.69939],[-70.14903,43.70208],[-70.14792,43.70347],[-70.14554,43.70625],[-70.14792,43.70833],[-70.15208,43.70931],[-70.15625,43.70964],[-70.15687,43.71042],[-70.15625,43.71111],[-70.15312,43.71458],[-70.15208,43.71581],[-70.14792,43.71712],[-70.14375,43.71792],[-70.14208,43.71458],[-70.14375,43.71339],[-70.14606,43.71042],[-70.14375,43.70781],[-70.13958,43.70819],[-70.13776,43.70625],[-70.13542,43.70391],[-70.1338,43.70208],[-70.13542,43.69984],[-70.13958,43.69839],[-70.14014,43.69792],[-70.14375,43.69482],[-70.14545,43.69375],[-70.14792,43.69117],[-70.14967,43.68958],[-70.15208,43.68606],[-70.15252,43.68542],[-70.15268,43.68125],[-70.15514,43.67708]]},"properties":{"fid":5479,"ID":5478,"ELEV":0}},
{"type":"Feature","geometry":{"type":"LineString","coordinates":[[-70.09483,43.67708],[-70.09792,43.67449],[-70.10208,43.67604],[-70.1028,43.67708],[-70.10208,43.67813],[-70.10025,43.68125],[-70.09792,43.68469],[-70.09673,43.68542],[-70.09375,43.68889],[-70.09115,43.68542],[-70.09069,43.68125],[-70.09375,43.67809],[-70.09483,43.67708]]},"properties":{"fid":5480,"ID":5479,"ELEV":0}},
{"type":"Feature","geometry":{"type":"LineString","coordinates":[[-70.20304,43.66875],[-70.20625,43.66615],[-70.21042,43.66683],[-70.21269,43.66875],[-70.21042,43.67125],[-70.20625,43.67173],[-70.20304,43.66875]]},"properties":{"fid":5517,"ID":5516,"ELEV":0}},
{"type":"Feature","geometry":{"type":"LineString","coordinates":[[-70.10579,43.66875],[-70.10625,43.66847],[-70.10646,43.66875],[-70.10625,43.66895],[-70.10579,43.66875]]},"properties":{"fid":5518,"ID":5517,"ELEV":0}},
{"type":"Feature","geometry":{"type":"LineString","coordinates":[[-70.21366,43.66458],[-70.21458,43.66406],[-70.21522,43.66458],[-70.21458,43.66577],[-70.21366,43.66458]]},"properties":{"fid":5537,"ID":5536,"ELEV":0}},
{"type":"Feature","geometry":{"type":"LineString","coordinates":[[-70.18516,43.65208],[-70.18542,43.65182],[-70.18958,43.65119],[-70.19375,43.6506],[-70.19792,43.64986],[-70.1995,43.65208],[-70.20012,43.65625],[-70.20208,43.65995],[-70.2025,43.66042],[-70.20208,43.66146],[-70.2,43.66458],[-70.19896,43.66875],[-70.20208,43.67031],[-70.2044,43.67292],[-70.20625,43.67443],[-70.20849,43.67708],[-70.20833,43.68125],[-70.20625,43.68333],[-70.20365,43.68542],[-70.20208,43.68698],[-70.19977,43.68958],[-70.19792,43.69097],[-70.19375,43.69141],[-70.19181,43.68958],[-70.18958,43.68736],[-70.18805,43.68542],[-70.18662,43.68125],[-70.18708,43.67708],[-70.18542,43.67676],[-70.18264,43.67292],[-70.18271,43.66875],[-70.18125,43.66629],[-70.17986,43.66458],[-70.17946,43.66042],[-70.17975,43.65625],[-70.18125,43.65469],[-70.18516,43.65208]]},"properties":{"fid":5594,"ID":5593,"ELEV":0}},
{"type":"Feature","geometry":{"type":"LineString","coordinates":[[-70.1223,43.65208],[-70.12292,43.65151],[-70.12342,43.65208],[-70.12292,43.6526],[-70.1223,43.65208]]},"properties":{"fid":5595,"ID":5594,"ELEV":0}},
{"type":"Feature","geometry":{"type":"LineString","coordinates":[[-70.19917,43.63958],[-70.20208,43.63693],[-70.20573,43.63958],[-70.20441,43.64375],[-70.20208,43.64668],[-70.19792,43.64694],[-70.19375,43.64678],[-70.19081,43.64375],[-70.19375,43.64042],[-70.19792,43.64101],[-70.19917,43.63958]]},"properties":{"fid":5639,"ID":5638,"ELEV":0}},
{"type":"Feature","geometry":{"type":"LineString","coordinates":[[-70.32708,43.55069],[-70.325,43.55208],[-70.32708,43.55313],[-70.32917,43.55208],[-70.32708,43.55069]]},"properties":{"fid":6007,"ID":6006,"ELEV":0}},
{"type":"Feature","geometry":{"type":"LineString","coordinates":[[-70.2286,43.53958],[-70.23125,43.53693],[-70.23542,43.5372],[-70.23958,43.5372],[-70.24375,43.53819],[-70.24519,43.53958],[-70.24463,43.54375],[-70.24375,43.54514],[-70.24042,43.54792],[-70.23958,43.54958],[-70.23542,43.55],[-70.23125,43.54943],[-70.22708,43.54907],[-70.22604,43.54792],[-70.22708,43.5456],[-70.22847,43.54375],[-70.2286,43.53958]]},"properties":{"fid":6055,"ID":6054,"ELEV":0}},
{"type":"Feature","geometry":{"type":"LineString","coordinates":[[-70.30744,43.50625],[-70.31042,43.50417],[-70.31458,43.50573],[-70.3149,43.50625],[-70.31458,43.50651],[-70.31042,43.50735],[-70.30744,43.50625]]},"properties":{"fid":6199,"ID":6198,"ELEV":0}},
{"type":"Feature","geometry":{"type":"LineString","coordinates":[[-70.43542,43.4892],[-70.43125,43.48958],[-70.43542,43.49],[-70.43958,43.49167],[-70.44375,43.49196],[-70.44435,43.48958],[-70.44375,43.48909],[-70.43958,43.48912],[-70.43542,43.4892]]},"properties":{"fid":6285,"ID":6284,"ELEV":0}},
{"type":"Feature","geometry":null,"properties":{"fid":6319,"ID":6318,"ELEV":0}},
{"type":"Feature","geometry":{"type":"LineString","coordinates":[[-70.10208,43.47458],[-70.10052,43.47708],[-70.10147,43.48125],[-70.10208,43.48403],[-70.10375,43.48125],[-70.10417,43.47708],[-70.10208,43.47458]]},"properties":{"fid":6342,"ID":6341,"ELEV":-100}},
{"type":"Feature","geometry":{"type":"LineString","coordinates":[[-70,43.47458],[-70.00208,43.47458],[-70.00458,43.47708],[-70.00208,43.47958],[-70,43.47958]]},"properties":{"fid":6343,"ID":6342,"ELEV":-100}},
{"type":"Feature","geometry":{"type":"LineString","coordinates":[[-70.39792,43.46721],[-70.39597,43.46875],[-70.39732,43.47292],[-70.39792,43.47431],[-70.39884,43.47292],[-70.39945,43.46875],[-70.39792,43.46721]]},"properties":{"fid":6389,"ID":6388,"ELEV":0}},
{"type":"Feature","geometry":null,"properties":{"fid":6390,"ID":6389,"ELEV":0}},
{"type":"Feature","geometry":{"type":"LineString","coordinates":[[-70.03333,43.45625],[-70.03542,43.45521],[-70.03681,43.45625],[-70.03542,43.45792],[-70.03333,43.45625]]},"properties":{"fid":6446,"ID":6445,"ELEV":-100}},
{"type":"Feature","geometry":null,"properties":{"fid":6498,"ID":6497,"ELEV":-100}},
{"type":"Feature","geometry":{"type":"LineString","coordinates":[[-70.14792,43.42292],[-70.14687,43.42708],[-70.14792,43.42792],[-70.14861,43.42708],[-70.14792,43.42292]]},"properties":{"fid":6576,"ID":6575,"ELEV":-100}},
{"type":"Feature","geometry":{"type":"LineString","coordinates":[[-70.05542,43.41875],[-70.05625,43.41829],[-70.05708,43.41875],[-70.06042,43.42113],[-70.0625,43.42292],[-70.06458,43.42604],[-70.06875,43.42708],[-70.06458,43.42917],[-70.06042,43.431],[-70.05937,43.43125],[-70.06042,43.43333],[-70.06458,43.43333],[-70.06542,43.43542],[-70.06458,43.43625],[-70.06181,43.43958],[-70.06181,43.44375],[-70.06042,43.44444],[-70.05625,43.44514],[-70.05486,43.44375],[-70.05625,43.43958],[-70.05208,43.4375],[-70.05,43.43542],[-70.04792,43.43403],[-70.04625,43.43125],[-70.04708,43.42708],[-70.04792,43.42639],[-70.05023,43.42292],[-70.05208,43.42083],[-70.05542,43.41875]]},"properties":{"fid":6613,"ID":6612,"ELEV":-100}},
{"type":"Feature","geometry":{"type":"LineString","coordinates":[[-70.22292,43.38361],[-70.22131,43.38542],[-70.22175,43.38958],[-70.21875,43.39333],[-70.21843,43.39375],[-70.21875,43.39431],[-70.22292,43.39556],[-70.22708,43.39692],[-70.23125,43.3962],[-70.23314,43.39375],[-70.2316,43.38958],[-70.23125,43.38917],[-70.22708,43.38798],[-70.22523,43.38542],[-70.22292,43.38361]]},"properties":{"fid":6748,"ID":6747,"ELEV":-100}},
{"type":"Feature","geometry":{"type":"LineString","coordinates":[[-70.22708,43.3747],[-70.225,43.37708],[-70.22708,43.38026],[-70.23079,43.37708],[-70.22708,43.3747]]},"properties":{"fid":6785,"ID":6784,"ELEV":-100}},
{"type":"Feature","geometry":{"type":"LineString","coordinates":[[-70.16458,43.35208],[-70.16875,43.35104],[-70.17292,43.35],[-70.17569,43.35208],[-70.17708,43.35625],[-70.17847,43.36042],[-70.17708,43.3625],[-70.17569,43.36458],[-70.17292,43.36625],[-70.16875,43.36458],[-70.16458,43.36125],[-70.16375,43.36042],[-70.16354,43.35625],[-70.16458,43.35208]]},"properties":{"fid":6905,"ID":6904,"ELEV":-100}},
{"type":"Feature","geometry":null,"properties":{"fid":6906,"ID":6905,"ELEV":0}},
{"type":"Feature","geometry":null,"properties":{"fid":7148,"ID":7147,"ELEV":-100}},
{"type":"Feature","geometry":{"type":"LineString","coordinates":[[-70.20937,43.26458],[-70.21042,43.26399],[-70.21181,43.26458],[-70.21181,43.26875],[-70.21042,43.27083],[-70.20833,43.26875],[-70.20937,43.26458]]},"properties":{"fid":7195,"ID":7194,"ELEV":-100}},
{"type":"Feature","geometry":{"type":"LineString","coordinates":[[-70.21458,43.23125],[-70.21875,43.22847],[-70.22292,43.23056],[-70.22361,43.23125],[-70.22375,43.23542],[-70.22292,43.23576],[-70.21875,43.2358],[-70.21782,43.23542],[-70.21458,43.23125]]},"properties":{"fid":7287,"ID":7286,"ELEV":-100}},
{"type":"Feature","geometry":{"type":"LineString","coordinates":[[-70.33542,43.18889],[-70.33333,43.18958],[-70.33542,43.19375],[-70.33646,43.18958],[-70.33542,43.18889]]},"properties":{"fid":7417,"ID":7416,"ELEV":-100}},
{"type":"Feature","geometry":{"type":"LineString","coordinates":[[-70.32569,43.16042],[-70.32708,43.15928],[-70.32887,43.16042],[-70.32847,43.16458],[-70.32708,43.16615],[-70.32569,43.16458],[-70.32569,43.16042]]},"properties":{"fid":7499,"ID":7498,"ELEV":-100}},
{"type":"Feature","geometry":{"type":"LineString","coordinates":[[-70.79792,43.10444],[-70.79507,43.10625],[-70.79736,43.11042],[-70.79792,43.11097],[-70.80208,43.11138],[-70.80322,43.11042],[-70.80208,43.10885],[-70.80093,43.10625],[-70.79792,43.10444]]},"properties":{"fid":7636,"ID":7635,"ELEV":0}},
{"type":"Feature","geometry":{"type":"LineString","coordinates":[[-70.86042,43.0997],[-70.85923,43.10208],[-70.85903,43.10625],[-70.85895,43.11042],[-70.85942,43.11458],[-70.86042,43.11589],[-70.86231,43.11458],[-70.8622,43.11042],[-70.86273,43.10625],[-70.86208,43.10208],[-70.86042,43.0997]]},"properties":{"fid":7646,"ID":7645,"ELEV":0}},
{"type":"Feature","geometry":{"type":"LineString","coordinates":[[-70.11088,43.08958],[-70.11458,43.08588],[-70.11875,43.08681],[-70.12292,43.08958],[-70.12292,43.09375],[-70.11875,43.09468],[-70.11597,43.09375],[-70.11458,43.09329],[-70.11088,43.08958]]},"properties":{"fid":7684,"ID":7683,"ELEV":-100}},
{"type":"Feature","geometry":{"type":"LineString","coordinates":[[-70.07708,43.07448],[-70.07361,43.07708],[-70.07708,43.08006],[-70.07917,43.08125],[-70.08125,43.08542],[-70.08042,43.08958],[-70.08125,43.08993],[-70.08542,43.08988],[-70.08594,43.08958],[-70.08958,43.08667],[-70.09375,43.08542],[-70.08958,43.08125],[-70.08854,43.07708],[-70.08542,43.075],[-70.08125,43.07411],[-70.07708,43.07448]]},"properties":{"fid":7725,"ID":7724,"ELEV":-100}},
{"type":"Feature","geometry":{"type":"LineString","coordinates":[[-70.73958,43.06941],[-70.73607,43.07292],[-70.73899,43.07708],[-70.73958,43.0776],[-70.74375,43.08021],[-70.74792,43.07951],[-70.75057,43.07708],[-70.74792,43.07417],[-70.74542,43.07292],[-70.74375,43.07188],[-70.73958,43.06941]]},"properties":{"fid":7737,"ID":7736,"ELEV":0}},
{"type":"Feature","geometry":{"type":"LineString","coordinates":[[-70.71875,43.06777],[-70.71667,43.06875],[-70.71875,43.0706],[-70.72292,43.07064],[-70.72552,43.06875],[-70.72292,43.06701],[-70.71875,43.06777]]},"properties":{"fid":7747,"ID":7746,"ELEV":0}},
{"type":"Feature","geometry":{"type":"LineString","coordinates":[[-70.90625,43.05875],[-70.90208,43.06042],[-70.90625,43.06146],[-70.90708,43.06042],[-70.90625,43.05875]]},"properties":{"fid":7770,"ID":7769,"ELEV":0}},
{"type":"Feature","geometry":{"type":"LineString","coordinates":[[-70.84375,43.05327],[-70.83958,43.05625],[-70.84062,43.06042],[-70.84375,43.06146],[-70.8475,43.06458],[-70.84792,43.06493],[-70.85208,43.06875],[-70.85625,43.06615],[-70.86042,43.06563],[-70.86354,43.06875],[-70.86458,43.06944],[-70.86756,43.07292],[-70.86792,43.07708],[-70.86747,43.08125],[-70.86771,43.08542],[-70.86875,43.08693],[-70.87113,43.08542],[-70.87292,43.08403],[-70.87708,43.08274],[-70.87882,43.08125],[-70.88125,43.0786],[-70.88542,43.07833],[-70.88681,43.07708],[-70.88958,43.07481],[-70.89375,43.07407],[-70.89792,43.07292],[-70.89867,43.06875],[-70.90208,43.065],[-70.90268,43.06458],[-70.90208,43.06042],[-70.89792,43.06319],[-70.89375,43.06375],[-70.88958,43.06458],[-70.88542,43.06597],[-70.88125,43.06782],[-70.87708,43.06782],[-70.87292,43.06782],[-70.86875,43.06458],[-70.86458,43.0642],[-70.86042,43.06354],[-70.85625,43.06333],[-70.85382,43.06042],[-70.85208,43.05903],[-70.84948,43.05625],[-70.84792,43.05375],[-70.84375,43.05327]]},"properties":{"fid":7782,"ID":7781,"ELEV":0}},
{"type":"Feature","geometry":{"type":"LineString","coordinates":[[-70.72292,43.05542],[-70.72173,43.05625],[-70.72292,43.05681],[-70.72708,43.05625],[-70.72292,43.05542]]},"properties":{"fid":7783,"ID":7782,"ELEV":0}},
{"type":"Feature","geometry":{"type":"LineString","coordinates":[[-70.60965,42.98542],[-70.61042,42.98352],[-70.61458,42.98333],[-70.61646,42.98542],[-70.6161,42.98958],[-70.61458,42.99077],[-70.6125,42.98958],[-70.61042,42.98702],[-70.60965,42.98542]]},"properties":{"fid":7958,"ID":7957,"ELEV":0}},
{"type":"Feature","geometry":{"type":"LineString","coordinates":[[-70.61341,42.97292],[-70.61458,42.97135],[-70.61597,42.97292],[-70.61458,42.97455],[-70.61341,42.97292]]},"properties":{"fid":7990,"ID":7989,"ELEV":0}},
{"type":"Feature","geometry":{"type":"LineString","coordinates":[[-70.35917,42.96042],[-70.36042,42.95958],[-70.36458,42.96042],[-70.36875,42.96202],[-70.37292,42.96088],[-70.37708,42.96094],[-70.38125,42.9628],[-70.38403,42.96458],[-70.38542,42.96771],[-70.38564,42.96875],[-70.38542,42.96913],[-70.38125,42.97054],[-70.37708,42.96986],[-70.3747,42.96875],[-70.37292,42.96809],[-70.36875,42.96654],[-70.36505,42.96458],[-70.36458,42.96042],[-70.36042,42.96155],[-70.35917,42.96042]]},"properties":{"fid":8015,"ID":8014,"ELEV":-100}},
{"type":"Feature","geometry":{"type":"LineString","coordinates":[[-70.49375,42.925],[-70.49097,42.92708],[-70.49375,42.92917],[-70.49792,42.92708],[-70.49375,42.925]]},"properties":{"fid":8087,"ID":8086,"ELEV":-100}},
{"type":"Feature","geometry":{"type":"LineString","coordinates":[[-70.82292,42.88819],[-70.82208,42.88958],[-70.82153,42.89375],[-70.81875,42.89613],[-70.81667,42.89792],[-70.81875,42.9],[-70.82125,42.90208],[-70.82153,42.90625],[-70.82292,42.90729],[-70.82431,42.90625],[-70.82569,42.90208],[-70.82708,42.90069],[-70.82917,42.89792],[-70.82917,42.89375],[-70.82917,42.88958],[-70.82708,42.8875],[-70.82292,42.88819]]},"properties":{"fid":8164,"ID":8163,"ELEV":0}},
{"type":"Feature","geometry":{"type":"LineString","coordinates":[[-70.30042,42.87292],[-70.30208,42.87245],[-70.30347,42.87292],[-70.30625,42.87379],[-70.31042,42.87472],[-70.31458,42.875],[-70.31875,42.87585],[-70.32131,42.87708],[-70.32292,42.87776],[-70.32708,42.87899],[-70.33125,42.88065],[-70.33213,42.88125],[-70.33542,42.88255],[-70.33958,42.88356],[-70.34375,42.8852],[-70.34411,42.88542],[-70.34486,42.88958],[-70.34375,42.89044],[-70.33958,42.89122],[-70.33542,42.89108],[-70.33125,42.89104],[-70.32708,42.8901],[-70.32542,42.88958],[-70.32292,42.88858],[-70.31875,42.8858],[-70.31782,42.88542],[-70.31458,42.8842],[-70.31042,42.88204],[-70.30913,42.88125],[-70.30625,42.87969],[-70.30208,42.87853],[-70.29867,42.87708],[-70.30042,42.87292]]},"properties":{"fid":8208,"ID":8207,"ELEV":-100}},
{"type":"Feature","geometry":{"type":"LineString","coordinates":[[-70.35625,42.87232],[-70.35597,42.87292],[-70.35625,42.87708],[-70.35708,42.87292],[-70.35625,42.87232]]},"properties":{"fid":8209,"ID":8208,"ELEV":-100}},
{"type":"Feature","geometry":{"type":"LineString","coordinates":[[-70.33958,42.86799],[-70.33542,42.86875],[-70.33958,42.87042],[-70.34196,42.86875],[-70.33958,42.86799]]},"properties":{"fid":8224,"ID":8223,"ELEV":-100}},
{"type":"Feature","geometry":{"type":"LineString","coordinates":[[-70.32708,42.86012],[-70.32686,42.86042],[-70.32708,42.86458],[-70.33125,42.86625],[-70.33218,42.86458],[-70.33125,42.86406],[-70.32736,42.86042],[-70.32708,42.86012]]},"properties":{"fid":8239,"ID":8238,"ELEV":-100}},
{"type":"Feature","geometry":{"type":"LineString","coordinates":[[-70.41589,42.85625],[-70.41875,42.85516],[-70.42292,42.85613],[-70.42314,42.85625],[-70.42708,42.86042],[-70.42292,42.86111],[-70.42199,42.86042],[-70.41875,42.8588],[-70.41589,42.85625]]},"properties":{"fid":8249,"ID":8248,"ELEV":-100}},
{"type":"Feature","geometry":{"type":"LineString","coordinates":[[-70.83542,42.8],[-70.83264,42.80208],[-70.83542,42.80417],[-70.83681,42.80625],[-70.83542,42.80764],[-70.83208,42.81042],[-70.83125,42.81146],[-70.83021,42.81042],[-70.83021,42.80625],[-70.82708,42.80313],[-70.82292,42.80313],[-70.82042,42.80625],[-70.82292,42.80938],[-70.82396,42.81042],[-70.82292,42.81146],[-70.82083,42.81458],[-70.81875,42.81708],[-70.81667,42.81875],[-70.81875,42.82042],[-70.82292,42.81979],[-70.82708,42.82153],[-70.83125,42.82153],[-70.83542,42.82188],[-70.83646,42.82292],[-70.83958,42.82542],[-70.84271,42.82292],[-70.84375,42.82222],[-70.84792,42.82125],[-70.85042,42.81875],[-70.85208,42.81597],[-70.85625,42.81458],[-70.85903,42.81042],[-70.85625,42.80938],[-70.85208,42.80625],[-70.84792,42.80417],[-70.84583,42.80208],[-70.84375,42.80042],[-70.83958,42.8],[-70.83542,42.8]]},"properties":{"fid":8378,"ID":8377,"ELEV":0}},
{"type":"Feature","geometry":{"type":"LineString","coordinates":[[-70.09732,42.79792],[-70.09792,42.79732],[-70.10208,42.79792],[-70.09792,42.79851],[-70.09732,42.79792]]},"properties":{"fid":8393,"ID":8392,"ELEV":-100}},
{"type":"Feature","geometry":{"type":"LineString","coordinates":[[-70.54375,42.78333],[-70.54167,42.78542],[-70.54375,42.78625],[-70.54792,42.78542],[-70.54375,42.78333]]},"properties":{"fid":8413,"ID":8412,"ELEV":-100}},
{"type":"Feature","geometry":{"type":"LineString","coordinates":[[-70,43.52917],[-70.00208,43.52917],[-70.00417,43.52708],[-70.00625,43.52292],[-70.00833,43.51875],[-70.01042,43.51458],[-70.01458,43.5125],[-70.01875,43.51458],[-70.02292,43.5125],[-70.02708,43.51042],[-70.025,43.50625],[-70.02708,43.50521],[-70.02917,43.50625],[-70.03125,43.50729],[-70.03542,43.50833],[-70.03727,43.50625],[-70.03958,43.50208],[-70.04375,43.49931],[-70.04792,43.49838],[-70.04861,43.49792],[-70.05208,43.49494],[-70.05417,43.49375],[-70.05625,43.49208],[-70.05875,43.48958],[-70.06042,43.4875],[-70.06319,43.48542],[-70.06458,43.48438],[-70.06771,43.48125],[-70.06875,43.48056],[-70.07135,43.47708],[-70.07292,43.47569],[-70.075,43.47292],[-70.07708,43.47064],[-70.07917,43.46875],[-70.08125,43.46577],[-70.08542,43.46458],[-70.08958,43.46625],[-70.09125,43.46458],[-70.09236,43.46042],[-70.09167,43.45625],[-70.09375,43.45313],[-70.09792,43.45347],[-70.10125,43.45625],[-70.10208,43.45729],[-70.10313,43.45625],[-70.10542,43.45208],[-70.10469,43.44792],[-70.10304,43.44375],[-70.10208,43.44063],[-70.10174,43.43958],[-70.10167,43.43542],[-70.10208,43.43403],[-70.10278,43.43125],[-70.1025,43.42708],[-70.10208,43.42604],[-70.10052,43.42292],[-70.09792,43.41944],[-70.0976,43.41875],[-70.09643,43.41458],[-70.09687,43.41042],[-70.09792,43.40625],[-70.10208,43.40792],[-70.10625,43.40852],[-70.11042,43.40785],[-70.11458,43.40833],[-70.11736,43.41042],[-70.11875,43.41134],[-70.12292,43.41125],[-70.125,43.41042],[-70.12708,43.40833],[-70.12917,43.40625],[-70.13125,43.40208],[-70.1294,43.39792],[-70.12827,43.39375],[-70.12708,43.39256],[-70.12292,43.39097],[-70.12187,43.38958],[-70.11913,43.38542],[-70.11875,43.38438],[-70.11786,43.38125],[-70.11736,43.37708],[-70.11653,43.37292],[-70.11458,43.37049],[-70.11328,43.36875],[-70.11136,43.36458],[-70.11117,43.36042],[-70.11146,43.35625],[-70.11458,43.35257],[-70.11577,43.35208],[-70.11875,43.3506],[-70.12292,43.34911],[-70.12708,43.34792],[-70.13125,43.34514],[-70.13403,43.34792],[-70.13542,43.34896],[-70.13958,43.35042],[-70.14236,43.35208],[-70.14375,43.35327],[-70.14792,43.35556],[-70.15,43.35625],[-70.15104,43.36042],[-70.14875,43.36458],[-70.14792,43.36667],[-70.1475,43.36875],[-70.14792,43.36979],[-70.15,43.37292],[-70.15208,43.37417],[-70.15625,43.37708],[-70.16042,43.37986],[-70.16181,43.38125],[-70.16458,43.38542],[-70.16875,43.38264],[-70.17292,43.38229],[-70.17375,43.38125],[-70.17708,43.38014],[-70.17946,43.38125],[-70.17958,43.38542],[-70.18125,43.38681],[-70.18542,43.38958],[-70.18504,43.39375],[-70.18403,43.39792],[-70.18125,43.4],[-70.1794,43.40208],[-70.18125,43.40306],[-70.18426,43.40625],[-70.18542,43.40923],[-70.18681,43.41042],[-70.18875,43.41458],[-70.18958,43.41528],[-70.19375,43.41875],[-70.19792,43.41708],[-70.20104,43.41458],[-70.20125,43.41042],[-70.20208,43.40625],[-70.20208,43.40208],[-70.20208,43.39792],[-70.20208,43.39375],[-70.19931,43.38958],[-70.19931,43.38542],[-70.19792,43.385],[-70.19375,43.38304],[-70.18958,43.38229],[-70.1875,43.38125],[-70.1872,43.37708],[-70.1875,43.37292],[-70.18681,43.36875],[-70.1875,43.36458],[-70.18646,43.36042],[-70.18698,43.35625],[-70.1872,43.35208],[-70.18542,43.34896],[-70.18125,43.34792],[-70.17708,43.34375],[-70.18125,43.34167],[-70.18229,43.33958],[-70.18403,43.33542],[-70.18542,43.33333],[-70.18958,43.33125],[-70.18542,43.32708],[-70.18958,43.32708],[-70.19375,43.33125],[-70.19583,43.32708],[-70.19792,43.32604],[-70.20208,43.32542],[-70.20625,43.32708],[-70.21042,43.32778],[-70.21181,43.32708],[-70.21458,43.32542],[-70.21875,43.32448],[-70.22187,43.32292],[-70.21875,43.32135],[-70.21458,43.32135],[-70.21042,43.32064],[-70.20625,43.32042],[-70.20208,43.31875],[-70.19792,43.31542],[-70.19583,43.31458],[-70.19375,43.3125],[-70.19271,43.31042],[-70.19077,43.30625],[-70.19271,43.30208],[-70.19375,43.30139],[-70.19792,43.30023],[-70.20208,43.29931],[-70.20625,43.29851],[-70.21042,43.29792],[-70.21458,43.29375],[-70.21875,43.28958],[-70.22292,43.2875],[-70.22708,43.28542],[-70.225,43.28125],[-70.22292,43.27917],[-70.21875,43.27708],[-70.22292,43.27569],[-70.22396,43.27292],[-70.225,43.26875],[-70.22396,43.26458],[-70.22292,43.26319],[-70.22153,43.26042],[-70.22292,43.25875],[-70.22708,43.25625],[-70.23125,43.25469],[-70.23542,43.25473],[-70.23958,43.25511],[-70.24375,43.25625],[-70.24792,43.25764],[-70.25208,43.25729],[-70.25625,43.25729],[-70.25764,43.25625],[-70.25729,43.25208],[-70.25625,43.25],[-70.25208,43.24896],[-70.24792,43.24792],[-70.24896,43.24375],[-70.25208,43.24063],[-70.25347,43.23958],[-70.25625,43.23542],[-70.26042,43.23125],[-70.26208,43.22708],[-70.2625,43.22292],[-70.26458,43.21979],[-70.26542,43.21875],[-70.26771,43.21458],[-70.26875,43.21375],[-70.27208,43.21042],[-70.27292,43.20625],[-70.27708,43.20625],[-70.28125,43.20729],[-70.28403,43.20625],[-70.28542,43.20486],[-70.28958,43.20292],[-70.29097,43.20625],[-70.28958,43.20833],[-70.2883,43.21042],[-70.28889,43.21458],[-70.28958,43.2149],[-70.29028,43.21458],[-70.29375,43.21198],[-70.29479,43.21042],[-70.29631,43.20625],[-70.29792,43.20208],[-70.30208,43.19792],[-70.30625,43.19375],[-70.31042,43.19583],[-70.31458,43.19583],[-70.31496,43.19375],[-70.31736,43.18958],[-70.31875,43.18839],[-70.32292,43.18611],[-70.32523,43.18958],[-70.32708,43.19236],[-70.33042,43.18958],[-70.32917,43.18542],[-70.33125,43.18125],[-70.32875,43.17708],[-70.33125,43.17292],[-70.33292,43.16875],[-70.33542,43.16667],[-70.33958,43.16875],[-70.34077,43.16458],[-70.34236,43.16042],[-70.34375,43.15875],[-70.34792,43.15689],[-70.34958,43.15625],[-70.34911,43.15208],[-70.34792,43.14792],[-70.34458,43.14375],[-70.34792,43.14167],[-70.34977,43.13958],[-70.35089,43.13542],[-70.35208,43.13423],[-70.35625,43.13281],[-70.36042,43.13208],[-70.36111,43.13125],[-70.36458,43.12865],[-70.36875,43.12746],[-70.37014,43.12708],[-70.36875,43.12292],[-70.36667,43.11875],[-70.36562,43.11458],[-70.36875,43.11042],[-70.36458,43.10625],[-70.36667,43.10208],[-70.36875,43.09931],[-70.36958,43.09792],[-70.36875,43.09653],[-70.36458,43.09514],[-70.3625,43.09375],[-70.36042,43.08958],[-70.36125,43.08542],[-70.36146,43.08125],[-70.36042,43.07708],[-70.35625,43.07708],[-70.36042,43.07708],[-70.36354,43.07292],[-70.36458,43.07153],[-70.36875,43.07014],[-70.37292,43.07014],[-70.37708,43.06875],[-70.38125,43.06458],[-70.38125,43.06042],[-70.38542,43.05625],[-70.38958,43.05208],[-70.38958,43.04792],[-70.39167,43.04375],[-70.39167,43.03958],[-70.39167,43.03542],[-70.39375,43.03458],[-70.39792,43.03333],[-70.40208,43.03264],[-70.40625,43.03208],[-70.40764,43.03125],[-70.41042,43.02708],[-70.41458,43.025],[-70.41875,43.02292],[-70.42292,43.02153],[-70.42708,43.02014],[-70.42917,43.01875],[-70.42708,43.01458],[-70.42292,43.01181],[-70.42153,43.01042],[-70.42083,43.00625],[-70.42083,43.00208],[-70.42292,42.99792],[-70.42431,42.99375],[-70.42708,42.98958],[-70.43125,42.98819],[-70.43542,42.98625],[-70.43958,42.98542],[-70.44167,42.98125],[-70.43958,42.97708],[-70.43542,42.97292],[-70.43542,42.96875],[-70.43542,42.96458],[-70.43958,42.96042],[-70.44375,42.95938],[-70.44792,42.95833],[-70.45208,42.95764],[-70.45625,42.95625],[-70.46042,42.95208],[-70.46042,42.94792],[-70.45625,42.9475],[-70.45208,42.94625],[-70.44958,42.94375],[-70.44792,42.93958],[-70.44375,42.93958],[-70.43958,42.93883],[-70.43542,42.9383],[-70.43125,42.93828],[-70.42708,42.93854],[-70.42292,42.93854],[-70.41875,42.93798],[-70.41524,42.93542],[-70.41458,42.93485],[-70.41165,42.93125],[-70.41042,42.92869],[-70.40868,42.92708],[-70.40625,42.92596],[-70.40208,42.92565],[-70.39792,42.92526],[-70.39375,42.92442],[-70.39062,42.92292],[-70.38958,42.92202],[-70.38542,42.91973],[-70.38125,42.91875],[-70.37708,42.91673],[-70.37292,42.91622],[-70.36875,42.91516],[-70.36747,42.91458],[-70.36458,42.91271],[-70.36042,42.9115],[-70.3592,42.91042],[-70.36042,42.90718],[-70.3625,42.90625],[-70.36458,42.90549],[-70.36875,42.90284],[-70.37014,42.90208],[-70.36875,42.90104],[-70.36728,42.89792],[-70.36845,42.89375],[-70.36875,42.8936],[-70.37292,42.89215],[-70.37708,42.89172],[-70.38125,42.89079],[-70.38542,42.89141],[-70.38958,42.89144],[-70.39375,42.89187],[-70.39792,42.89178],[-70.40208,42.89116],[-70.40625,42.8903],[-70.41042,42.88972],[-70.41458,42.89065],[-70.41875,42.89066],[-70.42292,42.8911],[-70.42708,42.89142],[-70.43125,42.89247],[-70.43437,42.89375],[-70.43542,42.89447],[-70.43958,42.8957],[-70.44375,42.89773],[-70.44427,42.89792],[-70.44792,42.89896],[-70.45208,42.90008],[-70.45625,42.90186],[-70.45655,42.90208],[-70.46042,42.90569],[-70.46458,42.90625],[-70.46875,42.90465],[-70.47292,42.90436],[-70.47708,42.90387],[-70.48125,42.90375],[-70.48542,42.90367],[-70.48843,42.90625],[-70.48958,42.90799],[-70.4925,42.91042],[-70.49375,42.91354],[-70.49479,42.91458],[-70.49542,42.91875],[-70.49514,42.92292],[-70.49792,42.92708],[-70.50069,42.92292],[-70.50208,42.91875],[-70.50347,42.91458],[-70.50417,42.91042],[-70.50208,42.90764],[-70.50104,42.90625],[-70.49792,42.90208],[-70.49375,42.89792],[-70.48958,42.89479],[-70.4875,42.89375],[-70.48542,42.88958],[-70.48125,42.88958],[-70.47847,42.88542],[-70.47708,42.88125],[-70.47708,42.87708],[-70.48125,42.87847],[-70.48208,42.87708],[-70.48244,42.87292],[-70.48542,42.86994],[-70.48958,42.86905],[-70.49375,42.86896],[-70.49792,42.86892],[-70.50208,42.86911],[-70.50625,42.86875],[-70.50625,42.86458],[-70.51042,42.86042],[-70.51042,42.85625],[-70.51458,42.85208],[-70.51875,42.85125],[-70.52292,42.85104],[-70.52708,42.84792],[-70.53125,42.84792],[-70.53542,42.84792],[-70.53958,42.84792],[-70.54167,42.84375],[-70.54375,42.84167],[-70.54792,42.84375],[-70.55208,42.84236],[-70.55625,42.84097],[-70.55764,42.83958],[-70.56042,42.8375],[-70.56458,42.83542],[-70.56875,42.83125],[-70.57083,42.82708],[-70.56875,42.82292],[-70.56736,42.81875],[-70.56875,42.81458],[-70.57292,42.81042],[-70.57292,42.80625],[-70.57361,42.80208],[-70.57292,42.8],[-70.56875,42.80174],[-70.56736,42.80208],[-70.56458,42.80375],[-70.56042,42.80469],[-70.55625,42.80394],[-70.55208,42.8026],[-70.55139,42.80208],[-70.54792,42.79977],[-70.54653,42.79792],[-70.54375,42.79489],[-70.53958,42.79503],[-70.53542,42.79522],[-70.53125,42.79413],[-70.53065,42.79375],[-70.52708,42.79271],[-70.52292,42.79216],[-70.51875,42.79034],[-70.51736,42.78958],[-70.51458,42.7883],[-70.51042,42.78646],[-70.50903,42.78542],[-70.50625,42.78363],[-70.50208,42.78375],[-70.50116,42.78542],[-70.49911,42.78958],[-70.49792,42.79097],[-70.49375,42.79271],[-70.48958,42.78958],[-70.48542,42.7875],[-70.48333,42.78542],[-70.48125,42.78403],[-70.47847,42.78125],[-70.47708,42.78042],[-70.47292,42.77917],[-70.47014,42.77708],[-70.46875,42.77656],[-70.46458,42.775],[-70.46181,42.77292],[-70.46042,42.77232],[-70.45685,42.76875],[-70.45625,42.76736],[-70.45208,42.76458],[-70.45,42.76875],[-70.44931,42.77292],[-70.44792,42.77708],[-70.44583,42.78125],[-70.44479,42.78542],[-70.44375,42.78646],[-70.43958,42.78792],[-70.43542,42.78667],[-70.43125,42.78638],[-70.42875,42.78542],[-70.42708,42.78449],[-70.42292,42.78368],[-70.41875,42.7831],[-70.41458,42.78125],[-70.41042,42.78056],[-70.40625,42.78021],[-70.40208,42.78021],[-70.39792,42.78021],[-70.39375,42.78125],[-70.39792,42.78542],[-70.40208,42.78681],[-70.40486,42.78958],[-70.40625,42.78988],[-70.41042,42.79097],[-70.41412,42.79375],[-70.41458,42.7941],[-70.41875,42.79708],[-70.42014,42.79792],[-70.42292,42.79931],[-70.42548,42.80208],[-70.42458,42.80625],[-70.42292,42.80718],[-70.41875,42.80625],[-70.41458,42.80903],[-70.41042,42.80667],[-70.40833,42.80625],[-70.40625,42.80565],[-70.40208,42.80486],[-70.39792,42.80208],[-70.39375,42.80083],[-70.38958,42.80026],[-70.38542,42.7987],[-70.38125,42.79792],[-70.37708,42.79479],[-70.37542,42.79375],[-70.37292,42.79286],[-70.36875,42.79167],[-70.36458,42.79151],[-70.36042,42.7911],[-70.35625,42.78958],[-70.35208,42.78807],[-70.34792,42.78731],[-70.34375,42.78594],[-70.33958,42.78594],[-70.33542,42.78698],[-70.3331,42.78958],[-70.33125,42.79375],[-70.33125,42.79792],[-70.33444,42.80208],[-70.33542,42.80319],[-70.33924,42.80625],[-70.33958,42.80651],[-70.34326,42.81042],[-70.34375,42.81101],[-70.34708,42.81458],[-70.34792,42.81484],[-70.35208,42.81551],[-70.35625,42.81717],[-70.35778,42.81875],[-70.36042,42.82068],[-70.36311,42.82292],[-70.36458,42.8239],[-70.36875,42.82586],[-70.37024,42.82708],[-70.37292,42.82896],[-70.37644,42.83125],[-70.37708,42.83163],[-70.38125,42.83365],[-70.38302,42.83542],[-70.38542,42.83787],[-70.38708,42.83958],[-70.38958,42.84329],[-70.39005,42.84375],[-70.39375,42.84775],[-70.39397,42.84792],[-70.39792,42.8508],[-70.40095,42.85208],[-70.40208,42.85417],[-70.40365,42.85625],[-70.40473,42.86042],[-70.40362,42.86458],[-70.40208,42.8658],[-70.39792,42.86656],[-70.39375,42.8658],[-70.38958,42.86516],[-70.38766,42.86458],[-70.38542,42.86387],[-70.38125,42.86211],[-70.37726,42.86042],[-70.37708,42.8603],[-70.37292,42.85724],[-70.37181,42.85625],[-70.36875,42.85377],[-70.36631,42.85208],[-70.36458,42.85016],[-70.36234,42.84792],[-70.36042,42.84554],[-70.35854,42.84375],[-70.35625,42.84048],[-70.35208,42.8419],[-70.35167,42.84375],[-70.35133,42.84792],[-70.35208,42.84903],[-70.35443,42.85208],[-70.35499,42.85625],[-70.35625,42.85733],[-70.35921,42.86042],[-70.36042,42.86198],[-70.36458,42.86406],[-70.36513,42.86458],[-70.36667,42.86875],[-70.36875,42.86979],[-70.37125,42.87292],[-70.37292,42.87371],[-70.37708,42.8751],[-70.38125,42.87595],[-70.38542,42.87658],[-70.38655,42.87708],[-70.38542,42.88065],[-70.38403,42.88125],[-70.38125,42.88142],[-70.38021,42.88125],[-70.37708,42.88025],[-70.37292,42.87917],[-70.36875,42.87872],[-70.36458,42.87847],[-70.36042,42.87742],[-70.35625,42.87708],[-70.35208,42.87756],[-70.34931,42.87708],[-70.34792,42.87669],[-70.34375,42.87508],[-70.33958,42.8737],[-70.33681,42.87292],[-70.33542,42.86875],[-70.33125,42.86958],[-70.32708,42.86915],[-70.32569,42.86875],[-70.32292,42.86458],[-70.31875,42.86328],[-70.31458,42.86333],[-70.31042,42.86311],[-70.30625,42.86285],[-70.30208,42.86138],[-70.29958,42.86042],[-70.29792,42.85998],[-70.29375,42.85972],[-70.28958,42.86025],[-70.28601,42.85625],[-70.28542,42.85583],[-70.28125,42.85564],[-70.27898,42.85625],[-70.27708,42.85683],[-70.27292,42.8566],[-70.27187,42.85625],[-70.26875,42.85518],[-70.26458,42.85501],[-70.26042,42.85536],[-70.25729,42.85625],[-70.25625,42.85792],[-70.25208,42.85903],[-70.24792,42.85885],[-70.24375,42.85852],[-70.23958,42.85913],[-70.23542,42.86012],[-70.23495,42.86042],[-70.23125,42.86412],[-70.23083,42.86458],[-70.22857,42.86875],[-70.22708,42.87035],[-70.22292,42.87292],[-70.21875,42.87514],[-70.21632,42.87708],[-70.21701,42.88125],[-70.21458,42.88417],[-70.2128,42.88542],[-70.21042,42.88629],[-70.20625,42.88733],[-70.20208,42.88819],[-70.19844,42.88958],[-70.19792,42.88996],[-70.19531,42.89375],[-70.19375,42.89688],[-70.18958,42.89762],[-70.1894,42.89792],[-70.18828,42.90208],[-70.18661,42.90625],[-70.18542,42.90833],[-70.18208,42.91042],[-70.18125,42.91083],[-70.17708,42.91155],[-70.17292,42.91266],[-70.16875,42.91345],[-70.16696,42.91458],[-70.16458,42.91736],[-70.16042,42.91826],[-70.15764,42.91875],[-70.15625,42.91935],[-70.15208,42.91994],[-70.14792,42.92135],[-70.14444,42.91875],[-70.14375,42.91829],[-70.14236,42.91875],[-70.14375,42.92292],[-70.13958,42.91994],[-70.13542,42.9224],[-70.13438,42.92292],[-70.13542,42.92396],[-70.13792,42.92708],[-70.13542,42.92847],[-70.13125,42.92933],[-70.12963,42.92708],[-70.12708,42.92403],[-70.12292,42.92437],[-70.11875,42.9247],[-70.11458,42.92542],[-70.1125,42.92708],[-70.11042,42.92847],[-70.10625,42.93087],[-70.10583,42.93125],[-70.10208,42.93542],[-70.09844,42.93958],[-70.09792,42.94167],[-70.09708,42.94375],[-70.09375,42.94708],[-70.09167,42.94792],[-70.08958,42.94896],[-70.08708,42.95208],[-70.0875,42.95625],[-70.08958,42.95972],[-70.09167,42.96042],[-70.08958,42.96458],[-70.08819,42.96042],[-70.08542,42.95923],[-70.08125,42.95958],[-70.08056,42.96042],[-70.07708,42.96458],[-70.07292,42.96779],[-70.07042,42.96875],[-70.06875,42.97014],[-70.06756,42.97292],[-70.06548,42.97708],[-70.06458,42.97865],[-70.0625,42.98125],[-70.0628,42.98542],[-70.06042,42.98875],[-70.0599,42.98958],[-70.06042,42.99063],[-70.06354,42.99375],[-70.06042,42.99792],[-70.0603,43.00208],[-70.06042,43.00233],[-70.06458,43.00401],[-70.06875,43.00278],[-70.07292,43.00521],[-70.07708,43.00417],[-70.07973,43.00625],[-70.08006,43.01042],[-70.07917,43.01458],[-70.07847,43.01875],[-70.08042,43.02292],[-70.07708,43.02569],[-70.07292,43.02595],[-70.06875,43.02523],[-70.06496,43.02292],[-70.06458,43.02083],[-70.06446,43.02292],[-70.06439,43.02708],[-70.06458,43.02917],[-70.06577,43.03125],[-70.06875,43.03274],[-70.0725,43.03542],[-70.07208,43.03958],[-70.06875,43.04329],[-70.06864,43.04375],[-70.06875,43.04444],[-70.07014,43.04792],[-70.07113,43.05208],[-70.07292,43.05486],[-70.07388,43.05625],[-70.07708,43.06004],[-70.0776,43.06042],[-70.08125,43.06458],[-70.08125,43.06875],[-70.08542,43.07135],[-70.08958,43.0724],[-70.09375,43.0724],[-70.09792,43.0725],[-70.1,43.07292],[-70.09931,43.07708],[-70.09792,43.07813],[-70.09583,43.08125],[-70.09375,43.08542],[-70.09792,43.08681],[-70.10208,43.08819],[-70.10625,43.08958],[-70.10917,43.09375],[-70.10903,43.09792],[-70.10625,43.09943],[-70.10208,43.10046],[-70.09931,43.10208],[-70.09792,43.10289],[-70.09375,43.10365],[-70.08958,43.10355],[-70.08542,43.1024],[-70.08333,43.10208],[-70.08125,43.10139],[-70.08073,43.10208],[-70.07869,43.10625],[-70.08125,43.11017],[-70.08167,43.11042],[-70.08542,43.11212],[-70.08958,43.11327],[-70.09375,43.11326],[-70.09792,43.11342],[-70.10208,43.11267],[-70.10595,43.11042],[-70.10625,43.1102],[-70.11042,43.10916],[-70.11458,43.10924],[-70.11597,43.11042],[-70.11458,43.11292],[-70.11161,43.11458],[-70.11042,43.11525],[-70.10625,43.11725],[-70.10284,43.11875],[-70.10208,43.11905],[-70.09792,43.12113],[-70.09375,43.12292],[-70.08958,43.12316],[-70.08542,43.12326],[-70.08403,43.12292],[-70.08125,43.12173],[-70.07708,43.11979],[-70.07646,43.12292],[-70.07684,43.12708],[-70.07633,43.13125],[-70.07384,43.13542],[-70.07708,43.13724],[-70.08125,43.13773],[-70.08542,43.13796],[-70.08958,43.13787],[-70.09167,43.13542],[-70.09375,43.13407],[-70.09792,43.13327],[-70.10208,43.13288],[-70.10625,43.13313],[-70.11042,43.13444],[-70.11319,43.13542],[-70.1125,43.13958],[-70.11042,43.14025],[-70.10625,43.14053],[-70.10208,43.14083],[-70.09792,43.14201],[-70.09444,43.14375],[-70.09375,43.14396],[-70.08958,43.14745],[-70.08854,43.14792],[-70.08542,43.14846],[-70.08125,43.15076],[-70.0776,43.15208],[-70.07708,43.1523],[-70.07292,43.15365],[-70.06875,43.15587],[-70.06792,43.15625],[-70.06458,43.1581],[-70.06111,43.16042],[-70.06042,43.16111],[-70.05868,43.16458],[-70.05875,43.16875],[-70.05625,43.17054],[-70.05403,43.17292],[-70.05208,43.17438],[-70.0489,43.17708],[-70.04792,43.17819],[-70.04375,43.18099],[-70.04333,43.18125],[-70.03996,43.18542],[-70.03958,43.18594],[-70.03715,43.18958],[-70.03681,43.19375],[-70.03708,43.19792],[-70.03958,43.20042],[-70.04375,43.20208],[-70.04583,43.20625],[-70.04375,43.20714],[-70.04063,43.20625],[-70.03958,43.20486],[-70.03542,43.20521],[-70.03403,43.20625],[-70.03125,43.20718],[-70.02958,43.20625],[-70.02708,43.205],[-70.02292,43.20208],[-70.01875,43.20278],[-70.01458,43.20313],[-70.01042,43.20347],[-70.00625,43.20333],[-70.00208,43.20337],[-70,43.20337]]},"properties":{"fid":8456,"ID":8455,"ELEV":-100}},
{"type":"Feature","geometry":{"type":"LineString","coordinates":[[-70.20573,42.74792],[-70.20625,42.74757],[-70.21042,42.7456],[-70.21458,42.74492],[-70.21875,42.74425],[-70.22292,42.74485],[-70.22708,42.74552],[-70.23125,42.7474],[-70.23203,42.74792],[-70.23504,42.75208],[-70.23264,42.75625],[-70.23125,42.75685],[-70.22768,42.76042],[-70.22708,42.76094],[-70.22292,42.76364],[-70.2206,42.76458],[-70.21875,42.76577],[-70.21458,42.76667],[-70.21042,42.76644],[-70.20739,42.76458],[-70.20625,42.7638],[-70.20208,42.76343],[-70.19792,42.76236],[-70.19646,42.76042],[-70.19653,42.75625],[-70.19792,42.75451],[-70.20016,42.75208],[-70.20208,42.75016],[-70.20573,42.74792]]},"properties":{"fid":8510,"ID":8509,"ELEV":-100}},
{"type":"Feature","geometry":{"type":"LineString","coordinates":[[-70.83125,42.725],[-70.82917,42.72708],[-70.83125,42.72847],[-70.83264,42.72708],[-70.83125,42.725]]},"properties":{"fid":8562,"ID":8561,"ELEV":0}},
{"type":"Feature","geometry":{"type":"LineString","coordinates":[[-70.17708,42.71875],[-70.18125,42.71667],[-70.18333,42.71875],[-70.18125,42.71951],[-70.17708,42.71875]]},"properties":{"fid":8582,"ID":8581,"ELEV":-100}},
{"type":"Feature","geometry":{"type":"LineString","coordinates":[[-70.80625,42.71458],[-70.80417,42.71875],[-70.80625,42.71979],[-70.80833,42.72292],[-70.80625,42.725],[-70.80312,42.72292],[-70.80208,42.72083],[-70.80139,42.72292],[-70.80069,42.72708],[-70.8,42.73125],[-70.80069,42.73542],[-70.80208,42.7375],[-70.80347,42.73958],[-70.80625,42.74236],[-70.80764,42.74375],[-70.80833,42.74792],[-70.80833,42.75208],[-70.81042,42.75625],[-70.81458,42.75417],[-70.81667,42.75625],[-70.81875,42.75764],[-70.82083,42.75625],[-70.82153,42.75208],[-70.82125,42.74792],[-70.82188,42.74375],[-70.81875,42.74063],[-70.81771,42.73958],[-70.81771,42.73542],[-70.81458,42.73292],[-70.81319,42.73125],[-70.8128,42.72708],[-70.81458,42.725],[-70.81667,42.72708],[-70.81875,42.72958],[-70.82083,42.73125],[-70.82292,42.73333],[-70.825,42.73125],[-70.82569,42.72708],[-70.82292,42.72431],[-70.82188,42.72292],[-70.82188,42.71875],[-70.81875,42.71563],[-70.81458,42.71597],[-70.81042,42.71458],[-70.80625,42.71458]]},"properties":{"fid":8583,"ID":8582,"ELEV":0}},
{"type":"Feature","geometry":{"type":"LineString","coordinates":[[-70.78958,42.7125],[-70.78819,42.71458],[-70.78958,42.71597],[-70.79375,42.71458],[-70.78958,42.7125]]},"properties":{"fid":8599,"ID":8598,"ELEV":0}},
{"type":"Feature","geometry":{"type":"LineString","coordinates":[[-70.12431,42.70625],[-70.12708,42.70458],[-70.13125,42.70375],[-70.13542,42.70486],[-70.13958,42.70625],[-70.14375,42.70625],[-70.14792,42.70903],[-70.14896,42.71042],[-70.15208,42.71198],[-70.15625,42.71319],[-70.16042,42.7125],[-70.16458,42.71399],[-70.16597,42.71458],[-70.16597,42.71875],[-70.16875,42.72083],[-70.16994,42.72292],[-70.16875,42.72431],[-70.16458,42.72625],[-70.16042,42.7253],[-70.15625,42.72292],[-70.15208,42.72708],[-70.14792,42.73125],[-70.14375,42.73333],[-70.13958,42.73281],[-70.13542,42.73125],[-70.13125,42.72813],[-70.13021,42.72708],[-70.13021,42.72292],[-70.12917,42.71875],[-70.12708,42.71667],[-70.12569,42.71458],[-70.12604,42.71042],[-70.12431,42.70625]]},"properties":{"fid":8619,"ID":8618,"ELEV":-100}},
{"type":"Feature","geometry":{"type":"LineString","coordinates":[[-70.05875,42.67708],[-70.06042,42.67569],[-70.06319,42.67708],[-70.06042,42.67917],[-70.05875,42.67708]]},"properties":{"fid":8680,"ID":8679,"ELEV":-100}},
{"type":"Feature","geometry":{"type":"LineString","coordinates":[[-70.58833,42.66042],[-70.58958,42.65895],[-70.59236,42.66042],[-70.58958,42.66208],[-70.58833,42.66042]]},"properties":{"fid":8724,"ID":8723,"ELEV":0}},
{"type":"Feature","geometry":{"type":"LineString","coordinates":[[-70.75625,42.64494],[-70.75327,42.64792],[-70.75208,42.64911],[-70.75104,42.65208],[-70.75208,42.65469],[-70.75521,42.65625],[-70.75625,42.65729],[-70.75833,42.65625],[-70.76042,42.65521],[-70.7625,42.65208],[-70.76292,42.64792],[-70.76042,42.64583],[-70.75625,42.64494]]},"properties":{"fid":8753,"ID":8752,"ELEV":0}},
{"type":"Feature","geometry":{"type":"LineString","coordinates":[[-70.57682,42.63542],[-70.57708,42.63507],[-70.57736,42.63542],[-70.57708,42.63561],[-70.57682,42.63542]]},"properties":{"fid":8799,"ID":8798,"ELEV":0}},
{"type":"Feature","geometry":{"type":"LineString","coordinates":[[-70.58819,42.62708],[-70.58958,42.62597],[-70.5911,42.62708],[-70.58958,42.6286],[-70.58819,42.62708]]},"properties":{"fid":8819,"ID":8818,"ELEV":0}},
{"type":"Feature","geometry":{"type":"LineString","coordinates":[[-70.48125,42.61406],[-70.47708,42.61458],[-70.48125,42.61528],[-70.48333,42.61458],[-70.48125,42.61406]]},"properties":{"fid":8853,"ID":8852,"ELEV":-100}},
{"type":"Feature","geometry":{"type":"LineString","coordinates":[[-70.3849,42.57708],[-70.38542,42.5769],[-70.38958,42.57688],[-70.39375,42.57667],[-70.39792,42.57633],[-70.39875,42.57708],[-70.39792,42.57801],[-70.39375,42.57801],[-70.38958,42.57792],[-70.38542,42.57792],[-70.3849,42.57708]]},"properties":{"fid":8960,"ID":8959,"ELEV":-100}},
{"type":"Feature","geometry":{"type":"LineString","coordinates":[[-70.3352,42.55208],[-70.33542,42.55185],[-70.33958,42.55172],[-70.34125,42.55208],[-70.34375,42.55313],[-70.34792,42.55324],[-70.35208,42.55208],[-70.35625,42.55162],[-70.35677,42.55208],[-70.36042,42.55417],[-70.36154,42.55625],[-70.36283,42.56042],[-70.36458,42.56319],[-70.36525,42.56458],[-70.36458,42.56792],[-70.36042,42.56792],[-70.35625,42.56496],[-70.35208,42.56479],[-70.35,42.56458],[-70.34792,42.56354],[-70.34479,42.56042],[-70.34375,42.56],[-70.34167,42.56042],[-70.33958,42.56088],[-70.3375,42.56042],[-70.33542,42.55625],[-70.3352,42.55208]]},"properties":{"fid":9024,"ID":9023,"ELEV":-100}},
{"type":"Feature","geometry":null,"properties":{"fid":9025,"ID":9024,"ELEV":-100}},
{"type":"Feature","geometry":{"type":"LineString","coordinates":[[-70.77973,42.55208],[-70.78125,42.55075],[-70.783,42.55208],[-70.78125,42.55542],[-70.77973,42.55208]]},"properties":{"fid":9026,"ID":9025,"ELEV":0}},
{"type":"Feature","geometry":{"type":"LineString","coordinates":[[-70.21875,42.54271],[-70.21745,42.54375],[-70.21458,42.54616],[-70.2125,42.54792],[-70.21328,42.55208],[-70.21319,42.55625],[-70.21125,42.56042],[-70.21458,42.56161],[-70.21644,42.56042],[-70.21875,42.55822],[-70.22072,42.55625],[-70.22042,42.55208],[-70.22292,42.54833],[-70.22323,42.54792],[-70.22662,42.54375],[-70.22292,42.54119],[-70.21875,42.54271]]},"properties":{"fid":9047,"ID":9046,"ELEV":-100}},
{"type":"Feature","geometry":{"type":"LineString","coordinates":[[-70.79716,42.54375],[-70.79792,42.54296],[-70.79875,42.54375],[-70.80208,42.54622],[-70.80427,42.54792],[-70.80417,42.55208],[-70.80208,42.55433],[-70.80037,42.55208],[-70.79792,42.54989],[-70.79375,42.54954],[-70.79229,42.54792],[-70.79375,42.54675],[-70.79716,42.54375]]},"properties":{"fid":9048,"ID":9047,"ELEV":0}},
{"type":"Feature","geometry":{"type":"LineString","coordinates":[[-70.89375,42.53385],[-70.89219,42.53542],[-70.89375,42.53958],[-70.89453,42.53542],[-70.89375,42.53385]]},"properties":{"fid":9069,"ID":9068,"ELEV":0}},
{"type":"Feature","geometry":{"type":"LineString","coordinates":[[-70.78437,42.53125],[-70.78542,42.53],[-70.78958,42.53125],[-70.78988,42.53542],[-70.78958,42.53564],[-70.78542,42.53724],[-70.78341,42.53542],[-70.78437,42.53125]]},"properties":{"fid":9082,"ID":9081,"ELEV":0}},
{"type":"Feature","geometry":{"type":"LineString","coordinates":[[-70.38152,42.52708],[-70.38542,42.52517],[-70.38958,42.5261],[-70.39069,42.52708],[-70.39375,42.52983],[-70.39792,42.53094],[-70.39844,42.53125],[-70.40208,42.53297],[-70.40625,42.53349],[-70.40982,42.53542],[-70.41042,42.53569],[-70.41458,42.53854],[-70.41556,42.53958],[-70.41761,42.54375],[-70.41667,42.54792],[-70.41458,42.5508],[-70.41236,42.55208],[-70.41042,42.55347],[-70.40625,42.55518],[-70.40208,42.55501],[-70.39865,42.55625],[-70.39792,42.55655],[-70.39375,42.55779],[-70.39202,42.55625],[-70.39016,42.55208],[-70.38958,42.55143],[-70.38583,42.54792],[-70.38542,42.54754],[-70.38125,42.5464],[-70.3786,42.54375],[-70.37854,42.53958],[-70.37883,42.53542],[-70.37949,42.53125],[-70.38125,42.52743],[-70.38152,42.52708]]},"properties":{"fid":9094,"ID":9093,"ELEV":-100}},
{"type":"Feature","geometry":{"type":"LineString","coordinates":[[-70.25625,42.52708],[-70.25849,42.53125],[-70.26042,42.5325],[-70.26458,42.53283],[-70.26875,42.5338],[-70.27292,42.53423],[-70.27649,42.53542],[-70.27708,42.53571],[-70.28047,42.53958],[-70.28125,42.54375],[-70.27986,42.54792],[-70.28125,42.54931],[-70.28363,42.55208],[-70.28542,42.55565],[-70.28958,42.55573],[-70.29323,42.55208],[-70.29375,42.55069],[-70.29444,42.55208],[-70.29491,42.55625],[-70.29375,42.55774],[-70.28958,42.55655],[-70.28733,42.56042],[-70.28958,42.56327],[-70.29151,42.56458],[-70.29375,42.56612],[-70.29792,42.56667],[-70.29931,42.56875],[-70.30208,42.5725],[-70.30278,42.57292],[-70.30625,42.5749],[-70.30756,42.57708],[-70.30773,42.58125],[-70.3082,42.58542],[-70.30969,42.58958],[-70.30879,42.59375],[-70.31042,42.59609],[-70.31116,42.59792],[-70.3109,42.60208],[-70.31042,42.6044],[-70.30988,42.60625],[-70.30893,42.61042],[-70.30625,42.61342],[-70.30517,42.61458],[-70.30208,42.61792],[-70.30078,42.61875],[-70.29792,42.61984],[-70.29375,42.62029],[-70.2908,42.61875],[-70.28958,42.61798],[-70.28542,42.61679],[-70.28274,42.61458],[-70.28125,42.61315],[-70.27905,42.61042],[-70.27789,42.60625],[-70.27708,42.60417],[-70.27608,42.60208],[-70.27435,42.59792],[-70.27292,42.59643],[-70.27083,42.59375],[-70.26875,42.59107],[-70.26715,42.58958],[-70.26526,42.58542],[-70.26536,42.58125],[-70.26501,42.57708],[-70.26458,42.57604],[-70.26337,42.57292],[-70.26315,42.56875],[-70.26202,42.56458],[-70.26042,42.5631],[-70.25774,42.56042],[-70.2566,42.55625],[-70.25849,42.55208],[-70.25651,42.54792],[-70.25729,42.54375],[-70.25868,42.53958],[-70.25625,42.53634],[-70.25573,42.53542],[-70.25417,42.53125],[-70.25625,42.52708]]},"properties":{"fid":9095,"ID":9094,"ELEV":-100}},
{"type":"Feature","geometry":{"type":"LineString","coordinates":[[-73.75625,42.52582],[-73.7556,42.52708],[-73.75532,42.53125],[-73.75208,42.53499],[-73.75171,42.53542],[-73.75208,42.53653],[-73.75625,42.5375],[-73.76042,42.53542],[-73.75923,42.53125],[-73.75917,42.52708],[-73.75625,42.52582]]},"properties":{"fid":9096,"ID":9095,"ELEV":0}},
{"type":"Feature","geometry":{"type":"LineString","coordinates":[[-70.88542,42.52633],[-70.88438,42.52708],[-70.88542,42.52847],[-70.88617,42.52708],[-70.88542,42.52633]]},"properties":{"fid":9097,"ID":9096,"ELEV":0}},
{"type":"Feature","geometry":{"type":"LineString","coordinates":[[-70.17292,42.5224],[-70.16979,42.52292],[-70.17292,42.52431],[-70.17542,42.52708],[-70.17708,42.52796],[-70.18037,42.53125],[-70.18125,42.53208],[-70.18542,42.53308],[-70.18819,42.53542],[-70.18958,42.53646],[-70.19167,42.53542],[-70.19042,42.53125],[-70.19077,42.52708],[-70.18958,42.525],[-70.18625,42.52708],[-70.18542,42.52743],[-70.18333,42.52708],[-70.18125,42.5267],[-70.17708,42.52523],[-70.17448,42.52292],[-70.17292,42.5224]]},"properties":{"fid":9107,"ID":9106,"ELEV":-100}},
{"type":"Feature","geometry":{"type":"LineString","coordinates":[[-70.12708,42.51667],[-70.125,42.51875],[-70.12708,42.5206],[-70.13042,42.51875],[-70.12708,42.51667]]},"properties":{"fid":9113,"ID":9112,"ELEV":-100}},
{"type":"Feature","geometry":{"type":"LineString","coordinates":[[-70.40521,42.51458],[-70.40625,42.51375],[-70.41042,42.51362],[-70.41167,42.51458],[-70.41292,42.51875],[-70.41042,42.52014],[-70.40792,42.51875],[-70.40625,42.51667],[-70.40521,42.51458]]},"properties":{"fid":9121,"ID":9120,"ELEV":-100}},
{"type":"Feature","geometry":{"type":"LineString","coordinates":[[-73.76875,42.50881],[-73.76528,42.51042],[-73.76458,42.51111],[-73.76368,42.51458],[-73.76042,42.51833],[-73.76013,42.51875],[-73.75892,42.52292],[-73.76042,42.52604],[-73.76292,42.52292],[-73.76458,42.52135],[-73.76875,42.51875],[-73.77042,42.51458],[-73.7697,42.51042],[-73.76875,42.50881]]},"properties":{"fid":9130,"ID":9129,"ELEV":0}},
{"type":"Feature","geometry":{"type":"LineString","coordinates":[[-73.77292,42.50458],[-73.77113,42.50625],[-73.77292,42.50734],[-73.77542,42.50625],[-73.77292,42.50458]]},"properties":{"fid":9142,"ID":9141,"ELEV":0}},
{"type":"Feature","geometry":{"type":"LineString","coordinates":[[-70.25549,42.50208],[-70.25625,42.50184],[-70.25792,42.50208],[-70.26042,42.50286],[-70.26192,42.50625],[-70.26393,42.51042],[-70.26458,42.51155],[-70.26634,42.51458],[-70.26875,42.51728],[-70.27292,42.51703],[-70.27664,42.51458],[-70.27708,42.51438],[-70.27875,42.51458],[-70.28125,42.51536],[-70.28251,42.51875],[-70.28304,42.52292],[-70.28177,42.52708],[-70.28542,42.52933],[-70.28958,42.52976],[-70.29058,42.53125],[-70.29167,42.53542],[-70.29051,42.53958],[-70.28958,42.54005],[-70.28866,42.53958],[-70.28542,42.53542],[-70.28185,42.53125],[-70.28125,42.52917],[-70.27708,42.52986],[-70.27292,42.52778],[-70.27208,42.52708],[-70.26875,42.52508],[-70.26458,42.52569],[-70.26042,42.52597],[-70.25772,42.52292],[-70.25799,42.51875],[-70.25671,42.51458],[-70.25625,42.51339],[-70.25436,42.51042],[-70.25347,42.50625],[-70.25549,42.50208]]},"properties":{"fid":9153,"ID":9152,"ELEV":-100}},
{"type":"Feature","geometry":{"type":"LineString","coordinates":[[-70.05958,42.49792],[-70.06042,42.49745],[-70.06083,42.49792],[-70.06042,42.49861],[-70.05958,42.49792]]},"properties":{"fid":9165,"ID":9164,"ELEV":-100}},
{"type":"Feature","geometry":{"type":"LineString","coordinates":[[-73.77708,42.49663],[-73.77557,42.49792],[-73.77708,42.50208],[-73.77875,42.49792],[-73.77708,42.49663]]},"properties":{"fid":9166,"ID":9165,"ELEV":0}},
{"type":"Feature","geometry":{"type":"LineString","coordinates":[[-70.31786,42.49375],[-70.31875,42.49313],[-70.32292,42.49306],[-70.32644,42.49375],[-70.32708,42.49439],[-70.33125,42.49613],[-70.33317,42.49792],[-70.33542,42.50156],[-70.33554,42.50208],[-70.33673,42.50625],[-70.33958,42.50986],[-70.33996,42.51042],[-70.34375,42.51404],[-70.34413,42.51458],[-70.34392,42.51875],[-70.34375,42.51905],[-70.34036,42.52292],[-70.34167,42.52708],[-70.33958,42.53125],[-70.34375,42.53393],[-70.34479,42.53542],[-70.34792,42.53932],[-70.34807,42.53958],[-70.34792,42.5399],[-70.34375,42.53979],[-70.34292,42.53958],[-70.33958,42.53681],[-70.33792,42.53542],[-70.33542,42.53403],[-70.33125,42.53221],[-70.33099,42.53125],[-70.33125,42.52708],[-70.3286,42.52292],[-70.32708,42.52125],[-70.32458,42.51875],[-70.32292,42.51771],[-70.31875,42.51539],[-70.31693,42.51458],[-70.31458,42.51261],[-70.31315,42.51042],[-70.3119,42.50625],[-70.31414,42.50208],[-70.31356,42.49792],[-70.31458,42.49683],[-70.31786,42.49375]]},"properties":{"fid":9176,"ID":9175,"ELEV":-100}},
{"type":"Feature","geometry":{"type":"LineString","coordinates":[[-70.45208,42.49049],[-70.45006,42.49375],[-70.45208,42.4975],[-70.4525,42.49792],[-70.45292,42.50208],[-70.45625,42.506],[-70.4566,42.50625],[-70.45958,42.51042],[-70.46042,42.51111],[-70.4625,42.51042],[-70.46458,42.50625],[-70.46205,42.50208],[-70.46042,42.4992],[-70.45966,42.49792],[-70.45779,42.49375],[-70.45625,42.49193],[-70.45208,42.49049]]},"properties":{"fid":9177,"ID":9176,"ELEV":-100}},
{"type":"Feature","geometry":{"type":"LineString","coordinates":[[-70.84792,42.49208],[-70.84716,42.49375],[-70.8476,42.49792],[-70.84792,42.49833],[-70.84824,42.49792],[-70.85208,42.49375],[-70.84792,42.49208]]},"properties":{"fid":9178,"ID":9177,"ELEV":0}},
{"type":"Feature","geometry":{"type":"LineString","coordinates":[[-70.15208,42.4849],[-70.15149,42.48542],[-70.15104,42.48958],[-70.14838,42.49375],[-70.14792,42.49583],[-70.14767,42.49792],[-70.14792,42.49931],[-70.14875,42.50208],[-70.15093,42.50625],[-70.1492,42.51042],[-70.15042,42.51458],[-70.15208,42.51514],[-70.15444,42.51875],[-70.15625,42.52056],[-70.16042,42.52083],[-70.16187,42.51875],[-70.16042,42.5161],[-70.15937,42.51458],[-70.15764,42.51042],[-70.15769,42.50625],[-70.15691,42.50208],[-70.15625,42.50083],[-70.15417,42.49792],[-70.15625,42.49549],[-70.15735,42.49375],[-70.15833,42.48958],[-70.16042,42.4875],[-70.16088,42.48542],[-70.16042,42.48458],[-70.15625,42.48403],[-70.15208,42.4849]]},"properties":{"fid":9195,"ID":9194,"ELEV":-100}},
{"type":"Feature","geometry":{"type":"LineString","coordinates":[[-73.78125,42.48264],[-73.78014,42.48542],[-73.77917,42.48958],[-73.77929,42.49375],[-73.78125,42.49613],[-73.78347,42.49375],[-73.78413,42.48958],[-73.78333,42.48542],[-73.78125,42.48264]]},"properties":{"fid":9196,"ID":9195,"ELEV":0}},
{"type":"Feature","geometry":{"type":"LineString","coordinates":[[-70.83396,42.48125],[-70.83542,42.47963],[-70.83736,42.48125],[-70.83542,42.48333],[-70.83396,42.48125]]},"properties":{"fid":9209,"ID":9208,"ELEV":0}},
{"type":"Feature","geometry":{"type":"LineString","coordinates":[[-73.78542,42.4749],[-73.783,42.47708],[-73.78208,42.48125],[-73.78542,42.48403],[-73.7878,42.48125],[-73.78811,42.47708],[-73.78542,42.4749]]},"properties":{"fid":9217,"ID":9216,"ELEV":0}},
{"type":"Feature","geometry":{"type":"LineString","coordinates":[[-70.45625,42.46542],[-70.45417,42.46875],[-70.45208,42.47292],[-70.45169,42.47708],[-70.45208,42.47847],[-70.45625,42.47798],[-70.45781,42.47708],[-70.46042,42.47448],[-70.46292,42.47292],[-70.46094,42.46875],[-70.46042,42.46806],[-70.45625,42.46542]]},"properties":{"fid":9232,"ID":9231,"ELEV":-100}},
{"type":"Feature","geometry":{"type":"LineString","coordinates":[[-70.29375,42.45585],[-70.29292,42.45625],[-70.28958,42.45881],[-70.28661,42.46042],[-70.28542,42.46101],[-70.28125,42.46417],[-70.28097,42.46458],[-70.27995,42.46875],[-70.27946,42.47292],[-70.28125,42.47448],[-70.28542,42.47604],[-70.28625,42.47708],[-70.28958,42.48093],[-70.29097,42.48125],[-70.29375,42.48177],[-70.29718,42.48542],[-70.29792,42.4862],[-70.30062,42.48958],[-70.30104,42.49375],[-70.29981,42.49792],[-70.29886,42.50208],[-70.29792,42.50243],[-70.29375,42.50214],[-70.2936,42.50208],[-70.28958,42.49934],[-70.28859,42.49792],[-70.28643,42.49375],[-70.28542,42.49137],[-70.28349,42.48958],[-70.28125,42.4875],[-70.27931,42.48542],[-70.27708,42.48264],[-70.27557,42.48125],[-70.27523,42.47708],[-70.27292,42.47448],[-70.26875,42.47351],[-70.26458,42.47396],[-70.26146,42.47708],[-70.26042,42.47917],[-70.25938,42.48125],[-70.25625,42.48281],[-70.25365,42.48542],[-70.25208,42.4875],[-70.24896,42.48958],[-70.24792,42.4899],[-70.24375,42.49271],[-70.24196,42.49375],[-70.23958,42.49494],[-70.23542,42.49494],[-70.23163,42.49792],[-70.23125,42.49818],[-70.22917,42.50208],[-70.23068,42.50625],[-70.23125,42.50875],[-70.23157,42.51042],[-70.2324,42.51458],[-70.23359,42.51875],[-70.23333,42.52292],[-70.23292,42.52708],[-70.23542,42.53065],[-70.23567,42.53125],[-70.23542,42.53171],[-70.23125,42.535],[-70.23076,42.53542],[-70.22708,42.53782],[-70.2249,42.53958],[-70.22708,42.54311],[-70.23125,42.54097],[-70.23542,42.54072],[-70.23958,42.54141],[-70.24258,42.54375],[-70.24344,42.54792],[-70.24271,42.55208],[-70.24288,42.55625],[-70.24375,42.55774],[-70.24538,42.56042],[-70.24792,42.56319],[-70.24918,42.56458],[-70.25208,42.56829],[-70.2525,42.56875],[-70.25625,42.57163],[-70.25736,42.57292],[-70.25851,42.57708],[-70.25875,42.58125],[-70.25927,42.58542],[-70.25984,42.58958],[-70.26042,42.59074],[-70.26171,42.59375],[-70.26297,42.59792],[-70.26458,42.6],[-70.2661,42.60208],[-70.26616,42.60625],[-70.26716,42.61042],[-70.26875,42.61345],[-70.26918,42.61458],[-70.27056,42.61875],[-70.27292,42.62083],[-70.2755,42.62292],[-70.27708,42.62415],[-70.28025,42.62708],[-70.28125,42.62847],[-70.28297,42.63125],[-70.28255,42.63542],[-70.28141,42.63958],[-70.28125,42.6401],[-70.28013,42.64375],[-70.27872,42.64792],[-70.28125,42.65164],[-70.28145,42.65208],[-70.28153,42.65625],[-70.28125,42.65689],[-70.27926,42.66042],[-70.27965,42.66458],[-70.28125,42.66806],[-70.28142,42.66875],[-70.28279,42.67292],[-70.28125,42.67535],[-70.27894,42.67708],[-70.27708,42.67784],[-70.27396,42.68125],[-70.27292,42.68234],[-70.26875,42.68482],[-70.26771,42.68542],[-70.26458,42.68638],[-70.26042,42.68655],[-70.25625,42.68787],[-70.25382,42.68958],[-70.25208,42.69081],[-70.24792,42.69063],[-70.24375,42.69375],[-70.24792,42.69538],[-70.25208,42.69625],[-70.25625,42.69792],[-70.26042,42.69861],[-70.26458,42.69861],[-70.26875,42.69903],[-70.27292,42.6994],[-70.27708,42.69849],[-70.27917,42.69792],[-70.28125,42.69708],[-70.28542,42.69604],[-70.28958,42.69629],[-70.29375,42.6974],[-70.29583,42.69792],[-70.29792,42.69844],[-70.30208,42.69913],[-70.30625,42.69903],[-70.31042,42.699],[-70.31458,42.69914],[-70.31875,42.69851],[-70.32014,42.69792],[-70.32173,42.69375],[-70.32292,42.69167],[-70.32411,42.68958],[-70.32292,42.6875],[-70.32173,42.68542],[-70.31875,42.6831],[-70.31458,42.68125],[-70.31042,42.67708],[-70.30625,42.67548],[-70.30255,42.67292],[-70.30208,42.67245],[-70.30057,42.66875],[-70.29792,42.6651],[-70.29771,42.66458],[-70.29792,42.66399],[-70.29958,42.66042],[-70.30208,42.65625],[-70.30208,42.65208],[-70.30156,42.64792],[-70.30208,42.64542],[-70.30268,42.64375],[-70.30304,42.63958],[-70.30391,42.63542],[-70.30529,42.63125],[-70.30625,42.62875],[-70.30729,42.62708],[-70.30923,42.62292],[-70.31042,42.62236],[-70.31458,42.62054],[-70.31536,42.61875],[-70.31675,42.61458],[-70.31875,42.61241],[-70.32104,42.61042],[-70.32292,42.60792],[-70.32431,42.60625],[-70.3247,42.60208],[-70.32431,42.59792],[-70.32309,42.59375],[-70.32708,42.58992],[-70.32792,42.58958],[-70.32969,42.58542],[-70.33125,42.58157],[-70.3316,42.58125],[-70.33356,42.57708],[-70.33125,42.57477],[-70.33057,42.57292],[-70.33125,42.5714],[-70.33542,42.56991],[-70.33958,42.57216],[-70.34018,42.57292],[-70.34375,42.57569],[-70.34792,42.57644],[-70.35208,42.57684],[-70.35278,42.57708],[-70.35625,42.57857],[-70.36042,42.57898],[-70.36458,42.57917],[-70.36875,42.58056],[-70.36979,42.58125],[-70.37292,42.58438],[-70.37569,42.58542],[-70.37708,42.58646],[-70.38125,42.5875],[-70.38542,42.5875],[-70.38958,42.58764],[-70.39049,42.58958],[-70.39375,42.59344],[-70.39408,42.59375],[-70.39498,42.59792],[-70.39792,42.60104],[-70.39884,42.60208],[-70.40208,42.60573],[-70.40264,42.60625],[-70.40625,42.60896],[-70.4089,42.61042],[-70.41042,42.61125],[-70.41458,42.61227],[-70.41875,42.61389],[-70.42292,42.61458],[-70.42708,42.61612],[-70.43125,42.61831],[-70.43194,42.61875],[-70.43542,42.62153],[-70.43773,42.62292],[-70.43958,42.62371],[-70.44375,42.62443],[-70.44792,42.62639],[-70.45208,42.6267],[-70.45625,42.62708],[-70.46042,42.62535],[-70.46458,42.62292],[-70.46875,42.61875],[-70.47292,42.61736],[-70.47708,42.61458],[-70.47292,42.61339],[-70.46875,42.61042],[-70.46458,42.60625],[-70.46042,42.60609],[-70.45625,42.60587],[-70.45208,42.60514],[-70.44792,42.60398],[-70.44375,42.60284],[-70.43958,42.6024],[-70.43542,42.60208],[-70.43125,42.60048],[-70.42708,42.5992],[-70.42292,42.59821],[-70.41875,42.59792],[-70.41458,42.59479],[-70.41432,42.59375],[-70.41458,42.59299],[-70.41646,42.58958],[-70.41842,42.58542],[-70.41875,42.58498],[-70.4217,42.58125],[-70.42292,42.57917],[-70.42437,42.57708],[-70.42542,42.57292],[-70.42708,42.56921],[-70.42768,42.56875],[-70.43006,42.56458],[-70.43125,42.56347],[-70.43542,42.56106],[-70.43958,42.5625],[-70.44375,42.56458],[-70.4464,42.56875],[-70.44792,42.57042],[-70.45149,42.57292],[-70.45208,42.57318],[-70.45599,42.57708],[-70.45625,42.57746],[-70.46042,42.57768],[-70.46181,42.57708],[-70.46042,42.57292],[-70.45804,42.56875],[-70.45625,42.56667],[-70.45446,42.56458],[-70.45347,42.56042],[-70.45625,42.55708],[-70.46042,42.55833],[-70.46458,42.55949],[-70.46875,42.56042],[-70.47292,42.56042],[-70.47431,42.55625],[-70.47292,42.55521],[-70.46979,42.55208],[-70.46875,42.55125],[-70.46458,42.54931],[-70.46042,42.54792],[-70.45625,42.54625],[-70.45208,42.54494],[-70.44931,42.54375],[-70.44792,42.54271],[-70.44375,42.54167],[-70.43958,42.54063],[-70.43542,42.53958],[-70.43125,42.53542],[-70.42708,42.53229],[-70.42292,42.53285],[-70.42143,42.53125],[-70.41875,42.52708],[-70.41792,42.52292],[-70.41875,42.52208],[-70.42292,42.52188],[-70.42604,42.51875],[-70.42708,42.51667],[-70.43125,42.51458],[-70.43542,42.51667],[-70.43958,42.51667],[-70.44167,42.51458],[-70.44375,42.5125],[-70.44514,42.51042],[-70.44375,42.50833],[-70.44271,42.50625],[-70.43958,42.505],[-70.43542,42.50417],[-70.43125,42.50272],[-70.43006,42.50208],[-70.42708,42.5006],[-70.42292,42.49931],[-70.41875,42.49844],[-70.41756,42.49792],[-70.41458,42.49631],[-70.41125,42.49375],[-70.41042,42.49333],[-70.40625,42.49167],[-70.40208,42.49058],[-70.39948,42.48958],[-70.39792,42.48902],[-70.39375,42.48837],[-70.38958,42.48792],[-70.38542,42.48661],[-70.38333,42.48542],[-70.38125,42.48403],[-70.37869,42.48125],[-70.37708,42.47746],[-70.37681,42.47708],[-70.37292,42.47319],[-70.37245,42.47292],[-70.36875,42.47083],[-70.36667,42.46875],[-70.36458,42.4669],[-70.36239,42.46458],[-70.36042,42.46117],[-70.35875,42.46042],[-70.35625,42.45625],[-70.35446,42.46042],[-70.35301,42.46458],[-70.35208,42.46551],[-70.34792,42.46815],[-70.34375,42.46796],[-70.33958,42.46649],[-70.33542,42.46617],[-70.33125,42.46532],[-70.32708,42.46458],[-70.32292,42.46292],[-70.31875,42.46091],[-70.31756,42.46042],[-70.31458,42.45903],[-70.31042,42.45729],[-70.30625,42.45648],[-70.30417,42.45625],[-70.30208,42.45605],[-70.29792,42.45585],[-70.29375,42.45585]]},"properties":{"fid":9249,"ID":9248,"ELEV":-100}},
{"type":"Feature","geometry":{"type":"LineString","coordinates":[[-73.78125,42.4503],[-73.77812,42.45208],[-73.77784,42.45625],[-73.77822,42.46042],[-73.78125,42.46264],[-73.78428,42.46042],[-73.78375,42.45625],[-73.78375,42.45208],[-73.78125,42.4503]]},"properties":{"fid":9262,"ID":9261,"ELEV":0}},
{"type":"Feature","geometry":{"type":"LineString","coordinates":[[-70.03958,42.44375],[-70.03542,42.44792],[-70.03958,42.45],[-70.04042,42.44792],[-70.03958,42.44375]]},"properties":{"fid":9280,"ID":9279,"ELEV":-100}},
{"type":"Feature","geometry":{"type":"LineString","coordinates":[[-70.03958,42.4375],[-70.03542,42.43958],[-70.03958,42.44375],[-70.04063,42.43958],[-70.03958,42.4375]]},"properties":{"fid":9298,"ID":9297,"ELEV":-100}},
{"type":"Feature","geometry":{"type":"LineString","coordinates":[[-73.77708,42.42173],[-73.775,42.42292],[-73.7742,42.42708],[-73.7742,42.43125],[-73.77708,42.43322],[-73.7794,42.43542],[-73.77934,42.43958],[-73.77955,42.44375],[-73.78125,42.44574],[-73.78283,42.44375],[-73.7826,42.43958],[-73.7821,42.43542],[-73.78125,42.43239],[-73.78021,42.43125],[-73.77943,42.42708],[-73.77875,42.42292],[-73.77708,42.42173]]},"properties":{"fid":9341,"ID":9340,"ELEV":0}},
{"type":"Feature","geometry":{"type":"LineString","coordinates":[[-70.02679,42.41458],[-70.02708,42.41354],[-70.03125,42.41181],[-70.03403,42.41458],[-70.03542,42.41875],[-70.03125,42.41875],[-70.02708,42.42014],[-70.02662,42.41875],[-70.02679,42.41458]]},"properties":{"fid":9365,"ID":9364,"ELEV":-100}},
{"type":"Feature","geometry":{"type":"LineString","coordinates":[[-71.01042,42.38958],[-71.00819,42.39375],[-71.01042,42.39653],[-71.0128,42.39375],[-71.01042,42.38958]]},"properties":{"fid":9405,"ID":9404,"ELEV":0}},
{"type":"Feature","geometry":{"type":"LineString","coordinates":[[-71.01458,42.3714],[-71.01292,42.37292],[-71.01042,42.37569],[-71.00885,42.37708],[-71.00625,42.37969],[-71.00469,42.38125],[-71.00625,42.3825],[-71.01042,42.38281],[-71.01155,42.38125],[-71.01458,42.37822],[-71.01875,42.37822],[-71.02014,42.37708],[-71.01875,42.37595],[-71.01597,42.37292],[-71.01458,42.3714]]},"properties":{"fid":9454,"ID":9453,"ELEV":0}},
{"type":"Feature","geometry":{"type":"LineString","coordinates":[[-70,42.37113],[-70.00208,42.37113],[-70.00625,42.37232],[-70.00817,42.36875],[-70.00708,42.36458],[-70.00958,42.36042],[-70.00938,42.35625],[-70.00625,42.35529],[-70.00208,42.3544],[-70,42.3544]]},"properties":{"fid":9491,"ID":9490,"ELEV":-200}},
{"type":"Feature","geometry":{"type":"LineString","coordinates":[[-73.78542,42.35511],[-73.78479,42.35625],[-73.78507,42.36042],[-73.78542,42.36117],[-73.78729,42.36458],[-73.78785,42.36875],[-73.7875,42.37292],[-73.78958,42.3747],[-73.79077,42.37708],[-73.79042,42.38125],[-73.79375,42.38264],[-73.79415,42.38125],[-73.79556,42.37708],[-73.79509,42.37292],[-73.79375,42.37047],[-73.79203,42.36875],[-73.79286,42.36458],[-73.79375,42.36208],[-73.79494,42.36042],[-73.79471,42.35625],[-73.79375,42.35469],[-73.78958,42.35272],[-73.78542,42.35511]]},"properties":{"fid":9492,"ID":9491,"ELEV":0}},
{"type":"Feature","geometry":{"type":"LineString","coordinates":[[-71.03125,42.33804],[-71.02746,42.33958],[-71.03125,42.34157],[-71.03279,42.33958],[-71.03125,42.33804]]},"properties":{"fid":9533,"ID":9532,"ELEV":0}},
{"type":"Feature","geometry":{"type":"LineString","coordinates":[[-71.01007,42.33958],[-71.01042,42.33924],[-71.01069,42.33958],[-71.01042,42.33993],[-71.01007,42.33958]]},"properties":{"fid":9534,"ID":9533,"ELEV":0}},
{"type":"Feature","geometry":{"type":"LineString","coordinates":[[-70.89271,42.33958],[-70.89375,42.33819],[-70.89464,42.33958],[-70.89375,42.34083],[-70.89271,42.33958]]},"properties":{"fid":9535,"ID":9534,"ELEV":0}},
{"type":"Feature","geometry":{"type":"LineString","coordinates":[[-70.87621,42.33958],[-70.87708,42.3386],[-70.88125,42.33924],[-70.88542,42.3383],[-70.8867,42.33958],[-70.88542,42.34051],[-70.88125,42.33984],[-70.87708,42.34046],[-70.87621,42.33958]]},"properties":{"fid":9536,"ID":9535,"ELEV":0}},
{"type":"Feature","geometry":{"type":"LineString","coordinates":[[-73.78125,42.32831],[-73.77917,42.33125],[-73.77929,42.33542],[-73.78125,42.33738],[-73.78277,42.33542],[-73.7831,42.33125],[-73.78125,42.32831]]},"properties":{"fid":9566,"ID":9565,"ELEV":0}},
{"type":"Feature","geometry":{"type":"LineString","coordinates":[[-70.89583,42.33125],[-70.89792,42.33032],[-70.89875,42.33125],[-70.89792,42.33218],[-70.89583,42.33125]]},"properties":{"fid":9567,"ID":9566,"ELEV":0}},
{"type":"Feature","geometry":{"type":"LineString","coordinates":[[-70.88061,42.33125],[-70.88125,42.33056],[-70.88218,42.33125],[-70.88125,42.33189],[-70.88061,42.33125]]},"properties":{"fid":9568,"ID":9567,"ELEV":0}},
{"type":"Feature","geometry":{"type":"LineString","coordinates":[[-70,42.33542],[-70.00208,42.33542],[-70.00625,42.33458],[-70.01042,42.33125],[-70.01458,42.33032],[-70.01823,42.32708],[-70.01875,42.325],[-70.02014,42.32708],[-70.02083,42.33125],[-70.01875,42.33333],[-70.01458,42.33542],[-70.01042,42.33542],[-70.00625,42.33566],[-70.00208,42.33542],[-70,42.33542]]},"properties":{"fid":9574,"ID":9573,"ELEV":-100}},
{"type":"Feature","geometry":{"type":"LineString","coordinates":[[-70.88819,42.32708],[-70.88958,42.32589],[-70.8911,42.32708],[-70.88958,42.32917],[-70.88819,42.32708]]},"properties":{"fid":9575,"ID":9574,"ELEV":0}},
{"type":"Feature","geometry":{"type":"LineString","coordinates":[[-70.39375,42.31771],[-70.39315,42.31875],[-70.39375,42.32083],[-70.39514,42.31875],[-70.39375,42.31771]]},"properties":{"fid":9596,"ID":9595,"ELEV":-100}},
{"type":"Feature","geometry":{"type":"LineString","coordinates":[[-70.01843,42.31875],[-70.01875,42.31833],[-70.02292,42.31875],[-70.01875,42.32083],[-70.01843,42.31875]]},"properties":{"fid":9597,"ID":9596,"ELEV":-100}},
{"type":"Feature","geometry":{"type":"LineString","coordinates":[[-70.9831,42.31875],[-70.98542,42.31615],[-70.98802,42.31875],[-70.98883,42.32292],[-70.98542,42.3256],[-70.98229,42.32292],[-70.9831,42.31875]]},"properties":{"fid":9598,"ID":9597,"ELEV":0}},
{"type":"Feature","geometry":null,"properties":{"fid":9609,"ID":9608,"ELEV":-100}},
{"type":"Feature","geometry":{"type":"LineString","coordinates":[[-71.00729,42.31042],[-71.01042,42.30685],[-71.01458,42.30671],[-71.01792,42.31042],[-71.01644,42.31458],[-71.01458,42.31625],[-71.01042,42.31686],[-71.00947,42.31875],[-71.00625,42.32158],[-71.00208,42.32069],[-70.99884,42.31875],[-71.00208,42.31583],[-71.00458,42.31458],[-71.00625,42.3125],[-71.00729,42.31042]]},"properties":{"fid":9626,"ID":9625,"ELEV":0}},
{"type":"Feature","geometry":{"type":"LineString","coordinates":[[-70.97064,42.31042],[-70.97292,42.30833],[-70.97519,42.31042],[-70.9747,42.31458],[-70.97292,42.31637],[-70.97173,42.31875],[-70.96875,42.32222],[-70.96847,42.32292],[-70.96458,42.32599],[-70.96042,42.32585],[-70.95759,42.32292],[-70.96042,42.31987],[-70.96158,42.31875],[-70.96285,42.31458],[-70.96458,42.31269],[-70.96875,42.31215],[-70.97064,42.31042]]},"properties":{"fid":9627,"ID":9626,"ELEV":0}},
{"type":"Feature","geometry":{"type":"LineString","coordinates":[[-70.95125,42.31042],[-70.95208,42.30949],[-70.95625,42.30949],[-70.95729,42.31042],[-70.95625,42.31117],[-70.95208,42.31117],[-70.95125,42.31042]]},"properties":{"fid":9628,"ID":9627,"ELEV":0}},
{"type":"Feature","geometry":{"type":"LineString","coordinates":[[-70.9825,42.30625],[-70.98542,42.30333],[-70.98958,42.30248],[-70.99335,42.30625],[-70.98958,42.30985],[-70.98542,42.30917],[-70.9825,42.30625]]},"properties":{"fid":9647,"ID":9646,"ELEV":0}},
{"type":"Feature","geometry":{"type":"LineString","coordinates":[[-70.91667,42.30208],[-70.91875,42.30069],[-70.91994,42.30208],[-70.91875,42.30347],[-70.91667,42.30208]]},"properties":{"fid":9657,"ID":9656,"ELEV":0}},
{"type":"Feature","geometry":{"type":"LineString","coordinates":[[-70.93314,42.29375],[-70.93542,42.29097],[-70.93792,42.29375],[-70.93693,42.29792],[-70.93542,42.29931],[-70.93423,42.30208],[-70.93125,42.30496],[-70.92708,42.30467],[-70.9244,42.30208],[-70.92477,42.29792],[-70.92708,42.29547],[-70.93125,42.29462],[-70.93314,42.29375]]},"properties":{"fid":9685,"ID":9684,"ELEV":0}},
{"type":"Feature","geometry":{"type":"LineString","coordinates":[[-70.05625,42.28958],[-70.06042,42.29167],[-70.06146,42.29375],[-70.06042,42.29479],[-70.05625,42.29688],[-70.05208,42.29514],[-70.05125,42.29375],[-70.05208,42.29167],[-70.05625,42.28958]]},"properties":{"fid":9698,"ID":9697,"ELEV":-100}},
{"type":"Feature","geometry":{"type":"LineString","coordinates":[[-70.02187,42.28958],[-70.02292,42.28899],[-70.02708,42.28875],[-70.02917,42.28958],[-70.02708,42.2901],[-70.02292,42.2901],[-70.02187,42.28958]]},"properties":{"fid":9699,"ID":9698,"ELEV":-100}},
{"type":"Feature","geometry":{"type":"LineString","coordinates":[[-70.9372,42.28958],[-70.93958,42.28792],[-70.94375,42.28708],[-70.94792,42.28668],[-70.95095,42.28958],[-70.94792,42.29236],[-70.94375,42.29247],[-70.93958,42.29167],[-70.9372,42.28958]]},"properties":{"fid":9700,"ID":9699,"ELEV":0}},
{"type":"Feature","geometry":{"type":"LineString","coordinates":[[-70.92153,42.28125],[-70.92292,42.27986],[-70.92458,42.28125],[-70.92292,42.28264],[-70.92153,42.28125]]},"properties":{"fid":9717,"ID":9716,"ELEV":0}},
{"type":"Feature","geometry":{"type":"LineString","coordinates":[[-70.89405,42.28125],[-70.89792,42.27786],[-70.90208,42.27813],[-70.90476,42.28125],[-70.90208,42.28393],[-70.89792,42.28444],[-70.89405,42.28125]]},"properties":{"fid":9718,"ID":9717,"ELEV":0}},
{"type":"Feature","geometry":{"type":"LineString","coordinates":[[-70.03681,42.26875],[-70.03958,42.26719],[-70.04375,42.26632],[-70.04699,42.26875],[-70.04708,42.27292],[-70.04667,42.27708],[-70.04458,42.28125],[-70.04375,42.28229],[-70.03958,42.28333],[-70.03542,42.28304],[-70.03333,42.28125],[-70.03244,42.27708],[-70.03449,42.27292],[-70.03542,42.27054],[-70.03681,42.26875]]},"properties":{"fid":9761,"ID":9760,"ELEV":-100}},
{"type":"Feature","geometry":{"type":"LineString","coordinates":[[-73.80208,42.26227],[-73.80019,42.26458],[-73.80208,42.26719],[-73.80398,42.26458],[-73.80208,42.26227]]},"properties":{"fid":9776,"ID":9775,"ELEV":0}},
{"type":"Feature","geometry":{"type":"LineString","coordinates":[[-70.89375,42.25585],[-70.89306,42.25625],[-70.89375,42.25685],[-70.89424,42.25625],[-70.89375,42.25585]]},"properties":{"fid":9805,"ID":9804,"ELEV":0}},
{"type":"Feature","geometry":{"type":"LineString","coordinates":[[-70.96042,42.24625],[-70.95875,42.24792],[-70.96042,42.25],[-70.96181,42.24792],[-70.96042,42.24625]]},"properties":{"fid":9831,"ID":9830,"ELEV":0}},
{"type":"Feature","geometry":{"type":"LineString","coordinates":[[-73.84375,42.22839],[-73.83993,42.23125],[-73.83958,42.23171],[-73.83542,42.23292],[-73.83185,42.23542],[-73.83125,42.23588],[-73.8294,42.23958],[-73.82708,42.24148],[-73.82292,42.24304],[-73.82212,42.24375],[-73.81875,42.24698],[-73.81458,42.24749],[-73.81329,42.24792],[-73.81042,42.251],[-73.80625,42.25087],[-73.80301,42.25208],[-73.80625,42.25451],[-73.81042,42.25532],[-73.81458,42.25465],[-73.81681,42.25208],[-73.81875,42.25046],[-73.8224,42.25208],[-73.82292,42.25268],[-73.82361,42.25208],[-73.82708,42.24977],[-73.82875,42.24792],[-73.83125,42.24435],[-73.83264,42.24375],[-73.83542,42.24311],[-73.83924,42.23958],[-73.83958,42.23912],[-73.84375,42.23601],[-73.84432,42.23542],[-73.84593,42.23125],[-73.84375,42.22839]]},"properties":{"fid":9887,"ID":9886,"ELEV":0}},
{"type":"Feature","geometry":{"type":"LineString","coordinates":[[-70.04792,42.21875],[-70.05208,42.21776],[-70.05625,42.21766],[-70.06042,42.21788],[-70.06458,42.21853],[-70.0651,42.21875],[-70.06875,42.22069],[-70.07292,42.22153],[-70.07708,42.22257],[-70.07917,42.22292],[-70.08125,42.22361],[-70.08542,42.22708],[-70.08437,42.23125],[-70.08125,42.23304],[-70.07708,42.23482],[-70.07569,42.23542],[-70.07292,42.23625],[-70.06875,42.23839],[-70.06458,42.23854],[-70.06042,42.23899],[-70.05625,42.23807],[-70.05208,42.23727],[-70.04792,42.23542],[-70.04375,42.23125],[-70.04335,42.22708],[-70.04375,42.22569],[-70.04542,42.22292],[-70.04792,42.21875]]},"properties":{"fid":9935,"ID":9934,"ELEV":-100}},
{"type":"Feature","geometry":{"type":"LineString","coordinates":[[-70,42.21021],[-70.00208,42.21021],[-70.00625,42.2081],[-70.00903,42.20625],[-70.01042,42.20606],[-70.01458,42.20417],[-70.01875,42.20327],[-70.02222,42.20625],[-70.02292,42.20708],[-70.02384,42.21042],[-70.02354,42.21458],[-70.02292,42.21708],[-70.02083,42.21875],[-70.01958,42.22292],[-70.01875,42.22431],[-70.01458,42.22431],[-70.01042,42.22344],[-70.00903,42.22292],[-70.00625,42.22014],[-70.00486,42.21875],[-70.00208,42.21667],[-70,42.21667]]},"properties":{"fid":9967,"ID":9966,"ELEV":-100}},
{"type":"Feature","geometry":{"type":"LineString","coordinates":[[-70,43.12542],[-70.00208,43.12542],[-70.00387,43.12292],[-70.00625,43.11958],[-70.00729,43.11875],[-70.01042,43.11736],[-70.01458,43.11651],[-70.01875,43.11583],[-70.02292,43.11458],[-70.02708,43.11354],[-70.03125,43.11198],[-70.03333,43.11042],[-70.03542,43.10625],[-70.03708,43.10208],[-70.03854,43.09792],[-70.03819,43.09375],[-70.03646,43.08958],[-70.03542,43.08854],[-70.03437,43.08958],[-70.03264,43.09375],[-70.03125,43.09444],[-70.02708,43.09494],[-70.02431,43.09375],[-70.02292,43.09236],[-70.02125,43.08958],[-70.02292,43.0875],[-70.02458,43.08542],[-70.02708,43.08292],[-70.02812,43.08125],[-70.02708,43.07847],[-70.02656,43.07708],[-70.02708,43.07292],[-70.02656,43.06875],[-70.02604,43.06458],[-70.02604,43.06042],[-70.02542,43.05625],[-70.025,43.05208],[-70.02431,43.04792],[-70.02375,43.04375],[-70.02375,43.03958],[-70.02381,43.03542],[-70.02326,43.03125],[-70.02292,43.02986],[-70.02187,43.02708],[-70.01979,43.02292],[-70.01875,43.02014],[-70.0184,43.01875],[-70.01837,43.01458],[-70.01806,43.01042],[-70.01747,43.00625],[-70.01715,43.00208],[-70.01597,42.99792],[-70.01458,42.99375],[-70.01383,42.98958],[-70.01181,42.98542],[-70.01117,42.98125],[-70.0108,42.97708],[-70.01083,42.97292],[-70.01134,42.96875],[-70.01161,42.96458],[-70.0125,42.96042],[-70.01458,42.95625],[-70.01875,42.95208],[-70.01542,42.94792],[-70.01542,42.94375],[-70.01792,42.93958],[-70.01875,42.93889],[-70.02135,42.93542],[-70.02292,42.93292],[-70.025,42.93125],[-70.02708,42.92958],[-70.03021,42.92708],[-70.03125,42.92569],[-70.03403,42.92292],[-70.03542,42.92208],[-70.03819,42.91875],[-70.03958,42.91597],[-70.04042,42.91458],[-70.04375,42.91125],[-70.04514,42.91042],[-70.04792,42.90833],[-70.04958,42.90625],[-70.05208,42.90313],[-70.05292,42.90208],[-70.05625,42.89875],[-70.05764,42.89792],[-70.06042,42.89625],[-70.06292,42.89375],[-70.06458,42.89282],[-70.06875,42.89115],[-70.07188,42.88958],[-70.07292,42.88912],[-70.07708,42.88698],[-70.07887,42.88542],[-70.08125,42.88264],[-70.08264,42.88125],[-70.08542,42.87887],[-70.08792,42.87708],[-70.08958,42.87542],[-70.09208,42.87292],[-70.09375,42.87173],[-70.09792,42.87014],[-70.10208,42.86875],[-70.10625,42.86563],[-70.10729,42.86458],[-70.11042,42.86042],[-70.11458,42.85625],[-70.11736,42.85208],[-70.11875,42.85125],[-70.12292,42.8503],[-70.12708,42.85116],[-70.13125,42.85208],[-70.13542,42.85125],[-70.13958,42.85],[-70.14375,42.84875],[-70.14583,42.84792],[-70.14792,42.84688],[-70.15208,42.84479],[-70.15312,42.84375],[-70.15625,42.83958],[-70.16042,42.83611],[-70.16458,42.83875],[-70.16875,42.83958],[-70.17292,42.83875],[-70.17708,42.83661],[-70.18125,42.83542],[-70.18194,42.83125],[-70.18125,42.82986],[-70.17917,42.82708],[-70.17708,42.825],[-70.17292,42.82569],[-70.16875,42.825],[-70.16458,42.8253],[-70.16042,42.82542],[-70.15792,42.82292],[-70.15625,42.82153],[-70.15347,42.81875],[-70.15208,42.81708],[-70.1503,42.81458],[-70.14792,42.81273],[-70.14494,42.81042],[-70.14375,42.80938],[-70.14018,42.80625],[-70.13958,42.80587],[-70.13542,42.80255],[-70.13504,42.80208],[-70.13277,42.79792],[-70.13125,42.79458],[-70.13073,42.79375],[-70.12847,42.78958],[-70.12708,42.7875],[-70.125,42.78542],[-70.12708,42.78125],[-70.12917,42.77708],[-70.13125,42.77361],[-70.13185,42.77292],[-70.13482,42.76875],[-70.13542,42.76792],[-70.13958,42.76563],[-70.14125,42.76458],[-70.14375,42.76354],[-70.14792,42.76193],[-70.15208,42.76106],[-70.15625,42.76068],[-70.15833,42.76042],[-70.16042,42.76016],[-70.16458,42.76014],[-70.16875,42.7589],[-70.17292,42.75655],[-70.17708,42.75726],[-70.18125,42.75705],[-70.18542,42.75744],[-70.18958,42.75866],[-70.19117,42.76042],[-70.1919,42.76458],[-70.19375,42.76829],[-70.1941,42.76875],[-70.19792,42.77292],[-70.19375,42.77569],[-70.18958,42.77604],[-70.18542,42.77708],[-70.18958,42.77986],[-70.19097,42.78125],[-70.19375,42.78171],[-70.19792,42.78285],[-70.20069,42.78542],[-70.20208,42.78681],[-70.20625,42.78542],[-70.20398,42.78125],[-70.20625,42.77768],[-70.20729,42.77708],[-70.21042,42.77583],[-70.21458,42.7747],[-70.21875,42.77344],[-70.21935,42.77292],[-70.22292,42.77014],[-70.22519,42.76875],[-70.22708,42.76701],[-70.23125,42.7651],[-70.23333,42.76458],[-70.23542,42.7625],[-70.23792,42.76042],[-70.2375,42.75625],[-70.23958,42.75458],[-70.24375,42.75417],[-70.24792,42.75625],[-70.25208,42.75764],[-70.25625,42.75625],[-70.26042,42.75208],[-70.26042,42.74792],[-70.25663,42.74375],[-70.25625,42.7434],[-70.25208,42.74005],[-70.25139,42.73958],[-70.24792,42.7375],[-70.24494,42.73542],[-70.24375,42.73423],[-70.23958,42.73125],[-70.23542,42.72827],[-70.23264,42.72708],[-70.23125,42.72625],[-70.22708,42.72708],[-70.22292,42.725],[-70.21875,42.72431],[-70.21736,42.72292],[-70.21458,42.71875],[-70.21042,42.71597],[-70.20625,42.71563],[-70.20417,42.71458],[-70.20208,42.71319],[-70.19792,42.71042],[-70.19375,42.70833],[-70.19167,42.70625],[-70.18958,42.70417],[-70.18542,42.70208],[-70.18958,42.69792],[-70.18542,42.69583],[-70.18333,42.69375],[-70.18125,42.69167],[-70.17708,42.69063],[-70.175,42.68958],[-70.17292,42.68854],[-70.16875,42.68542],[-70.16458,42.68403],[-70.1625,42.68125],[-70.16042,42.67847],[-70.15833,42.67708],[-70.15625,42.675],[-70.15208,42.67431],[-70.14792,42.67375],[-70.14375,42.67375],[-70.13958,42.67292],[-70.14375,42.67083],[-70.14792,42.66875],[-70.15208,42.66458],[-70.15208,42.66042],[-70.15625,42.66181],[-70.15729,42.66042],[-70.15903,42.65625],[-70.15833,42.65208],[-70.15625,42.65069],[-70.15417,42.64792],[-70.15208,42.64653],[-70.14875,42.64375],[-70.14792,42.64315],[-70.14375,42.64063],[-70.14208,42.63958],[-70.13958,42.6375],[-70.13542,42.63634],[-70.13333,42.63542],[-70.13125,42.63403],[-70.12708,42.63194],[-70.12625,42.63125],[-70.12292,42.6294],[-70.11875,42.62708],[-70.11458,42.62292],[-70.11458,42.61875],[-70.11042,42.61667],[-70.10625,42.61458],[-70.10208,42.61042],[-70.09792,42.60625],[-70.09375,42.60417],[-70.09167,42.60208],[-70.09167,42.59792],[-70.09125,42.59375],[-70.09375,42.58958],[-70.09479,42.58542],[-70.09583,42.58125],[-70.09514,42.57708],[-70.09479,42.57292],[-70.09375,42.56875],[-70.09542,42.56458],[-70.09792,42.56208],[-70.10069,42.56042],[-70.10208,42.55833],[-70.10625,42.55833],[-70.11042,42.55764],[-70.11458,42.55625],[-70.11458,42.55208],[-70.11042,42.54792],[-70.10903,42.54375],[-70.10833,42.53958],[-70.10625,42.53542],[-70.10208,42.53264],[-70.1,42.53125],[-70.10208,42.52708],[-70.09792,42.525],[-70.09583,42.52292],[-70.09375,42.52153],[-70.09137,42.51875],[-70.08958,42.5175],[-70.08667,42.51458],[-70.08542,42.51208],[-70.08449,42.51042],[-70.08304,42.50625],[-70.08125,42.50313],[-70.08065,42.50208],[-70.08125,42.49792],[-70.0831,42.49375],[-70.08194,42.48958],[-70.08185,42.48542],[-70.08171,42.48125],[-70.08264,42.47708],[-70.08125,42.47292],[-70.07708,42.47477],[-70.07292,42.4753],[-70.06875,42.475],[-70.06667,42.47292],[-70.06458,42.47222],[-70.06042,42.47153],[-70.05625,42.46944],[-70.05573,42.46875],[-70.05208,42.46583],[-70.04896,42.46458],[-70.04792,42.46389],[-70.04375,42.46146],[-70.03958,42.46042],[-70.03819,42.45625],[-70.03542,42.45347],[-70.03125,42.45625],[-70.02708,42.45625],[-70.02708,42.45208],[-70.03125,42.44792],[-70.03125,42.44375],[-70.03125,42.43958],[-70.02847,42.43542],[-70.02986,42.43125],[-70.03125,42.42917],[-70.03542,42.42708],[-70.03958,42.42708],[-70.04018,42.42292],[-70.04063,42.41875],[-70.04375,42.41458],[-70.03958,42.41111],[-70.03854,42.41042],[-70.03698,42.40625],[-70.03542,42.40375],[-70.03125,42.40625],[-70.02708,42.40833],[-70.02625,42.40625],[-70.02552,42.40208],[-70.02708,42.39981],[-70.03125,42.39792],[-70.03125,42.39375],[-70.03125,42.38958],[-70.03281,42.38542],[-70.0331,42.38125],[-70.03264,42.37708],[-70.03403,42.37292],[-70.03542,42.37014],[-70.03681,42.36875],[-70.03958,42.36458],[-70.04243,42.36042],[-70.04375,42.35625],[-70.0475,42.35208],[-70.04792,42.35125],[-70.05009,42.34792],[-70.05156,42.34375],[-70.05208,42.34311],[-70.05514,42.33958],[-70.05625,42.338],[-70.05826,42.33542],[-70.06042,42.33153],[-70.06071,42.33125],[-70.06458,42.32824],[-70.06607,42.32708],[-70.06875,42.32474],[-70.07099,42.32292],[-70.07292,42.32192],[-70.07708,42.32165],[-70.08125,42.32167],[-70.08542,42.32145],[-70.08958,42.32173],[-70.09375,42.32178],[-70.09792,42.32042],[-70.09884,42.31875],[-70.10069,42.31458],[-70.10208,42.3125],[-70.10304,42.31042],[-70.10573,42.30625],[-70.10625,42.30486],[-70.10677,42.30208],[-70.10785,42.29792],[-70.10903,42.29375],[-70.11042,42.28958],[-70.11042,42.28542],[-70.10764,42.28125],[-70.10625,42.27708],[-70.10417,42.28125],[-70.10208,42.28333],[-70.10149,42.28542],[-70.09977,42.28958],[-70.09792,42.29125],[-70.09375,42.29236],[-70.09097,42.29375],[-70.08958,42.29439],[-70.08542,42.29514],[-70.08125,42.29618],[-70.07708,42.29653],[-70.07292,42.29583],[-70.06875,42.29435],[-70.06771,42.29375],[-70.06458,42.29063],[-70.0625,42.28958],[-70.06042,42.28542],[-70.05982,42.28125],[-70.0599,42.27708],[-70.05993,42.27292],[-70.06042,42.27125],[-70.0622,42.26875],[-70.06458,42.26829],[-70.06875,42.2676],[-70.07292,42.265],[-70.07431,42.26458],[-70.07708,42.26432],[-70.08125,42.26418],[-70.08542,42.26403],[-70.08958,42.26384],[-70.09375,42.26364],[-70.09792,42.26458],[-70.10208,42.26625],[-70.10521,42.26875],[-70.10625,42.27292],[-70.10729,42.26875],[-70.10708,42.26458],[-70.10781,42.26042],[-70.10833,42.25625],[-70.10863,42.25208],[-70.10833,42.24792],[-70.10625,42.24583],[-70.10208,42.24375],[-70.10313,42.23958],[-70.10208,42.23542],[-70.1,42.23125],[-70.09792,42.22708],[-70.09653,42.22292],[-70.09653,42.21875],[-70.09375,42.21597],[-70.08958,42.21458],[-70.08542,42.21399],[-70.08125,42.21354],[-70.07708,42.2125],[-70.07292,42.21117],[-70.06875,42.21042],[-70.06458,42.20729],[-70.06343,42.20625],[-70.06117,42.20208],[-70.06042,42.20104],[-70.05625,42.19819],[-70.05565,42.19792],[-70.05208,42.19479],[-70.05104,42.19375],[-70.05052,42.18958],[-70.05,42.18542],[-70.05125,42.18125],[-70.05208,42.17986],[-70.05486,42.17708],[-70.05208,42.17431],[-70.05104,42.17292],[-70.04792,42.17135],[-70.04375,42.16968],[-70.03958,42.16875],[-70.03542,42.16583],[-70.03333,42.16458],[-70.03125,42.16302],[-70.02708,42.16117],[-70.02589,42.16042],[-70.02292,42.15781],[-70.02042,42.15625],[-70.01875,42.15506],[-70.01458,42.15208],[-70.01111,42.14792],[-70.01042,42.14688],[-70.00903,42.14375],[-70.00685,42.13958],[-70.00625,42.13875],[-70.00417,42.13542],[-70.00208,42.13125],[-70,42.13125]]},"properties":{"fid":10176,"ID":10175,"ELEV":-100}},
{"type":"Feature","geometry":{"type":"LineString","coordinates":[[-73.91875,42.08448],[-73.91809,42.08542],[-73.9179,42.08958],[-73.91875,42.09119],[-73.92254,42.08958],[-73.92292,42.08542],[-73.91875,42.08448]]},"properties":{"fid":10335,"ID":10334,"ELEV":0}},
{"type":"Feature","geometry":{"type":"LineString","coordinates":[[-70.12708,42.05744],[-70.12411,42.06042],[-70.12708,42.06273],[-70.13125,42.06215],[-70.13385,42.06042],[-70.13125,42.05781],[-70.12708,42.05744]]},"properties":{"fid":10396,"ID":10395,"ELEV":0}},
{"type":"Feature","geometry":{"type":"LineString","coordinates":[[-70.11875,42.05833],[-70.11696,42.06042],[-70.11875,42.06292],[-70.12125,42.06042],[-70.11875,42.05833]]},"properties":{"fid":10397,"ID":10396,"ELEV":0}},
{"type":"Feature","geometry":null,"properties":{"fid":10513,"ID":10512,"ELEV":0}},
{"type":"Feature","geometry":{"type":"LineString","coordinates":[[-70.63375,41.99375],[-70.63542,41.99208],[-70.6375,41.99375],[-70.63958,41.99542],[-70.64208,41.99792],[-70.64167,42.00208],[-70.64286,42.00625],[-70.63958,42.00978],[-70.63899,42.01042],[-70.63542,42.01426],[-70.63157,42.01042],[-70.63185,42.00625],[-70.63542,42.00268],[-70.63681,42.00208],[-70.63542,42.00104],[-70.63125,42.00139],[-70.63021,42.00208],[-70.62708,42.00521],[-70.62569,42.00625],[-70.62708,42.01042],[-70.62292,42.01458],[-70.61875,42.01458],[-70.61458,42.0125],[-70.61354,42.01458],[-70.61458,42.01597],[-70.61667,42.01875],[-70.61875,42.02292],[-70.61458,42.02375],[-70.61375,42.02292],[-70.61292,42.01875],[-70.61042,42.01667],[-70.60903,42.01458],[-70.60625,42.01181],[-70.60469,42.01042],[-70.60208,42.00833],[-70.59792,42.00764],[-70.59681,42.00625],[-70.59673,42.00208],[-70.59792,42.00042],[-70.60208,42],[-70.60486,42.00208],[-70.60625,42.00375],[-70.61042,42.00486],[-70.61458,42.00417],[-70.61875,42.00417],[-70.62083,42.00208],[-70.62292,42.00069],[-70.6253,41.99792],[-70.62708,41.99613],[-70.63125,41.99531],[-70.63375,41.99375]]},"properties":{"fid":10607,"ID":10606,"ELEV":0}},
{"type":"Feature","geometry":null,"properties":{"fid":10650,"ID":10649,"ELEV":0}},
{"type":"Feature","geometry":null,"properties":{"fid":10660,"ID":10659,"ELEV":0}},
{"type":"Feature","geometry":{"type":"LineString","coordinates":[[-70.61875,41.75938],[-70.61823,41.76042],[-70.61875,41.76094],[-70.62292,41.76042],[-70.61875,41.75938]]},"properties":{"fid":11167,"ID":11166,"ELEV":0}},
{"type":"Feature","geometry":{"type":"LineString","coordinates":[[-71.21458,41.72649],[-71.2142,41.72708],[-71.21458,41.7275],[-71.21518,41.72708],[-71.21458,41.72649]]},"properties":{"fid":11241,"ID":11240,"ELEV":0}},
{"type":"Feature","geometry":{"type":"LineString","coordinates":[[-71.28958,41.7169],[-71.2883,41.71875],[-71.28906,41.72292],[-71.28958,41.72333],[-71.28996,41.72292],[-71.2911,41.71875],[-71.28958,41.7169]]},"properties":{"fid":11258,"ID":11257,"ELEV":0}},
{"type":"Feature","geometry":{"type":"LineString","coordinates":[[-70.63403,41.71875],[-70.63542,41.71736],[-70.6369,41.71875],[-70.63736,41.72292],[-70.63542,41.72474],[-70.6337,41.72292],[-70.63403,41.71875]]},"properties":{"fid":11259,"ID":11258,"ELEV":0}},
{"type":"Feature","geometry":{"type":"LineString","coordinates":[[-70,43.86069],[-70.00208,43.86069],[-70.0026,43.86042],[-70.00625,43.85777],[-70.01042,43.85657],[-70.0125,43.85625],[-70.01458,43.85417],[-70.01875,43.85313],[-70.02292,43.85278],[-70.02396,43.85208],[-70.02708,43.84896],[-70.02792,43.84792],[-70.03125,43.84514],[-70.03229,43.84375],[-70.03264,43.83958],[-70.03403,43.83542],[-70.03542,43.83458],[-70.03958,43.83264],[-70.04018,43.83125],[-70.04375,43.82813],[-70.0476,43.83125],[-70.04792,43.8315],[-70.04896,43.83125],[-70.05208,43.82708],[-70.05268,43.82292],[-70.05272,43.81875],[-70.05208,43.81708],[-70.05052,43.81458],[-70.05208,43.81319],[-70.05417,43.81458],[-70.05625,43.81548],[-70.06042,43.81542],[-70.06138,43.81458],[-70.06042,43.81319],[-70.05792,43.81042],[-70.06042,43.80685],[-70.06354,43.81042],[-70.06458,43.81111],[-70.06875,43.81134],[-70.07199,43.81458],[-70.06875,43.81823],[-70.06833,43.81875],[-70.06875,43.81979],[-70.07292,43.81979],[-70.07708,43.81875],[-70.08125,43.81875],[-70.08542,43.81888],[-70.0856,43.81875],[-70.08958,43.81493],[-70.09375,43.81528],[-70.09432,43.81458],[-70.09451,43.81042],[-70.09792,43.80729],[-70.10208,43.80708],[-70.10292,43.80625],[-70.10625,43.80208],[-70.10833,43.79792],[-70.11042,43.79375],[-70.11458,43.79375],[-70.11875,43.79375],[-70.12292,43.79375],[-70.12708,43.79042],[-70.13125,43.78958],[-70.13542,43.7875],[-70.13958,43.78958],[-70.14375,43.78611],[-70.14421,43.78542],[-70.14792,43.7815],[-70.14896,43.78125],[-70.14922,43.77708],[-70.14792,43.77586],[-70.14375,43.77577],[-70.13958,43.77604],[-70.13542,43.77639],[-70.13423,43.77708],[-70.13125,43.78056],[-70.12778,43.77708],[-70.12708,43.77649],[-70.12431,43.77292],[-70.12708,43.77042],[-70.13125,43.76994],[-70.13201,43.76875],[-70.13125,43.76806],[-70.12708,43.76782],[-70.12292,43.76759],[-70.11875,43.76765],[-70.11583,43.76458],[-70.11875,43.76181],[-70.12292,43.762],[-70.12399,43.76042],[-70.12708,43.75699],[-70.1278,43.75625],[-70.13125,43.7528],[-70.13542,43.75417],[-70.13912,43.75625],[-70.13958,43.75643],[-70.13983,43.75625],[-70.14049,43.75208],[-70.14375,43.74896],[-70.14792,43.74877],[-70.14924,43.74792],[-70.15208,43.7452],[-70.15458,43.74792],[-70.15625,43.74981],[-70.16042,43.75119],[-70.16125,43.75208],[-70.16042,43.75313],[-70.15701,43.75625],[-70.15625,43.75708],[-70.15208,43.75966],[-70.15069,43.76042],[-70.15,43.76458],[-70.15125,43.76875],[-70.15176,43.77292],[-70.15208,43.77326],[-70.15625,43.77292],[-70.16042,43.77],[-70.16458,43.76949],[-70.16518,43.76875],[-70.16875,43.76549],[-70.16998,43.76458],[-70.17292,43.76181],[-70.17708,43.76189],[-70.18014,43.76458],[-70.17708,43.76786],[-70.17656,43.76875],[-70.17708,43.76958],[-70.18125,43.76968],[-70.18292,43.76875],[-70.18542,43.76625],[-70.1875,43.76458],[-70.18958,43.76292],[-70.19115,43.76042],[-70.19196,43.75625],[-70.19137,43.75208],[-70.19024,43.74792],[-70.19236,43.74375],[-70.19375,43.74097],[-70.19398,43.73958],[-70.19583,43.73542],[-70.19792,43.73363],[-70.2,43.73125],[-70.20208,43.72887],[-70.20417,43.72708],[-70.20625,43.7253],[-70.21042,43.72341],[-70.21208,43.72292],[-70.21458,43.71875],[-70.21488,43.71458],[-70.21502,43.71042],[-70.215,43.70625],[-70.21615,43.70208],[-70.21875,43.69911],[-70.22292,43.69875],[-70.22708,43.69792],[-70.23125,43.69792],[-70.23542,43.6983],[-70.2358,43.69792],[-70.23958,43.69471],[-70.24375,43.69479],[-70.24792,43.69583],[-70.24896,43.69375],[-70.24792,43.69329],[-70.24489,43.68958],[-70.24792,43.68655],[-70.24917,43.68542],[-70.24958,43.68125],[-70.25208,43.67917],[-70.25625,43.67896],[-70.26042,43.67933],[-70.26458,43.6794],[-70.26875,43.67847],[-70.27292,43.67822],[-70.27381,43.67708],[-70.27486,43.67292],[-70.27292,43.67067],[-70.27064,43.66875],[-70.26875,43.66615],[-70.26458,43.66577],[-70.26198,43.66875],[-70.26146,43.67292],[-70.26042,43.67384],[-70.25625,43.67511],[-70.25208,43.67569],[-70.24792,43.67538],[-70.24405,43.67292],[-70.24375,43.67278],[-70.23984,43.66875],[-70.23958,43.66819],[-70.23687,43.66458],[-70.23958,43.66188],[-70.2425,43.66042],[-70.24375,43.65952],[-70.24792,43.65625],[-70.25208,43.65268],[-70.25312,43.65208],[-70.25579,43.64792],[-70.25625,43.64708],[-70.26042,43.64592],[-70.26429,43.64375],[-70.26354,43.63958],[-70.26042,43.63646],[-70.25625,43.63819],[-70.25542,43.63958],[-70.25208,43.64077],[-70.24888,43.64375],[-70.24792,43.64514],[-70.24375,43.64537],[-70.23958,43.64505],[-70.23689,43.64792],[-70.23542,43.64948],[-70.23125,43.65057],[-70.22708,43.64946],[-70.22463,43.64792],[-70.22557,43.64375],[-70.22407,43.63958],[-70.22292,43.63859],[-70.22014,43.63542],[-70.22047,43.63125],[-70.22049,43.62708],[-70.21875,43.6251],[-70.21458,43.62639],[-70.21206,43.62292],[-70.21042,43.62045],[-70.20879,43.61875],[-70.20879,43.61458],[-70.21042,43.61238],[-70.2125,43.61042],[-70.21302,43.60625],[-70.21458,43.60347],[-70.21515,43.60208],[-70.21458,43.59896],[-70.21406,43.59792],[-70.21042,43.59375],[-70.20625,43.59219],[-70.20451,43.58958],[-70.20303,43.58542],[-70.20322,43.58125],[-70.20387,43.57708],[-70.20208,43.57595],[-70.20033,43.57292],[-70.19792,43.56939],[-70.19743,43.56875],[-70.19726,43.56458],[-70.19792,43.56375],[-70.20208,43.56138],[-70.20304,43.56042],[-70.20625,43.55744],[-70.21042,43.55742],[-70.21458,43.5581],[-70.21806,43.56042],[-70.21875,43.56125],[-70.22292,43.5625],[-70.22708,43.56181],[-70.22917,43.56042],[-70.23125,43.55938],[-70.23542,43.55685],[-70.23594,43.55625],[-70.23958,43.55333],[-70.24375,43.55331],[-70.24792,43.55403],[-70.25208,43.55313],[-70.25625,43.55327],[-70.26042,43.55355],[-70.26458,43.55396],[-70.26764,43.55625],[-70.26875,43.55764],[-70.27208,43.56042],[-70.27292,43.56458],[-70.27708,43.5622],[-70.27804,43.56042],[-70.28125,43.55744],[-70.28542,43.55671],[-70.28588,43.55625],[-70.28958,43.55335],[-70.29375,43.55292],[-70.29514,43.55208],[-70.29792,43.54948],[-70.30208,43.54896],[-70.30417,43.54792],[-70.30625,43.54583],[-70.30856,43.54375],[-70.31042,43.54167],[-70.31153,43.53958],[-70.31198,43.53542],[-70.31042,43.53349],[-70.3088,43.53125],[-70.31042,43.52998],[-70.31458,43.52882],[-70.31875,43.52903],[-70.32292,43.52986],[-70.32542,43.53125],[-70.32292,43.53403],[-70.32113,43.53542],[-70.32292,43.53698],[-70.32639,43.53958],[-70.32604,43.54375],[-70.32708,43.54514],[-70.32986,43.54792],[-70.33125,43.55],[-70.33542,43.55069],[-70.33819,43.54792],[-70.33542,43.54625],[-70.33125,43.54722],[-70.32778,43.54375],[-70.33125,43.54028],[-70.33542,43.54063],[-70.33958,43.54042],[-70.34375,43.53958],[-70.34792,43.53681],[-70.35208,43.53681],[-70.35278,43.53542],[-70.35625,43.53194],[-70.35708,43.53125],[-70.36042,43.52792],[-70.36125,43.52708],[-70.36458,43.52375],[-70.36542,43.52292],[-70.36875,43.52014],[-70.36994,43.51875],[-70.37292,43.51577],[-70.37375,43.51458],[-70.37481,43.51042],[-70.37708,43.50625],[-70.37812,43.50208],[-70.38021,43.49792],[-70.38125,43.49583],[-70.38185,43.49375],[-70.38194,43.48958],[-70.38125,43.48542],[-70.38021,43.48125],[-70.37917,43.47708],[-70.37847,43.47292],[-70.37708,43.47083],[-70.37604,43.46875],[-70.37431,43.46458],[-70.37292,43.4625],[-70.36875,43.46042],[-70.36667,43.45625],[-70.36458,43.45542],[-70.36042,43.45313],[-70.35958,43.45208],[-70.35625,43.45],[-70.35208,43.45048],[-70.34792,43.45023],[-70.34375,43.45208],[-70.33958,43.44954],[-70.33667,43.44792],[-70.33958,43.44468],[-70.34042,43.44375],[-70.34375,43.44042],[-70.34792,43.44077],[-70.35208,43.44083],[-70.35625,43.44292],[-70.36042,43.44271],[-70.36292,43.43958],[-70.36458,43.43839],[-70.36875,43.43681],[-70.37014,43.43542],[-70.37292,43.43208],[-70.37321,43.43125],[-70.375,43.42708],[-70.37542,43.42292],[-70.37708,43.42083],[-70.38125,43.41968],[-70.38292,43.41875],[-70.38125,43.41667],[-70.38042,43.41458],[-70.38125,43.41366],[-70.38542,43.41292],[-70.38681,43.41042],[-70.38958,43.40814],[-70.39375,43.40903],[-70.3956,43.40625],[-70.39375,43.40527],[-70.39117,43.40208],[-70.39375,43.39973],[-70.39792,43.4],[-70.40149,43.39792],[-70.40208,43.3974],[-70.40625,43.39542],[-70.41042,43.39375],[-70.41458,43.39271],[-70.41875,43.39125],[-70.42292,43.38958],[-70.42542,43.38542],[-70.42523,43.38125],[-70.42458,43.37708],[-70.42292,43.375],[-70.41875,43.37396],[-70.41799,43.37292],[-70.41875,43.36875],[-70.42292,43.37014],[-70.42431,43.36875],[-70.42292,43.36815],[-70.41935,43.36458],[-70.42292,43.36208],[-70.42708,43.3625],[-70.43125,43.36042],[-70.43125,43.35625],[-70.43542,43.35625],[-70.43125,43.36042],[-70.43542,43.36181],[-70.43958,43.36146],[-70.44018,43.36042],[-70.44375,43.35657],[-70.44403,43.35625],[-70.44792,43.35236],[-70.44818,43.35208],[-70.44792,43.35],[-70.44745,43.34792],[-70.44792,43.3475],[-70.45208,43.34625],[-70.45625,43.34468],[-70.45764,43.34375],[-70.46042,43.34208],[-70.46458,43.34067],[-70.46875,43.34083],[-70.47292,43.34223],[-70.475,43.34375],[-70.47708,43.34653],[-70.48125,43.34708],[-70.48542,43.34531],[-70.48958,43.34514],[-70.49375,43.34427],[-70.49792,43.34375],[-70.50208,43.34148],[-70.50625,43.34148],[-70.51042,43.34167],[-70.51458,43.34167],[-70.51875,43.34167],[-70.52292,43.33958],[-70.52708,43.33854],[-70.53125,43.33601],[-70.53333,43.33542],[-70.53542,43.33438],[-70.53958,43.33229],[-70.54028,43.33125],[-70.54375,43.32865],[-70.54792,43.32792],[-70.54875,43.32708],[-70.55208,43.3247],[-70.55417,43.32292],[-70.55625,43.32083],[-70.55804,43.31875],[-70.56042,43.31597],[-70.56208,43.31458],[-70.56208,43.31042],[-70.56458,43.30833],[-70.56667,43.30625],[-70.56644,43.30208],[-70.5669,43.29792],[-70.5675,43.29375],[-70.56875,43.29125],[-70.56994,43.28958],[-70.57083,43.28542],[-70.57292,43.28264],[-70.57569,43.28125],[-70.57708,43.27986],[-70.57827,43.27708],[-70.58125,43.27361],[-70.58229,43.27292],[-70.58437,43.26875],[-70.58542,43.26458],[-70.58792,43.26042],[-70.58958,43.25625],[-70.58958,43.25208],[-70.58899,43.24792],[-70.58736,43.24375],[-70.58689,43.23958],[-70.58542,43.23542],[-70.58216,43.23125],[-70.58125,43.23009],[-70.57908,43.22708],[-70.57708,43.22481],[-70.57578,43.22292],[-70.57708,43.22102],[-70.57837,43.21875],[-70.58125,43.21534],[-70.58208,43.21458],[-70.5837,43.21042],[-70.58542,43.20847],[-70.58875,43.20625],[-70.5875,43.20208],[-70.58958,43.19792],[-70.59177,43.19375],[-70.59375,43.19077],[-70.59486,43.18958],[-70.59792,43.18672],[-70.60208,43.1875],[-70.60284,43.18542],[-70.6037,43.18125],[-70.60625,43.17708],[-70.60208,43.17621],[-70.59948,43.17292],[-70.59792,43.17158],[-70.59608,43.16875],[-70.5976,43.16458],[-70.59792,43.16417],[-70.59861,43.16458],[-70.60208,43.16593],[-70.60625,43.16589],[-70.61042,43.16542],[-70.61319,43.16458],[-70.61458,43.16354],[-70.61771,43.16042],[-70.61875,43.15903],[-70.62153,43.15625],[-70.62292,43.15417],[-70.62333,43.15208],[-70.62431,43.14792],[-70.62333,43.14375],[-70.62292,43.14323],[-70.62083,43.13958],[-70.62292,43.13693],[-70.62375,43.13542],[-70.62708,43.13224],[-70.63125,43.13177],[-70.63375,43.13125],[-70.6322,43.12708],[-70.63264,43.12292],[-70.63542,43.11907],[-70.63588,43.11875],[-70.6375,43.11458],[-70.63958,43.1125],[-70.64167,43.11042],[-70.64375,43.10833],[-70.64792,43.10685],[-70.64847,43.10625],[-70.65208,43.10238],[-70.6526,43.10208],[-70.65347,43.09792],[-70.65521,43.09375],[-70.65625,43.08958],[-70.65972,43.08542],[-70.66042,43.08333],[-70.66125,43.08125],[-70.66458,43.07792],[-70.665,43.07708],[-70.66875,43.07367],[-70.66979,43.07292],[-70.67292,43.07113],[-70.67708,43.07027],[-70.68125,43.06966],[-70.68235,43.06875],[-70.68542,43.06597],[-70.68958,43.06656],[-70.69375,43.06756],[-70.69463,43.06875],[-70.69577,43.07292],[-70.69667,43.07708],[-70.69792,43.07917],[-70.70104,43.08125],[-70.70208,43.08144],[-70.70625,43.08264],[-70.71042,43.08297],[-70.7125,43.08125],[-70.71458,43.07992],[-70.71875,43.08073],[-70.71939,43.08125],[-70.72292,43.08308],[-70.72597,43.08125],[-70.72708,43.07973],[-70.72854,43.07708],[-70.72708,43.07537],[-70.72292,43.07417],[-70.71875,43.07401],[-70.71458,43.07411],[-70.71333,43.07292],[-70.71375,43.06875],[-70.71088,43.06458],[-70.7125,43.06042],[-70.71458,43.05729],[-70.71644,43.05625],[-70.71686,43.05208],[-70.71619,43.04792],[-70.71458,43.04618],[-70.71215,43.04375],[-70.71354,43.03958],[-70.71458,43.03819],[-70.71625,43.03542],[-70.71875,43.03264],[-70.71989,43.03125],[-70.72292,43.02903],[-70.72708,43.02839],[-70.7294,43.02708],[-70.73125,43.02431],[-70.73229,43.02292],[-70.73333,43.01875],[-70.73239,43.01458],[-70.73542,43.01181],[-70.73958,43.01071],[-70.74042,43.01042],[-70.74375,43.00708],[-70.74514,43.00625],[-70.74375,43.00486],[-70.74208,43.00208],[-70.74375,42.99931],[-70.74479,42.99792],[-70.74792,42.99542],[-70.74861,42.99375],[-70.75208,42.98996],[-70.75312,42.98958],[-70.75625,42.98646],[-70.75708,42.98542],[-70.76042,42.98125],[-70.7622,42.97708],[-70.76458,42.97431],[-70.76577,42.97292],[-70.76875,42.9706],[-70.77113,42.96875],[-70.77,42.96458],[-70.77292,42.96094],[-70.77314,42.96042],[-70.77458,42.95625],[-70.77708,42.95417],[-70.78021,42.95208],[-70.78125,42.95069],[-70.78229,42.94792],[-70.78542,42.94514],[-70.7872,42.94375],[-70.78958,42.93958],[-70.79271,42.93542],[-70.79375,42.93403],[-70.79514,42.93125],[-70.79613,42.92708],[-70.79606,42.92292],[-70.79567,42.91875],[-70.79792,42.91583],[-70.80208,42.91563],[-70.80625,42.91458],[-70.80625,42.91042],[-70.80694,42.90625],[-70.80833,42.90208],[-70.80917,42.89792],[-70.81042,42.89613],[-70.81227,42.89375],[-70.81227,42.88958],[-70.8125,42.88542],[-70.81458,42.88264],[-70.81597,42.88125],[-70.81597,42.87708],[-70.81597,42.87292],[-70.81625,42.86875],[-70.81667,42.86458],[-70.81667,42.86042],[-70.81708,42.85625],[-70.81667,42.85208],[-70.81708,42.84792],[-70.81667,42.84375],[-70.81667,42.83958],[-70.81458,42.83854],[-70.81181,42.83542],[-70.81181,42.83125],[-70.81198,42.82708],[-70.81198,42.82292],[-70.81319,42.81875],[-70.81042,42.81667],[-70.80804,42.81458],[-70.80781,42.81042],[-70.80833,42.80625],[-70.80856,42.80208],[-70.8081,42.79792],[-70.80625,42.79625],[-70.80417,42.79375],[-70.80417,42.78958],[-70.8044,42.78542],[-70.80417,42.78125],[-70.80208,42.77958],[-70.79958,42.77708],[-70.80023,42.77292],[-70.8,42.76875],[-70.79792,42.76667],[-70.79625,42.76458],[-70.79549,42.76042],[-70.79531,42.75625],[-70.79375,42.75486],[-70.79125,42.75208],[-70.79144,42.74792],[-70.78958,42.74606],[-70.78727,42.74375],[-70.78661,42.73958],[-70.78542,42.73839],[-70.78281,42.73542],[-70.78264,42.73125],[-70.78125,42.72986],[-70.77917,42.72708],[-70.77865,42.72292],[-70.77708,42.72135],[-70.77477,42.71875],[-70.77292,42.71708],[-70.77064,42.71458],[-70.77054,42.71042],[-70.77014,42.70625],[-70.76979,42.70208],[-70.77292,42.69896],[-70.77708,42.7],[-70.78125,42.7003],[-70.78542,42.70042],[-70.78819,42.70208],[-70.78542,42.70417],[-70.78403,42.70625],[-70.78542,42.70764],[-70.78958,42.70833],[-70.79167,42.71042],[-70.79375,42.71458],[-70.79405,42.71042],[-70.79375,42.70625],[-70.78993,42.70208],[-70.78958,42.70162],[-70.78655,42.69792],[-70.78727,42.69375],[-70.78542,42.6919],[-70.78125,42.69252],[-70.77708,42.69351],[-70.77292,42.69343],[-70.76875,42.69271],[-70.76458,42.68958],[-70.76042,42.68875],[-70.75625,42.68802],[-70.75208,42.6875],[-70.74896,42.68542],[-70.74792,42.68472],[-70.74375,42.68403],[-70.74097,42.68125],[-70.73958,42.68021],[-70.73646,42.67708],[-70.73542,42.67589],[-70.73125,42.67523],[-70.72865,42.67292],[-70.72847,42.66875],[-70.72708,42.66708],[-70.72396,42.66458],[-70.72458,42.66042],[-70.72708,42.65833],[-70.72958,42.66042],[-70.73125,42.66208],[-70.73333,42.66458],[-70.73542,42.66637],[-70.73958,42.66696],[-70.74208,42.66875],[-70.74375,42.66979],[-70.74792,42.66979],[-70.74931,42.66875],[-70.74861,42.66458],[-70.75104,42.66042],[-70.74792,42.65833],[-70.74542,42.66042],[-70.74375,42.66208],[-70.74256,42.66042],[-70.74256,42.65625],[-70.74375,42.65532],[-70.74508,42.65208],[-70.74375,42.64965],[-70.73958,42.64911],[-70.73542,42.65],[-70.73125,42.65],[-70.72708,42.6503],[-70.72292,42.65121],[-70.7214,42.65208],[-70.72054,42.65625],[-70.72222,42.66042],[-70.71875,42.6642],[-70.71458,42.66354],[-70.71146,42.66042],[-70.71042,42.65875],[-70.70625,42.66042],[-70.70208,42.65958],[-70.69792,42.65958],[-70.69375,42.65903],[-70.69072,42.65625],[-70.69028,42.65208],[-70.68958,42.6497],[-70.68708,42.64792],[-70.68542,42.64375],[-70.68958,42.64167],[-70.69271,42.63958],[-70.69271,42.63542],[-70.69144,42.63125],[-70.68958,42.62997],[-70.6867,42.62708],[-70.68542,42.62633],[-70.68449,42.62708],[-70.68125,42.63051],[-70.68011,42.63125],[-70.67708,42.63458],[-70.67679,42.63542],[-70.6763,42.63958],[-70.67578,42.64375],[-70.67519,42.64792],[-70.67597,42.65208],[-70.67708,42.65278],[-70.68071,42.65625],[-70.68046,42.66042],[-70.67708,42.66396],[-70.6763,42.66458],[-70.675,42.66875],[-70.67292,42.67042],[-70.66875,42.67208],[-70.66819,42.67292],[-70.66458,42.67577],[-70.6635,42.67708],[-70.66042,42.67981],[-70.65844,42.68125],[-70.65625,42.68306],[-70.65208,42.68455],[-70.65104,42.68542],[-70.64792,42.68792],[-70.64375,42.68837],[-70.63958,42.68828],[-70.63798,42.68958],[-70.63542,42.69113],[-70.63125,42.69178],[-70.62708,42.69086],[-70.6249,42.68958],[-70.62292,42.68836],[-70.61875,42.68622],[-70.61779,42.68542],[-70.61875,42.68403],[-70.62092,42.68125],[-70.6212,42.67708],[-70.61976,42.67292],[-70.61994,42.66875],[-70.61875,42.66542],[-70.61792,42.66458],[-70.61458,42.66292],[-70.61042,42.66088],[-70.60903,42.66042],[-70.60625,42.66007],[-70.60208,42.65997],[-70.60052,42.66042],[-70.59792,42.66181],[-70.59531,42.66042],[-70.59375,42.65885],[-70.59245,42.65625],[-70.59375,42.65495],[-70.59545,42.65208],[-70.59375,42.65032],[-70.59173,42.64792],[-70.59261,42.64375],[-70.58958,42.64005],[-70.58914,42.63958],[-70.58958,42.63889],[-70.59236,42.63542],[-70.59375,42.6331],[-70.59792,42.63375],[-70.60208,42.63363],[-70.60625,42.63385],[-70.60946,42.63125],[-70.61042,42.63042],[-70.61458,42.62929],[-70.61667,42.62708],[-70.61752,42.62292],[-70.61875,42.62182],[-70.6224,42.61875],[-70.62292,42.61835],[-70.62411,42.61875],[-70.62708,42.61979],[-70.62917,42.61875],[-70.62986,42.61458],[-70.63125,42.61227],[-70.63213,42.61042],[-70.63125,42.60833],[-70.63021,42.60625],[-70.63125,42.60486],[-70.63333,42.60208],[-70.63542,42.59952],[-70.63672,42.59792],[-70.63958,42.59563],[-70.64179,42.59375],[-70.64375,42.59223],[-70.64792,42.59203],[-70.65023,42.58958],[-70.64792,42.58681],[-70.64712,42.58542],[-70.64792,42.58462],[-70.65189,42.58125],[-70.65208,42.58099],[-70.65625,42.58061],[-70.66042,42.58032],[-70.66125,42.58125],[-70.66283,42.58542],[-70.66042,42.58783],[-70.65846,42.58958],[-70.65625,42.59179],[-70.6544,42.59375],[-70.65625,42.59583],[-70.65833,42.59792],[-70.65863,42.60208],[-70.65625,42.60465],[-70.65208,42.60521],[-70.65119,42.60625],[-70.64792,42.60952],[-70.64728,42.61042],[-70.64792,42.6122],[-70.65125,42.61458],[-70.65208,42.6149],[-70.65375,42.61458],[-70.65625,42.61302],[-70.65923,42.61042],[-70.66042,42.60949],[-70.66458,42.60792],[-70.66875,42.60777],[-70.67292,42.60792],[-70.67396,42.60625],[-70.67474,42.60208],[-70.67708,42.5994],[-70.67917,42.59792],[-70.67862,42.59375],[-70.68125,42.59063],[-70.68218,42.58958],[-70.68542,42.58634],[-70.68681,42.58542],[-70.68958,42.58333],[-70.69154,42.58125],[-70.69375,42.57904],[-70.6956,42.57708],[-70.69792,42.57489],[-70.70208,42.57424],[-70.70625,42.57328],[-70.70701,42.57292],[-70.71042,42.57147],[-70.71458,42.57264],[-70.71875,42.57292],[-70.72111,42.56875],[-70.72292,42.56736],[-70.7249,42.56875],[-70.72708,42.57045],[-70.73079,42.57292],[-70.73125,42.57384],[-70.73403,42.57292],[-70.73542,42.5725],[-70.73958,42.57199],[-70.74375,42.5714],[-70.74792,42.57003],[-70.75208,42.56979],[-70.75625,42.56942],[-70.75785,42.56875],[-70.76042,42.56667],[-70.76238,42.56458],[-70.76458,42.56238],[-70.76875,42.56229],[-70.77031,42.56042],[-70.77292,42.5581],[-70.77708,42.55833],[-70.78073,42.56042],[-70.78125,42.56068],[-70.78542,42.56134],[-70.78958,42.56107],[-70.79375,42.56181],[-70.79792,42.56111],[-70.79861,42.56042],[-70.80208,42.55852],[-70.80625,42.55708],[-70.80739,42.55625],[-70.81042,42.55322],[-70.81458,42.55208],[-70.81875,42.54948],[-70.82292,42.54888],[-70.82708,42.54867],[-70.83125,42.54819],[-70.83542,42.54792],[-70.83958,42.54811],[-70.84375,42.54792],[-70.84792,42.54631],[-70.85139,42.54792],[-70.85208,42.54818],[-70.85236,42.54792],[-70.85625,42.545],[-70.86042,42.54503],[-70.86458,42.54431],[-70.86875,42.54375],[-70.87292,42.54167],[-70.87708,42.53984],[-70.87812,42.53958],[-70.88125,42.53708],[-70.88244,42.53542],[-70.88264,42.53125],[-70.88125,42.53021],[-70.88056,42.53125],[-70.87708,42.53446],[-70.87292,42.53438],[-70.87153,42.53542],[-70.86875,42.53845],[-70.86637,42.53542],[-70.86667,42.53125],[-70.86651,42.52708],[-70.86875,42.52417],[-70.8724,42.52708],[-70.87292,42.5274],[-70.87333,42.52708],[-70.87448,42.52292],[-70.87708,42.52031],[-70.88125,42.52014],[-70.88542,42.51917],[-70.88594,42.51875],[-70.88542,42.51792],[-70.88264,42.51458],[-70.88542,42.51125],[-70.88576,42.51042],[-70.88542,42.5101],[-70.88157,42.50625],[-70.88125,42.50417],[-70.87708,42.50581],[-70.87649,42.50625],[-70.87292,42.50958],[-70.87226,42.51042],[-70.86875,42.51434],[-70.8684,42.51458],[-70.86792,42.51875],[-70.86458,42.52178],[-70.86042,42.52245],[-70.85625,42.52269],[-70.85208,42.52232],[-70.84792,42.52194],[-70.84507,42.51875],[-70.84484,42.51458],[-70.84375,42.51266],[-70.84181,42.51042],[-70.84141,42.50625],[-70.84375,42.50375],[-70.84542,42.50208],[-70.84375,42.50069],[-70.83958,42.50092],[-70.83813,42.50208],[-70.83542,42.50444],[-70.83125,42.50339],[-70.82995,42.50208],[-70.83125,42.50035],[-70.83242,42.49792],[-70.83208,42.49375],[-70.83368,42.48958],[-70.83542,42.48785],[-70.83958,42.48702],[-70.84375,42.48634],[-70.84792,42.48708],[-70.85208,42.4875],[-70.85625,42.4878],[-70.86042,42.48702],[-70.86164,42.48542],[-70.86458,42.48324],[-70.86875,42.48253],[-70.87034,42.48125],[-70.87292,42.47899],[-70.87708,42.47862],[-70.87891,42.47708],[-70.88125,42.4742],[-70.8831,42.47292],[-70.88542,42.46944],[-70.88569,42.46875],[-70.88664,42.46458],[-70.88958,42.46195],[-70.89201,42.46042],[-70.89375,42.45919],[-70.89792,42.45895],[-70.8997,42.46042],[-70.90208,42.4625],[-70.90625,42.46292],[-70.90903,42.46458],[-70.91042,42.46508],[-70.91458,42.46458],[-70.91875,42.46146],[-70.92292,42.46042],[-70.92708,42.45729],[-70.93125,42.45689],[-70.93244,42.45625],[-70.93281,42.45208],[-70.93229,42.44792],[-70.93542,42.44542],[-70.93681,42.44375],[-70.9375,42.43958],[-70.93542,42.43889],[-70.93125,42.43847],[-70.92819,42.43542],[-70.93125,42.43214],[-70.93333,42.43125],[-70.93125,42.42986],[-70.92708,42.43037],[-70.92292,42.43051],[-70.91875,42.43034],[-70.91458,42.42942],[-70.91215,42.42708],[-70.91042,42.42463],[-70.90903,42.42292],[-70.90625,42.42014],[-70.90498,42.41875],[-70.90625,42.41713],[-70.91042,42.41667],[-70.91458,42.41756],[-70.9161,42.41875],[-70.91875,42.42099],[-70.92292,42.4214],[-70.92625,42.42292],[-70.92708,42.42318],[-70.92768,42.42292],[-70.92891,42.41875],[-70.93125,42.41654],[-70.93542,42.41726],[-70.9369,42.41875],[-70.93805,42.42292],[-70.93958,42.42616],[-70.94167,42.42708],[-70.93958,42.42917],[-70.93792,42.43125],[-70.93889,42.43542],[-70.93958,42.4375],[-70.94167,42.43958],[-70.94167,42.44375],[-70.94115,42.44792],[-70.94167,42.45208],[-70.94196,42.45625],[-70.94375,42.4575],[-70.94514,42.45625],[-70.94792,42.45347],[-70.9497,42.45208],[-70.95208,42.4497],[-70.95625,42.44856],[-70.95718,42.44792],[-70.96042,42.44468],[-70.96319,42.44375],[-70.96181,42.43958],[-70.96458,42.43601],[-70.96518,42.43542],[-70.96875,42.43185],[-70.96921,42.43125],[-70.97292,42.42755],[-70.97326,42.42708],[-70.97708,42.42326],[-70.97746,42.42292],[-70.98125,42.41913],[-70.98177,42.41875],[-70.98333,42.41458],[-70.98333,42.41042],[-70.98333,42.40625],[-70.98125,42.40208],[-70.98125,42.39792],[-70.98125,42.39375],[-70.97708,42.39355],[-70.97292,42.39315],[-70.96935,42.38958],[-70.96921,42.38542],[-70.97,42.38125],[-70.96927,42.37708],[-70.96875,42.37656],[-70.9651,42.37292],[-70.96496,42.36875],[-70.96597,42.36458],[-70.96583,42.36042],[-70.96458,42.35928],[-70.96042,42.35938],[-70.95685,42.35625],[-70.95625,42.35576],[-70.95296,42.35208],[-70.95339,42.34792],[-70.95208,42.34444],[-70.95156,42.34375],[-70.95208,42.3435],[-70.95625,42.3434],[-70.95657,42.34375],[-70.96042,42.34688],[-70.96181,42.34792],[-70.96458,42.3503],[-70.96736,42.35208],[-70.96875,42.35387],[-70.97292,42.35446],[-70.9747,42.35625],[-70.97595,42.36042],[-70.97292,42.36375],[-70.97187,42.36458],[-70.97272,42.36875],[-70.97292,42.36958],[-70.97708,42.36939],[-70.98125,42.36935],[-70.98229,42.36875],[-70.98542,42.36563],[-70.98958,42.36496],[-70.99306,42.36875],[-70.99375,42.36924],[-70.99743,42.37292],[-70.99699,42.37708],[-70.99792,42.37847],[-70.99896,42.37708],[-70.99896,42.37292],[-70.99948,42.36875],[-70.99861,42.36458],[-70.99792,42.36399],[-70.99375,42.36399],[-70.98958,42.36389],[-70.98661,42.36042],[-70.98698,42.35625],[-70.98958,42.35417],[-70.99375,42.35347],[-70.99792,42.35417],[-71.00208,42.35446],[-71.00347,42.35208],[-71.00446,42.34792],[-71.00625,42.34635],[-71.00772,42.34792],[-71.01042,42.35033],[-71.01458,42.35052],[-71.01625,42.35208],[-71.0163,42.35625],[-71.01875,42.3587],[-71.02292,42.35859],[-71.02486,42.36042],[-71.02708,42.36264],[-71.03125,42.36229],[-71.03542,42.36302],[-71.03958,42.36328],[-71.04119,42.36458],[-71.04097,42.36875],[-71.04375,42.37292],[-71.04146,42.37708],[-71.04223,42.38125],[-71.04375,42.38381],[-71.04613,42.38125],[-71.04792,42.37978],[-71.04975,42.37708],[-71.05037,42.37292],[-71.05208,42.37109],[-71.05396,42.36875],[-71.05208,42.36712],[-71.04975,42.36458],[-71.04792,42.36106],[-71.04736,42.36042],[-71.04792,42.35966],[-71.04931,42.35625],[-71.05016,42.35208],[-71.04792,42.34943],[-71.04375,42.34965],[-71.04167,42.35208],[-71.03958,42.3537],[-71.03796,42.35208],[-71.03542,42.34922],[-71.03381,42.34792],[-71.03125,42.34616],[-71.02822,42.34792],[-71.02708,42.34896],[-71.0263,42.34792],[-71.02396,42.34375],[-71.02681,42.33958],[-71.02292,42.33594],[-71.02014,42.33542],[-71.01875,42.33125],[-71.02292,42.33073],[-71.02708,42.33],[-71.03125,42.3286],[-71.03542,42.32746],[-71.03958,42.32708],[-71.04125,42.32292],[-71.03958,42.32208],[-71.03625,42.31875],[-71.03542,42.31799],[-71.03229,42.31458],[-71.03542,42.31117],[-71.03611,42.31042],[-71.03958,42.30721],[-71.04375,42.30625],[-71.04051,42.30208],[-71.03958,42.30042],[-71.03542,42.30089],[-71.03125,42.30104],[-71.02708,42.3013],[-71.02292,42.30116],[-71.01875,42.30208],[-71.01458,42.30573],[-71.01042,42.30587],[-71.00625,42.30506],[-71.00208,42.30542],[-70.99792,42.30521],[-70.99375,42.30458],[-70.99125,42.30208],[-70.99375,42.29958],[-70.99792,42.29896],[-70.99931,42.29792],[-71.00069,42.29375],[-71.00208,42.28958],[-71.00625,42.28681],[-71.01042,42.28542],[-71.01042,42.28125],[-71.00625,42.27986],[-71.00347,42.27708],[-71.00208,42.27604],[-70.99792,42.27542],[-70.99542,42.27292],[-70.99494,42.26875],[-70.99375,42.26799],[-70.98958,42.26799],[-70.98542,42.26736],[-70.98125,42.26792],[-70.97708,42.26667],[-70.97292,42.26719],[-70.96875,42.26756],[-70.96756,42.26875],[-70.96458,42.27222],[-70.9625,42.27292],[-70.96042,42.275],[-70.95625,42.27292],[-70.95587,42.27708],[-70.95208,42.27986],[-70.9483,42.27708],[-70.94792,42.27639],[-70.94494,42.27292],[-70.94583,42.26875],[-70.94792,42.26667],[-70.94931,42.26458],[-70.95208,42.2622],[-70.95625,42.26208],[-70.96042,42.26215],[-70.96273,42.26042],[-70.96042,42.25852],[-70.95625,42.25764],[-70.95486,42.25625],[-70.95625,42.25532],[-70.9589,42.25208],[-70.95625,42.24984],[-70.95208,42.25037],[-70.94792,42.25125],[-70.94375,42.25208],[-70.93958,42.25608],[-70.93906,42.25625],[-70.93542,42.25949],[-70.93125,42.25993],[-70.92708,42.25958],[-70.92589,42.26042],[-70.92292,42.26339],[-70.91944,42.26042],[-70.91913,42.25625],[-70.91875,42.25579],[-70.91736,42.25625],[-70.91667,42.26042],[-70.91458,42.26458],[-70.91875,42.26518],[-70.92292,42.2651],[-70.92656,42.26875],[-70.92292,42.27218],[-70.91875,42.27153],[-70.91458,42.27125],[-70.91042,42.27153],[-70.90708,42.26875],[-70.90625,42.26458],[-70.90208,42.26442],[-70.89792,42.26412],[-70.89375,42.26375],[-70.89042,42.26042],[-70.88958,42.25946],[-70.88542,42.25833],[-70.88333,42.26042],[-70.88125,42.26458],[-70.88517,42.26875],[-70.88516,42.27292],[-70.88542,42.27344],[-70.88906,42.27708],[-70.88542,42.28073],[-70.88125,42.28125],[-70.88125,42.28542],[-70.88521,42.28958],[-70.88542,42.29028],[-70.88839,42.29375],[-70.88889,42.29792],[-70.88958,42.30208],[-70.89375,42.3],[-70.89792,42.29861],[-70.90208,42.29896],[-70.90625,42.2987],[-70.91042,42.29845],[-70.91405,42.30208],[-70.91458,42.30446],[-70.91572,42.30625],[-70.91458,42.30781],[-70.91042,42.30932],[-70.90625,42.31004],[-70.90208,42.30976],[-70.89792,42.30875],[-70.89375,42.30764],[-70.88958,42.30885],[-70.88542,42.30951],[-70.88125,42.30833],[-70.87894,42.30625],[-70.87882,42.30208],[-70.87875,42.29792],[-70.87708,42.29625],[-70.87396,42.29375],[-70.87292,42.29256],[-70.87031,42.28958],[-70.86875,42.28833],[-70.86583,42.28542],[-70.86518,42.28125],[-70.86458,42.28042],[-70.86181,42.27708],[-70.86042,42.27649],[-70.85625,42.27523],[-70.85394,42.27292],[-70.85208,42.27153],[-70.84792,42.2716],[-70.84375,42.27083],[-70.84153,42.26875],[-70.83958,42.26651],[-70.83542,42.26681],[-70.83125,42.26701],[-70.82708,42.26756],[-70.82292,42.26683],[-70.81875,42.26681],[-70.81458,42.26458],[-70.81042,42.26375],[-70.80625,42.2628],[-70.80292,42.26042],[-70.80208,42.2599],[-70.79792,42.25938],[-70.79375,42.25852],[-70.79097,42.25625],[-70.78958,42.25486],[-70.78601,42.25208],[-70.78542,42.25139],[-70.78125,42.25],[-70.77708,42.24931],[-70.77292,42.24792],[-70.77173,42.25208],[-70.76875,42.25417],[-70.76458,42.25322],[-70.76362,42.25208],[-70.7625,42.24792],[-70.7625,42.24375],[-70.76042,42.24208],[-70.75849,42.23958],[-70.75814,42.23542],[-70.75625,42.23333],[-70.75417,42.23125],[-70.75208,42.22894],[-70.75023,42.22708],[-70.74792,42.22477],[-70.74625,42.22292],[-70.74375,42.22083],[-70.73958,42.21958],[-70.73854,42.21875],[-70.73542,42.21683],[-70.73218,42.21458],[-70.73125,42.21366],[-70.72708,42.21273],[-70.72292,42.21193],[-70.7214,42.21042],[-70.71875,42.20777],[-70.71458,42.20721],[-70.71333,42.20625],[-70.71458,42.20313],[-70.71597,42.20208],[-70.71458,42.20162],[-70.71088,42.19792],[-70.71333,42.19375],[-70.71366,42.18958],[-70.71458,42.18792],[-70.71667,42.18542],[-70.71458,42.18363],[-70.71319,42.18125],[-70.71181,42.17708],[-70.71181,42.17292],[-70.71208,42.16875],[-70.71319,42.16458],[-70.71458,42.16042],[-70.71231,42.15625],[-70.71292,42.15208],[-70.71042,42.15095],[-70.70729,42.15208],[-70.70625,42.15625],[-70.70208,42.1581],[-70.69792,42.15721],[-70.69708,42.15625],[-70.69625,42.15208],[-70.69375,42.14931],[-70.69279,42.14792],[-70.68958,42.14444],[-70.68899,42.14375],[-70.68845,42.13958],[-70.68542,42.13625],[-70.68466,42.13542],[-70.68125,42.13201],[-70.68056,42.13125],[-70.6794,42.12708],[-70.67708,42.12477],[-70.67542,42.12292],[-70.67292,42.12014],[-70.67135,42.11875],[-70.66875,42.11615],[-70.66736,42.11458],[-70.66458,42.11208],[-70.66292,42.11042],[-70.66042,42.10764],[-70.65903,42.10625],[-70.65625,42.10375],[-70.65387,42.10208],[-70.65208,42.10095],[-70.64792,42.09792],[-70.64375,42.09468],[-70.64292,42.09375],[-70.63958,42.08958],[-70.63773,42.08542],[-70.6375,42.08125],[-70.63958,42.07887],[-70.64375,42.07792],[-70.64479,42.07708],[-70.64613,42.07292],[-70.64564,42.06875],[-70.64583,42.06458],[-70.64625,42.06042],[-70.64375,42.05764],[-70.6425,42.05625],[-70.6419,42.05208],[-70.63958,42.04911],[-70.63854,42.04792],[-70.6375,42.04375],[-70.63542,42.04125],[-70.63423,42.03958],[-70.63125,42.03611],[-70.63079,42.03542],[-70.62708,42.03171],[-70.62649,42.03125],[-70.625,42.02708],[-70.62708,42.02569],[-70.62917,42.02708],[-70.62917,42.03125],[-70.63125,42.03333],[-70.63264,42.03542],[-70.63542,42.0375],[-70.63819,42.03958],[-70.63958,42.04063],[-70.64375,42.04167],[-70.64792,42.03958],[-70.64375,42.03542],[-70.64792,42.03958],[-70.65208,42.03958],[-70.65625,42.0375],[-70.65833,42.03542],[-70.66042,42.03333],[-70.66181,42.03125],[-70.66181,42.02708],[-70.66042,42.02292],[-70.66042,42.01875],[-70.66042,42.01458],[-70.66181,42.01042],[-70.6625,42.00625],[-70.6625,42.00208],[-70.66458,42],[-70.66875,42],[-70.67292,42.00069],[-70.67708,42.00104],[-70.67917,42.00208],[-70.68125,42.0026],[-70.68542,42.00375],[-70.68958,42.00417],[-70.69236,42.00208],[-70.69375,41.99792],[-70.69458,41.99375],[-70.69375,41.99236],[-70.69167,41.98958],[-70.68958,41.98681],[-70.68542,41.98542],[-70.68125,41.98542],[-70.68125,41.98125],[-70.67736,41.97708],[-70.67708,41.97667],[-70.67333,41.97292],[-70.67292,41.97208],[-70.66875,41.97222],[-70.66458,41.97153],[-70.66181,41.96875],[-70.66042,41.96736],[-70.65764,41.96458],[-70.65764,41.96042],[-70.65625,41.95938],[-70.65208,41.95938],[-70.64792,41.95625],[-70.64375,41.95565],[-70.64271,41.95625],[-70.64375,41.95764],[-70.64583,41.96042],[-70.64687,41.96458],[-70.64792,41.96542],[-70.6503,41.96875],[-70.65208,41.97125],[-70.65486,41.97292],[-70.65469,41.97708],[-70.65208,41.98056],[-70.64861,41.97708],[-70.65,41.97292],[-70.64792,41.97153],[-70.64458,41.96875],[-70.64375,41.96771],[-70.64196,41.96458],[-70.63958,41.9622],[-70.63708,41.96042],[-70.63646,41.95625],[-70.63542,41.95486],[-70.63125,41.95347],[-70.62986,41.95208],[-70.62875,41.94792],[-70.62708,41.94736],[-70.62347,41.94375],[-70.62292,41.94299],[-70.61951,41.93958],[-70.61875,41.93906],[-70.61458,41.93902],[-70.61042,41.93941],[-70.60625,41.93942],[-70.60208,41.93899],[-70.60193,41.93958],[-70.59792,41.94352],[-70.59772,41.94375],[-70.59738,41.94792],[-70.59375,41.95093],[-70.59021,41.94792],[-70.58958,41.94755],[-70.58542,41.9477],[-70.58125,41.9476],[-70.57708,41.94708],[-70.57431,41.94375],[-70.57292,41.94315],[-70.56875,41.94279],[-70.56513,41.93958],[-70.56458,41.9388],[-70.56042,41.93667],[-70.55928,41.93542],[-70.55625,41.93285],[-70.55417,41.93125],[-70.55208,41.92951],[-70.54792,41.92917],[-70.54375,41.92917],[-70.54077,41.92708],[-70.53988,41.92292],[-70.54034,41.91875],[-70.54375,41.91458],[-70.54375,41.91042],[-70.54375,41.90625],[-70.54046,41.90208],[-70.53958,41.90121],[-70.53568,41.89792],[-70.53542,41.89745],[-70.53208,41.89375],[-70.53125,41.88958],[-70.52986,41.88542],[-70.52917,41.88125],[-70.52778,41.87708],[-70.52778,41.87292],[-70.52708,41.86875],[-70.52778,41.86458],[-70.5273,41.86042],[-70.52708,41.85833],[-70.52569,41.85625],[-70.52708,41.85417],[-70.52792,41.85208],[-70.52875,41.84792],[-70.53021,41.84375],[-70.53125,41.83958],[-70.53208,41.83542],[-70.53333,41.83125],[-70.53542,41.82847],[-70.53646,41.82708],[-70.53958,41.82458],[-70.54097,41.82292],[-70.54028,41.81875],[-70.53958,41.81806],[-70.53542,41.81458],[-70.53244,41.81042],[-70.53125,41.80875],[-70.52946,41.80625],[-70.52708,41.80208],[-70.52321,41.79792],[-70.52292,41.79708],[-70.52054,41.79375],[-70.51875,41.79125],[-70.51458,41.79144],[-70.51273,41.78958],[-70.51042,41.78698],[-70.50885,41.78542],[-70.50625,41.7831],[-70.50208,41.78292],[-70.5,41.78125],[-70.49792,41.77887],[-70.49542,41.77708],[-70.49375,41.77569],[-70.48958,41.77344],[-70.48889,41.77292],[-70.48542,41.77083],[-70.48244,41.76875],[-70.48125,41.76597],[-70.47708,41.76615],[-70.47583,41.76458],[-70.47292,41.76134],[-70.46875,41.76146],[-70.46736,41.76042],[-70.46458,41.75708],[-70.46042,41.75764],[-70.45625,41.75781],[-70.45312,41.75625],[-70.45208,41.75565],[-70.44792,41.75417],[-70.44375,41.75387],[-70.43958,41.75347],[-70.43708,41.75208],[-70.43542,41.75042],[-70.43125,41.75069],[-70.42708,41.75069],[-70.42292,41.74958],[-70.42014,41.74792],[-70.41875,41.74745],[-70.41458,41.74732],[-70.41042,41.74745],[-70.40625,41.74699],[-70.40208,41.7464],[-70.39943,41.74375],[-70.39792,41.74299],[-70.39375,41.74286],[-70.38958,41.74236],[-70.38542,41.7419],[-70.38125,41.74167],[-70.37708,41.74144],[-70.37431,41.73958],[-70.37292,41.73792],[-70.36875,41.73833],[-70.36458,41.73854],[-70.36042,41.7378],[-70.35625,41.73819],[-70.35208,41.73819],[-70.34792,41.73819],[-70.34375,41.73802],[-70.33958,41.73802],[-70.33542,41.7375],[-70.33125,41.73802],[-70.32708,41.73854],[-70.32292,41.73875],[-70.31875,41.73854],[-70.31458,41.73854],[-70.31042,41.73875],[-70.30625,41.73875],[-70.30208,41.73854],[-70.29896,41.73542],[-70.29792,41.73458],[-70.29375,41.73375],[-70.28958,41.73333],[-70.2875,41.73125],[-70.28542,41.72917],[-70.28125,41.72917],[-70.27946,41.72708],[-70.27917,41.72292],[-70.28125,41.71979],[-70.28542,41.72014],[-70.2875,41.72292],[-70.28958,41.725],[-70.29375,41.72458],[-70.29583,41.72292],[-70.29792,41.72014],[-70.30208,41.72153],[-70.30625,41.72083],[-70.31042,41.72187],[-70.31181,41.72292],[-70.31458,41.72569],[-70.31667,41.72292],[-70.31875,41.72083],[-70.32153,41.72292],[-70.32292,41.72431],[-70.32431,41.72292],[-70.32292,41.72083],[-70.32153,41.71875],[-70.31875,41.71458],[-70.31458,41.71319],[-70.31042,41.71208],[-70.30625,41.71354],[-70.30208,41.71458],[-70.29792,41.71667],[-70.29375,41.71458],[-70.28958,41.71458],[-70.28542,41.71667],[-70.28125,41.71667],[-70.27708,41.71667],[-70.27292,41.71736],[-70.26875,41.71667],[-70.26458,41.71458],[-70.26042,41.71597],[-70.25875,41.71458],[-70.25625,41.71208],[-70.25375,41.71458],[-70.25625,41.71771],[-70.25708,41.71875],[-70.25625,41.71944],[-70.25278,41.72292],[-70.25208,41.72361],[-70.24792,41.72396],[-70.24479,41.72708],[-70.24375,41.72847],[-70.23958,41.73125],[-70.23819,41.73542],[-70.23542,41.73875],[-70.23403,41.73958],[-70.23125,41.74236],[-70.22708,41.74306],[-70.22604,41.74375],[-70.22292,41.74554],[-70.21875,41.74583],[-70.21458,41.74732],[-70.21424,41.74792],[-70.21042,41.75097],[-70.20625,41.75083],[-70.20208,41.75116],[-70.20042,41.75208],[-70.19792,41.75333],[-70.19375,41.75417],[-70.18958,41.75292],[-70.18542,41.75347],[-70.18125,41.75365],[-70.17708,41.75382],[-70.17292,41.75394],[-70.17031,41.75625],[-70.16875,41.75764],[-70.16458,41.75875],[-70.16042,41.75885],[-70.15625,41.75949],[-70.15208,41.75875],[-70.15116,41.76042],[-70.14792,41.76307],[-70.14375,41.76345],[-70.13958,41.76319],[-70.13542,41.76375],[-70.13125,41.76354],[-70.12708,41.76181],[-70.12292,41.76292],[-70.11875,41.76458],[-70.11458,41.76875],[-70.11042,41.77292],[-70.10625,41.775],[-70.10208,41.77708],[-70.09792,41.77708],[-70.09375,41.78125],[-70.08958,41.78542],[-70.08542,41.7875],[-70.08125,41.78958],[-70.07708,41.78958],[-70.07292,41.78958],[-70.06875,41.78958],[-70.06458,41.78958],[-70.06042,41.79097],[-70.05625,41.79167],[-70.05208,41.79167],[-70.04792,41.79097],[-70.04583,41.78958],[-70.04375,41.78854],[-70.03958,41.78792],[-70.03542,41.78854],[-70.03125,41.78792],[-70.02708,41.78958],[-70.02292,41.79167],[-70.02153,41.79375],[-70.02083,41.79792],[-70.01875,41.80208],[-70.01458,41.80625],[-70.01042,41.80625],[-70.00903,41.81042],[-70.00764,41.81458],[-70.00903,41.81875],[-70.00875,41.82292],[-70.00995,41.82708],[-70.01042,41.83125],[-70.01458,41.83125],[-70.01458,41.83542],[-70.01458,41.83958],[-70.01458,41.84375],[-70.01458,41.84792],[-70.01458,41.85208],[-70.01667,41.85625],[-70.01875,41.86042],[-70.01875,41.86458],[-70.01875,41.86875],[-70.01875,41.87292],[-70.01875,41.87708],[-70.01458,41.88125],[-70.01042,41.88542],[-70.00625,41.88819],[-70.00417,41.88958],[-70.00625,41.89167],[-70.01042,41.89097],[-70.01458,41.89063],[-70.01875,41.89063],[-70.02292,41.89042],[-70.02708,41.89005],[-70.03079,41.89375],[-70.03056,41.89792],[-70.02708,41.90208],[-70.02708,41.90625],[-70.03042,41.91042],[-70.03125,41.91161],[-70.03385,41.91458],[-70.03542,41.91637],[-70.03819,41.91875],[-70.03819,41.92292],[-70.03958,41.925],[-70.04375,41.92292],[-70.04792,41.92083],[-70.05208,41.92014],[-70.05625,41.91875],[-70.06042,41.91458],[-70.06458,41.91042],[-70.06458,41.90625],[-70.06875,41.90208],[-70.06979,41.89792],[-70.07083,41.89375],[-70.07083,41.88958],[-70.07153,41.88542],[-70.06875,41.88264],[-70.06771,41.88125],[-70.06875,41.87917],[-70.07292,41.87708],[-70.07292,41.87292],[-70.06875,41.86875],[-70.06458,41.86875],[-70.06875,41.86458],[-70.06875,41.86042],[-70.07292,41.86042],[-70.07708,41.86042],[-70.08125,41.86042],[-70.08125,41.86458],[-70.08125,41.86875],[-70.08125,41.87292],[-70.07708,41.87708],[-70.075,41.88125],[-70.075,41.88542],[-70.075,41.88958],[-70.07431,41.89375],[-70.07542,41.89792],[-70.07569,41.90208],[-70.07708,41.90625],[-70.08021,41.91042],[-70.08125,41.91458],[-70.08125,41.91875],[-70.08125,41.92292],[-70.08021,41.92708],[-70.08042,41.93125],[-70.08049,41.93542],[-70.08049,41.93958],[-70.08125,41.94167],[-70.08244,41.94375],[-70.0831,41.94792],[-70.08352,41.95208],[-70.08333,41.95625],[-70.0831,41.96042],[-70.08333,41.96458],[-70.08403,41.96875],[-70.08437,41.97292],[-70.08423,41.97708],[-70.08466,41.98125],[-70.08458,41.98542],[-70.08458,41.98958],[-70.08264,41.99375],[-70.08458,41.99792],[-70.085,42.00208],[-70.0852,42.00625],[-70.08542,42.00764],[-70.08819,42.01042],[-70.08958,42.0125],[-70.09062,42.01458],[-70.09167,42.01875],[-70.09264,42.02292],[-70.09375,42.02708],[-70.09792,42.03042],[-70.09896,42.03125],[-70.10179,42.03542],[-70.10208,42.03583],[-70.10549,42.03958],[-70.10625,42.04063],[-70.11042,42.04271],[-70.11208,42.04375],[-70.11458,42.04583],[-70.11667,42.04792],[-70.11875,42.05],[-70.12292,42.0503],[-70.12604,42.05208],[-70.12708,42.05347],[-70.13125,42.05375],[-70.13542,42.05327],[-70.13889,42.05625],[-70.13958,42.05764],[-70.14375,42.05729],[-70.14792,42.05833],[-70.15208,42.05625],[-70.15625,42.05708],[-70.16042,42.05729],[-70.16458,42.05708],[-70.16875,42.05625],[-70.17292,42.05417],[-70.17708,42.05292],[-70.17847,42.05208],[-70.18125,42.05],[-70.18333,42.04792],[-70.18437,42.04375],[-70.18542,42.04236],[-70.18958,42.04097],[-70.19018,42.03958],[-70.18958,42.03542],[-70.19375,42.03542],[-70.19792,42.03472],[-70.20208,42.03458],[-70.20446,42.03125],[-70.20208,42.02792],[-70.20182,42.02708],[-70.19792,42.02341],[-70.19375,42.02361],[-70.18958,42.02319],[-70.18542,42.02384],[-70.18125,42.02361],[-70.17796,42.02708],[-70.18125,42.03125],[-70.17708,42.02788],[-70.17292,42.02765],[-70.17251,42.02708],[-70.17292,42.02672],[-70.1765,42.02292],[-70.17708,42.02238],[-70.18125,42.02259],[-70.18542,42.02251],[-70.18958,42.0228],[-70.19375,42.0226],[-70.19792,42.02271],[-70.19818,42.02292],[-70.20208,42.02695],[-70.20229,42.02708],[-70.20625,42.03068],[-70.20781,42.03125],[-70.21042,42.03472],[-70.21458,42.03516],[-70.215,42.03542],[-70.21667,42.03958],[-70.21875,42.04042],[-70.22292,42.04306],[-70.22396,42.04375],[-70.22589,42.04792],[-70.22708,42.04977],[-70.22898,42.05208],[-70.23125,42.05458],[-70.23363,42.05625],[-70.23542,42.05875],[-70.23958,42.06007],[-70.23967,42.06042],[-70.23958,42.06146],[-70.23646,42.06458],[-70.2375,42.06875],[-70.2358,42.07292],[-70.23542,42.0734],[-70.23125,42.07708],[-70.23125,42.07292],[-70.22708,42.07083],[-70.22292,42.07208],[-70.22153,42.07292],[-70.22208,42.07708],[-70.22083,42.08125],[-70.21875,42.08188],[-70.21458,42.08148],[-70.21042,42.08167],[-70.20625,42.08218],[-70.20208,42.0831],[-70.19792,42.08333],[-70.19375,42.08314],[-70.18958,42.08277],[-70.18542,42.08229],[-70.18125,42.08218],[-70.17708,42.08201],[-70.17292,42.08239],[-70.16875,42.08292],[-70.16458,42.0831],[-70.16125,42.08125],[-70.16042,42.08056],[-70.15625,42.08006],[-70.15208,42.07865],[-70.14958,42.07708],[-70.14792,42.075],[-70.14375,42.0753],[-70.13958,42.07411],[-70.13542,42.07465],[-70.13125,42.07484],[-70.12898,42.07292],[-70.12708,42.07031],[-70.12292,42.07014],[-70.11875,42.07083],[-70.11458,42.06989],[-70.1128,42.06875],[-70.11042,42.06542],[-70.10625,42.06667],[-70.10208,42.06551],[-70.10104,42.06458],[-70.09792,42.06101],[-70.09375,42.06042],[-70.08958,42.05781],[-70.08542,42.0575],[-70.08385,42.05625],[-70.08125,42.05417],[-70.07708,42.055],[-70.07319,42.05208],[-70.07292,42.05181],[-70.06875,42.05087],[-70.06538,42.04792],[-70.06458,42.04719],[-70.06042,42.04664],[-70.05706,42.04375],[-70.05625,42.04306],[-70.05222,42.03958],[-70.05208,42.03949],[-70.04792,42.03594],[-70.04732,42.03542],[-70.04375,42.03125],[-70.04008,42.02708],[-70.03958,42.02655],[-70.03542,42.02351],[-70.03458,42.02292],[-70.03152,42.01875],[-70.03125,42.01835],[-70.02771,42.01458],[-70.02708,42.01375],[-70.024,42.01042],[-70.02357,42.00625],[-70.02292,42.00486],[-70.01979,42.00208],[-70.01875,42.00069],[-70.01542,41.99792],[-70.01458,41.99653],[-70.01319,41.99375],[-70.01101,41.98958],[-70.01042,41.9875],[-70.00972,41.98542],[-70.00662,41.98125],[-70.00625,41.97917],[-70.00312,41.97708],[-70.00208,41.97625],[-70,41.97625]]},"properties":{"fid":11270,"ID":11269,"ELEV":0}},
{"type":"Feature","geometry":{"type":"LineString","coordinates":[[-70.34375,41.71111],[-70.34077,41.71458],[-70.34375,41.71806],[-70.34444,41.71875],[-70.34375,41.71958],[-70.34271,41.71875],[-70.33958,41.71625],[-70.33542,41.71708],[-70.33125,41.71667],[-70.32708,41.71667],[-70.325,41.71875],[-70.32708,41.72014],[-70.33125,41.72014],[-70.33333,41.72292],[-70.33542,41.725],[-70.33958,41.72542],[-70.34375,41.72569],[-70.34792,41.72569],[-70.35208,41.72569],[-70.35486,41.72292],[-70.35542,41.71875],[-70.35208,41.71542],[-70.34792,41.71577],[-70.34673,41.71458],[-70.34375,41.71111]]},"properties":{"fid":11271,"ID":11270,"ELEV":0}},
{"type":"Feature","geometry":{"type":"LineString","coordinates":[[-71.19792,41.71354],[-71.1975,41.71458],[-71.19792,41.71875],[-71.19838,41.71458],[-71.19792,41.71354]]},"properties":{"fid":11272,"ID":11271,"ELEV":0}},
{"type":"Feature","geometry":{"type":"LineString","coordinates":[[-71.24375,41.70382],[-71.24181,41.70625],[-71.24375,41.70868],[-71.24722,41.71042],[-71.24792,41.71146],[-71.24861,41.71042],[-71.24875,41.70625],[-71.24792,41.70417],[-71.24375,41.70382]]},"properties":{"fid":11292,"ID":11291,"ELEV":0}},
{"type":"Feature","geometry":{"type":"LineString","coordinates":[[-70.18542,41.70585],[-70.18458,41.70625],[-70.18542,41.70689],[-70.18646,41.70625],[-70.18542,41.70585]]},"properties":{"fid":11293,"ID":11292,"ELEV":0}},
{"type":"Feature","geometry":{"type":"LineString","coordinates":[[-70.72232,41.66875],[-70.72292,41.66806],[-70.72375,41.66875],[-70.72292,41.66935],[-70.72232,41.66875]]},"properties":{"fid":11369,"ID":11368,"ELEV":0}},
{"type":"Feature","geometry":{"type":"LineString","coordinates":[[-70.63125,41.66771],[-70.63021,41.66875],[-70.62708,41.67125],[-70.62292,41.67188],[-70.62153,41.67292],[-70.62125,41.67708],[-70.62292,41.67875],[-70.62604,41.68125],[-70.62708,41.68208],[-70.63125,41.68125],[-70.63229,41.67708],[-70.63264,41.67292],[-70.63194,41.66875],[-70.63125,41.66771]]},"properties":{"fid":11370,"ID":11369,"ELEV":0}},
{"type":"Feature","geometry":{"type":"LineString","coordinates":[[-70.77292,41.64554],[-70.76958,41.64792],[-70.77292,41.65069],[-70.77625,41.64792],[-70.77292,41.64554]]},"properties":{"fid":11417,"ID":11416,"ELEV":0}},
{"type":"Feature","geometry":{"type":"LineString","coordinates":[[-71.27187,41.63958],[-71.27292,41.63936],[-71.27708,41.63854],[-71.28125,41.63766],[-71.28317,41.63958],[-71.2838,41.64375],[-71.28125,41.64661],[-71.27778,41.64792],[-71.27708,41.64861],[-71.27681,41.64792],[-71.27542,41.64375],[-71.27292,41.64],[-71.27187,41.63958]]},"properties":{"fid":11433,"ID":11432,"ELEV":0}},
{"type":"Feature","geometry":{"type":"LineString","coordinates":[[-70.91302,41.63958],[-70.91458,41.63833],[-70.91615,41.63958],[-70.91458,41.64115],[-70.91302,41.63958]]},"properties":{"fid":11434,"ID":11433,"ELEV":0}},
{"type":"Feature","geometry":{"type":"LineString","coordinates":[[-70.64792,41.63625],[-70.64514,41.63958],[-70.64792,41.64167],[-70.65125,41.63958],[-70.64792,41.63625]]},"properties":{"fid":11435,"ID":11434,"ELEV":0}},
{"type":"Feature","geometry":null,"properties":{"fid":11436,"ID":11435,"ELEV":0}},
{"type":"Feature","geometry":{"type":"LineString","coordinates":[[-71.21875,41.63458],[-71.21792,41.63542],[-71.21875,41.63588],[-71.21944,41.63542],[-71.21875,41.63458]]},"properties":{"fid":11446,"ID":11445,"ELEV":0}},
{"type":"Feature","geometry":{"type":"LineString","coordinates":[[-70.40625,41.63006],[-70.40486,41.63125],[-70.40625,41.63264],[-70.41042,41.63125],[-70.40625,41.63006]]},"properties":{"fid":11447,"ID":11446,"ELEV":0}},
{"type":"Feature","geometry":{"type":"LineString","coordinates":[[-71.22708,41.62396],[-71.2244,41.62708],[-71.22417,41.63125],[-71.22708,41.63449],[-71.23125,41.63333],[-71.23423,41.63125],[-71.23125,41.62936],[-71.22958,41.62708],[-71.22708,41.62396]]},"properties":{"fid":11456,"ID":11455,"ELEV":0}},
{"type":"Feature","geometry":{"type":"LineString","coordinates":[[-70.90937,41.62708],[-70.91042,41.62625],[-70.91125,41.62708],[-70.91042,41.62768],[-70.90937,41.62708]]},"properties":{"fid":11457,"ID":11456,"ELEV":0}},
{"type":"Feature","geometry":{"type":"LineString","coordinates":[[-70.80506,41.61875],[-70.80625,41.61756],[-70.80792,41.61875],[-70.80625,41.62042],[-70.80506,41.61875]]},"properties":{"fid":11474,"ID":11473,"ELEV":0}},
{"type":"Feature","geometry":{"type":"LineString","coordinates":[[-71.36375,41.60208],[-71.36458,41.60125],[-71.36534,41.60208],[-71.36572,41.60625],[-71.36458,41.6075],[-71.36333,41.60625],[-71.36375,41.60208]]},"properties":{"fid":11494,"ID":11493,"ELEV":0}},
{"type":"Feature","geometry":{"type":"LineString","coordinates":[[-70.64792,41.59875],[-70.64554,41.60208],[-70.64792,41.60394],[-70.65069,41.60208],[-70.64792,41.59875]]},"properties":{"fid":11495,"ID":11494,"ELEV":0}},
{"type":"Feature","geometry":{"type":"LineString","coordinates":[[-70.63958,41.58646],[-70.6375,41.58958],[-70.63958,41.59208],[-70.64208,41.58958],[-70.63958,41.58646]]},"properties":{"fid":11519,"ID":11518,"ELEV":0}},
{"type":"Feature","geometry":{"type":"LineString","coordinates":[[-70.82188,41.58542],[-70.82292,41.58403],[-70.82708,41.58264],[-70.82986,41.58542],[-70.83125,41.58661],[-70.83542,41.58819],[-70.83681,41.58958],[-70.83727,41.59375],[-70.83854,41.59792],[-70.83958,41.60208],[-70.83542,41.60375],[-70.83292,41.60625],[-70.83125,41.60744],[-70.83006,41.60625],[-70.82917,41.60208],[-70.82708,41.60042],[-70.82458,41.59792],[-70.82361,41.59375],[-70.82292,41.59271],[-70.82042,41.58958],[-70.82188,41.58542]]},"properties":{"fid":11525,"ID":11524,"ELEV":0}},
{"type":"Feature","geometry":{"type":"LineString","coordinates":[[-70.46042,41.58423],[-70.45875,41.58542],[-70.45833,41.58958],[-70.45982,41.59375],[-70.46042,41.59417],[-70.4625,41.59375],[-70.46208,41.58958],[-70.46208,41.58542],[-70.46042,41.58423]]},"properties":{"fid":11526,"ID":11525,"ELEV":0}},
{"type":"Feature","geometry":{"type":"LineString","coordinates":[[-71.3217,41.58125],[-71.32292,41.57963],[-71.32708,41.57858],[-71.33125,41.57946],[-71.33272,41.58125],[-71.33333,41.58542],[-71.33343,41.58958],[-71.33322,41.59375],[-71.33368,41.59792],[-71.33125,41.60057],[-71.33006,41.60208],[-71.32708,41.60542],[-71.32622,41.60625],[-71.32582,41.61042],[-71.32708,41.61163],[-71.33102,41.61458],[-71.32708,41.61753],[-71.32587,41.61875],[-71.32656,41.62292],[-71.32708,41.62375],[-71.33125,41.62589],[-71.33229,41.62708],[-71.33542,41.62958],[-71.33958,41.63],[-71.34375,41.62986],[-71.34554,41.63125],[-71.34792,41.63253],[-71.35208,41.63504],[-71.3525,41.63542],[-71.35208,41.63594],[-71.35026,41.63958],[-71.35086,41.64375],[-71.35208,41.64564],[-71.35458,41.64792],[-71.35625,41.64977],[-71.36042,41.64886],[-71.36304,41.65208],[-71.36458,41.65469],[-71.3659,41.65625],[-71.36458,41.65833],[-71.36042,41.65947],[-71.35625,41.65846],[-71.35284,41.65625],[-71.35327,41.65208],[-71.35208,41.65104],[-71.35089,41.65208],[-71.35089,41.65625],[-71.34792,41.65833],[-71.34687,41.66042],[-71.345,41.66458],[-71.34375,41.66563],[-71.34236,41.66458],[-71.34062,41.66042],[-71.33958,41.65893],[-71.3369,41.65625],[-71.33634,41.65208],[-71.33542,41.65],[-71.33403,41.64792],[-71.33125,41.64458],[-71.33065,41.64375],[-71.33125,41.64306],[-71.33542,41.64236],[-71.33958,41.64375],[-71.34005,41.63958],[-71.33958,41.6392],[-71.33542,41.6375],[-71.33333,41.63542],[-71.33125,41.6339],[-71.32708,41.63381],[-71.32452,41.63125],[-71.32292,41.62965],[-71.31875,41.62965],[-71.31458,41.62931],[-71.31042,41.62951],[-71.30847,41.62708],[-71.30625,41.6247],[-71.30478,41.62292],[-71.30371,41.61875],[-71.30404,41.61458],[-71.30428,41.61042],[-71.30443,41.60625],[-71.30442,41.60208],[-71.30625,41.60039],[-71.3084,41.59792],[-71.30888,41.59375],[-71.31042,41.59289],[-71.3131,41.58958],[-71.31383,41.58542],[-71.31458,41.58482],[-71.31875,41.58353],[-71.3217,41.58125]]},"properties":{"fid":11533,"ID":11532,"ELEV":0}},
{"type":"Feature","geometry":{"type":"LineString","coordinates":[[-70.58125,41.55313],[-70.57875,41.55625],[-70.57875,41.56042],[-70.58125,41.5625],[-70.58375,41.56042],[-70.58437,41.55625],[-70.58125,41.55313]]},"properties":{"fid":11585,"ID":11584,"ELEV":0}},
{"type":"Feature","geometry":{"type":"LineString","coordinates":[[-70.53125,41.54931],[-70.52847,41.55208],[-70.52708,41.55417],[-70.52292,41.55347],[-70.52083,41.55625],[-70.52083,41.56042],[-70.52153,41.56458],[-70.51875,41.56875],[-70.52187,41.57292],[-70.52292,41.57351],[-70.52708,41.57708],[-70.52827,41.57292],[-70.52746,41.56875],[-70.5275,41.56458],[-70.53125,41.56042],[-70.53542,41.55625],[-70.53333,41.55208],[-70.53125,41.54931]]},"properties":{"fid":11603,"ID":11602,"ELEV":0}},
{"type":"Feature","geometry":{"type":"LineString","coordinates":[[-70,41.55208],[-70.00208,41.55208],[-70.00312,41.54792],[-70.00625,41.54375],[-70.01042,41.54673],[-70.01458,41.54673],[-70.01875,41.54792],[-70.01944,41.55208],[-70.01875,41.55278],[-70.01528,41.55625],[-70.01458,41.55708],[-70.01042,41.55792],[-70.00833,41.56042],[-70.00625,41.56292],[-70.00347,41.56458],[-70.00208,41.56667],[-70,41.56667]]},"properties":{"fid":11619,"ID":11618,"ELEV":0}},
{"type":"Feature","geometry":{"type":"LineString","coordinates":[[-71.11458,41.54013],[-71.1108,41.54375],[-71.11458,41.54662],[-71.11806,41.54375],[-71.11458,41.54013]]},"properties":{"fid":11620,"ID":11619,"ELEV":0}},
{"type":"Feature","geometry":{"type":"LineString","coordinates":[[-70.96875,41.54072],[-70.96524,41.54375],[-70.96875,41.54767],[-70.97131,41.54375],[-70.96875,41.54072]]},"properties":{"fid":11621,"ID":11620,"ELEV":0}},
{"type":"Feature","geometry":{"type":"LineString","coordinates":[[-70.98542,41.53708],[-70.98333,41.53958],[-70.98542,41.54137],[-70.9872,41.53958],[-70.98542,41.53708]]},"properties":{"fid":11631,"ID":11630,"ELEV":0}},
{"type":"Feature","geometry":{"type":"LineString","coordinates":[[-71.00208,41.51979],[-70.99931,41.52292],[-71.00208,41.52569],[-71.00521,41.52292],[-71.00208,41.51979]]},"properties":{"fid":11671,"ID":11670,"ELEV":0}},
{"type":"Feature","geometry":{"type":"LineString","coordinates":[[-71.13125,41.50246],[-71.12827,41.50625],[-71.13125,41.50987],[-71.13446,41.50625],[-71.13125,41.50246]]},"properties":{"fid":11706,"ID":11705,"ELEV":0}},
{"type":"Feature","geometry":{"type":"LineString","coordinates":[[-71.39569,41.50208],[-71.39792,41.50063],[-71.39988,41.50208],[-71.39986,41.50625],[-71.39792,41.50729],[-71.3963,41.50625],[-71.39569,41.50208]]},"properties":{"fid":11716,"ID":11715,"ELEV":0}},
{"type":"Feature","geometry":{"type":"LineString","coordinates":[[-70.68125,41.49754],[-70.68042,41.49792],[-70.68125,41.49801],[-70.68135,41.49792],[-70.68125,41.49754]]},"properties":{"fid":11724,"ID":11723,"ELEV":-100}},
{"type":"Feature","geometry":{"type":"LineString","coordinates":[[-70.73542,41.4712],[-70.73474,41.47292],[-70.73542,41.47345],[-70.73576,41.47292],[-70.73542,41.4712]]},"properties":{"fid":11790,"ID":11789,"ELEV":-100}},
{"type":"Feature","geometry":{"type":"LineString","coordinates":[[-71.38258,41.46875],[-71.38542,41.46538],[-71.38958,41.46625],[-71.39236,41.46875],[-71.39375,41.46979],[-71.39792,41.47204],[-71.39903,41.47292],[-71.4,41.47708],[-71.39792,41.4794],[-71.39684,41.48125],[-71.39792,41.48333],[-71.39967,41.48542],[-71.39967,41.48958],[-71.39922,41.49375],[-71.39792,41.49479],[-71.39631,41.49375],[-71.39375,41.49179],[-71.38958,41.49245],[-71.38698,41.49375],[-71.3878,41.49792],[-71.38542,41.5003],[-71.38433,41.50208],[-71.38125,41.50563],[-71.38029,41.50625],[-71.38125,41.50708],[-71.38542,41.50995],[-71.38565,41.51042],[-71.3875,41.51458],[-71.38958,41.51657],[-71.39128,41.51875],[-71.38958,41.52045],[-71.38743,41.52292],[-71.38704,41.52708],[-71.38542,41.52825],[-71.38349,41.53125],[-71.38466,41.53542],[-71.38403,41.53958],[-71.38432,41.54375],[-71.38396,41.54792],[-71.38392,41.55208],[-71.38125,41.55475],[-71.37937,41.55625],[-71.37963,41.56042],[-71.37708,41.56283],[-71.37512,41.56458],[-71.37488,41.56875],[-71.37292,41.57083],[-71.37083,41.57292],[-71.36875,41.575],[-71.36667,41.57292],[-71.36458,41.5714],[-71.36215,41.56875],[-71.36181,41.56458],[-71.36167,41.56042],[-71.36121,41.55625],[-71.36042,41.55208],[-71.36121,41.54792],[-71.36204,41.54375],[-71.36319,41.53958],[-71.36261,41.53542],[-71.36198,41.53125],[-71.36167,41.52708],[-71.36187,41.52292],[-71.3625,41.51875],[-71.36458,41.51632],[-71.36597,41.51458],[-71.36458,41.51269],[-71.36042,41.5125],[-71.35894,41.51042],[-71.35861,41.50625],[-71.36042,41.50369],[-71.36231,41.50208],[-71.36458,41.4997],[-71.36608,41.49792],[-71.36602,41.49375],[-71.36601,41.48958],[-71.36458,41.48766],[-71.36276,41.48542],[-71.36042,41.48292],[-71.35625,41.48179],[-71.35597,41.48125],[-71.35625,41.48096],[-71.36042,41.48003],[-71.36323,41.47708],[-71.36458,41.47526],[-71.36875,41.4765],[-71.37292,41.4755],[-71.37488,41.47708],[-71.37609,41.48125],[-71.37708,41.48224],[-71.38125,41.48542],[-71.38221,41.48125],[-71.38187,41.47708],[-71.38189,41.47292],[-71.38258,41.46875]]},"properties":{"fid":11803,"ID":11802,"ELEV":0}},
{"type":"Feature","geometry":{"type":"LineString","coordinates":[[-71.39196,41.45208],[-71.39375,41.45164],[-71.39453,41.45208],[-71.39619,41.45625],[-71.39576,41.46042],[-71.39375,41.46327],[-71.39167,41.46042],[-71.39236,41.45625],[-71.39196,41.45208]]},"properties":{"fid":11841,"ID":11840,"ELEV":0}},
{"type":"Feature","geometry":{"type":"LineString","coordinates":[[-70.91782,41.45208],[-70.91875,41.45104],[-70.91958,41.45208],[-70.91875,41.45255],[-70.91782,41.45208]]},"properties":{"fid":11842,"ID":11841,"ELEV":0}},
{"type":"Feature","geometry":{"type":"LineString","coordinates":[[-70.79639,41.44792],[-70.79792,41.44657],[-70.80208,41.44653],[-70.80351,41.44792],[-70.80536,41.45208],[-70.80625,41.45417],[-70.80739,41.45625],[-70.80625,41.45729],[-70.8025,41.46042],[-70.80208,41.46111],[-70.79911,41.46458],[-70.79792,41.46563],[-70.79435,41.46875],[-70.79375,41.46917],[-70.79087,41.47292],[-70.78958,41.4739],[-70.7864,41.47708],[-70.78542,41.47796],[-70.78125,41.47768],[-70.77708,41.47831],[-70.77351,41.48125],[-70.77292,41.48218],[-70.76968,41.48542],[-70.76875,41.48594],[-70.76458,41.48615],[-70.76094,41.48958],[-70.76042,41.49005],[-70.75625,41.4901],[-70.7536,41.49375],[-70.75233,41.49792],[-70.75208,41.49818],[-70.74792,41.49879],[-70.74424,41.50208],[-70.74375,41.50257],[-70.73958,41.50304],[-70.73542,41.50339],[-70.73125,41.50341],[-70.72757,41.50625],[-70.72708,41.50681],[-70.72292,41.5077],[-70.71924,41.51042],[-70.71875,41.51097],[-70.71488,41.51458],[-70.71458,41.51488],[-70.71071,41.51875],[-70.71042,41.51905],[-70.70625,41.51931],[-70.70532,41.51875],[-70.70625,41.51799],[-70.71,41.51458],[-70.70625,41.51117],[-70.70208,41.51181],[-70.69792,41.51181],[-70.69375,41.51307],[-70.68958,41.5128],[-70.68542,41.51458],[-70.68125,41.51518],[-70.68073,41.51458],[-70.67997,41.51042],[-70.68125,41.50938],[-70.68542,41.50923],[-70.68958,41.50954],[-70.69375,41.50625],[-70.69792,41.50958],[-70.70176,41.50625],[-70.70208,41.50597],[-70.70246,41.50625],[-70.70625,41.50972],[-70.70844,41.50625],[-70.70958,41.50208],[-70.71042,41.49896],[-70.71101,41.49792],[-70.71415,41.49375],[-70.71458,41.49332],[-70.71875,41.49256],[-70.72157,41.48958],[-70.72292,41.48807],[-70.72708,41.48819],[-70.73125,41.48829],[-70.73542,41.48777],[-70.738,41.48542],[-70.73958,41.48397],[-70.74256,41.48125],[-70.74375,41.48014],[-70.74792,41.47971],[-70.75208,41.48004],[-70.75625,41.48087],[-70.75987,41.47708],[-70.76042,41.47649],[-70.76354,41.47292],[-70.76042,41.47003],[-70.75918,41.46875],[-70.76042,41.4673],[-70.76458,41.46677],[-70.76745,41.46458],[-70.76729,41.46042],[-70.76875,41.45925],[-70.77292,41.45859],[-70.77708,41.4579],[-70.78125,41.4581],[-70.7831,41.45625],[-70.78358,41.45208],[-70.78542,41.45019],[-70.78958,41.45014],[-70.79375,41.45065],[-70.79639,41.44792]]},"properties":{"fid":11857,"ID":11856,"ELEV":0}},
{"type":"Feature","geometry":{"type":"LineString","coordinates":[[-70.92232,41.44792],[-70.92292,41.44754],[-70.92321,41.44792],[-70.92292,41.44838],[-70.92232,41.44792]]},"properties":{"fid":11858,"ID":11857,"ELEV":0}},
{"type":"Feature","geometry":{"type":"LineString","coordinates":[[-70.78542,41.4425],[-70.78481,41.44375],[-70.78542,41.44403],[-70.7857,41.44375],[-70.78542,41.4425]]},"properties":{"fid":11867,"ID":11866,"ELEV":-100}},
{"type":"Feature","geometry":{"type":"LineString","coordinates":[[-70.80848,41.44375],[-70.81042,41.44106],[-70.81458,41.44139],[-70.8159,41.44375],[-70.81875,41.44699],[-70.82292,41.44676],[-70.82577,41.44375],[-70.82708,41.44148],[-70.83125,41.44132],[-70.83542,41.44219],[-70.83698,41.44375],[-70.83667,41.44792],[-70.83661,41.45208],[-70.83542,41.45319],[-70.8316,41.45625],[-70.83125,41.45651],[-70.82708,41.45713],[-70.82292,41.45718],[-70.81875,41.45736],[-70.81764,41.45625],[-70.81458,41.45319],[-70.81383,41.45208],[-70.81042,41.44867],[-70.8098,41.44792],[-70.80848,41.44375]]},"properties":{"fid":11868,"ID":11867,"ELEV":0}},
{"type":"Feature","geometry":{"type":"LineString","coordinates":[[-70.78958,41.43849],[-70.78775,41.43958],[-70.78958,41.44008],[-70.79375,41.44024],[-70.79444,41.43958],[-70.79375,41.43763],[-70.78958,41.43849]]},"properties":{"fid":11876,"ID":11875,"ELEV":-100}},
{"type":"Feature","geometry":{"type":"LineString","coordinates":[[-70.86319,41.42292],[-70.86458,41.42188],[-70.86875,41.42072],[-70.87292,41.42045],[-70.87708,41.42071],[-70.88125,41.42009],[-70.88542,41.4202],[-70.88958,41.42027],[-70.89375,41.41997],[-70.89792,41.42097],[-70.90208,41.42083],[-70.90486,41.42292],[-70.90208,41.42569],[-70.90146,41.42708],[-70.90077,41.43125],[-70.89792,41.43361],[-70.89375,41.43277],[-70.88958,41.43244],[-70.88542,41.43218],[-70.88125,41.4331],[-70.87708,41.43472],[-70.87431,41.43542],[-70.87292,41.43576],[-70.86875,41.43712],[-70.86458,41.43681],[-70.86111,41.43542],[-70.86042,41.43507],[-70.85833,41.43542],[-70.85625,41.43576],[-70.85208,41.43773],[-70.84948,41.43542],[-70.85042,41.43125],[-70.85208,41.43079],[-70.85526,41.42708],[-70.85625,41.4256],[-70.86042,41.42484],[-70.86319,41.42292]]},"properties":{"fid":11920,"ID":11919,"ELEV":0}},
{"type":"Feature","geometry":{"type":"LineString","coordinates":[[-70.44792,41.41458],[-70.45208,41.41375],[-70.45625,41.41389],[-70.45708,41.41458],[-70.46042,41.41792],[-70.4625,41.41875],[-70.46042,41.41979],[-70.45625,41.41944],[-70.45208,41.42014],[-70.45069,41.41875],[-70.44792,41.41458]]},"properties":{"fid":11945,"ID":11944,"ELEV":0}},
{"type":"Feature","geometry":{"type":"LineString","coordinates":[[-70.92973,41.41458],[-70.93125,41.41307],[-70.93542,41.41345],[-70.93958,41.41412],[-70.94028,41.41458],[-70.93958,41.415],[-70.93819,41.41875],[-70.93542,41.42188],[-70.93363,41.42292],[-70.93125,41.42477],[-70.92708,41.42708],[-70.92292,41.43125],[-70.92135,41.42708],[-70.92292,41.4253],[-70.92625,41.42292],[-70.92708,41.42245],[-70.92832,41.41875],[-70.92973,41.41458]]},"properties":{"fid":11946,"ID":11945,"ELEV":0}},
{"type":"Feature","geometry":{"type":"LineString","coordinates":[[-70.94329,41.41042],[-70.94375,41.41],[-70.94792,41.4099],[-70.9483,41.41042],[-70.94792,41.41094],[-70.94375,41.41111],[-70.94329,41.41042]]},"properties":{"fid":11959,"ID":11958,"ELEV":0}},
{"type":"Feature","geometry":{"type":"LineString","coordinates":[[-71.50208,41.40458],[-71.49931,41.40625],[-71.50162,41.41042],[-71.50176,41.41458],[-71.50208,41.41597],[-71.50625,41.41493],[-71.50694,41.41458],[-71.50663,41.41042],[-71.50625,41.40625],[-71.50208,41.40458]]},"properties":{"fid":11967,"ID":11966,"ELEV":0}},
{"type":"Feature","geometry":{"type":"LineString","coordinates":[[-70.46042,41.40625],[-70.46181,41.41042],[-70.46042,41.41125],[-70.45972,41.41042],[-70.46042,41.40625]]},"properties":{"fid":11968,"ID":11967,"ELEV":0}},
{"type":"Feature","geometry":{"type":"LineString","coordinates":[[-70.45208,41.39375],[-70.45573,41.39792],[-70.4559,41.40208],[-70.45208,41.40514],[-70.44826,41.40208],[-70.44844,41.39792],[-70.45208,41.39375]]},"properties":{"fid":11996,"ID":11995,"ELEV":0}},
{"type":"Feature","geometry":{"type":"LineString","coordinates":[[-71.49792,41.38482],[-71.49757,41.38542],[-71.49792,41.38601],[-71.50208,41.38638],[-71.50365,41.38542],[-71.50208,41.38333],[-71.49792,41.38482]]},"properties":{"fid":12013,"ID":12012,"ELEV":0}},
{"type":"Feature","geometry":{"type":"LineString","coordinates":[[-70.50208,41.37458],[-70.50083,41.37708],[-70.50208,41.37958],[-70.50417,41.37708],[-70.50208,41.37458]]},"properties":{"fid":12035,"ID":12034,"ELEV":0}},
{"type":"Feature","geometry":{"type":"LineString","coordinates":[[-70.49792,41.36181],[-70.49514,41.36458],[-70.49792,41.36625],[-70.50069,41.36458],[-70.49792,41.36181]]},"properties":{"fid":12059,"ID":12058,"ELEV":0}},
{"type":"Feature","geometry":{"type":"LineString","coordinates":[[-72.38542,41.35938],[-72.38403,41.36042],[-72.38542,41.36111],[-72.38594,41.36042],[-72.38542,41.35938]]},"properties":{"fid":12065,"ID":12064,"ELEV":0}},
{"type":"Feature","geometry":{"type":"LineString","coordinates":[[-70.50625,41.35833],[-70.50208,41.36042],[-70.50625,41.36458],[-70.50833,41.36042],[-70.50625,41.35833]]},"properties":{"fid":12066,"ID":12065,"ELEV":0}},
{"type":"Feature","geometry":{"type":"LineString","coordinates":[[-70.47708,41.35875],[-70.47542,41.36042],[-70.47708,41.36161],[-70.47847,41.36042],[-70.47708,41.35875]]},"properties":{"fid":12067,"ID":12066,"ELEV":0}},
{"type":"Feature","geometry":{"type":"LineString","coordinates":[[-70.54694,41.35208],[-70.54792,41.35057],[-70.55208,41.35125],[-70.55255,41.35208],[-70.55208,41.35245],[-70.54792,41.35278],[-70.54694,41.35208]]},"properties":{"fid":12086,"ID":12085,"ELEV":0}},
{"type":"Feature","geometry":{"type":"LineString","coordinates":[[-70.64315,41.34792],[-70.64375,41.3475],[-70.64792,41.3475],[-70.64851,41.34792],[-70.64792,41.34896],[-70.64375,41.34931],[-70.64315,41.34792]]},"properties":{"fid":12091,"ID":12090,"ELEV":0}},
{"type":"Feature","geometry":{"type":"LineString","coordinates":[[-70.77222,41.34375],[-70.77292,41.34321],[-70.77381,41.34375],[-70.77396,41.34792],[-70.77292,41.34838],[-70.77232,41.34792],[-70.77222,41.34375]]},"properties":{"fid":12099,"ID":12098,"ELEV":0}},
{"type":"Feature","geometry":{"type":"LineString","coordinates":[[-71.90625,41.34208],[-71.90514,41.34375],[-71.90625,41.3456],[-71.90863,41.34375],[-71.90625,41.34208]]},"properties":{"fid":12100,"ID":12099,"ELEV":0}},
{"type":"Feature","geometry":{"type":"LineString","coordinates":[[-71.96042,41.33542],[-71.95875,41.33958],[-71.95931,41.34375],[-71.95903,41.34792],[-71.96042,41.34881],[-71.96458,41.35023],[-71.96875,41.35],[-71.96979,41.34792],[-71.97292,41.34613],[-71.975,41.34375],[-71.97292,41.34167],[-71.97106,41.33958],[-71.96875,41.33828],[-71.96615,41.33958],[-71.96458,41.34137],[-71.96208,41.33958],[-71.96042,41.33542]]},"properties":{"fid":12112,"ID":12111,"ELEV":0}},
{"type":"Feature","geometry":{"type":"LineString","coordinates":[[-70,41.33403],[-70.00208,41.33403],[-70.00327,41.33542],[-70.00625,41.33958],[-70.01042,41.34167],[-70.01458,41.34271],[-70.01597,41.34375],[-70.01875,41.34583],[-70.02292,41.34583],[-70.02708,41.34687],[-70.02958,41.34375],[-70.03125,41.34271],[-70.03185,41.34375],[-70.03125,41.34792],[-70.03151,41.35208],[-70.03125,41.35236],[-70.02736,41.35625],[-70.02708,41.36042],[-70.02708,41.36458],[-70.02708,41.36875],[-70.02746,41.37292],[-70.03125,41.37639],[-70.03189,41.37708],[-70.03542,41.3809],[-70.03601,41.38125],[-70.03958,41.38482],[-70.04375,41.38472],[-70.04417,41.38542],[-70.04792,41.38883],[-70.05208,41.38894],[-70.05268,41.38958],[-70.05208,41.39375],[-70.04792,41.39435],[-70.04699,41.39375],[-70.04375,41.39051],[-70.04236,41.38958],[-70.03958,41.38625],[-70.03889,41.38542],[-70.03542,41.38194],[-70.03458,41.38125],[-70.03125,41.37847],[-70.02986,41.37708],[-70.02708,41.37375],[-70.02639,41.37292],[-70.02292,41.36944],[-70.02208,41.36875],[-70.02222,41.36458],[-70.01875,41.36111],[-70.01792,41.36042],[-70.01458,41.35708],[-70.01319,41.35625],[-70.0125,41.35208],[-70.01181,41.34792],[-70.01042,41.34514],[-70.00625,41.34514],[-70.00542,41.34375],[-70.00625,41.33958],[-70.00208,41.33661],[-70,41.33661]]},"properties":{"fid":12122,"ID":12121,"ELEV":0}},
{"type":"Feature","geometry":{"type":"LineString","coordinates":[[-70.03472,41.33542],[-70.03542,41.33472],[-70.03681,41.33542],[-70.03568,41.33958],[-70.03542,41.3399],[-70.03482,41.33958],[-70.03472,41.33542]]},"properties":{"fid":12123,"ID":12122,"ELEV":0}},
{"type":"Feature","geometry":{"type":"LineString","coordinates":[[-73.96875,41.33025],[-73.96706,41.33125],[-73.96458,41.33542],[-73.96042,41.33867],[-73.9597,41.33958],[-73.95905,41.34375],[-73.95625,41.34704],[-73.95569,41.34792],[-73.95529,41.35208],[-73.9553,41.35625],[-73.95512,41.36042],[-73.95477,41.36458],[-73.95208,41.36803],[-73.95136,41.36875],[-73.95063,41.37292],[-73.94792,41.37604],[-73.94726,41.37708],[-73.94676,41.38125],[-73.94565,41.38542],[-73.94375,41.38678],[-73.94112,41.38958],[-73.94074,41.39375],[-73.94375,41.39774],[-73.94406,41.39792],[-73.94792,41.40098],[-73.95208,41.40135],[-73.95625,41.40102],[-73.95747,41.40208],[-73.95873,41.40625],[-73.95708,41.41042],[-73.95893,41.41458],[-73.96042,41.41607],[-73.96192,41.41875],[-73.96336,41.42292],[-73.96458,41.42435],[-73.96656,41.42708],[-73.96863,41.43125],[-73.96875,41.43144],[-73.97246,41.43542],[-73.97292,41.43715],[-73.97569,41.43958],[-73.97708,41.44011],[-73.98093,41.44375],[-73.98125,41.44514],[-73.98381,41.44792],[-73.98542,41.45023],[-73.98708,41.45208],[-73.98958,41.45625],[-73.98958,41.46042],[-73.9901,41.46458],[-73.98958,41.46875],[-73.98899,41.47292],[-73.98899,41.47708],[-73.98854,41.48125],[-73.98958,41.48155],[-73.99184,41.48542],[-73.99105,41.48958],[-73.98958,41.49151],[-73.98693,41.49375],[-73.98667,41.49792],[-73.98655,41.50208],[-73.98655,41.50625],[-73.98736,41.51042],[-73.98792,41.51458],[-73.98819,41.51875],[-73.98738,41.52292],[-73.98542,41.52708],[-73.98314,41.53125],[-73.98208,41.53542],[-73.98125,41.53661],[-73.97865,41.53958],[-73.97708,41.54208],[-73.97649,41.54375],[-73.97292,41.54613],[-73.97113,41.54792],[-73.96875,41.55009],[-73.96646,41.55208],[-73.96458,41.55429],[-73.96292,41.55625],[-73.96042,41.55875],[-73.95927,41.56042],[-73.95625,41.56343],[-73.95562,41.56458],[-73.95208,41.56833],[-73.95183,41.56875],[-73.95106,41.57292],[-73.94931,41.57708],[-73.949,41.58125],[-73.94848,41.58542],[-73.94792,41.58631],[-73.94671,41.58958],[-73.94656,41.59375],[-73.94375,41.59724],[-73.94317,41.59792],[-73.94297,41.60208],[-73.94324,41.60625],[-73.94332,41.61042],[-73.94375,41.61204],[-73.94551,41.61458],[-73.94531,41.61875],[-73.94429,41.62292],[-73.94494,41.62708],[-73.94375,41.62884],[-73.93958,41.62741],[-73.93662,41.63125],[-73.93958,41.63451],[-73.94159,41.63542],[-73.94208,41.63958],[-73.94216,41.64375],[-73.9424,41.64792],[-73.94211,41.65208],[-73.93958,41.65469],[-73.93802,41.65625],[-73.93767,41.66042],[-73.93958,41.66296],[-73.94091,41.66458],[-73.93958,41.66566],[-73.93745,41.66875],[-73.93716,41.67292],[-73.93736,41.67708],[-73.93799,41.68125],[-73.93723,41.68542],[-73.93689,41.68958],[-73.93805,41.69375],[-73.93743,41.69792],[-73.93674,41.70208],[-73.93773,41.70625],[-73.93819,41.71042],[-73.93715,41.71458],[-73.93756,41.71875],[-73.93735,41.72292],[-73.9372,41.72708],[-73.93692,41.73125],[-73.93588,41.73542],[-73.93651,41.73958],[-73.93734,41.74375],[-73.9372,41.74792],[-73.93685,41.75208],[-73.93759,41.75625],[-73.93798,41.76042],[-73.93958,41.76389],[-73.94031,41.76458],[-73.94375,41.76714],[-73.94518,41.76875],[-73.94627,41.77292],[-73.94635,41.77708],[-73.94649,41.78125],[-73.94671,41.78542],[-73.94625,41.78958],[-73.94375,41.79208],[-73.94287,41.79375],[-73.94289,41.79792],[-73.94257,41.80208],[-73.94212,41.80625],[-73.94178,41.81042],[-73.94182,41.81458],[-73.94204,41.81875],[-73.93958,41.82184],[-73.93881,41.82292],[-73.93867,41.82708],[-73.93854,41.83125],[-73.93958,41.8339],[-73.94046,41.83542],[-73.94225,41.83958],[-73.94249,41.84375],[-73.93958,41.84697],[-73.93784,41.84792],[-73.93669,41.85208],[-73.93663,41.85625],[-73.93542,41.85752],[-73.9334,41.86042],[-73.93297,41.86458],[-73.93148,41.86875],[-73.93125,41.87014],[-73.93042,41.87292],[-73.92847,41.87708],[-73.93125,41.87792],[-73.93542,41.88073],[-73.93594,41.88125],[-73.93881,41.88542],[-73.93958,41.88672],[-73.94264,41.88958],[-73.94375,41.89014],[-73.94724,41.89375],[-73.94792,41.89458],[-73.95154,41.89792],[-73.95208,41.89824],[-73.95527,41.90208],[-73.9554,41.90625],[-73.95527,41.91042],[-73.95208,41.9142],[-73.95168,41.91458],[-73.95065,41.91875],[-73.95069,41.92292],[-73.94792,41.926],[-73.94715,41.92708],[-73.9466,41.93125],[-73.94375,41.93444],[-73.94318,41.93542],[-73.94306,41.93958],[-73.94315,41.94375],[-73.94236,41.94792],[-73.9425,41.95208],[-73.94276,41.95625],[-73.93958,41.95985],[-73.9391,41.96042],[-73.93833,41.96458],[-73.93868,41.96875],[-73.93893,41.97292],[-73.93761,41.97708],[-73.93542,41.97928],[-73.93403,41.98125],[-73.93387,41.98542],[-73.93363,41.98958],[-73.93287,41.99375],[-73.93208,41.99792],[-73.93125,41.99856],[-73.92986,42.00208],[-73.93013,42.00625],[-73.92708,42.00942],[-73.92628,42.01042],[-73.92622,42.01458],[-73.92708,42.01815],[-73.9276,42.01875],[-73.92746,42.02292],[-73.9274,42.02708],[-73.92736,42.03125],[-73.92708,42.0316],[-73.92292,42.03264],[-73.92173,42.03542],[-73.91875,42.03889],[-73.91847,42.03958],[-73.91875,42.04018],[-73.92153,42.04375],[-73.92135,42.04792],[-73.92194,42.05208],[-73.92163,42.05625],[-73.92202,42.06042],[-73.92201,42.06458],[-73.92192,42.06875],[-73.92203,42.07292],[-73.92225,42.07708],[-73.92244,42.08125],[-73.92292,42.08542],[-73.9233,42.08958],[-73.92292,42.09375],[-73.92099,42.09792],[-73.91875,42.10057],[-73.91703,42.09792],[-73.91542,42.09375],[-73.91458,42.09336],[-73.91431,42.09375],[-73.91385,42.09792],[-73.91386,42.10208],[-73.9143,42.10625],[-73.91458,42.10833],[-73.91587,42.11042],[-73.91569,42.11458],[-73.91458,42.11597],[-73.91042,42.11806],[-73.90986,42.11875],[-73.90947,42.12292],[-73.90625,42.12708],[-73.90398,42.13125],[-73.9025,42.13542],[-73.90208,42.13583],[-73.89792,42.13883],[-73.89758,42.13958],[-73.89375,42.14267],[-73.89294,42.14375],[-73.893,42.14792],[-73.88958,42.15134],[-73.88891,42.15208],[-73.88542,42.15565],[-73.88486,42.15625],[-73.88431,42.16042],[-73.88125,42.16337],[-73.88029,42.16458],[-73.87708,42.16787],[-73.87292,42.16828],[-73.87252,42.16875],[-73.86875,42.17219],[-73.86795,42.17292],[-73.86458,42.1761],[-73.86308,42.17708],[-73.86042,42.17982],[-73.8588,42.18125],[-73.85847,42.18542],[-73.85625,42.18738],[-73.85417,42.18958],[-73.85208,42.19179],[-73.8514,42.19375],[-73.85109,42.19792],[-73.84792,42.20125],[-73.84712,42.20208],[-73.84719,42.20625],[-73.84728,42.21042],[-73.8476,42.21458],[-73.84606,42.21875],[-73.84527,42.22292],[-73.84524,42.22708],[-73.84792,42.22906],[-73.8497,42.22708],[-73.85208,42.22481],[-73.85279,42.22292],[-73.8534,42.21875],[-73.85427,42.21458],[-73.85562,42.21042],[-73.85521,42.20625],[-73.85561,42.20208],[-73.85625,42.19931],[-73.85764,42.19792],[-73.86042,42.19375],[-73.86458,42.18958],[-73.86792,42.18542],[-73.86875,42.18403],[-73.87042,42.18125],[-73.87292,42.18021],[-73.87708,42.17839],[-73.88056,42.17708],[-73.8809,42.17292],[-73.88125,42.1725],[-73.88542,42.17292],[-73.88854,42.16875],[-73.88958,42.16823],[-73.89375,42.16625],[-73.89653,42.16458],[-73.89792,42.16319],[-73.90069,42.16042],[-73.90069,42.15625],[-73.90208,42.15486],[-73.90284,42.15208],[-73.90486,42.14792],[-73.90625,42.14458],[-73.90708,42.14375],[-73.91042,42.14256],[-73.91161,42.13958],[-73.91233,42.13542],[-73.91362,42.13125],[-73.91458,42.12708],[-73.91687,42.12292],[-73.91875,42.12083],[-73.91992,42.11875],[-73.9213,42.11458],[-73.92292,42.11296],[-73.92644,42.11042],[-73.92708,42.10903],[-73.92792,42.10625],[-73.92853,42.10208],[-73.92892,42.09792],[-73.92917,42.09375],[-73.93125,42.09115],[-73.93193,42.08958],[-73.93229,42.08542],[-73.93167,42.08125],[-73.93185,42.07708],[-73.93125,42.075],[-73.93099,42.07292],[-73.93125,42.06875],[-73.93125,42.06458],[-73.93333,42.06042],[-73.93542,42.05625],[-73.93569,42.05208],[-73.93617,42.04792],[-73.9375,42.04375],[-73.93819,42.03958],[-73.93958,42.0375],[-73.94018,42.03542],[-73.94038,42.03125],[-73.93958,42.03045],[-73.93657,42.02708],[-73.93664,42.02292],[-73.93619,42.01875],[-73.93669,42.01458],[-73.93723,42.01042],[-73.93958,42.00625],[-73.94129,42.00208],[-73.9411,41.99792],[-73.94375,41.99514],[-73.94529,41.99375],[-73.94566,41.98958],[-73.94792,41.9862],[-73.94842,41.98542],[-73.94944,41.98125],[-73.94981,41.97708],[-73.95208,41.9747],[-73.95379,41.97292],[-73.95436,41.96875],[-73.95497,41.96458],[-73.95625,41.96339],[-73.95903,41.96042],[-73.95806,41.95625],[-73.96042,41.95399],[-73.96194,41.95208],[-73.96328,41.94792],[-73.96458,41.94618],[-73.96549,41.94375],[-73.96562,41.93958],[-73.96554,41.93542],[-73.96507,41.93125],[-73.965,41.92708],[-73.96875,41.92292],[-73.96875,41.91875],[-73.96939,41.91458],[-73.96875,41.91042],[-73.96683,41.90625],[-73.9658,41.90208],[-73.96516,41.89792],[-73.96495,41.89375],[-73.96458,41.89337],[-73.96097,41.88958],[-73.96042,41.88899],[-73.95696,41.88542],[-73.95625,41.88442],[-73.95286,41.88125],[-73.95208,41.87792],[-73.95125,41.87708],[-73.94875,41.87292],[-73.94792,41.87135],[-73.94444,41.86875],[-73.94394,41.86458],[-73.94421,41.86042],[-73.94631,41.85625],[-73.94792,41.85436],[-73.94881,41.85208],[-73.94903,41.84792],[-73.95208,41.84496],[-73.95292,41.84375],[-73.95293,41.83958],[-73.95331,41.83542],[-73.95332,41.83125],[-73.95465,41.82708],[-73.95312,41.82292],[-73.95274,41.81875],[-73.95208,41.81542],[-73.95164,41.81458],[-73.95185,41.81042],[-73.95208,41.81012],[-73.95305,41.80625],[-73.95306,41.80208],[-73.95359,41.79792],[-73.95437,41.79375],[-73.95449,41.78958],[-73.9538,41.78542],[-73.95357,41.78125],[-73.95381,41.77708],[-73.95347,41.77292],[-73.95278,41.76875],[-73.95231,41.76458],[-73.95208,41.76436],[-73.94792,41.7626],[-73.94578,41.76042],[-73.94375,41.75873],[-73.94127,41.75625],[-73.94142,41.75208],[-73.94134,41.74792],[-73.94141,41.74375],[-73.94375,41.74075],[-73.94419,41.73958],[-73.94375,41.73634],[-73.94329,41.73542],[-73.94375,41.73472],[-73.94442,41.73125],[-73.94448,41.72708],[-73.94457,41.72292],[-73.9454,41.71875],[-73.94583,41.71458],[-73.94628,41.71042],[-73.94792,41.70851],[-73.94864,41.70625],[-73.94872,41.70208],[-73.94864,41.69792],[-73.9483,41.69375],[-73.94792,41.69307],[-73.94501,41.68958],[-73.94469,41.68542],[-73.94483,41.68125],[-73.94725,41.67708],[-73.94792,41.67557],[-73.94855,41.67292],[-73.94915,41.66875],[-73.94925,41.66458],[-73.95013,41.66042],[-73.94933,41.65625],[-73.95208,41.65315],[-73.95293,41.65208],[-73.95282,41.64792],[-73.95293,41.64375],[-73.953,41.63958],[-73.953,41.63542],[-73.95307,41.63125],[-73.95338,41.62708],[-73.95538,41.62292],[-73.95389,41.61875],[-73.95625,41.61574],[-73.95704,41.61458],[-73.95848,41.61042],[-73.95944,41.60625],[-73.96042,41.60387],[-73.96167,41.60208],[-73.96042,41.60177],[-73.95727,41.59792],[-73.95858,41.59375],[-73.95764,41.58958],[-73.95788,41.58542],[-73.95998,41.58125],[-73.96042,41.58032],[-73.96154,41.57708],[-73.96458,41.57378],[-73.96553,41.57292],[-73.96815,41.56875],[-73.96875,41.56811],[-73.97202,41.56458],[-73.97292,41.56375],[-73.97708,41.56215],[-73.97898,41.56042],[-73.98125,41.55863],[-73.98403,41.55625],[-73.98542,41.55506],[-73.98889,41.55208],[-73.98958,41.55139],[-73.99167,41.54792],[-73.99375,41.54572],[-73.99466,41.54375],[-73.99438,41.53958],[-73.99653,41.53542],[-73.99792,41.53396],[-73.99966,41.53125],[-74.00179,41.52708],[-74.00208,41.52662],[-74.00332,41.52292],[-74.00382,41.51875],[-74.00327,41.51458],[-74.00315,41.51042],[-74.00322,41.50625],[-74.00363,41.50208],[-74.00428,41.49792],[-74.0044,41.49375],[-74.00536,41.48958],[-74.00593,41.48542],[-74.00625,41.4849],[-74.00849,41.48125],[-74.00923,41.47708],[-74.00978,41.47292],[-74.01007,41.46875],[-74.00789,41.46458],[-74.00826,41.46042],[-74.01004,41.45625],[-74.01042,41.45208],[-74.00625,41.45035],[-74.00431,41.44792],[-74.00208,41.44706],[-73.99877,41.44375],[-73.99792,41.44322],[-73.99428,41.43958],[-73.99375,41.43947],[-73.98958,41.43934],[-73.98542,41.43885],[-73.98202,41.43542],[-73.98238,41.43125],[-73.98125,41.43049],[-73.97802,41.42708],[-73.97714,41.42292],[-73.97708,41.42285],[-73.97304,41.41875],[-73.97292,41.41859],[-73.96918,41.41458],[-73.96875,41.41294],[-73.96629,41.41042],[-73.96603,41.40625],[-73.96566,41.40208],[-73.96458,41.40057],[-73.96187,41.39792],[-73.96042,41.39698],[-73.95625,41.39602],[-73.95208,41.39516],[-73.94923,41.39375],[-73.95208,41.3899],[-73.95223,41.38958],[-73.95287,41.38542],[-73.95625,41.38192],[-73.95685,41.38125],[-73.95773,41.37708],[-73.95802,41.37292],[-73.96042,41.36996],[-73.96113,41.36875],[-73.96203,41.36458],[-73.9625,41.36042],[-73.96305,41.35625],[-73.96401,41.35208],[-73.96458,41.35057],[-73.96549,41.34792],[-73.96742,41.34375],[-73.96875,41.34072],[-73.96929,41.33958],[-73.97123,41.33542],[-73.97292,41.33328],[-73.9756,41.33125],[-73.97292,41.32898],[-73.96875,41.33025]]},"properties":{"fid":12132,"ID":12131,"ELEV":0}},
{"type":"Feature","geometry":{"type":"LineString","coordinates":[[-71.83542,41.32958],[-71.83423,41.33125],[-71.83542,41.33277],[-71.83727,41.33125],[-71.83542,41.32958]]},"properties":{"fid":12133,"ID":12132,"ELEV":0}},
{"type":"Feature","geometry":null,"properties":{"fid":12134,"ID":12133,"ELEV":0}},
{"type":"Feature","geometry":{"type":"LineString","coordinates":[[-71.84792,41.32552],[-71.84542,41.32708],[-71.84792,41.32887],[-71.84931,41.32708],[-71.84792,41.32552]]},"properties":{"fid":12141,"ID":12140,"ELEV":0}},
{"type":"Feature","geometry":{"type":"LineString","coordinates":[[-70.29375,41.32708],[-70.29792,41.32708],[-70.29375,41.33125],[-70.29458,41.33542],[-70.29375,41.3375],[-70.28958,41.33542],[-70.29375,41.33125],[-70.29375,41.32708]]},"properties":{"fid":12142,"ID":12141,"ELEV":0}},
{"type":"Feature","geometry":{"type":"LineString","coordinates":[[-72.03958,41.32153],[-72.03912,41.32292],[-72.03542,41.32662],[-72.03125,41.32685],[-72.03106,41.32708],[-72.03099,41.33125],[-72.03125,41.33199],[-72.03281,41.33125],[-72.03542,41.32778],[-72.03958,41.32792],[-72.04028,41.32708],[-72.04063,41.32292],[-72.03958,41.32153]]},"properties":{"fid":12152,"ID":12151,"ELEV":0}},
{"type":"Feature","geometry":{"type":"LineString","coordinates":[[-70.04583,41.31875],[-70.04792,41.31708],[-70.05208,41.31708],[-70.05327,41.31875],[-70.05208,41.32292],[-70.04792,41.32708],[-70.04375,41.33125],[-70.03958,41.32917],[-70.03854,41.32708],[-70.03958,41.32569],[-70.04375,41.32604],[-70.04687,41.32292],[-70.04583,41.31875]]},"properties":{"fid":12159,"ID":12158,"ELEV":0}},
{"type":"Feature","geometry":{"type":"LineString","coordinates":[[-70.05833,41.31042],[-70.06042,41.30833],[-70.06458,41.30792],[-70.06708,41.31042],[-70.06458,41.31292],[-70.06181,41.31458],[-70.06042,41.31562],[-70.05625,41.31615],[-70.05417,41.31458],[-70.05625,41.31208],[-70.05833,41.31042]]},"properties":{"fid":12168,"ID":12167,"ELEV":0}},
{"type":"Feature","geometry":{"type":"LineString","coordinates":[[-70.77027,41.30208],[-70.77292,41.29965],[-70.77708,41.30089],[-70.77917,41.30208],[-70.78125,41.30375],[-70.78542,41.30625],[-70.78958,41.30958],[-70.79375,41.31042],[-70.79471,41.31458],[-70.79375,41.31521],[-70.78958,41.31479],[-70.78581,41.31875],[-70.78958,41.32271],[-70.79375,41.32248],[-70.79792,41.32181],[-70.80208,41.32153],[-70.80347,41.32292],[-70.80625,41.32344],[-70.81042,41.32604],[-70.8125,41.32708],[-70.81458,41.32792],[-70.81875,41.33],[-70.82083,41.33125],[-70.82245,41.33542],[-70.82292,41.33571],[-70.82538,41.33958],[-70.82708,41.34115],[-70.83125,41.34228],[-70.83352,41.34375],[-70.83472,41.34792],[-70.83419,41.35208],[-70.83125,41.35436],[-70.82708,41.35387],[-70.82292,41.35387],[-70.81875,41.35398],[-70.81458,41.35434],[-70.81076,41.35625],[-70.81042,41.35645],[-70.81012,41.35625],[-70.80625,41.35306],[-70.80208,41.35286],[-70.79792,41.35286],[-70.79667,41.35208],[-70.79375,41.34984],[-70.78958,41.34833],[-70.78542,41.34861],[-70.78403,41.34792],[-70.78125,41.34458],[-70.7809,41.34375],[-70.78125,41.34349],[-70.78385,41.33958],[-70.78417,41.33542],[-70.78264,41.33125],[-70.78125,41.33029],[-70.77708,41.32965],[-70.77292,41.32827],[-70.76875,41.32778],[-70.76458,41.32875],[-70.7625,41.33125],[-70.76458,41.33375],[-70.76577,41.33542],[-70.76477,41.33958],[-70.76507,41.34375],[-70.76458,41.34542],[-70.76302,41.34792],[-70.76343,41.35208],[-70.76458,41.35506],[-70.76528,41.35625],[-70.76458,41.35701],[-70.76042,41.35917],[-70.75979,41.36042],[-70.75625,41.36405],[-70.75581,41.36458],[-70.75208,41.36831],[-70.75172,41.36875],[-70.74792,41.37249],[-70.74731,41.37292],[-70.74375,41.37623],[-70.74276,41.37708],[-70.74217,41.38125],[-70.73958,41.38403],[-70.73795,41.38542],[-70.73542,41.38819],[-70.73451,41.38958],[-70.73125,41.39284],[-70.73052,41.39375],[-70.72708,41.39634],[-70.72375,41.39792],[-70.72292,41.39965],[-70.71875,41.40108],[-70.71782,41.40208],[-70.71597,41.40625],[-70.71458,41.40764],[-70.71213,41.41042],[-70.71042,41.41236],[-70.70856,41.41458],[-70.70625,41.41703],[-70.70546,41.41875],[-70.70427,41.42292],[-70.70208,41.42521],[-70.70069,41.42708],[-70.69945,41.43125],[-70.69792,41.43542],[-70.69375,41.43565],[-70.68958,41.43588],[-70.68655,41.43958],[-70.68542,41.44072],[-70.68125,41.44229],[-70.67708,41.44167],[-70.67292,41.4419],[-70.67106,41.44375],[-70.67054,41.44792],[-70.6691,41.45208],[-70.66875,41.45243],[-70.66646,41.45625],[-70.66458,41.45822],[-70.66042,41.45896],[-70.65799,41.46042],[-70.65625,41.46202],[-70.65208,41.46234],[-70.64792,41.46285],[-70.64375,41.46319],[-70.64042,41.46458],[-70.63958,41.46488],[-70.63542,41.46458],[-70.63194,41.46875],[-70.63125,41.46951],[-70.62708,41.46989],[-70.62338,41.47292],[-70.62292,41.4733],[-70.61875,41.47292],[-70.61458,41.47422],[-70.61131,41.47708],[-70.61153,41.48125],[-70.61042,41.48223],[-70.60625,41.48295],[-70.60208,41.48372],[-70.60043,41.48125],[-70.60051,41.47708],[-70.60006,41.47292],[-70.59937,41.46875],[-70.59896,41.46458],[-70.59851,41.46042],[-70.59792,41.4599],[-70.59375,41.45881],[-70.58958,41.45833],[-70.58611,41.46042],[-70.58542,41.46125],[-70.58125,41.4628],[-70.57946,41.46458],[-70.57708,41.46644],[-70.57361,41.46875],[-70.57292,41.46958],[-70.56875,41.47113],[-70.56653,41.46875],[-70.56458,41.46713],[-70.56189,41.46458],[-70.56161,41.46042],[-70.56042,41.45804],[-70.55792,41.45625],[-70.55625,41.45417],[-70.55458,41.45208],[-70.55486,41.44792],[-70.55387,41.44375],[-70.55625,41.44097],[-70.55792,41.43958],[-70.55903,41.43542],[-70.56042,41.43438],[-70.5622,41.43125],[-70.56208,41.42708],[-70.56181,41.42292],[-70.56042,41.42153],[-70.55625,41.42083],[-70.55208,41.41979],[-70.55104,41.41875],[-70.54792,41.41458],[-70.55042,41.41042],[-70.54792,41.40885],[-70.54375,41.40833],[-70.53958,41.40677],[-70.53542,41.40937],[-70.53125,41.40893],[-70.52784,41.40625],[-70.52708,41.40347],[-70.52292,41.40486],[-70.51875,41.40417],[-70.51562,41.40208],[-70.51458,41.39792],[-70.51042,41.39958],[-70.50875,41.39792],[-70.50833,41.39375],[-70.51042,41.39167],[-70.51181,41.38958],[-70.51042,41.3875],[-70.50625,41.38646],[-70.50542,41.38542],[-70.50208,41.38264],[-70.49792,41.3831],[-70.49375,41.38333],[-70.48958,41.38366],[-70.48542,41.38514],[-70.48472,41.38542],[-70.48125,41.3875],[-70.47827,41.38958],[-70.47708,41.39167],[-70.47604,41.39375],[-70.47292,41.39583],[-70.46935,41.39792],[-70.46875,41.39875],[-70.46667,41.39792],[-70.46458,41.39375],[-70.4625,41.38958],[-70.46042,41.38542],[-70.45625,41.38403],[-70.45208,41.38229],[-70.45069,41.38125],[-70.44958,41.37708],[-70.45042,41.37292],[-70.45208,41.37199],[-70.45625,41.37173],[-70.45972,41.36875],[-70.45972,41.36458],[-70.45625,41.36336],[-70.45387,41.36042],[-70.45208,41.35701],[-70.45042,41.35625],[-70.45089,41.35208],[-70.45208,41.35089],[-70.45625,41.35042],[-70.46042,41.35],[-70.46125,41.35208],[-70.46458,41.35417],[-70.46875,41.35565],[-70.47292,41.35486],[-70.47708,41.35446],[-70.48042,41.35208],[-70.48125,41.35149],[-70.48542,41.35208],[-70.48958,41.35208],[-70.49375,41.35208],[-70.49792,41.35625],[-70.5,41.35208],[-70.49792,41.35104],[-70.49613,41.34792],[-70.49792,41.34678],[-70.49948,41.34792],[-70.50208,41.35139],[-70.50292,41.35208],[-70.50625,41.35542],[-70.50764,41.35625],[-70.51042,41.35903],[-70.51319,41.35625],[-70.51458,41.35521],[-70.51875,41.35542],[-70.52292,41.35542],[-70.52396,41.35625],[-70.52708,41.35938],[-70.53021,41.35625],[-70.53125,41.35208],[-70.53194,41.35625],[-70.53264,41.36042],[-70.53542,41.36319],[-70.53958,41.36339],[-70.54178,41.36042],[-70.53958,41.35663],[-70.53889,41.35625],[-70.53958,41.3559],[-70.53993,41.35625],[-70.54375,41.35854],[-70.54531,41.36042],[-70.54792,41.36432],[-70.54819,41.36458],[-70.55208,41.36847],[-70.55625,41.36852],[-70.56019,41.36458],[-70.56042,41.36426],[-70.56458,41.36366],[-70.56823,41.36042],[-70.56875,41.3602],[-70.5727,41.35625],[-70.57292,41.35573],[-70.57708,41.35565],[-70.58125,41.35532],[-70.58264,41.35625],[-70.58542,41.35903],[-70.58875,41.35625],[-70.58958,41.35556],[-70.59306,41.35208],[-70.59375,41.35139],[-70.59435,41.35208],[-70.59435,41.35625],[-70.59792,41.35982],[-70.60149,41.35625],[-70.60208,41.35573],[-70.60573,41.35208],[-70.60625,41.35139],[-70.61042,41.35139],[-70.61458,41.35149],[-70.61875,41.35116],[-70.62292,41.35174],[-70.62333,41.35208],[-70.62708,41.35583],[-70.63125,41.35458],[-70.63542,41.35532],[-70.63958,41.35565],[-70.64028,41.35625],[-70.64375,41.35972],[-70.64792,41.35949],[-70.65208,41.35938],[-70.65278,41.36042],[-70.65625,41.36389],[-70.65764,41.36042],[-70.66042,41.35721],[-70.66292,41.35625],[-70.66042,41.35417],[-70.65863,41.35208],[-70.65958,41.34792],[-70.66042,41.34716],[-70.66458,41.34699],[-70.66534,41.34792],[-70.66458,41.34911],[-70.66198,41.35208],[-70.66458,41.35506],[-70.66875,41.35565],[-70.67292,41.35521],[-70.67708,41.35542],[-70.68125,41.35556],[-70.68542,41.35565],[-70.68958,41.35583],[-70.69375,41.35497],[-70.69716,41.35208],[-70.69375,41.3494],[-70.69245,41.34792],[-70.69375,41.34631],[-70.69792,41.34716],[-70.70208,41.34687],[-70.70625,41.34602],[-70.70852,41.34375],[-70.71042,41.34186],[-70.71458,41.34236],[-70.71875,41.34282],[-70.72292,41.3419],[-70.72589,41.33958],[-70.72708,41.33875],[-70.73042,41.33542],[-70.73125,41.33466],[-70.73542,41.33368],[-70.73958,41.33247],[-70.7425,41.33125],[-70.74375,41.32969],[-70.74792,41.32757],[-70.74931,41.32708],[-70.75208,41.32431],[-70.75625,41.325],[-70.75792,41.32292],[-70.76042,41.32083],[-70.76458,41.31935],[-70.7651,41.31875],[-70.76667,41.31458],[-70.76619,41.31042],[-70.76683,41.30625],[-70.76875,41.30375],[-70.77027,41.30208]]},"properties":{"fid":12182,"ID":12181,"ELEV":0}},
{"type":"Feature","geometry":{"type":"LineString","coordinates":[[-70.07292,41.29167],[-70.07083,41.29375],[-70.06875,41.29583],[-70.06597,41.29792],[-70.06875,41.30069],[-70.07292,41.30104],[-70.07708,41.30042],[-70.08021,41.29792],[-70.07986,41.29375],[-70.07708,41.29167],[-70.07292,41.29167]]},"properties":{"fid":12198,"ID":12197,"ELEV":0}},
{"type":"Feature","geometry":{"type":"LineString","coordinates":[[-70.25417,41.28958],[-70.25625,41.2875],[-70.25833,41.28958],[-70.26042,41.29375],[-70.26458,41.29375],[-70.26875,41.29792],[-70.27153,41.30208],[-70.27292,41.30417],[-70.27708,41.30486],[-70.27847,41.30625],[-70.27708,41.30833],[-70.27292,41.31042],[-70.27708,41.31458],[-70.27292,41.31458],[-70.26875,41.31458],[-70.26458,41.31319],[-70.26042,41.31458],[-70.25625,41.31042],[-70.25208,41.31458],[-70.24792,41.31458],[-70.24375,41.31458],[-70.24375,41.31042],[-70.24375,41.30625],[-70.24167,41.30208],[-70.24236,41.29792],[-70.24375,41.29653],[-70.24653,41.29375],[-70.24792,41.29167],[-70.25208,41.29167],[-70.25417,41.28958]]},"properties":{"fid":12201,"ID":12200,"ELEV":0}},
{"type":"Feature","geometry":null,"properties":{"fid":12205,"ID":12204,"ELEV":0}},
{"type":"Feature","geometry":{"type":"LineString","coordinates":[[-72.32292,41.27986],[-72.32188,41.28125],[-72.32292,41.28264],[-72.32431,41.28125],[-72.32292,41.27986]]},"properties":{"fid":12209,"ID":12208,"ELEV":0}},
{"type":"Feature","geometry":{"type":"LineString","coordinates":[[-71.99295,41.25625],[-71.99375,41.25538],[-71.99792,41.25513],[-72.00208,41.25604],[-72.00625,41.25446],[-72.01042,41.25347],[-72.01458,41.25387],[-72.01875,41.25506],[-72.02292,41.25417],[-72.02458,41.25625],[-72.02338,41.26042],[-72.02292,41.26101],[-72.02187,41.26042],[-72.01875,41.25792],[-72.01761,41.26042],[-72.01667,41.26458],[-72.01577,41.26875],[-72.01875,41.27222],[-72.0191,41.27292],[-72.01875,41.27344],[-72.01458,41.27292],[-72.01042,41.26958],[-72.00938,41.26875],[-72.01042,41.26736],[-72.01319,41.26458],[-72.01042,41.26375],[-72.00671,41.26042],[-72.00625,41.25938],[-72.00542,41.26042],[-72.00208,41.2628],[-71.99792,41.26429],[-71.99762,41.26458],[-71.99375,41.26777],[-71.99208,41.26875],[-71.98958,41.27102],[-71.98785,41.27292],[-71.98805,41.27708],[-71.98542,41.27894],[-71.98125,41.27887],[-71.97708,41.27894],[-71.97431,41.27708],[-71.97292,41.275],[-71.97163,41.27708],[-71.96875,41.27976],[-71.96458,41.27958],[-71.96347,41.28125],[-71.96042,41.2838],[-71.95625,41.28395],[-71.95208,41.28375],[-71.94792,41.28403],[-71.94375,41.28264],[-71.93958,41.28333],[-71.93681,41.28542],[-71.93542,41.28661],[-71.93125,41.28807],[-71.92792,41.28958],[-71.92708,41.29],[-71.92292,41.29097],[-71.92167,41.28958],[-71.92292,41.28833],[-71.92535,41.28542],[-71.92708,41.28352],[-71.93021,41.28125],[-71.93125,41.28073],[-71.93542,41.28036],[-71.93958,41.27997],[-71.94375,41.28056],[-71.94754,41.27708],[-71.94792,41.27681],[-71.95208,41.27604],[-71.95625,41.27474],[-71.96042,41.27465],[-71.96458,41.2753],[-71.96715,41.27292],[-71.96875,41.27118],[-71.97292,41.27054],[-71.9747,41.26875],[-71.97708,41.26667],[-71.98125,41.26686],[-71.98281,41.26458],[-71.98542,41.26198],[-71.98958,41.26155],[-71.99054,41.26042],[-71.99295,41.25625]]},"properties":{"fid":12249,"ID":12248,"ELEV":0}},
{"type":"Feature","geometry":{"type":"LineString","coordinates":[[-72.75375,41.25625],[-72.75625,41.25446],[-72.75804,41.25625],[-72.75625,41.25875],[-72.75375,41.25625]]},"properties":{"fid":12250,"ID":12249,"ELEV":0}},
{"type":"Feature","geometry":{"type":"LineString","coordinates":[[-72.47523,41.25625],[-72.47708,41.2544],[-72.47917,41.25625],[-72.47708,41.25833],[-72.47523,41.25625]]},"properties":{"fid":12251,"ID":12250,"ELEV":0}},
{"type":"Feature","geometry":null,"properties":{"fid":12252,"ID":12251,"ELEV":0}},
{"type":"Feature","geometry":null,"properties":{"fid":12253,"ID":12252,"ELEV":0}},
{"type":"Feature","geometry":{"type":"LineString","coordinates":[[-70.80347,41.25208],[-70.80625,41.24963],[-70.81042,41.24907],[-70.81458,41.24917],[-70.81875,41.25016],[-70.82292,41.25095],[-70.82708,41.25139],[-70.82784,41.25208],[-70.83125,41.25625],[-70.82708,41.25739],[-70.82405,41.26042],[-70.82292,41.26155],[-70.81875,41.26111],[-70.81577,41.26458],[-70.81458,41.26563],[-70.8125,41.26458],[-70.81042,41.26319],[-70.80708,41.26042],[-70.80625,41.25972],[-70.80327,41.25625],[-70.80347,41.25208]]},"properties":{"fid":12260,"ID":12259,"ELEV":0}},
{"type":"Feature","geometry":{"type":"LineString","coordinates":[[-72.74583,41.25208],[-72.74792,41.25],[-72.74977,41.25208],[-72.74792,41.25542],[-72.74583,41.25208]]},"properties":{"fid":12261,"ID":12260,"ELEV":0}},
{"type":"Feature","geometry":{"type":"LineString","coordinates":[[-70,41.23792],[-70.00208,41.23792],[-70.00625,41.23681],[-70.01042,41.23727],[-70.01458,41.23734],[-70.01875,41.23764],[-70.02292,41.23869],[-70.02708,41.23843],[-70.02839,41.23958],[-70.03125,41.24188],[-70.03542,41.24236],[-70.03958,41.24178],[-70.04375,41.24167],[-70.04792,41.24247],[-70.05208,41.24179],[-70.05625,41.242],[-70.05863,41.24375],[-70.06042,41.24542],[-70.06458,41.24569],[-70.06875,41.24583],[-70.07292,41.24613],[-70.07708,41.24653],[-70.08125,41.24583],[-70.08542,41.24583],[-70.08798,41.24375],[-70.08958,41.24215],[-70.09375,41.24167],[-70.09792,41.24208],[-70.10208,41.24219],[-70.10625,41.24167],[-70.11042,41.24167],[-70.11458,41.24196],[-70.11875,41.24219],[-70.12292,41.24236],[-70.12708,41.24282],[-70.12801,41.24375],[-70.13125,41.24699],[-70.13542,41.24696],[-70.13958,41.24663],[-70.14375,41.24708],[-70.14458,41.24792],[-70.14792,41.25125],[-70.15208,41.25069],[-70.15625,41.25095],[-70.16042,41.25116],[-70.16319,41.25208],[-70.16458,41.25347],[-70.16875,41.25486],[-70.17292,41.25573],[-70.17344,41.25625],[-70.17708,41.25949],[-70.18125,41.25949],[-70.18264,41.26042],[-70.18542,41.2628],[-70.18958,41.26339],[-70.19375,41.26458],[-70.19792,41.26792],[-70.19931,41.26875],[-70.20208,41.27153],[-70.20625,41.27208],[-70.21042,41.27222],[-70.21181,41.27292],[-70.21458,41.27569],[-70.21875,41.27604],[-70.22014,41.27708],[-70.22292,41.27827],[-70.22552,41.28125],[-70.22292,41.28472],[-70.21944,41.28125],[-70.21875,41.27917],[-70.21458,41.27917],[-70.2125,41.27708],[-70.21042,41.275],[-70.20625,41.275],[-70.20208,41.27431],[-70.19931,41.27708],[-70.19792,41.27917],[-70.19583,41.28125],[-70.19625,41.28542],[-70.19653,41.28958],[-70.19514,41.29375],[-70.19375,41.29514],[-70.18958,41.29688],[-70.18542,41.29653],[-70.18125,41.29583],[-70.17708,41.29792],[-70.17292,41.29792],[-70.16875,41.29792],[-70.16458,41.29792],[-70.16042,41.29792],[-70.15625,41.29792],[-70.15208,41.29931],[-70.14792,41.29931],[-70.14375,41.29931],[-70.13958,41.29931],[-70.13542,41.29931],[-70.13125,41.29931],[-70.12708,41.29931],[-70.12292,41.29792],[-70.11875,41.29792],[-70.11458,41.29931],[-70.11042,41.30069],[-70.10625,41.29931],[-70.10506,41.29792],[-70.10208,41.29494],[-70.10069,41.29375],[-70.1,41.28958],[-70.09911,41.28542],[-70.09792,41.28444],[-70.09473,41.28125],[-70.09375,41.27917],[-70.08958,41.27847],[-70.08542,41.27887],[-70.08356,41.28125],[-70.08125,41.28542],[-70.08125,41.28958],[-70.08194,41.29375],[-70.08542,41.29722],[-70.08958,41.29673],[-70.09375,41.29722],[-70.09444,41.29792],[-70.09375,41.29875],[-70.08958,41.29958],[-70.08542,41.29896],[-70.08229,41.30208],[-70.08125,41.30313],[-70.07708,41.30417],[-70.07292,41.30625],[-70.06875,41.30764],[-70.06736,41.30625],[-70.06771,41.30208],[-70.06458,41.29896],[-70.0625,41.29792],[-70.06042,41.29708],[-70.05625,41.29792],[-70.05208,41.29792],[-70.04792,41.29792],[-70.04375,41.3003],[-70.03958,41.3],[-70.03681,41.30208],[-70.03542,41.30347],[-70.03264,41.30625],[-70.03229,41.31042],[-70.03542,41.31198],[-70.03802,41.31458],[-70.03542,41.31756],[-70.03125,41.31771],[-70.02708,41.31756],[-70.025,41.31875],[-70.02292,41.32014],[-70.01875,41.32014],[-70.01458,41.32042],[-70.0128,41.32292],[-70.01042,41.325],[-70.00625,41.32604],[-70.00486,41.32708],[-70.00208,41.32917],[-70,41.32917]]},"properties":{"fid":12275,"ID":12274,"ELEV":0}},
{"type":"Feature","geometry":{"type":"LineString","coordinates":[[-72.09792,41.22523],[-72.09625,41.22708],[-72.09792,41.23125],[-72.10208,41.22708],[-72.09792,41.22523]]},"properties":{"fid":12289,"ID":12288,"ELEV":-100}},
{"type":"Feature","geometry":{"type":"LineString","coordinates":[[-72.15949,41.18958],[-72.16042,41.18839],[-72.16125,41.18958],[-72.16042,41.19005],[-72.15949,41.18958]]},"properties":{"fid":12337,"ID":12336,"ELEV":0}},
{"type":"Feature","geometry":{"type":"LineString","coordinates":[[-72.19375,41.16875],[-72.19792,41.17292],[-72.20208,41.17708],[-72.19792,41.17813],[-72.19479,41.18125],[-72.19375,41.18201],[-72.19141,41.18542],[-72.18958,41.18704],[-72.18542,41.18742],[-72.18125,41.18735],[-72.17708,41.18687],[-72.17292,41.1862],[-72.16875,41.18606],[-72.16792,41.18542],[-72.16875,41.18403],[-72.17292,41.18363],[-72.17708,41.18285],[-72.18125,41.18203],[-72.18542,41.18229],[-72.18819,41.18125],[-72.18708,41.17708],[-72.18958,41.175],[-72.19271,41.17292],[-72.19375,41.16875]]},"properties":{"fid":12371,"ID":12370,"ELEV":0}},
{"type":"Feature","geometry":{"type":"LineString","coordinates":[[-71.56333,41.14792],[-71.56458,41.14708],[-71.56875,41.1474],[-71.57292,41.1474],[-71.57708,41.14736],[-71.58125,41.14762],[-71.58542,41.1476],[-71.58958,41.14757],[-71.59375,41.14757],[-71.59792,41.1475],[-71.60208,41.14708],[-71.60313,41.14792],[-71.60625,41.15149],[-71.60677,41.15208],[-71.60625,41.15625],[-71.60417,41.16042],[-71.60625,41.16458],[-71.60625,41.16875],[-71.60417,41.17292],[-71.60208,41.175],[-71.59792,41.17708],[-71.59792,41.18125],[-71.59375,41.18542],[-71.58958,41.18542],[-71.58681,41.18958],[-71.58542,41.19097],[-71.58125,41.19236],[-71.57708,41.19236],[-71.575,41.19375],[-71.575,41.19792],[-71.57708,41.2],[-71.57778,41.20208],[-71.57812,41.20625],[-71.57708,41.21042],[-71.57396,41.21458],[-71.57384,41.21875],[-71.57292,41.22042],[-71.56979,41.22292],[-71.56875,41.22375],[-71.56458,41.225],[-71.56042,41.22411],[-71.55903,41.22292],[-71.55625,41.22054],[-71.55469,41.21875],[-71.55417,41.21458],[-71.55401,41.21042],[-71.55486,41.20625],[-71.55625,41.20532],[-71.56042,41.20208],[-71.56458,41.19911],[-71.56875,41.19792],[-71.56458,41.19375],[-71.56399,41.18958],[-71.56399,41.18542],[-71.56354,41.18125],[-71.56042,41.17813],[-71.55958,41.17708],[-71.55625,41.17375],[-71.55556,41.17292],[-71.55208,41.16994],[-71.55089,41.16875],[-71.54792,41.16528],[-71.54375,41.16505],[-71.54315,41.16458],[-71.54345,41.16042],[-71.54375,41.15982],[-71.54732,41.15625],[-71.54792,41.15593],[-71.55208,41.15417],[-71.55417,41.15208],[-71.55625,41.15162],[-71.56042,41.15156],[-71.56333,41.14792]]},"properties":{"fid":12403,"ID":12402,"ELEV":0}},
{"type":"Feature","geometry":{"type":"LineString","coordinates":[[-72.31792,41.13958],[-72.31875,41.13854],[-72.31935,41.13958],[-72.31875,41.14],[-72.31792,41.13958]]},"properties":{"fid":12420,"ID":12419,"ELEV":0}},
{"type":"Feature","geometry":null,"properties":{"fid":12440,"ID":12439,"ELEV":0}},
{"type":"Feature","geometry":null,"properties":{"fid":12446,"ID":12445,"ELEV":0}},
{"type":"Feature","geometry":{"type":"LineString","coordinates":[[-72.29208,41.11458],[-72.29375,41.11319],[-72.29792,41.11319],[-72.29911,41.11458],[-72.29792,41.11625],[-72.29542,41.11875],[-72.29375,41.12083],[-72.28958,41.12125],[-72.28681,41.12292],[-72.28958,41.12569],[-72.29167,41.12708],[-72.29375,41.12792],[-72.29792,41.12847],[-72.30069,41.13125],[-72.30208,41.13229],[-72.30625,41.1331],[-72.30814,41.13542],[-72.30833,41.13958],[-72.31042,41.14077],[-72.31215,41.14375],[-72.31042,41.14524],[-72.30625,41.14596],[-72.30208,41.14645],[-72.30069,41.14792],[-72.29792,41.15042],[-72.29375,41.15026],[-72.29167,41.15208],[-72.28958,41.15391],[-72.28829,41.15625],[-72.28542,41.15839],[-72.28125,41.15764],[-72.27708,41.15759],[-72.27458,41.15625],[-72.27292,41.15375],[-72.26875,41.15401],[-72.26458,41.15369],[-72.26042,41.15369],[-72.25764,41.15625],[-72.25625,41.15694],[-72.25208,41.15694],[-72.24861,41.16042],[-72.24792,41.16083],[-72.24542,41.16042],[-72.24375,41.15875],[-72.23958,41.15625],[-72.24271,41.15208],[-72.24375,41.14931],[-72.24514,41.14792],[-72.24583,41.14375],[-72.24792,41.14125],[-72.24931,41.13958],[-72.25208,41.13681],[-72.25486,41.13542],[-72.25469,41.13125],[-72.25625,41.13],[-72.26042,41.12986],[-72.26458,41.13006],[-72.26667,41.13125],[-72.26458,41.13403],[-72.26319,41.13542],[-72.26458,41.13681],[-72.26875,41.1375],[-72.27292,41.13646],[-72.27708,41.13542],[-72.27812,41.13125],[-72.27708,41.13021],[-72.27292,41.12986],[-72.27173,41.12708],[-72.27292,41.12589],[-72.27708,41.1253],[-72.27958,41.12708],[-72.28125,41.12875],[-72.28244,41.12708],[-72.28125,41.12431],[-72.28042,41.12292],[-72.28125,41.12208],[-72.28403,41.11875],[-72.28542,41.11708],[-72.28958,41.11667],[-72.29208,41.11458]]},"properties":{"fid":12455,"ID":12454,"ELEV":0}},
{"type":"Feature","geometry":null,"properties":{"fid":12466,"ID":12465,"ELEV":0}},
{"type":"Feature","geometry":null,"properties":{"fid":12495,"ID":12494,"ELEV":0}},
{"type":"Feature","geometry":{"type":"LineString","coordinates":[[-73.35542,41.08542],[-73.35625,41.08438],[-73.35708,41.08542],[-73.35625,41.08625],[-73.35542,41.08542]]},"properties":{"fid":12496,"ID":12495,"ELEV":0}},
{"type":"Feature","geometry":{"type":"LineString","coordinates":[[-72.28958,41.06801],[-72.28802,41.06875],[-72.28958,41.06989],[-72.29236,41.07292],[-72.29375,41.07403],[-72.29702,41.07708],[-72.29792,41.07887],[-72.30208,41.07887],[-72.30278,41.07708],[-72.30625,41.07341],[-72.30937,41.07708],[-72.30972,41.08125],[-72.31042,41.08189],[-72.31458,41.08403],[-72.31875,41.08542],[-72.3191,41.08125],[-72.31875,41.07708],[-72.31458,41.07589],[-72.31161,41.07292],[-72.31042,41.07153],[-72.30708,41.06875],[-72.30625,41.06852],[-72.30556,41.06875],[-72.30208,41.07173],[-72.29911,41.06875],[-72.29792,41.06811],[-72.29375,41.06597],[-72.28958,41.06801]]},"properties":{"fid":12519,"ID":12518,"ELEV":0}},
{"type":"Feature","geometry":{"type":"LineString","coordinates":[[-72.08819,41.06458],[-72.08958,41.0625],[-72.09375,41.06319],[-72.09583,41.06458],[-72.09531,41.06875],[-72.09531,41.07292],[-72.09792,41.07708],[-72.09931,41.08125],[-72.10208,41.08375],[-72.10347,41.08542],[-72.10625,41.08912],[-72.10764,41.08958],[-72.11042,41.09167],[-72.11458,41.09306],[-72.11875,41.09375],[-72.12292,41.09271],[-72.12708,41.09144],[-72.13125,41.09144],[-72.13542,41.09167],[-72.13958,41.09306],[-72.14062,41.09375],[-72.14097,41.09792],[-72.14062,41.10208],[-72.13958,41.10313],[-72.13542,41.10347],[-72.13125,41.10556],[-72.12986,41.10625],[-72.12708,41.10792],[-72.12292,41.10833],[-72.11875,41.10863],[-72.11667,41.11042],[-72.11458,41.1122],[-72.11042,41.1125],[-72.10833,41.11042],[-72.10625,41.1098],[-72.10208,41.10958],[-72.09792,41.10955],[-72.09447,41.10625],[-72.09375,41.10542],[-72.08958,41.10553],[-72.08665,41.10208],[-72.08542,41.09952],[-72.08125,41.09792],[-72.07708,41.09875],[-72.07625,41.09792],[-72.07708,41.09687],[-72.08125,41.09375],[-72.08437,41.08958],[-72.08542,41.08854],[-72.08854,41.08542],[-72.08819,41.08125],[-72.08542,41.0794],[-72.08333,41.07708],[-72.08292,41.07292],[-72.08239,41.06875],[-72.08542,41.06542],[-72.08819,41.06458]]},"properties":{"fid":12528,"ID":12527,"ELEV":0}},
{"type":"Feature","geometry":{"type":"LineString","coordinates":[[-73.38875,41.06042],[-73.38958,41.05972],[-73.39062,41.06042],[-73.39375,41.06354],[-73.39514,41.06458],[-73.39375,41.06597],[-73.39167,41.06875],[-73.38958,41.07042],[-73.38792,41.06875],[-73.3875,41.06458],[-73.38875,41.06042]]},"properties":{"fid":12532,"ID":12531,"ELEV":0}},
{"type":"Feature","geometry":null,"properties":{"fid":12537,"ID":12536,"ELEV":0}},
{"type":"Feature","geometry":null,"properties":{"fid":12538,"ID":12537,"ELEV":0}},
{"type":"Feature","geometry":{"type":"LineString","coordinates":[[-73.40625,41.05208],[-73.41042,41.05208],[-73.40625,41.05208]]},"properties":{"fid":12541,"ID":12540,"ELEV":0}},
{"type":"Feature","geometry":{"type":"LineString","coordinates":[[-73.41829,41.04792],[-73.41875,41.0474],[-73.42292,41.04792],[-73.41875,41.04875],[-73.41829,41.04792]]},"properties":{"fid":12544,"ID":12543,"ELEV":0}},
{"type":"Feature","geometry":{"type":"LineString","coordinates":[[-72.34333,41.04375],[-72.34375,41.04323],[-72.34435,41.04375],[-72.34375,41.04421],[-72.34333,41.04375]]},"properties":{"fid":12547,"ID":12546,"ELEV":0}},
{"type":"Feature","geometry":{"type":"LineString","coordinates":[[-72.25625,41.03958],[-72.26042,41.03958],[-72.25625,41.03958]]},"properties":{"fid":12553,"ID":12552,"ELEV":0}},
{"type":"Feature","geometry":null,"properties":{"fid":12554,"ID":12553,"ELEV":0}},
{"type":"Feature","geometry":null,"properties":{"fid":12568,"ID":12567,"ELEV":0}},
{"type":"Feature","geometry":{"type":"LineString","coordinates":[[-72.13958,41.02153],[-72.13854,41.02292],[-72.13958,41.02431],[-72.14375,41.02292],[-72.13958,41.02153]]},"properties":{"fid":12582,"ID":12581,"ELEV":0}},
{"type":"Feature","geometry":{"type":"LineString","coordinates":[[-72.18958,41.01719],[-72.18854,41.01875],[-72.18681,41.02292],[-72.18542,41.02569],[-72.18482,41.02708],[-72.18542,41.02813],[-72.18958,41.02847],[-72.19167,41.02708],[-72.19375,41.02604],[-72.19489,41.02292],[-72.19375,41.02113],[-72.19137,41.01875],[-72.18958,41.01719]]},"properties":{"fid":12586,"ID":12585,"ELEV":0}},
{"type":"Feature","geometry":{"type":"LineString","coordinates":[[-73.57708,41.00565],[-73.57656,41.00625],[-73.57708,41.01042],[-73.57746,41.00625],[-73.57708,41.00565]]},"properties":{"fid":12601,"ID":12600,"ELEV":0}},
{"type":"Feature","geometry":{"type":"LineString","coordinates":[[-72.30208,41.00104],[-72.30139,41.00208],[-72.30208,41.00268],[-72.30625,41.0025],[-72.31042,41.0026],[-72.31076,41.00208],[-72.31042,41.00162],[-72.30625,41.00104],[-72.30208,41.00104]]},"properties":{"fid":12610,"ID":12609,"ELEV":0}},
{"type":"Feature","geometry":{"type":"LineString","coordinates":[[-73.09292,40.96875],[-73.09375,40.96756],[-73.09542,40.96875],[-73.09375,40.96951],[-73.09292,40.96875]]},"properties":{"fid":12641,"ID":12640,"ELEV":0}},
{"type":"Feature","geometry":{"type":"LineString","coordinates":[[-72.45246,40.96042],[-72.45625,40.95694],[-72.46042,40.95792],[-72.46458,40.95903],[-72.46667,40.96042],[-72.46875,40.96458],[-72.47199,40.96875],[-72.47199,40.97292],[-72.47125,40.97708],[-72.46875,40.97887],[-72.46458,40.97969],[-72.46042,40.97847],[-72.45625,40.97708],[-72.45312,40.97292],[-72.45208,40.96875],[-72.45208,40.96458],[-72.45246,40.96042]]},"properties":{"fid":12649,"ID":12648,"ELEV":0}},
{"type":"Feature","geometry":{"type":"LineString","coordinates":[[-73.02292,40.95847],[-73.02175,40.96042],[-73.02292,40.96333],[-73.02656,40.96042],[-73.02292,40.95847]]},"properties":{"fid":12650,"ID":12649,"ELEV":0}},
{"type":"Feature","geometry":{"type":"LineString","coordinates":[[-73.02708,40.95595],[-73.02625,40.95625],[-73.02708,40.95903],[-73.03125,40.95833],[-73.03264,40.95625],[-73.03125,40.95486],[-73.02708,40.95595]]},"properties":{"fid":12656,"ID":12655,"ELEV":0}},
{"type":"Feature","geometry":{"type":"LineString","coordinates":[[-73.69792,40.94688],[-73.6976,40.94792],[-73.69792,40.94875],[-73.69931,40.94792],[-73.69792,40.94688]]},"properties":{"fid":12661,"ID":12660,"ELEV":0}},
{"type":"Feature","geometry":{"type":"LineString","coordinates":[[-72.43125,40.9375],[-72.42986,40.93958],[-72.43125,40.94125],[-72.43189,40.93958],[-72.43125,40.9375]]},"properties":{"fid":12670,"ID":12669,"ELEV":0}},
{"type":"Feature","geometry":{"type":"LineString","coordinates":[[-73.35469,40.92708],[-73.35625,40.9253],[-73.36042,40.9253],[-73.36198,40.92708],[-73.36042,40.92833],[-73.35625,40.92813],[-73.35469,40.92708]]},"properties":{"fid":12679,"ID":12678,"ELEV":0}},
{"type":"Feature","geometry":{"type":"LineString","coordinates":[[-73.40089,40.92292],[-73.40208,40.92188],[-73.40312,40.92292],[-73.40268,40.92708],[-73.40333,40.93125],[-73.40208,40.93304],[-73.40159,40.93542],[-73.40156,40.93958],[-73.40134,40.94375],[-73.39792,40.94744],[-73.39745,40.94792],[-73.39681,40.95208],[-73.39375,40.95514],[-73.38958,40.9544],[-73.3875,40.95208],[-73.38542,40.95069],[-73.38264,40.94792],[-73.38125,40.94602],[-73.37898,40.94375],[-73.37708,40.93958],[-73.37292,40.93601],[-73.37232,40.93542],[-73.36913,40.93125],[-73.37292,40.92827],[-73.37639,40.93125],[-73.37375,40.93542],[-73.37708,40.93958],[-73.37827,40.93542],[-73.37917,40.93125],[-73.37708,40.93006],[-73.37477,40.92708],[-73.37708,40.92448],[-73.38006,40.92708],[-73.38125,40.92917],[-73.38185,40.92708],[-73.38542,40.92396],[-73.38958,40.92396],[-73.39375,40.92371],[-73.39729,40.92708],[-73.39792,40.92771],[-73.40104,40.92708],[-73.40089,40.92292]]},"properties":{"fid":12683,"ID":12682,"ELEV":0}},
{"type":"Feature","geometry":{"type":"LineString","coordinates":[[-73.16042,40.91736],[-73.15833,40.91875],[-73.16042,40.91979],[-73.16458,40.91994],[-73.16667,40.91875],[-73.16458,40.91458],[-73.16042,40.91736]]},"properties":{"fid":12686,"ID":12685,"ELEV":0}},
{"type":"Feature","geometry":{"type":"LineString","coordinates":[[-73.17292,40.90167],[-73.1724,40.90208],[-73.17187,40.90625],[-73.16875,40.91042],[-73.16458,40.91458],[-73.16875,40.91667],[-73.17292,40.91806],[-73.17708,40.91615],[-73.17847,40.91458],[-73.17765,40.91042],[-73.17746,40.90625],[-73.17738,40.90208],[-73.17708,40.90144],[-73.17292,40.90167]]},"properties":{"fid":12701,"ID":12700,"ELEV":0}},
{"type":"Feature","geometry":{"type":"LineString","coordinates":[[-73.22292,40.90149],[-73.21875,40.90208],[-73.22292,40.90313],[-73.22431,40.90208],[-73.22292,40.90149]]},"properties":{"fid":12702,"ID":12701,"ELEV":0}},
{"type":"Feature","geometry":{"type":"LineString","coordinates":[[-72.47708,40.90069],[-72.47292,40.90208],[-72.46875,40.90486],[-72.46667,40.90625],[-72.46458,40.91042],[-72.46181,40.91458],[-72.46042,40.91597],[-72.45625,40.91667],[-72.45208,40.91823],[-72.44792,40.91792],[-72.44375,40.91667],[-72.44315,40.91875],[-72.44271,40.92292],[-72.44375,40.92351],[-72.44792,40.92431],[-72.4503,40.92708],[-72.44792,40.92986],[-72.44722,40.93125],[-72.44728,40.93542],[-72.44688,40.93958],[-72.44375,40.94247],[-72.44296,40.94375],[-72.44077,40.94792],[-72.43958,40.94896],[-72.43542,40.94911],[-72.43125,40.94931],[-72.42708,40.95116],[-72.42292,40.95143],[-72.41875,40.95112],[-72.41496,40.94792],[-72.41458,40.94653],[-72.41354,40.94792],[-72.41042,40.95],[-72.40625,40.9517],[-72.40542,40.95208],[-72.40312,40.95625],[-72.40208,40.95764],[-72.39931,40.96042],[-72.39792,40.96208],[-72.39635,40.96458],[-72.39375,40.96756],[-72.39236,40.96875],[-72.38958,40.97292],[-72.38542,40.97685],[-72.38521,40.97708],[-72.38194,40.98125],[-72.38125,40.98264],[-72.38069,40.98542],[-72.37708,40.98903],[-72.37644,40.98958],[-72.37477,40.99375],[-72.37292,40.9956],[-72.36944,40.99792],[-72.36935,41.00208],[-72.37292,41.00436],[-72.37452,41.00625],[-72.37542,41.01042],[-72.3755,41.01458],[-72.37708,41.01829],[-72.37743,41.01875],[-72.37708,41.01913],[-72.37639,41.01875],[-72.37292,41.01759],[-72.37007,41.01458],[-72.37014,41.01042],[-72.37102,41.00625],[-72.36875,41.00268],[-72.36736,41.00208],[-72.36458,40.99792],[-72.36042,41],[-72.35625,41],[-72.35208,41.00139],[-72.35,41.00208],[-72.34792,41.00278],[-72.34375,41.0044],[-72.33958,41.00208],[-72.33542,41.00069],[-72.33125,40.99931],[-72.32847,40.99792],[-72.32708,40.99732],[-72.32569,40.99792],[-72.32292,40.99896],[-72.32083,40.99792],[-72.31875,40.99673],[-72.31458,40.99514],[-72.31375,40.99792],[-72.31458,40.99856],[-72.31875,40.99911],[-72.32064,41.00208],[-72.32067,41.00625],[-72.32035,41.01042],[-72.32292,41.0128],[-72.32542,41.01458],[-72.32644,41.01875],[-72.32708,41.01917],[-72.33065,41.02292],[-72.33125,41.02381],[-72.33395,41.02708],[-72.33442,41.03125],[-72.33292,41.03542],[-72.33125,41.03727],[-72.32708,41.03819],[-72.32292,41.03866],[-72.31875,41.03869],[-72.31771,41.03958],[-72.31875,41.04208],[-72.32292,41.04034],[-72.32708,41.04007],[-72.33021,41.04375],[-72.33125,41.04606],[-72.33292,41.04792],[-72.33542,41.05042],[-72.33958,41.05048],[-72.34375,41.05048],[-72.34792,41.04952],[-72.34981,41.04792],[-72.35,41.04375],[-72.35208,41.04097],[-72.35625,41.04083],[-72.36042,41.04097],[-72.36354,41.04375],[-72.36458,41.04479],[-72.36875,41.04527],[-72.37029,41.04792],[-72.37292,41.05176],[-72.37321,41.05208],[-72.3739,41.05625],[-72.37552,41.06042],[-72.37708,41.0615],[-72.38125,41.0619],[-72.38352,41.06458],[-72.38542,41.06708],[-72.38696,41.06875],[-72.38542,41.07014],[-72.38125,41.07091],[-72.37708,41.07203],[-72.37484,41.07292],[-72.37708,41.07557],[-72.38125,41.07616],[-72.38229,41.07708],[-72.38542,41.08002],[-72.38958,41.0794],[-72.39256,41.07708],[-72.39375,41.07542],[-72.39792,41.07458],[-72.40069,41.07292],[-72.40208,41.07083],[-72.40278,41.06875],[-72.40625,41.06615],[-72.40804,41.06458],[-72.41042,41.06042],[-72.41042,41.05625],[-72.40625,41.05486],[-72.40208,41.05208],[-72.39792,41.05119],[-72.39375,41.05023],[-72.38958,41.04981],[-72.38542,41.05089],[-72.38281,41.04792],[-72.38542,41.04375],[-72.38571,41.03958],[-72.38708,41.03542],[-72.38839,41.03125],[-72.38958,41.03032],[-72.39375,41.02898],[-72.39792,41.02865],[-72.40208,41.02887],[-72.40625,41.02887],[-72.41042,41.02887],[-72.41458,41.02894],[-72.41875,41.02894],[-72.42135,41.03125],[-72.42292,41.03333],[-72.42708,41.03304],[-72.43125,41.0325],[-72.43542,41.03194],[-72.43611,41.03125],[-72.43958,41.02804],[-72.44032,41.02708],[-72.44375,41.02365],[-72.44479,41.02292],[-72.44583,41.01875],[-72.44708,41.01458],[-72.44458,41.01042],[-72.44375,41.00984],[-72.44003,41.00625],[-72.43998,41.00208],[-72.43958,41.00139],[-72.43611,40.99792],[-72.43638,40.99375],[-72.43542,40.99279],[-72.43264,40.98958],[-72.43542,40.98681],[-72.43839,40.98958],[-72.43958,40.99077],[-72.44375,40.99167],[-72.4456,40.99375],[-72.44792,40.99505],[-72.45119,40.99792],[-72.45208,40.99875],[-72.45625,41.00042],[-72.45792,41.00208],[-72.45923,41.00625],[-72.46042,41.00792],[-72.46106,41.00625],[-72.46458,41.00272],[-72.46667,41.00208],[-72.46875,40.99931],[-72.47292,40.99792],[-72.47014,40.99375],[-72.47042,40.98958],[-72.47292,40.98708],[-72.47708,40.98638],[-72.48125,40.98681],[-72.48458,40.98958],[-72.48542,40.99018],[-72.48958,40.99005],[-72.49375,40.99028],[-72.49458,40.98958],[-72.49792,40.98542],[-72.50208,40.98333],[-72.50625,40.98229],[-72.51042,40.98125],[-72.51458,40.98125],[-72.51875,40.97792],[-72.52292,40.97813],[-72.52708,40.97813],[-72.52768,40.97708],[-72.53125,40.97292],[-72.53333,40.96875],[-72.53542,40.96667],[-72.5375,40.96458],[-72.53958,40.9625],[-72.54167,40.96042],[-72.54375,40.95625],[-72.54792,40.95208],[-72.55208,40.95208],[-72.55625,40.94861],[-72.55663,40.94792],[-72.56042,40.94444],[-72.56458,40.94435],[-72.56597,40.94375],[-72.56597,40.93958],[-72.56875,40.93625],[-72.57292,40.93542],[-72.57708,40.93185],[-72.58125,40.93333],[-72.58542,40.93185],[-72.58625,40.93125],[-72.58958,40.92847],[-72.59236,40.93125],[-72.59375,40.93292],[-72.59792,40.93292],[-72.60208,40.93177],[-72.60625,40.93125],[-72.61042,40.92708],[-72.61042,40.92292],[-72.61042,40.91875],[-72.60625,40.91771],[-72.60208,40.91736],[-72.59792,40.91597],[-72.59687,40.91458],[-72.59583,40.91042],[-72.59375,40.90958],[-72.59271,40.91042],[-72.58958,40.91292],[-72.58646,40.91042],[-72.58542,40.90937],[-72.58125,40.90903],[-72.57708,40.90937],[-72.57292,40.90833],[-72.56875,40.91042],[-72.56736,40.91458],[-72.56458,40.91736],[-72.56042,40.91797],[-72.55625,40.91761],[-72.55208,40.91458],[-72.54792,40.91597],[-72.54375,40.91458],[-72.53958,40.91424],[-72.53542,40.9125],[-72.53264,40.91042],[-72.53125,40.91023],[-72.52708,40.90729],[-72.52569,40.90625],[-72.52292,40.90417],[-72.51875,40.90292],[-72.51458,40.90208],[-72.51042,40.90185],[-72.50625,40.90042],[-72.50208,40.9],[-72.49792,40.89896],[-72.49375,40.89792],[-72.48958,40.89792],[-72.48542,40.89792],[-72.48125,40.90042],[-72.47708,40.90069]]},"properties":{"fid":12703,"ID":12702,"ELEV":0}},
{"type":"Feature","geometry":{"type":"LineString","coordinates":[[-72.31528,40.89375],[-72.31875,40.89201],[-72.32292,40.89236],[-72.325,40.89375],[-72.32292,40.89583],[-72.31875,40.89606],[-72.31528,40.89375]]},"properties":{"fid":12707,"ID":12706,"ELEV":0}},
{"type":"Feature","geometry":{"type":"LineString","coordinates":[[-73.41875,40.88403],[-73.41806,40.88542],[-73.41812,40.88958],[-73.41875,40.89271],[-73.41979,40.89375],[-73.42232,40.89792],[-73.42292,40.89867],[-73.42708,40.89931],[-73.43006,40.90208],[-73.43125,40.90446],[-73.43542,40.90396],[-73.43739,40.90208],[-73.43542,40.89867],[-73.43375,40.89792],[-73.43125,40.8976],[-73.42708,40.89734],[-73.42328,40.89375],[-73.42292,40.89271],[-73.41979,40.88958],[-73.42083,40.88542],[-73.41875,40.88403]]},"properties":{"fid":12717,"ID":12716,"ELEV":0}},
{"type":"Feature","geometry":{"type":"LineString","coordinates":[[-73.76417,40.87708],[-73.76458,40.87667],[-73.7651,40.87708],[-73.76458,40.8775],[-73.76417,40.87708]]},"properties":{"fid":12723,"ID":12722,"ELEV":0}},
{"type":"Feature","geometry":{"type":"LineString","coordinates":[[-73.7831,40.86042],[-73.78542,40.85781],[-73.78839,40.86042],[-73.78542,40.86302],[-73.7831,40.86042]]},"properties":{"fid":12736,"ID":12735,"ELEV":0}},
{"type":"Feature","geometry":{"type":"LineString","coordinates":[[-72.41302,40.86042],[-72.41458,40.85946],[-72.41875,40.85833],[-72.42153,40.86042],[-72.41875,40.86375],[-72.41458,40.86354],[-72.41302,40.86042]]},"properties":{"fid":12737,"ID":12736,"ELEV":0}},
{"type":"Feature","geometry":{"type":"LineString","coordinates":[[-73.76852,40.85625],[-73.76875,40.85486],[-73.76913,40.85625],[-73.76875,40.85657],[-73.76852,40.85625]]},"properties":{"fid":12739,"ID":12738,"ELEV":0}},
{"type":"Feature","geometry":{"type":"LineString","coordinates":[[-72.42431,40.85625],[-72.42708,40.85473],[-72.43125,40.85446],[-72.43542,40.85347],[-72.43875,40.85625],[-72.43542,40.85958],[-72.43125,40.85875],[-72.42708,40.85903],[-72.42431,40.85625]]},"properties":{"fid":12740,"ID":12739,"ELEV":0}},
{"type":"Feature","geometry":{"type":"LineString","coordinates":[[-72.43708,40.85208],[-72.43958,40.8503],[-72.44375,40.85069],[-72.44792,40.85042],[-72.45,40.85208],[-72.44792,40.85486],[-72.44375,40.85486],[-72.43958,40.85521],[-72.43708,40.85208]]},"properties":{"fid":12746,"ID":12745,"ELEV":0}},
{"type":"Feature","geometry":{"type":"LineString","coordinates":[[-73.94792,40.84439],[-73.94605,40.84792],[-73.94375,40.85073],[-73.93958,40.85166],[-73.93917,40.85208],[-73.93879,40.85625],[-73.93804,40.86042],[-73.93542,40.86304],[-73.93437,40.86458],[-73.93288,40.86875],[-73.93125,40.87038],[-73.92708,40.87208],[-73.9258,40.87292],[-73.92292,40.87604],[-73.92211,40.87708],[-73.92212,40.88125],[-73.91875,40.88491],[-73.91821,40.88542],[-73.9179,40.88958],[-73.91755,40.89375],[-73.91458,40.89685],[-73.91382,40.89792],[-73.91364,40.90208],[-73.91333,40.90625],[-73.91287,40.91042],[-73.91115,40.91458],[-73.91042,40.91548],[-73.90889,40.91875],[-73.90703,40.92292],[-73.90625,40.92405],[-73.90492,40.92708],[-73.90486,40.93125],[-73.90375,40.93542],[-73.90208,40.93798],[-73.90118,40.93958],[-73.9008,40.94375],[-73.90023,40.94792],[-73.89792,40.95032],[-73.89721,40.95208],[-73.89375,40.9559],[-73.89354,40.95625],[-73.89317,40.96042],[-73.88958,40.96437],[-73.88944,40.96458],[-73.8892,40.96875],[-73.88909,40.97292],[-73.88542,40.97677],[-73.88519,40.97708],[-73.885,40.98125],[-73.88498,40.98542],[-73.88471,40.98958],[-73.88419,40.99375],[-73.88416,40.99792],[-73.88428,41.00208],[-73.88403,41.00625],[-73.88125,41.00932],[-73.88062,41.01042],[-73.87986,41.01458],[-73.87875,41.01875],[-73.87858,41.02292],[-73.87808,41.02708],[-73.87708,41.02839],[-73.87591,41.03125],[-73.87484,41.03542],[-73.87292,41.03854],[-73.8725,41.03958],[-73.87218,41.04375],[-73.87208,41.04792],[-73.87208,41.05208],[-73.87212,41.05625],[-73.87201,41.06042],[-73.87153,41.06458],[-73.87125,41.06875],[-73.87083,41.07292],[-73.87054,41.07708],[-73.87292,41.08042],[-73.87333,41.08125],[-73.87292,41.08542],[-73.87396,41.08958],[-73.87292,41.09208],[-73.87243,41.09375],[-73.87199,41.09792],[-73.87163,41.10208],[-73.87187,41.10625],[-73.87182,41.11042],[-73.87269,41.11458],[-73.87208,41.11875],[-73.87135,41.12292],[-73.87145,41.12708],[-73.87202,41.13125],[-73.87135,41.13542],[-73.87083,41.13958],[-73.8726,41.14375],[-73.87292,41.14792],[-73.87708,41.14792],[-73.87708,41.15208],[-73.88125,41.15625],[-73.88125,41.16042],[-73.88542,41.16458],[-73.88958,41.16875],[-73.89375,41.17014],[-73.89407,41.16875],[-73.89792,41.16563],[-73.90176,41.16875],[-73.90208,41.17083],[-73.90347,41.17292],[-73.90417,41.17708],[-73.90625,41.18125],[-73.91042,41.18125],[-73.91458,41.18542],[-73.91875,41.18958],[-73.91875,41.19375],[-73.92292,41.19792],[-73.92292,41.20208],[-73.92708,41.20625],[-73.92708,41.21042],[-73.92708,41.21458],[-73.93125,41.21875],[-73.93542,41.22292],[-73.93542,41.22708],[-73.93958,41.22986],[-73.94042,41.23125],[-73.94375,41.23363],[-73.94554,41.23542],[-73.94792,41.23576],[-73.95174,41.23958],[-73.95208,41.24038],[-73.95602,41.24375],[-73.95625,41.24479],[-73.96042,41.24597],[-73.96204,41.24792],[-73.96458,41.25061],[-73.96583,41.25208],[-73.96458,41.25625],[-73.96164,41.26042],[-73.96042,41.26151],[-73.95884,41.26458],[-73.95625,41.26704],[-73.95445,41.26875],[-73.95208,41.27088],[-73.94792,41.2719],[-73.94574,41.27292],[-73.94375,41.27475],[-73.94121,41.27708],[-73.93958,41.27943],[-73.93805,41.28125],[-73.93667,41.28542],[-73.93646,41.28958],[-73.93937,41.29375],[-73.93958,41.29394],[-73.94375,41.29653],[-73.94792,41.29616],[-73.95,41.29792],[-73.95208,41.2985],[-73.95625,41.30009],[-73.95849,41.30208],[-73.96042,41.3025],[-73.96458,41.30372],[-73.96717,41.30625],[-73.96875,41.30819],[-73.97158,41.31042],[-73.97292,41.31101],[-73.97664,41.31458],[-73.97708,41.31507],[-73.98027,41.31875],[-73.97708,41.32246],[-73.97676,41.32292],[-73.97437,41.32708],[-73.97708,41.33015],[-73.98125,41.32907],[-73.98373,41.32708],[-73.98542,41.32372],[-73.98603,41.32292],[-73.98612,41.31875],[-73.98575,41.31458],[-73.98542,41.31371],[-73.9834,41.31042],[-73.98125,41.30724],[-73.97708,41.30704],[-73.97634,41.30625],[-73.97292,41.30275],[-73.96875,41.30272],[-73.96814,41.30208],[-73.96806,41.29792],[-73.96458,41.29702],[-73.96097,41.29375],[-73.96042,41.29332],[-73.95641,41.28958],[-73.95625,41.28769],[-73.95493,41.28542],[-73.95625,41.28333],[-73.95833,41.28125],[-73.96042,41.27933],[-73.96458,41.27708],[-73.96875,41.27458],[-73.96968,41.27292],[-73.9712,41.26875],[-73.97292,41.26693],[-73.9747,41.26458],[-73.97513,41.26042],[-73.97608,41.25625],[-73.97636,41.25208],[-73.97609,41.24792],[-73.97292,41.2464],[-73.97043,41.24375],[-73.96875,41.24142],[-73.96701,41.23958],[-73.96875,41.23611],[-73.97083,41.23542],[-73.97153,41.23125],[-73.96875,41.22917],[-73.96756,41.22708],[-73.96625,41.22292],[-73.96708,41.21875],[-73.96458,41.21696],[-73.96181,41.21458],[-73.96101,41.21042],[-73.96042,41.20903],[-73.95923,41.20625],[-73.95625,41.20278],[-73.95573,41.20208],[-73.95521,41.19792],[-73.95625,41.19625],[-73.95718,41.19792],[-73.95708,41.20208],[-73.96042,41.20486],[-73.96319,41.20208],[-73.96458,41.20069],[-73.96534,41.19792],[-73.96458,41.19738],[-73.96042,41.19609],[-73.95729,41.19375],[-73.95625,41.19167],[-73.95417,41.18958],[-73.95208,41.18802],[-73.94977,41.18542],[-73.94792,41.18493],[-73.94375,41.1841],[-73.94104,41.18125],[-73.93958,41.1776],[-73.93912,41.17708],[-73.93556,41.17292],[-73.93542,41.17276],[-73.93141,41.16875],[-73.93125,41.16857],[-73.92708,41.16843],[-73.92292,41.16799],[-73.91946,41.16458],[-73.91875,41.16389],[-73.91522,41.16042],[-73.91458,41.15957],[-73.9112,41.15625],[-73.91076,41.15208],[-73.91063,41.14792],[-73.91042,41.14773],[-73.90644,41.14375],[-73.90625,41.14323],[-73.9026,41.13958],[-73.90229,41.13542],[-73.90208,41.13304],[-73.89792,41.13125],[-73.90208,41.13011],[-73.90625,41.12729],[-73.90635,41.12708],[-73.90648,41.12292],[-73.90625,41.11958],[-73.90208,41.12014],[-73.89792,41.11958],[-73.89708,41.11875],[-73.89792,41.11458],[-73.90208,41.11042],[-73.89792,41.10625],[-73.89375,41.10208],[-73.88958,41.10278],[-73.88906,41.10208],[-73.88958,41.10139],[-73.89375,41.09792],[-73.89375,41.09375],[-73.89375,41.08958],[-73.89792,41.08542],[-73.89792,41.08125],[-73.89792,41.07708],[-73.89792,41.07292],[-73.89375,41.06875],[-73.89792,41.06458],[-73.90208,41.06875],[-73.90625,41.06458],[-73.91042,41.06042],[-73.90625,41.05625],[-73.90208,41.05625],[-73.89792,41.05625],[-73.90208,41.05208],[-73.90625,41.04792],[-73.90208,41.04375],[-73.90208,41.03958],[-73.90208,41.03542],[-73.89896,41.03125],[-73.9,41.02708],[-73.89896,41.02292],[-73.89861,41.01875],[-73.89818,41.01458],[-73.89808,41.01042],[-73.89792,41.00625],[-73.89823,41.00208],[-73.89821,40.99792],[-73.89831,40.99375],[-73.89861,40.98958],[-73.90162,40.98542],[-73.90208,40.98472],[-73.90278,40.98125],[-73.90271,40.97708],[-73.90625,40.97336],[-73.90639,40.97292],[-73.90649,40.96875],[-73.90691,40.96458],[-73.91042,40.96091],[-73.91071,40.96042],[-73.91088,40.95625],[-73.91127,40.95208],[-73.91458,40.94857],[-73.91499,40.94792],[-73.91523,40.94375],[-73.91544,40.93958],[-73.91875,40.936],[-73.91908,40.93542],[-73.91927,40.93125],[-73.91976,40.92708],[-73.92292,40.92369],[-73.92315,40.92292],[-73.92331,40.91875],[-73.92383,40.91458],[-73.92708,40.91099],[-73.92732,40.91042],[-73.92762,40.90625],[-73.93125,40.90252],[-73.93143,40.90208],[-73.93178,40.89792],[-73.93542,40.89419],[-73.93562,40.89375],[-73.93636,40.88958],[-73.93651,40.88542],[-73.93958,40.88218],[-73.94014,40.88125],[-73.94236,40.87708],[-73.94375,40.87552],[-73.9443,40.87292],[-73.94475,40.86875],[-73.94792,40.86558],[-73.94856,40.86458],[-73.95208,40.86087],[-73.95268,40.86042],[-73.95321,40.85625],[-73.95625,40.85295],[-73.95653,40.85208],[-73.95625,40.84792],[-73.95208,40.84792],[-73.94792,40.84439]]},"properties":{"fid":12747,"ID":12746,"ELEV":0}},
{"type":"Feature","geometry":{"type":"LineString","coordinates":[[-72.45417,40.84792],[-72.45625,40.84583],[-72.46042,40.84583],[-72.46292,40.84792],[-72.46042,40.85042],[-72.45625,40.85069],[-72.45417,40.84792]]},"properties":{"fid":12748,"ID":12747,"ELEV":0}},
{"type":"Feature","geometry":{"type":"LineString","coordinates":[[-72.46292,40.84375],[-72.46458,40.84208],[-72.46875,40.84236],[-72.46994,40.84375],[-72.46875,40.84542],[-72.46458,40.84583],[-72.46292,40.84375]]},"properties":{"fid":12753,"ID":12752,"ELEV":0}},
{"type":"Feature","geometry":{"type":"LineString","coordinates":[[-72.49167,40.83542],[-72.49375,40.83363],[-72.49792,40.83375],[-72.50208,40.83333],[-72.50625,40.83375],[-72.50833,40.83542],[-72.50764,40.83958],[-72.50625,40.84097],[-72.50486,40.83958],[-72.50208,40.8375],[-72.49931,40.83958],[-72.49792,40.84097],[-72.49375,40.83958],[-72.48958,40.84167],[-72.48542,40.84097],[-72.48125,40.84115],[-72.47917,40.83958],[-72.48125,40.8375],[-72.48542,40.8375],[-72.48958,40.83792],[-72.49167,40.83542]]},"properties":{"fid":12757,"ID":12756,"ELEV":0}},
{"type":"Feature","geometry":{"type":"LineString","coordinates":[[-72.52125,40.82708],[-72.52292,40.82542],[-72.52708,40.825],[-72.53125,40.82542],[-72.53403,40.82708],[-72.53125,40.82986],[-72.52708,40.83125],[-72.53125,40.83542],[-72.53542,40.83542],[-72.53958,40.83542],[-72.53542,40.83542],[-72.53125,40.83542],[-72.52708,40.83542],[-72.52292,40.83333],[-72.52083,40.83542],[-72.51875,40.8375],[-72.51736,40.83542],[-72.51458,40.83333],[-72.51042,40.83333],[-72.50875,40.83125],[-72.51042,40.82986],[-72.51458,40.82847],[-72.51875,40.82958],[-72.52125,40.82708]]},"properties":{"fid":12764,"ID":12763,"ELEV":0}},
{"type":"Feature","geometry":{"type":"LineString","coordinates":[[-72.5375,40.82292],[-72.53958,40.81979],[-72.54375,40.82153],[-72.54792,40.82135],[-72.55208,40.82208],[-72.55347,40.82292],[-72.55208,40.82431],[-72.54792,40.82542],[-72.54375,40.82542],[-72.53958,40.82604],[-72.5375,40.82292]]},"properties":{"fid":12769,"ID":12768,"ELEV":0}},
{"type":"Feature","geometry":{"type":"LineString","coordinates":[[-73.97708,40.79792],[-73.97639,40.80208],[-73.97708,40.80625],[-73.98125,40.80208],[-73.97708,40.79792]]},"properties":{"fid":12786,"ID":12785,"ELEV":0}},
{"type":"Feature","geometry":{"type":"LineString","coordinates":[[-72.64792,40.79708],[-72.64653,40.79792],[-72.64792,40.79896],[-72.65,40.79792],[-72.64792,40.79708]]},"properties":{"fid":12792,"ID":12791,"ELEV":0}},
{"type":"Feature","geometry":{"type":"LineString","coordinates":[[-73.97708,40.79296],[-73.97625,40.79375],[-73.97708,40.79792],[-73.97904,40.79375],[-73.97708,40.79296]]},"properties":{"fid":12796,"ID":12795,"ELEV":0}},
{"type":"Feature","geometry":{"type":"LineString","coordinates":[[-73.92708,40.79349],[-73.92656,40.79375],[-73.92708,40.79435],[-73.93125,40.79375],[-73.92708,40.79349]]},"properties":{"fid":12797,"ID":12796,"ELEV":0}},
{"type":"Feature","geometry":{"type":"LineString","coordinates":[[-73.93542,40.78839],[-73.93478,40.78958],[-73.93542,40.79042],[-73.93606,40.78958],[-73.93542,40.78839]]},"properties":{"fid":12799,"ID":12798,"ELEV":0}},
{"type":"Feature","geometry":null,"properties":{"fid":12800,"ID":12799,"ELEV":0}},
{"type":"Feature","geometry":{"type":"LineString","coordinates":[[-72.65958,40.78958],[-72.66042,40.78906],[-72.66458,40.78773],[-72.66875,40.7878],[-72.67125,40.78958],[-72.66875,40.79271],[-72.66458,40.79236],[-72.66042,40.79097],[-72.65958,40.78958]]},"properties":{"fid":12801,"ID":12800,"ELEV":0}},
{"type":"Feature","geometry":{"type":"LineString","coordinates":[[-73.98958,40.77933],[-73.98878,40.78125],[-73.98807,40.78542],[-73.98542,40.78906],[-73.98125,40.78839],[-73.9803,40.78958],[-73.98125,40.79178],[-73.985,40.79375],[-73.98542,40.79792],[-73.98958,40.79375],[-73.99375,40.79018],[-73.99427,40.78958],[-73.99708,40.78542],[-73.99792,40.78333],[-73.99896,40.78125],[-73.99792,40.77917],[-73.99375,40.77708],[-73.98958,40.77933]]},"properties":{"fid":12802,"ID":12801,"ELEV":0}},
{"type":"Feature","geometry":{"type":"LineString","coordinates":[[-72.68854,40.78125],[-72.68958,40.78061],[-72.69375,40.78061],[-72.69792,40.78006],[-72.69958,40.78125],[-72.69792,40.78292],[-72.69375,40.78292],[-72.68958,40.78542],[-72.68542,40.7875],[-72.68125,40.78875],[-72.67708,40.78854],[-72.67292,40.78792],[-72.67113,40.78542],[-72.67292,40.78403],[-72.67708,40.78385],[-72.68125,40.78375],[-72.68542,40.78482],[-72.68854,40.78125]]},"properties":{"fid":12803,"ID":12802,"ELEV":0}},
{"type":"Feature","geometry":{"type":"LineString","coordinates":[[-72.70394,40.77708],[-72.70625,40.77535],[-72.71042,40.77519],[-72.71458,40.77523],[-72.71736,40.77708],[-72.71875,40.78125],[-72.72292,40.78125],[-72.71875,40.78542],[-72.71458,40.78542],[-72.71042,40.78125],[-72.70625,40.78006],[-72.70394,40.77708]]},"properties":{"fid":12806,"ID":12805,"ELEV":0}},
{"type":"Feature","geometry":{"type":"LineString","coordinates":[[-74.10625,40.77431],[-74.10347,40.77708],[-74.10208,40.77847],[-74.1,40.78125],[-74.10208,40.78292],[-74.10625,40.78229],[-74.11042,40.78292],[-74.11161,40.78125],[-74.11042,40.77986],[-74.10764,40.77708],[-74.10625,40.77431]]},"properties":{"fid":12807,"ID":12806,"ELEV":0}},
{"type":"Feature","geometry":{"type":"LineString","coordinates":[[-74.05208,40.775],[-74.05069,40.77708],[-74.05208,40.77847],[-74.05347,40.77708],[-74.05208,40.775]]},"properties":{"fid":12808,"ID":12807,"ELEV":0}},
{"type":"Feature","geometry":{"type":"LineString","coordinates":[[-72.72135,40.77292],[-72.72292,40.77167],[-72.72708,40.77188],[-72.73125,40.77135],[-72.73542,40.77208],[-72.73958,40.77292],[-72.73542,40.77431],[-72.73333,40.77708],[-72.73125,40.77986],[-72.72917,40.77708],[-72.72708,40.775],[-72.72292,40.77542],[-72.72135,40.77292]]},"properties":{"fid":12813,"ID":12812,"ELEV":0}},
{"type":"Feature","geometry":{"type":"LineString","coordinates":[[-72.74097,40.76875],[-72.74375,40.76708],[-72.74653,40.76875],[-72.74375,40.77153],[-72.74097,40.76875]]},"properties":{"fid":12815,"ID":12814,"ELEV":0}},
{"type":"Feature","geometry":{"type":"LineString","coordinates":[[-72.74931,40.76458],[-72.75208,40.76146],[-72.75625,40.7625],[-72.76042,40.76181],[-72.76458,40.76208],[-72.76708,40.76458],[-72.76458,40.76771],[-72.76042,40.76792],[-72.75938,40.76875],[-72.75625,40.77188],[-72.75312,40.76875],[-72.75208,40.76815],[-72.74931,40.76458]]},"properties":{"fid":12819,"ID":12818,"ELEV":0}},
{"type":"Feature","geometry":{"type":"LineString","coordinates":[[-74.10208,40.75718],[-74.09792,40.76042],[-74.10208,40.76458],[-74.10625,40.76042],[-74.10208,40.75718]]},"properties":{"fid":12821,"ID":12820,"ELEV":0}},
{"type":"Feature","geometry":{"type":"LineString","coordinates":[[-72.78208,40.75625],[-72.78542,40.75458],[-72.78958,40.75542],[-72.79375,40.75542],[-72.79792,40.75542],[-72.79931,40.75625],[-72.79792,40.75833],[-72.79583,40.76042],[-72.79375,40.7625],[-72.78958,40.76458],[-72.78542,40.76458],[-72.78125,40.76458],[-72.77708,40.76042],[-72.77292,40.76375],[-72.77014,40.76042],[-72.77292,40.75764],[-72.77708,40.76042],[-72.78125,40.75729],[-72.78208,40.75625]]},"properties":{"fid":12824,"ID":12823,"ELEV":0}},
{"type":"Feature","geometry":{"type":"LineString","coordinates":[[-72.8,40.75208],[-72.80208,40.75023],[-72.80446,40.75208],[-72.80208,40.75486],[-72.8,40.75208]]},"properties":{"fid":12828,"ID":12827,"ELEV":0}},
{"type":"Feature","geometry":{"type":"LineString","coordinates":[[-72.81389,40.74792],[-72.81458,40.74688],[-72.81875,40.74583],[-72.82188,40.74792],[-72.81875,40.75042],[-72.81458,40.74931],[-72.81389,40.74792]]},"properties":{"fid":12830,"ID":12829,"ELEV":0}},
{"type":"Feature","geometry":{"type":"LineString","coordinates":[[-72.82396,40.74375],[-72.82708,40.74196],[-72.83125,40.74236],[-72.83333,40.74375],[-72.83542,40.74583],[-72.83819,40.74792],[-72.83542,40.75069],[-72.83264,40.74792],[-72.83125,40.74653],[-72.82708,40.74688],[-72.82396,40.74375]]},"properties":{"fid":12836,"ID":12835,"ELEV":0}},
{"type":"Feature","geometry":{"type":"LineString","coordinates":[[-72.83792,40.73958],[-72.83958,40.73839],[-72.84375,40.73875],[-72.84792,40.7372],[-72.85125,40.73958],[-72.84792,40.74292],[-72.84375,40.74167],[-72.83958,40.74236],[-72.83792,40.73958]]},"properties":{"fid":12839,"ID":12838,"ELEV":0}},
{"type":"Feature","geometry":{"type":"LineString","coordinates":[[-73.14792,40.72639],[-73.14708,40.72708],[-73.14792,40.72813],[-73.14931,40.72708],[-73.14792,40.72639]]},"properties":{"fid":12846,"ID":12845,"ELEV":0}},
{"type":"Feature","geometry":{"type":"LineString","coordinates":[[-74.10625,40.71667],[-74.10208,40.71875],[-74.10625,40.71944],[-74.10708,40.71875],[-74.10625,40.71667]]},"properties":{"fid":12849,"ID":12848,"ELEV":0}},
{"type":"Feature","geometry":{"type":"LineString","coordinates":[[-72.94062,40.70625],[-72.94375,40.70398],[-72.94792,40.70417],[-72.95208,40.70417],[-72.95417,40.70625],[-72.95208,40.70875],[-72.95,40.71042],[-72.94792,40.71319],[-72.94375,40.71458],[-72.94375,40.71875],[-72.93958,40.72292],[-72.93542,40.72292],[-72.93125,40.71875],[-72.92708,40.71875],[-72.92292,40.71792],[-72.92153,40.71875],[-72.91875,40.72153],[-72.91458,40.72292],[-72.91458,40.72708],[-72.91042,40.72708],[-72.90625,40.72917],[-72.90417,40.72708],[-72.90208,40.72569],[-72.89792,40.72431],[-72.89583,40.72292],[-72.89792,40.72208],[-72.90208,40.72083],[-72.90347,40.71875],[-72.90625,40.71736],[-72.91042,40.71667],[-72.91458,40.71667],[-72.91667,40.71458],[-72.91875,40.71302],[-72.92292,40.7122],[-72.92708,40.7125],[-72.92875,40.71042],[-72.93125,40.70863],[-72.93542,40.70781],[-72.93958,40.70764],[-72.94062,40.70625]]},"properties":{"fid":12856,"ID":12855,"ELEV":0}},
{"type":"Feature","geometry":{"type":"LineString","coordinates":[[-72.95347,40.70208],[-72.95625,40.69851],[-72.96042,40.69896],[-72.96399,40.70208],[-72.96042,40.70565],[-72.95625,40.70486],[-72.95347,40.70208]]},"properties":{"fid":12857,"ID":12856,"ELEV":0}},
{"type":"Feature","geometry":{"type":"LineString","coordinates":[[-72.96125,40.69792],[-72.96458,40.69421],[-72.96875,40.69583],[-72.97222,40.69792],[-72.97292,40.70208],[-72.97708,40.70208],[-72.97292,40.70208],[-72.96875,40.70208],[-72.96458,40.70162],[-72.96125,40.69792]]},"properties":{"fid":12859,"ID":12858,"ELEV":0}},
{"type":"Feature","geometry":{"type":"LineString","coordinates":[[-74.01831,40.68542],[-74.01875,40.68472],[-74.01968,40.68542],[-74.01875,40.68958],[-74.01458,40.69077],[-74.01311,40.68958],[-74.01458,40.6885],[-74.01831,40.68542]]},"properties":{"fid":12866,"ID":12865,"ELEV":0}},
{"type":"Feature","geometry":{"type":"LineString","coordinates":[[-73.00718,40.68125],[-73.01042,40.67901],[-73.01366,40.68125],[-73.01042,40.68542],[-73.01042,40.68958],[-73.00625,40.69167],[-73.00208,40.68958],[-72.99792,40.68958],[-72.99375,40.69292],[-72.99236,40.69375],[-72.98958,40.69653],[-72.98542,40.69688],[-72.98125,40.69708],[-72.97708,40.69732],[-72.97431,40.69375],[-72.97708,40.69125],[-72.98125,40.69167],[-72.98542,40.69125],[-72.98646,40.68958],[-72.98958,40.68601],[-72.99097,40.68542],[-72.99375,40.68375],[-72.99792,40.68264],[-73.00208,40.68229],[-73.00625,40.68403],[-73.00718,40.68125]]},"properties":{"fid":12871,"ID":12870,"ELEV":0}},
{"type":"Feature","geometry":{"type":"LineString","coordinates":[[-73.02014,40.67708],[-73.02292,40.67458],[-73.02708,40.67431],[-73.03065,40.67708],[-73.03125,40.68125],[-73.03125,40.68542],[-73.02708,40.68542],[-73.02708,40.68125],[-73.02292,40.68065],[-73.02014,40.67708]]},"properties":{"fid":12873,"ID":12872,"ELEV":0}},
{"type":"Feature","geometry":{"type":"LineString","coordinates":[[-73.03281,40.67292],[-73.03542,40.67083],[-73.03958,40.67083],[-73.04256,40.67292],[-73.03958,40.67708],[-73.03542,40.67639],[-73.03281,40.67292]]},"properties":{"fid":12878,"ID":12877,"ELEV":0}},
{"type":"Feature","geometry":{"type":"LineString","coordinates":[[-73.06125,40.66458],[-73.06458,40.66202],[-73.06875,40.66181],[-73.07292,40.66193],[-73.07708,40.6625],[-73.07986,40.66458],[-73.07708,40.66875],[-73.08125,40.67292],[-73.08542,40.66875],[-73.08542,40.67292],[-73.08125,40.67292],[-73.07708,40.67708],[-73.07292,40.67708],[-73.06875,40.68125],[-73.06458,40.68125],[-73.06042,40.67708],[-73.05625,40.67708],[-73.05208,40.68125],[-73.04792,40.68125],[-73.05208,40.67708],[-73.05625,40.67292],[-73.05208,40.67232],[-73.04931,40.66875],[-73.05208,40.66648],[-73.05625,40.66583],[-73.06042,40.66736],[-73.06125,40.66458]]},"properties":{"fid":12883,"ID":12882,"ELEV":0}},
{"type":"Feature","geometry":{"type":"LineString","coordinates":[[-74.09792,40.66125],[-74.09435,40.66458],[-74.09792,40.66771],[-74.10104,40.66458],[-74.09792,40.66125]]},"properties":{"fid":12884,"ID":12883,"ELEV":0}},
{"type":"Feature","geometry":{"type":"LineString","coordinates":[[-74.07708,40.66458],[-74.08125,40.66458],[-74.07708,40.66458]]},"properties":{"fid":12885,"ID":12884,"ELEV":0}},
{"type":"Feature","geometry":{"type":"LineString","coordinates":[[-73.23819,40.66042],[-73.23958,40.65903],[-73.24097,40.66042],[-73.23958,40.66181],[-73.23819,40.66042]]},"properties":{"fid":12888,"ID":12887,"ELEV":0}},
{"type":"Feature","geometry":{"type":"LineString","coordinates":[[-73.83542,40.65301],[-73.83125,40.65625],[-73.83542,40.6599],[-73.83958,40.65625],[-73.83542,40.65301]]},"properties":{"fid":12890,"ID":12889,"ELEV":0}},
{"type":"Feature","geometry":{"type":"LineString","coordinates":[[-73.19292,40.65625],[-73.19375,40.65542],[-73.19792,40.65625],[-73.20208,40.65556],[-73.20292,40.65625],[-73.20208,40.65729],[-73.19792,40.65625],[-73.19375,40.65729],[-73.19292,40.65625]]},"properties":{"fid":12891,"ID":12890,"ELEV":0}},
{"type":"Feature","geometry":{"type":"LineString","coordinates":[[-73.17569,40.65625],[-73.17708,40.65556],[-73.18125,40.65625],[-73.17708,40.65729],[-73.17569,40.65625]]},"properties":{"fid":12892,"ID":12891,"ELEV":0}},
{"type":"Feature","geometry":{"type":"LineString","coordinates":[[-73.09375,40.65625],[-73.09792,40.65833],[-73.09861,40.65625],[-73.10208,40.65436],[-73.10625,40.65327],[-73.11042,40.65365],[-73.11458,40.65347],[-73.11815,40.65625],[-73.11875,40.66042],[-73.12292,40.66458],[-73.11875,40.66042],[-73.11458,40.66042],[-73.11042,40.6625],[-73.10833,40.66458],[-73.10625,40.66597],[-73.10208,40.66875],[-73.09792,40.66875],[-73.09375,40.66458],[-73.08958,40.66458],[-73.08542,40.66354],[-73.08292,40.66042],[-73.08542,40.65764],[-73.08958,40.65744],[-73.09375,40.65625]]},"properties":{"fid":12893,"ID":12892,"ELEV":0}},
{"type":"Feature","geometry":{"type":"LineString","coordinates":[[-73.22708,40.65208],[-73.23125,40.65208],[-73.23542,40.65208],[-73.23125,40.65625],[-73.22708,40.65208]]},"properties":{"fid":12895,"ID":12894,"ELEV":0}},
{"type":"Feature","geometry":{"type":"LineString","coordinates":[[-73.11667,40.65208],[-73.11875,40.6503],[-73.12292,40.64911],[-73.12708,40.64958],[-73.13125,40.64977],[-73.13385,40.65208],[-73.13125,40.65469],[-73.12708,40.65521],[-73.12292,40.65556],[-73.11875,40.65521],[-73.11667,40.65208]]},"properties":{"fid":12896,"ID":12895,"ELEV":0}},
{"type":"Feature","geometry":null,"properties":{"fid":12898,"ID":12897,"ELEV":0}},
{"type":"Feature","geometry":{"type":"LineString","coordinates":[[-73.24292,40.64792],[-73.24375,40.64708],[-73.24458,40.64792],[-73.24792,40.65125],[-73.25125,40.64792],[-73.25208,40.64688],[-73.25625,40.64688],[-73.26042,40.64653],[-73.26458,40.64542],[-73.26875,40.64583],[-73.27292,40.64583],[-73.27708,40.64514],[-73.28125,40.64653],[-73.28542,40.64722],[-73.28625,40.64792],[-73.28646,40.65208],[-73.28958,40.65625],[-73.28542,40.65417],[-73.28125,40.65417],[-73.27708,40.65625],[-73.27708,40.66042],[-73.27292,40.66042],[-73.26875,40.65833],[-73.26458,40.65903],[-73.26042,40.65833],[-73.25625,40.65833],[-73.25208,40.65833],[-73.25,40.66042],[-73.24792,40.6625],[-73.24653,40.66042],[-73.24583,40.65625],[-73.24375,40.65417],[-73.24271,40.65208],[-73.24292,40.64792]]},"properties":{"fid":12899,"ID":12898,"ELEV":0}},
{"type":"Feature","geometry":{"type":"LineString","coordinates":[[-74.15516,40.64375],[-74.15625,40.64196],[-74.16042,40.64196],[-74.16234,40.64375],[-74.16042,40.64484],[-74.15625,40.64489],[-74.15516,40.64375]]},"properties":{"fid":12900,"ID":12899,"ELEV":0}},
{"type":"Feature","geometry":{"type":"LineString","coordinates":[[-73.15347,40.64375],[-73.15625,40.64208],[-73.16042,40.64167],[-73.16458,40.64167],[-73.16696,40.64375],[-73.16458,40.64542],[-73.16042,40.64583],[-73.1581,40.64792],[-73.15625,40.64958],[-73.15208,40.64977],[-73.14792,40.65],[-73.14375,40.65],[-73.13958,40.65023],[-73.1375,40.64792],[-73.13958,40.64631],[-73.14375,40.64514],[-73.14792,40.64554],[-73.15208,40.64514],[-73.15347,40.64375]]},"properties":{"fid":12901,"ID":12900,"ELEV":0}},
{"type":"Feature","geometry":{"type":"LineString","coordinates":[[-73.33958,40.6375],[-73.33625,40.63958],[-73.33958,40.64292],[-73.34292,40.63958],[-73.33958,40.6375]]},"properties":{"fid":12903,"ID":12902,"ELEV":0}},
{"type":"Feature","geometry":{"type":"LineString","coordinates":[[-73.18375,40.63958],[-73.18542,40.63854],[-73.18681,40.63958],[-73.18542,40.64077],[-73.18375,40.63958]]},"properties":{"fid":12904,"ID":12903,"ELEV":0}},
{"type":"Feature","geometry":{"type":"LineString","coordinates":[[-73.175,40.63958],[-73.17708,40.63819],[-73.17969,40.63958],[-73.17708,40.64219],[-73.175,40.63958]]},"properties":{"fid":12905,"ID":12904,"ELEV":0}},
{"type":"Feature","geometry":{"type":"LineString","coordinates":[[-74.18542,40.63438],[-74.18472,40.63542],[-74.18153,40.63958],[-74.18125,40.63988],[-74.17708,40.64375],[-74.18125,40.64646],[-74.18542,40.64682],[-74.18958,40.64688],[-74.19375,40.64375],[-74.19792,40.64097],[-74.19896,40.63958],[-74.19792,40.63854],[-74.19708,40.63542],[-74.19375,40.63125],[-74.18958,40.63333],[-74.18542,40.63438]]},"properties":{"fid":12906,"ID":12905,"ELEV":0}},
{"type":"Feature","geometry":null,"properties":{"fid":12907,"ID":12906,"ELEV":0}},
{"type":"Feature","geometry":{"type":"LineString","coordinates":[[-73.44097,40.63542],[-73.44375,40.63264],[-73.44583,40.63542],[-73.44375,40.63819],[-73.44097,40.63542]]},"properties":{"fid":12908,"ID":12907,"ELEV":0}},
{"type":"Feature","geometry":{"type":"LineString","coordinates":[[-73.35625,40.63403],[-73.35417,40.63542],[-73.35625,40.6375],[-73.35764,40.63542],[-73.35625,40.63403]]},"properties":{"fid":12909,"ID":12908,"ELEV":0}},
{"type":"Feature","geometry":{"type":"LineString","coordinates":[[-73.19137,40.63542],[-73.19375,40.63304],[-73.19792,40.63244],[-73.20208,40.63281],[-73.20398,40.63542],[-73.20208,40.63802],[-73.19792,40.6375],[-73.19375,40.63958],[-73.19137,40.63542]]},"properties":{"fid":12910,"ID":12909,"ELEV":0}},
{"type":"Feature","geometry":{"type":"LineString","coordinates":[[-73.51875,40.62917],[-73.51458,40.63125],[-73.51875,40.63542],[-73.52292,40.63333],[-73.525,40.63125],[-73.52292,40.62917],[-73.51875,40.62917]]},"properties":{"fid":12911,"ID":12910,"ELEV":0}},
{"type":"Feature","geometry":{"type":"LineString","coordinates":[[-73.56875,40.62569],[-73.56736,40.62708],[-73.56875,40.62917],[-73.57083,40.62708],[-73.56875,40.62569]]},"properties":{"fid":12912,"ID":12911,"ELEV":0}},
{"type":"Feature","geometry":{"type":"LineString","coordinates":[[-73.2294,40.62708],[-73.23125,40.625],[-73.23542,40.6247],[-73.23958,40.6247],[-73.24125,40.62708],[-73.23958,40.62837],[-73.23542,40.62837],[-73.23125,40.62847],[-73.2294,40.62708]]},"properties":{"fid":12913,"ID":12912,"ELEV":0}},
{"type":"Feature","geometry":{"type":"LineString","coordinates":[[-73.76458,40.61927],[-73.76094,40.62292],[-73.76042,40.62351],[-73.75625,40.62351],[-73.75208,40.62384],[-73.74792,40.62361],[-73.74494,40.62708],[-73.74494,40.63125],[-73.74494,40.63542],[-73.74542,40.63958],[-73.74792,40.64208],[-73.7497,40.63958],[-73.75208,40.63542],[-73.75625,40.63417],[-73.76042,40.63417],[-73.76366,40.63125],[-73.76458,40.63032],[-73.76782,40.62708],[-73.76823,40.62292],[-73.76458,40.61927]]},"properties":{"fid":12914,"ID":12913,"ELEV":0}},
{"type":"Feature","geometry":{"type":"LineString","coordinates":[[-73.255,40.62292],[-73.25625,40.62135],[-73.26042,40.62135],[-73.26458,40.62208],[-73.26875,40.62208],[-73.27292,40.62292],[-73.27708,40.62042],[-73.28125,40.62083],[-73.28542,40.62014],[-73.28958,40.62153],[-73.29375,40.62292],[-73.29792,40.62292],[-73.30208,40.62292],[-73.30625,40.62153],[-73.30903,40.62292],[-73.30625,40.62396],[-73.30208,40.62292],[-73.29792,40.62292],[-73.29375,40.62292],[-73.28958,40.62351],[-73.28542,40.62396],[-73.28125,40.62396],[-73.27708,40.62417],[-73.27292,40.62292],[-73.26875,40.62351],[-73.26458,40.62375],[-73.26042,40.62448],[-73.25625,40.62431],[-73.255,40.62292]]},"properties":{"fid":12915,"ID":12914,"ELEV":0}},
{"type":"Feature","geometry":{"type":"LineString","coordinates":[[-73.78542,40.61875],[-73.78958,40.61667],[-73.79167,40.61875],[-73.79375,40.62292],[-73.78958,40.62292],[-73.78542,40.62361],[-73.78333,40.62292],[-73.78542,40.61875]]},"properties":{"fid":12918,"ID":12917,"ELEV":0}},
{"type":"Feature","geometry":null,"properties":{"fid":12919,"ID":12918,"ELEV":0}},
{"type":"Feature","geometry":{"type":"LineString","coordinates":[[-73.50104,40.61875],[-73.50208,40.61815],[-73.50292,40.61875],[-73.50208,40.61958],[-73.50104,40.61875]]},"properties":{"fid":12920,"ID":12919,"ELEV":0}},
{"type":"Feature","geometry":{"type":"LineString","coordinates":[[-73.41458,40.61667],[-73.41146,40.61875],[-73.41042,40.62083],[-73.40833,40.62292],[-73.41042,40.625],[-73.4125,40.62708],[-73.41458,40.63125],[-73.41667,40.62708],[-73.41667,40.62292],[-73.41771,40.61875],[-73.41458,40.61667]]},"properties":{"fid":12921,"ID":12920,"ELEV":0}},
{"type":"Feature","geometry":{"type":"LineString","coordinates":[[-73.53125,40.6125],[-73.52917,40.61458],[-73.52708,40.61875],[-73.52917,40.62292],[-73.53125,40.62431],[-73.53333,40.62292],[-73.53333,40.61875],[-73.53333,40.61458],[-73.53125,40.6125]]},"properties":{"fid":12923,"ID":12922,"ELEV":0}},
{"type":"Feature","geometry":{"type":"LineString","coordinates":[[-73.69375,40.61292],[-73.69097,40.61458],[-73.69375,40.61736],[-73.69792,40.61563],[-73.70208,40.61458],[-73.69792,40.6125],[-73.69375,40.61292]]},"properties":{"fid":12924,"ID":12923,"ELEV":0}},
{"type":"Feature","geometry":{"type":"LineString","coordinates":[[-73.67292,40.61042],[-73.66875,40.61458],[-73.66458,40.61875],[-73.66875,40.62292],[-73.67292,40.62292],[-73.67708,40.62292],[-73.67986,40.61875],[-73.67708,40.61667],[-73.67431,40.61458],[-73.67292,40.61042]]},"properties":{"fid":12925,"ID":12924,"ELEV":0}},
{"type":"Feature","geometry":{"type":"LineString","coordinates":[[-73.43542,40.6125],[-73.43375,40.61458],[-73.43542,40.61736],[-73.43819,40.61458],[-73.43542,40.6125]]},"properties":{"fid":12926,"ID":12925,"ELEV":0}},
{"type":"Feature","geometry":{"type":"LineString","coordinates":[[-73.90208,40.60625],[-73.89851,40.61042],[-73.90208,40.61354],[-73.90292,40.61458],[-73.90625,40.61761],[-73.90903,40.61458],[-73.90625,40.61181],[-73.90458,40.61042],[-73.90208,40.60625]]},"properties":{"fid":12929,"ID":12928,"ELEV":0}},
{"type":"Feature","geometry":{"type":"LineString","coordinates":[[-73.79236,40.61042],[-73.79375,40.60958],[-73.79583,40.61042],[-73.79375,40.6125],[-73.79236,40.61042]]},"properties":{"fid":12930,"ID":12929,"ELEV":0}},
{"type":"Feature","geometry":{"type":"LineString","coordinates":[[-73.70208,40.60903],[-73.7,40.61042],[-73.70208,40.61458],[-73.70625,40.61125],[-73.70764,40.61042],[-73.70625,40.60903],[-73.70208,40.60903]]},"properties":{"fid":12931,"ID":12930,"ELEV":0}},
{"type":"Feature","geometry":{"type":"LineString","coordinates":[[-73.83708,40.60625],[-73.83958,40.60375],[-73.84375,40.60347],[-73.84792,40.60486],[-73.85,40.60625],[-73.85208,40.60764],[-73.85625,40.60833],[-73.85833,40.61042],[-73.85625,40.6125],[-73.85347,40.61458],[-73.85208,40.61563],[-73.85,40.61458],[-73.84792,40.6125],[-73.84375,40.61146],[-73.83958,40.6125],[-73.8375,40.61042],[-73.83708,40.60625]]},"properties":{"fid":12932,"ID":12931,"ELEV":0}},
{"type":"Feature","geometry":{"type":"LineString","coordinates":[[-73.91458,40.6044],[-73.91181,40.60625],[-73.91458,40.60903],[-73.91587,40.60625],[-73.91458,40.6044]]},"properties":{"fid":12933,"ID":12932,"ELEV":0}},
{"type":"Feature","geometry":{"type":"LineString","coordinates":[[-73.79792,40.60625],[-73.80208,40.60625],[-73.79792,40.60625]]},"properties":{"fid":12934,"ID":12933,"ELEV":0}},
{"type":"Feature","geometry":{"type":"LineString","coordinates":[[-73.81806,40.60208],[-73.81875,40.60139],[-73.81944,40.60208],[-73.81979,40.60625],[-73.82292,40.61042],[-73.82708,40.60938],[-73.83125,40.60938],[-73.83333,40.61042],[-73.83125,40.6125],[-73.82708,40.6125],[-73.82569,40.61458],[-73.82708,40.61597],[-73.82986,40.61875],[-73.83125,40.62083],[-73.83229,40.62292],[-73.83125,40.62431],[-73.82958,40.62708],[-73.83125,40.62986],[-73.83208,40.63125],[-73.83125,40.63208],[-73.82847,40.63542],[-73.82708,40.63681],[-73.82431,40.63542],[-73.82292,40.63403],[-73.82216,40.63125],[-73.81875,40.62708],[-73.82014,40.62292],[-73.81875,40.62153],[-73.81667,40.61875],[-73.81458,40.61597],[-73.81354,40.61458],[-73.81458,40.61042],[-73.81736,40.60625],[-73.81806,40.60208]]},"properties":{"fid":12935,"ID":12934,"ELEV":0}},
{"type":"Feature","geometry":{"type":"LineString","coordinates":[[-73.80903,40.60208],[-73.81042,40.60125],[-73.81111,40.60208],[-73.81042,40.60313],[-73.80903,40.60208]]},"properties":{"fid":12936,"ID":12935,"ELEV":0}},
{"type":"Feature","geometry":{"type":"LineString","coordinates":[[-73.72708,40.59948],[-73.72519,40.60208],[-73.72708,40.60556],[-73.73056,40.60208],[-73.72708,40.59948]]},"properties":{"fid":12937,"ID":12936,"ELEV":0}},
{"type":"Feature","geometry":{"type":"LineString","coordinates":[[-73.62014,40.60208],[-73.62292,40.6],[-73.62458,40.60208],[-73.62292,40.60417],[-73.62014,40.60208]]},"properties":{"fid":12938,"ID":12937,"ELEV":0}},
{"type":"Feature","geometry":{"type":"LineString","coordinates":[[-73.60208,40.60069],[-73.60162,40.60208],[-73.60208,40.60625],[-73.60625,40.60208],[-73.60208,40.60069]]},"properties":{"fid":12939,"ID":12938,"ELEV":0}},
{"type":"Feature","geometry":{"type":"LineString","coordinates":[[-73.85542,40.59792],[-73.85625,40.59708],[-73.85833,40.59792],[-73.85792,40.60208],[-73.85625,40.60417],[-73.85417,40.60208],[-73.85542,40.59792]]},"properties":{"fid":12940,"ID":12939,"ELEV":0}},
{"type":"Feature","geometry":{"type":"LineString","coordinates":[[-73.82708,40.59792],[-73.83125,40.59792],[-73.82708,40.59792]]},"properties":{"fid":12941,"ID":12940,"ELEV":0}},
{"type":"Feature","geometry":{"type":"LineString","coordinates":[[-73.77708,40.59514],[-73.77396,40.59792],[-73.77708,40.60149],[-73.78021,40.59792],[-73.77708,40.59514]]},"properties":{"fid":12942,"ID":12941,"ELEV":0}},
{"type":"Feature","geometry":{"type":"LineString","coordinates":[[-73.58125,40.59144],[-73.57778,40.59375],[-73.57875,40.59792],[-73.58125,40.60208],[-73.58542,40.60069],[-73.58646,40.60208],[-73.58958,40.60521],[-73.59375,40.60486],[-73.59583,40.60625],[-73.59653,40.61042],[-73.59653,40.61458],[-73.59375,40.61667],[-73.59097,40.61875],[-73.58958,40.61979],[-73.58708,40.62292],[-73.58646,40.62708],[-73.58542,40.62847],[-73.58403,40.62708],[-73.58125,40.625],[-73.57847,40.62292],[-73.57708,40.61875],[-73.57292,40.62292],[-73.57708,40.62431],[-73.57917,40.62708],[-73.58125,40.62875],[-73.58375,40.63125],[-73.58542,40.63333],[-73.58958,40.63333],[-73.59208,40.63125],[-73.59167,40.62708],[-73.59375,40.625],[-73.59554,40.62292],[-73.59792,40.62014],[-73.60125,40.62292],[-73.60208,40.62396],[-73.60625,40.62292],[-73.61042,40.62396],[-73.61354,40.62708],[-73.61458,40.62812],[-73.61542,40.62708],[-73.61736,40.62292],[-73.61875,40.62188],[-73.62125,40.61875],[-73.61875,40.61719],[-73.61458,40.61667],[-73.61042,40.61792],[-73.60708,40.61458],[-73.60625,40.61042],[-73.60208,40.60625],[-73.59792,40.60579],[-73.59458,40.60208],[-73.59375,40.59792],[-73.59292,40.59375],[-73.58958,40.59042],[-73.58542,40.59063],[-73.58125,40.59144]]},"properties":{"fid":12945,"ID":12944,"ELEV":0}},
{"type":"Feature","geometry":{"type":"LineString","coordinates":[[-74.20208,40.59018],[-74.19792,40.59375],[-74.19464,40.59792],[-74.19449,40.60208],[-74.19792,40.60625],[-74.19625,40.61042],[-74.19463,40.61458],[-74.19688,40.61875],[-74.19542,40.62292],[-74.19375,40.62708],[-74.19375,40.63125],[-74.19792,40.63458],[-74.20208,40.63472],[-74.20506,40.63125],[-74.20595,40.62708],[-74.20486,40.62292],[-74.20625,40.61979],[-74.20833,40.61875],[-74.20625,40.61667],[-74.20506,40.61458],[-74.20625,40.61042],[-74.21042,40.60833],[-74.2125,40.60625],[-74.21042,40.60521],[-74.20625,40.6024],[-74.20593,40.60208],[-74.20579,40.59792],[-74.20565,40.59375],[-74.20208,40.59018]]},"properties":{"fid":12946,"ID":12945,"ELEV":0}},
{"type":"Feature","geometry":{"type":"LineString","coordinates":[[-73.91458,40.58958],[-73.9125,40.59375],[-73.91458,40.59625],[-73.91667,40.59375],[-73.91458,40.58958]]},"properties":{"fid":12947,"ID":12946,"ELEV":0}},
{"type":"Feature","geometry":{"type":"LineString","coordinates":[[-73.83542,40.59375],[-73.83958,40.59375],[-73.83542,40.59375]]},"properties":{"fid":12948,"ID":12947,"ELEV":0}},
{"type":"Feature","geometry":{"type":"LineString","coordinates":[[-73.62292,40.59271],[-73.62083,40.59375],[-73.61875,40.59479],[-73.61458,40.59375],[-73.61042,40.59375],[-73.60625,40.59653],[-73.60486,40.59792],[-73.60625,40.60208],[-73.61042,40.59958],[-73.61458,40.60069],[-73.61736,40.60208],[-73.61458,40.60486],[-73.61319,40.60625],[-73.61458,40.60729],[-73.61875,40.60903],[-73.61979,40.61042],[-73.62106,40.61458],[-73.62292,40.61736],[-73.62708,40.61458],[-73.63125,40.61231],[-73.63542,40.61042],[-73.63542,40.60625],[-73.63542,40.60208],[-73.63958,40.60208],[-73.64375,40.60347],[-73.64653,40.60208],[-73.64792,40.60104],[-73.65208,40.59792],[-73.64792,40.59375],[-73.64375,40.59167],[-73.63958,40.59236],[-73.6375,40.59375],[-73.63542,40.59479],[-73.63125,40.59514],[-73.62708,40.59375],[-73.62292,40.59271]]},"properties":{"fid":12949,"ID":12948,"ELEV":0}},
{"type":"Feature","geometry":{"type":"LineString","coordinates":[[-73.94375,40.5776],[-73.94051,40.58125],[-73.94375,40.58368],[-73.94792,40.58304],[-73.95,40.58125],[-73.94792,40.57813],[-73.94375,40.5776]]},"properties":{"fid":12952,"ID":12951,"ELEV":0}},
{"type":"Feature","geometry":{"type":"LineString","coordinates":[[-73.82292,40.58125],[-73.82708,40.57903],[-73.82965,40.58125],[-73.82708,40.58284],[-73.82292,40.58125]]},"properties":{"fid":12953,"ID":12952,"ELEV":0}},
{"type":"Feature","geometry":null,"properties":{"fid":12954,"ID":12953,"ELEV":0}},
{"type":"Feature","geometry":null,"properties":{"fid":12955,"ID":12954,"ELEV":0}},
{"type":"Feature","geometry":{"type":"LineString","coordinates":[[-73.98958,40.57557],[-73.9872,40.57708],[-73.9872,40.58125],[-73.98958,40.58363],[-73.99292,40.58125],[-73.99236,40.57708],[-73.98958,40.57557]]},"properties":{"fid":12958,"ID":12957,"ELEV":0}},
{"type":"Feature","geometry":{"type":"LineString","coordinates":[[-73.83958,40.57708],[-73.84375,40.57604],[-73.84792,40.57708],[-73.84375,40.57813],[-73.83958,40.57708]]},"properties":{"fid":12959,"ID":12958,"ELEV":0}},
{"type":"Feature","geometry":{"type":"LineString","coordinates":[[-73.97375,40.57292],[-73.97708,40.57035],[-73.98125,40.57106],[-73.98542,40.57014],[-73.98958,40.57049],[-73.99375,40.57069],[-73.99792,40.57047],[-74.00208,40.57083],[-74.00625,40.57042],[-74.00875,40.57292],[-74.01042,40.57443],[-74.0125,40.57708],[-74.01042,40.57951],[-74.00625,40.57933],[-74.00208,40.57865],[-73.99792,40.57792],[-73.99458,40.58125],[-73.9956,40.58542],[-73.99514,40.58958],[-73.99792,40.59186],[-73.99981,40.59375],[-74.00208,40.59542],[-74.00476,40.59792],[-74.00625,40.59965],[-74.01042,40.6],[-74.01458,40.60019],[-74.01756,40.60208],[-74.01875,40.60327],[-74.02292,40.60375],[-74.02708,40.60369],[-74.03125,40.60391],[-74.03322,40.60625],[-74.03542,40.60785],[-74.03808,40.61042],[-74.03778,40.61458],[-74.0378,40.61875],[-74.03743,40.62292],[-74.03958,40.62684],[-74.03988,40.62708],[-74.03958,40.6275],[-74.0378,40.63125],[-74.03759,40.63542],[-74.03681,40.63958],[-74.03542,40.64104],[-74.03125,40.64167],[-74.02708,40.64329],[-74.02639,40.64375],[-74.02381,40.64792],[-74.02292,40.64881],[-74.01875,40.65208],[-74.01522,40.65625],[-74.01458,40.65694],[-74.01042,40.65708],[-74.00739,40.66042],[-74.00625,40.66146],[-74.00208,40.66088],[-74.00167,40.66042],[-73.99792,40.65897],[-73.99685,40.66042],[-73.99726,40.66458],[-73.99792,40.66615],[-74.00089,40.66875],[-74.00208,40.66994],[-74.00375,40.66875],[-74.00625,40.66771],[-74.01042,40.66771],[-74.01111,40.66875],[-74.01161,40.67292],[-74.01458,40.67589],[-74.01875,40.67676],[-74.01907,40.67708],[-74.01875,40.67746],[-74.01458,40.67768],[-74.01042,40.6776],[-74.00718,40.68125],[-74.00625,40.68223],[-74.00306,40.68542],[-74.00208,40.68661],[-73.99948,40.68958],[-73.99983,40.69375],[-73.99792,40.69558],[-73.9967,40.69792],[-73.99375,40.70081],[-73.98958,40.70062],[-73.98542,40.70034],[-73.98125,40.69851],[-73.97708,40.69939],[-73.97292,40.70208],[-73.97173,40.70625],[-73.96875,40.70729],[-73.96615,40.71042],[-73.96604,40.71458],[-73.96522,40.71875],[-73.96458,40.71924],[-73.96111,40.72292],[-73.96042,40.72417],[-73.95799,40.72708],[-73.96042,40.73032],[-73.96097,40.73125],[-73.96042,40.73194],[-73.95744,40.73542],[-73.95694,40.73958],[-73.95764,40.74375],[-73.95625,40.74505],[-73.95208,40.74792],[-73.94792,40.75125],[-73.94754,40.75208],[-73.94567,40.75625],[-73.94375,40.75792],[-73.93958,40.75972],[-73.93819,40.76042],[-73.93542,40.76319],[-73.93458,40.76458],[-73.93208,40.76875],[-73.93125,40.76919],[-73.92817,40.77292],[-73.92708,40.77392],[-73.92444,40.77708],[-73.92292,40.77899],[-73.91875,40.77856],[-73.91566,40.78125],[-73.91458,40.78242],[-73.91042,40.78437],[-73.90804,40.78542],[-73.90625,40.78792],[-73.90208,40.7865],[-73.89792,40.78661],[-73.89663,40.78542],[-73.89375,40.78253],[-73.89236,40.78125],[-73.88988,40.77708],[-73.88958,40.77656],[-73.88542,40.77604],[-73.88438,40.77708],[-73.88125,40.77822],[-73.87792,40.78125],[-73.87708,40.78208],[-73.87585,40.78542],[-73.87708,40.78708],[-73.88125,40.78773],[-73.88542,40.78811],[-73.88958,40.78802],[-73.89105,40.78958],[-73.89125,40.79375],[-73.88958,40.7952],[-73.88542,40.79502],[-73.88125,40.79535],[-73.87708,40.79531],[-73.87545,40.79375],[-73.87292,40.79174],[-73.87042,40.78958],[-73.86975,40.78542],[-73.87031,40.78125],[-73.86875,40.78011],[-73.86458,40.78006],[-73.86161,40.77708],[-73.86042,40.77659],[-73.85625,40.775],[-73.85375,40.77292],[-73.85208,40.77083],[-73.84931,40.76875],[-73.84792,40.76458],[-73.84687,40.76875],[-73.84792,40.76944],[-73.85089,40.77292],[-73.85116,40.77708],[-73.85149,40.78125],[-73.85208,40.78167],[-73.85625,40.78281],[-73.85785,40.78542],[-73.85625,40.78646],[-73.85327,40.78958],[-73.85357,40.79375],[-73.85208,40.79524],[-73.84792,40.79458],[-73.84375,40.79519],[-73.83958,40.79492],[-73.83693,40.79375],[-73.83542,40.79167],[-73.83125,40.79083],[-73.82882,40.79375],[-73.82708,40.79455],[-73.82292,40.79556],[-73.81875,40.7962],[-73.81458,40.79634],[-73.81042,40.79566],[-73.80625,40.79573],[-73.80208,40.79634],[-73.79792,40.7962],[-73.79375,40.79455],[-73.79028,40.79375],[-73.78958,40.79292],[-73.78542,40.79208],[-73.78375,40.79375],[-73.78125,40.79461],[-73.77708,40.79628],[-73.77292,40.79613],[-73.76989,40.79375],[-73.76875,40.78958],[-73.76458,40.78542],[-73.76181,40.78125],[-73.76042,40.77917],[-73.75833,40.77708],[-73.75625,40.77604],[-73.756,40.77708],[-73.75529,40.78125],[-73.75208,40.78542],[-73.75546,40.78958],[-73.75571,40.79375],[-73.75486,40.79792],[-73.75625,40.80104],[-73.75729,40.80208],[-73.76042,40.80333],[-73.76366,40.80625],[-73.76419,40.81042],[-73.76458,40.81161],[-73.76648,40.81458],[-73.76458,40.81667],[-73.76042,40.81798],[-73.75852,40.81875],[-73.75625,40.82188],[-73.75542,40.82292],[-73.75498,40.82708],[-73.75625,40.82933],[-73.75744,40.83125],[-73.75697,40.83542],[-73.75625,40.83632],[-73.75208,40.83773],[-73.74861,40.83542],[-73.74792,40.83428],[-73.74375,40.83462],[-73.73977,40.83125],[-73.73958,40.83056],[-73.73542,40.8309],[-73.73125,40.82986],[-73.72768,40.82708],[-73.72708,40.82656],[-73.72292,40.82604],[-73.72003,40.82292],[-73.71875,40.82173],[-73.71496,40.81875],[-73.71458,40.81806],[-73.71042,40.81696],[-73.70833,40.81875],[-73.70885,40.82292],[-73.70833,40.82708],[-73.70792,40.83125],[-73.71042,40.83304],[-73.71319,40.83542],[-73.71458,40.8375],[-73.71875,40.83617],[-73.72292,40.83655],[-73.72708,40.83708],[-73.73021,40.83958],[-73.73125,40.84028],[-73.73423,40.84375],[-73.73542,40.84473],[-73.73788,40.84792],[-73.73606,40.85208],[-73.73542,40.85278],[-73.73125,40.85208],[-73.72813,40.85625],[-73.72857,40.86042],[-73.72909,40.86458],[-73.72708,40.86653],[-73.72292,40.86654],[-73.71951,40.86875],[-73.71875,40.86958],[-73.71458,40.87153],[-73.71042,40.86979],[-73.70625,40.87014],[-73.70417,40.86875],[-73.70208,40.86823],[-73.69792,40.8675],[-73.69375,40.86583],[-73.68958,40.86534],[-73.68542,40.86458],[-73.68125,40.86273],[-73.67917,40.86042],[-73.67708,40.85972],[-73.67323,40.85625],[-73.67292,40.85556],[-73.66875,40.85208],[-73.66667,40.84792],[-73.6653,40.84375],[-73.66458,40.84252],[-73.66125,40.83958],[-73.66042,40.8375],[-73.65863,40.83542],[-73.65625,40.83304],[-73.65446,40.83125],[-73.65417,40.82708],[-73.65301,40.82292],[-73.65208,40.82153],[-73.65042,40.82292],[-73.65069,40.82708],[-73.65042,40.83125],[-73.65208,40.83403],[-73.65347,40.83542],[-73.65529,40.83958],[-73.65527,40.84375],[-73.65511,40.84792],[-73.65208,40.85149],[-73.65142,40.85208],[-73.65019,40.85625],[-73.65208,40.85702],[-73.65514,40.86042],[-73.65497,40.86458],[-73.65625,40.86667],[-73.65833,40.86875],[-73.65821,40.87292],[-73.65625,40.87488],[-73.65511,40.87708],[-73.65208,40.88021],[-73.6497,40.88125],[-73.64838,40.88542],[-73.64792,40.88625],[-73.64625,40.88958],[-73.64375,40.89186],[-73.64236,40.89375],[-73.63958,40.89653],[-73.63542,40.89745],[-73.63504,40.89792],[-73.63333,40.90208],[-73.63125,40.90357],[-73.62894,40.90208],[-73.62708,40.8997],[-73.62292,40.89931],[-73.61875,40.90042],[-73.61597,40.90208],[-73.61458,40.9026],[-73.61042,40.90465],[-73.60625,40.90347],[-73.60208,40.9044],[-73.59931,40.90625],[-73.59792,40.90708],[-73.59375,40.90718],[-73.58958,40.91042],[-73.58542,40.91134],[-73.58125,40.91208],[-73.57708,40.9142],[-73.57656,40.91458],[-73.57292,40.91701],[-73.56875,40.91677],[-73.56458,40.91667],[-73.56042,40.9163],[-73.5575,40.91458],[-73.55625,40.91302],[-73.55208,40.91198],[-73.55,40.91042],[-73.54792,40.90863],[-73.54635,40.91042],[-73.54375,40.91202],[-73.53958,40.91146],[-73.53542,40.91181],[-73.53264,40.91458],[-73.53125,40.91615],[-73.52708,40.91736],[-73.52589,40.91875],[-73.52292,40.92106],[-73.52031,40.91875],[-73.51875,40.91779],[-73.51577,40.91458],[-73.51458,40.91319],[-73.51042,40.91198],[-73.50938,40.91042],[-73.50903,40.90625],[-73.50931,40.90208],[-73.51042,40.90097],[-73.51458,40.90026],[-73.51656,40.89792],[-73.51875,40.89583],[-73.52024,40.89375],[-73.51961,40.88958],[-73.52292,40.88617],[-73.52708,40.88622],[-73.53125,40.88681],[-73.53375,40.88958],[-73.53125,40.89315],[-73.53056,40.89375],[-73.52708,40.89722],[-73.52649,40.89792],[-73.52633,40.90208],[-73.52616,40.90625],[-73.52708,40.91042],[-73.53125,40.90833],[-73.53542,40.90833],[-73.5375,40.90625],[-73.53958,40.90375],[-73.54375,40.90208],[-73.54375,40.89792],[-73.54401,40.89375],[-73.54464,40.88958],[-73.54444,40.88542],[-73.54375,40.88431],[-73.54089,40.88125],[-73.53958,40.87894],[-73.53542,40.87827],[-73.53125,40.87917],[-73.52708,40.87865],[-73.52292,40.87708],[-73.51875,40.87768],[-73.51458,40.87847],[-73.51042,40.87958],[-73.50949,40.88125],[-73.51016,40.88542],[-73.50928,40.88958],[-73.50744,40.89375],[-73.50625,40.89479],[-73.50208,40.89631],[-73.49792,40.89721],[-73.49375,40.89691],[-73.49035,40.89375],[-73.49031,40.88958],[-73.49024,40.88542],[-73.48958,40.88423],[-73.48591,40.88125],[-73.48542,40.88076],[-73.48125,40.87708],[-73.47708,40.87625],[-73.47391,40.87292],[-73.47292,40.87224],[-73.46931,40.86875],[-73.46875,40.86764],[-73.46542,40.86875],[-73.46823,40.87292],[-73.46875,40.87375],[-73.47125,40.87708],[-73.47241,40.88125],[-73.47233,40.88542],[-73.47251,40.88958],[-73.47292,40.89058],[-73.47622,40.89375],[-73.47625,40.89792],[-73.47708,40.89952],[-73.47965,40.90208],[-73.48125,40.90506],[-73.48292,40.90625],[-73.48542,40.90875],[-73.48617,40.91042],[-73.48878,40.91458],[-73.48958,40.91567],[-73.4928,40.91875],[-73.49375,40.91944],[-73.49747,40.92292],[-73.4972,40.92708],[-73.49458,40.93125],[-73.49407,40.93542],[-73.49375,40.93594],[-73.48958,40.93906],[-73.4878,40.93958],[-73.48958,40.94167],[-73.49167,40.94375],[-73.48958,40.94471],[-73.48542,40.94435],[-73.48125,40.94542],[-73.47917,40.94375],[-73.47708,40.94342],[-73.47292,40.94334],[-73.46875,40.94298],[-73.46458,40.94062],[-73.46181,40.93958],[-73.46042,40.93941],[-73.45625,40.93875],[-73.45208,40.93811],[-73.44792,40.93715],[-73.44531,40.93542],[-73.44375,40.93505],[-73.43958,40.93508],[-73.43542,40.93482],[-73.43125,40.93346],[-73.42904,40.93125],[-73.42835,40.92708],[-73.42986,40.92292],[-73.43042,40.91875],[-73.43125,40.91756],[-73.43542,40.91806],[-73.43681,40.91875],[-73.43958,40.91906],[-73.44236,40.91875],[-73.44375,40.91806],[-73.44792,40.91528],[-73.44875,40.91458],[-73.44792,40.91445],[-73.44375,40.91328],[-73.44069,40.91042],[-73.43958,40.90949],[-73.43542,40.90911],[-73.43125,40.90764],[-73.42946,40.90625],[-73.42708,40.90506],[-73.42292,40.90508],[-73.41875,40.90538],[-73.41458,40.90502],[-73.41042,40.90544],[-73.40625,40.90532],[-73.40208,40.90552],[-73.39792,40.90567],[-73.39704,40.90625],[-73.39375,40.90993],[-73.38958,40.90812],[-73.3862,40.90625],[-73.38542,40.90571],[-73.38125,40.90208],[-73.37708,40.9008],[-73.37659,40.90208],[-73.37637,40.90625],[-73.37465,40.91042],[-73.37292,40.91273],[-73.37118,40.91042],[-73.36875,40.90978],[-73.36479,40.90625],[-73.36458,40.90609],[-73.36042,40.90561],[-73.35966,40.90625],[-73.35931,40.91042],[-73.35625,40.91394],[-73.35208,40.91394],[-73.35144,40.91458],[-73.35149,40.91875],[-73.34896,40.92292],[-73.34792,40.92411],[-73.34375,40.92523],[-73.34137,40.92708],[-73.33958,40.92917],[-73.33542,40.93073],[-73.33125,40.93071],[-73.32708,40.92917],[-73.32292,40.92875],[-73.31875,40.92917],[-73.31458,40.92958],[-73.31042,40.92917],[-73.30625,40.92973],[-73.30208,40.92827],[-73.29792,40.92827],[-73.29375,40.92708],[-73.28958,40.92589],[-73.28542,40.92477],[-73.28125,40.92361],[-73.28042,40.92292],[-73.27708,40.9223],[-73.27309,40.91875],[-73.27292,40.91861],[-73.26875,40.91857],[-73.26458,40.91792],[-73.26042,40.91458],[-73.25625,40.9125],[-73.25208,40.91375],[-73.24792,40.91319],[-73.24375,40.91208],[-73.23958,40.91146],[-73.23819,40.91042],[-73.23542,40.9101],[-73.23142,40.90625],[-73.23125,40.906],[-73.22986,40.90625],[-73.22708,40.90744],[-73.22292,40.90764],[-73.21875,40.90926],[-73.21458,40.9101],[-73.21399,40.91042],[-73.21042,40.91354],[-73.20625,40.91458],[-73.20208,40.91563],[-73.19792,40.9178],[-73.19375,40.91823],[-73.18958,40.91829],[-73.18875,40.91875],[-73.18542,40.92192],[-73.18125,40.92212],[-73.17708,40.92153],[-73.17292,40.92292],[-73.16875,40.92351],[-73.16458,40.92481],[-73.16146,40.92708],[-73.16042,40.92801],[-73.15625,40.92969],[-73.15208,40.92917],[-73.14931,40.92708],[-73.14792,40.92656],[-73.14772,40.92708],[-73.14673,40.93125],[-73.14458,40.93542],[-73.14375,40.93958],[-73.14375,40.94375],[-73.14618,40.94792],[-73.14604,40.95208],[-73.14645,40.95625],[-73.14792,40.95764],[-73.15055,40.96042],[-73.15208,40.9615],[-73.15529,40.96458],[-73.15208,40.96792],[-73.14792,40.96644],[-73.14375,40.96577],[-73.13958,40.96528],[-73.13542,40.96597],[-73.13125,40.96779],[-73.12708,40.96726],[-73.12548,40.96875],[-73.12292,40.97131],[-73.12169,40.97292],[-73.11875,40.97569],[-73.11458,40.97411],[-73.11292,40.97292],[-73.11042,40.97222],[-73.10625,40.96875],[-73.10268,40.96458],[-73.10208,40.96431],[-73.09844,40.96042],[-73.09847,40.95625],[-73.09792,40.95417],[-73.09736,40.95625],[-73.09375,40.95944],[-73.08958,40.95852],[-73.0878,40.95625],[-73.08542,40.95497],[-73.08125,40.95502],[-73.07821,40.95208],[-73.07708,40.95139],[-73.07292,40.95023],[-73.07102,40.94792],[-73.06875,40.9466],[-73.06797,40.94792],[-73.06875,40.94958],[-73.07163,40.95208],[-73.07228,40.95625],[-73.07249,40.96042],[-73.07258,40.96458],[-73.07292,40.9652],[-73.07611,40.96875],[-73.07708,40.9714],[-73.07917,40.97292],[-73.07708,40.97477],[-73.0747,40.97292],[-73.07292,40.97244],[-73.06875,40.97237],[-73.06493,40.96875],[-73.06458,40.96847],[-73.06042,40.96831],[-73.05625,40.96827],[-73.05208,40.96795],[-73.04828,40.96458],[-73.04792,40.96438],[-73.04375,40.96412],[-73.03983,40.96042],[-73.03958,40.95938],[-73.03542,40.96042],[-73.03625,40.96458],[-73.03542,40.96542],[-73.03495,40.96458],[-73.03125,40.96088],[-73.02755,40.96458],[-73.02708,40.96542],[-73.02292,40.96667],[-73.01875,40.96719],[-73.01458,40.96801],[-73.01042,40.9683],[-73.00625,40.96835],[-73.00208,40.96845],[-72.99792,40.96847],[-72.99375,40.96844],[-72.98958,40.96839],[-72.98542,40.96845],[-72.98125,40.9683],[-72.97708,40.96845],[-72.97292,40.96843],[-72.97083,40.96875],[-72.96875,40.97083],[-72.96458,40.97235],[-72.96081,40.96875],[-72.96042,40.96852],[-72.95625,40.96862],[-72.95208,40.96843],[-72.94792,40.96831],[-72.94375,40.9682],[-72.93958,40.96796],[-72.93542,40.96829],[-72.93125,40.96801],[-72.92708,40.96829],[-72.92292,40.96815],[-72.91875,40.96771],[-72.91458,40.9669],[-72.91042,40.96696],[-72.90625,40.96637],[-72.90208,40.96667],[-72.89792,40.9669],[-72.89375,40.96667],[-72.88958,40.96667],[-72.88542,40.96808],[-72.88125,40.96667],[-72.87708,40.96752],[-72.87292,40.96715],[-72.86989,40.96458],[-72.86875,40.96362],[-72.86667,40.96458],[-72.86458,40.96637],[-72.86042,40.96542],[-72.85625,40.96542],[-72.85208,40.96736],[-72.85139,40.96875],[-72.84792,40.97187],[-72.84375,40.97182],[-72.84115,40.97292],[-72.83958,40.9747],[-72.83542,40.97523],[-72.83125,40.97519],[-72.82708,40.97604],[-72.82292,40.97523],[-72.81875,40.9747],[-72.81458,40.97292],[-72.81042,40.9714],[-72.80625,40.97201],[-72.80208,40.96944],[-72.79792,40.97187],[-72.79463,40.96875],[-72.79375,40.96837],[-72.78958,40.96837],[-72.78542,40.96832],[-72.78125,40.96813],[-72.77708,40.96742],[-72.77292,40.96563],[-72.76875,40.96756],[-72.76458,40.96831],[-72.76042,40.9683],[-72.75885,40.96875],[-72.75625,40.97094],[-72.75208,40.9717],[-72.74792,40.97232],[-72.74479,40.97292],[-72.74375,40.97333],[-72.73958,40.97396],[-72.73542,40.97443],[-72.73125,40.97589],[-72.72708,40.97622],[-72.72292,40.97708],[-72.71875,40.97813],[-72.71458,40.97946],[-72.71042,40.98065],[-72.70625,40.98103],[-72.70208,40.98102],[-72.69792,40.98086],[-72.69375,40.98084],[-72.69276,40.98125],[-72.68958,40.98355],[-72.68641,40.98125],[-72.68542,40.98082],[-72.68381,40.98125],[-72.68125,40.98333],[-72.67792,40.98125],[-72.67708,40.98108],[-72.67292,40.98065],[-72.66875,40.98065],[-72.66458,40.98079],[-72.66042,40.98098],[-72.65764,40.98125],[-72.65625,40.98292],[-72.65486,40.98125],[-72.65208,40.98071],[-72.64792,40.9808],[-72.64375,40.98075],[-72.63958,40.98067],[-72.63542,40.98064],[-72.63125,40.98073],[-72.63037,40.98125],[-72.62708,40.98423],[-72.62292,40.98458],[-72.61875,40.985],[-72.61761,40.98542],[-72.61458,40.98798],[-72.61381,40.98958],[-72.61042,40.99274],[-72.60625,40.99308],[-72.60208,40.99312],[-72.6006,40.99375],[-72.59792,40.99609],[-72.59375,40.99678],[-72.58958,40.99738],[-72.58843,40.99792],[-72.58542,41.00063],[-72.58125,41.00128],[-72.5803,41.00208],[-72.57708,41.00492],[-72.57292,41.00542],[-72.56875,41.00516],[-72.56458,41.00536],[-72.56415,41.00625],[-72.56042,41.00986],[-72.55966,41.01042],[-72.55625,41.01436],[-72.55208,41.01458],[-72.55144,41.01875],[-72.54792,41.02191],[-72.54375,41.02212],[-72.54299,41.02292],[-72.53958,41.02618],[-72.53891,41.02708],[-72.53542,41.03037],[-72.53396,41.03125],[-72.53125,41.03396],[-72.52708,41.03467],[-72.52622,41.03542],[-72.52292,41.03846],[-72.5212,41.03958],[-72.51875,41.04203],[-72.51458,41.04292],[-72.51042,41.04295],[-72.50625,41.04353],[-72.50606,41.04375],[-72.50208,41.04755],[-72.49931,41.04792],[-72.49792,41.04861],[-72.49375,41.05112],[-72.48958,41.05186],[-72.48542,41.05208],[-72.48125,41.05208],[-72.47708,41.05542],[-72.475,41.05625],[-72.47292,41.05875],[-72.46875,41.06042],[-72.46667,41.06458],[-72.46458,41.06597],[-72.46042,41.06648],[-72.45792,41.06875],[-72.45729,41.07292],[-72.45625,41.07396],[-72.45268,41.07708],[-72.45208,41.0776],[-72.45082,41.08125],[-72.44792,41.08392],[-72.44667,41.08542],[-72.44375,41.08815],[-72.43958,41.08832],[-72.43542,41.088],[-72.43125,41.08806],[-72.42708,41.0875],[-72.42292,41.08761],[-72.41875,41.08773],[-72.41458,41.08708],[-72.41042,41.0875],[-72.40625,41.08773],[-72.40387,41.08958],[-72.40208,41.09097],[-72.39792,41.09144],[-72.39583,41.09375],[-72.39375,41.09549],[-72.39193,41.09792],[-72.38958,41.10012],[-72.38813,41.10208],[-72.38542,41.1048],[-72.38346,41.10625],[-72.38125,41.10859],[-72.37901,41.11042],[-72.37708,41.11234],[-72.37443,41.11458],[-72.37292,41.11597],[-72.36875,41.1169],[-72.36679,41.11875],[-72.36458,41.12096],[-72.36283,41.12292],[-72.36042,41.12533],[-72.35897,41.12708],[-72.35625,41.1298],[-72.35458,41.13125],[-72.35208,41.13388],[-72.35037,41.13542],[-72.34945,41.13958],[-72.34792,41.14091],[-72.34375,41.14175],[-72.33958,41.14196],[-72.33574,41.13958],[-72.33542,41.13934],[-72.33125,41.1375],[-72.32708,41.1375],[-72.32292,41.13766],[-72.32,41.13542],[-72.32292,41.13277],[-72.32477,41.13125],[-72.32708,41.12778],[-72.32746,41.12708],[-72.32986,41.12292],[-72.33125,41.12083],[-72.33171,41.11875],[-72.33542,41.11667],[-72.33819,41.11458],[-72.33958,41.11371],[-72.34375,41.11345],[-72.34792,41.11264],[-72.35,41.11042],[-72.3503,41.10625],[-72.35208,41.10577],[-72.35625,41.10486],[-72.35903,41.10208],[-72.36042,41.10093],[-72.36288,41.09792],[-72.3635,41.09375],[-72.36458,41.09266],[-72.36875,41.09256],[-72.37292,41.09299],[-72.37708,41.09077],[-72.37875,41.08958],[-72.37887,41.08542],[-72.37708,41.08417],[-72.37484,41.08125],[-72.37431,41.07708],[-72.37292,41.07604],[-72.36875,41.07643],[-72.36821,41.07708],[-72.36721,41.08125],[-72.36458,41.08322],[-72.36255,41.08542],[-72.36042,41.08773],[-72.35625,41.08785],[-72.35301,41.08542],[-72.35208,41.08395],[-72.34792,41.08468],[-72.34678,41.08542],[-72.34653,41.08958],[-72.34792,41.09119],[-72.34943,41.09375],[-72.34792,41.0955],[-72.34375,41.09687],[-72.34276,41.09792],[-72.34205,41.10208],[-72.33958,41.10395],[-72.33655,41.10625],[-72.33542,41.10764],[-72.33125,41.10871],[-72.32824,41.10625],[-72.32708,41.10526],[-72.32316,41.10208],[-72.32292,41.10167],[-72.31917,41.09792],[-72.31979,41.09375],[-72.31875,41.09167],[-72.31458,41.09125],[-72.3125,41.08958],[-72.31042,41.08894],[-72.30625,41.0888],[-72.30286,41.08542],[-72.30208,41.08363],[-72.29792,41.08363],[-72.29375,41.08438],[-72.29081,41.08125],[-72.28958,41.0803],[-72.28542,41.08046],[-72.28125,41.08071],[-72.27708,41.08063],[-72.27354,41.07708],[-72.27708,41.07336],[-72.27986,41.07292],[-72.28125,41.07188],[-72.28208,41.07292],[-72.28542,41.07371],[-72.28681,41.07292],[-72.28542,41.07106],[-72.28281,41.06875],[-72.28125,41.06761],[-72.27822,41.06458],[-72.27792,41.06042],[-72.27708,41.05966],[-72.27367,41.05625],[-72.27365,41.05208],[-72.27708,41.04844],[-72.27827,41.04792],[-72.27812,41.04375],[-72.27708,41.04167],[-72.27589,41.03958],[-72.27569,41.03542],[-72.27292,41.03264],[-72.27178,41.03125],[-72.2724,41.02708],[-72.27292,41.02649],[-72.27708,41.02484],[-72.28125,41.02649],[-72.28185,41.02708],[-72.28375,41.03125],[-72.28375,41.03542],[-72.28542,41.03661],[-72.28958,41.03958],[-72.29375,41.0399],[-72.29792,41.04063],[-72.30055,41.04375],[-72.30208,41.04599],[-72.30387,41.04792],[-72.30625,41.0495],[-72.3091,41.05208],[-72.31042,41.05387],[-72.31458,41.05327],[-72.31577,41.05208],[-72.31653,41.04792],[-72.31771,41.04375],[-72.31458,41.04208],[-72.31042,41.04223],[-72.30764,41.03958],[-72.30725,41.03542],[-72.30625,41.03395],[-72.30339,41.03125],[-72.30278,41.02708],[-72.30208,41.02292],[-72.29792,41.02232],[-72.29435,41.01875],[-72.2956,41.01458],[-72.29792,41.01198],[-72.29905,41.01042],[-72.29958,41.00625],[-72.29792,41.0044],[-72.29375,41.00469],[-72.28958,41.00506],[-72.28542,41.00458],[-72.28125,41.00417],[-72.27708,41.00446],[-72.27292,41.00446],[-72.26875,41.00521],[-72.2684,41.00625],[-72.26736,41.01042],[-72.26458,41.01354],[-72.26042,41.01441],[-72.25833,41.01458],[-72.25625,41.01597],[-72.25208,41.01597],[-72.24792,41.01667],[-72.24653,41.01875],[-72.24583,41.02292],[-72.24696,41.02708],[-72.24375,41.03056],[-72.24292,41.03125],[-72.24219,41.03542],[-72.24247,41.03958],[-72.24375,41.04292],[-72.24792,41.04306],[-72.25208,41.04315],[-72.25255,41.04375],[-72.25208,41.04421],[-72.24792,41.04427],[-72.24375,41.04444],[-72.23958,41.04625],[-72.23542,41.04745],[-72.23125,41.0476],[-72.22708,41.04747],[-72.22292,41.04375],[-72.21875,41.04313],[-72.21458,41.03958],[-72.21042,41.03875],[-72.20625,41.0375],[-72.20398,41.03542],[-72.20208,41.0331],[-72.19792,41.03229],[-72.19375,41.0325],[-72.18958,41.03208],[-72.18625,41.03542],[-72.18542,41.03646],[-72.18125,41.0378],[-72.18036,41.03958],[-72.17973,41.04375],[-72.17708,41.04682],[-72.17448,41.04792],[-72.17292,41.05042],[-72.16875,41.05167],[-72.16792,41.05208],[-72.16458,41.05394],[-72.16042,41.05521],[-72.15625,41.05529],[-72.15208,41.05208],[-72.14792,41.04792],[-72.14375,41.04606],[-72.13958,41.04514],[-72.1375,41.04375],[-72.13542,41.04167],[-72.13264,41.03958],[-72.13264,41.03542],[-72.13333,41.03125],[-72.13292,41.02708],[-72.13292,41.02292],[-72.13125,41.02188],[-72.12812,41.01875],[-72.12708,41.01843],[-72.12324,41.01458],[-72.1231,41.01042],[-72.12292,41.00995],[-72.11875,41.00903],[-72.11458,41.00833],[-72.11042,41.00625],[-72.10625,41.00625],[-72.10208,41.00208],[-72.09792,40.99792],[-72.09375,40.99583],[-72.08958,40.99583],[-72.08542,40.99792],[-72.08542,41.00208],[-72.08125,41.00625],[-72.07708,41.00938],[-72.07569,41.01042],[-72.07292,41.0125],[-72.06875,41.0125],[-72.06458,41.0125],[-72.0625,41.01458],[-72.06146,41.01875],[-72.06042,41.01935],[-72.05625,41.02014],[-72.05458,41.01875],[-72.05625,41.01597],[-72.05833,41.01458],[-72.05625,41.01042],[-72.05208,41.00625],[-72.05208,41.00208],[-72.04792,41.00069],[-72.04653,41.00208],[-72.04375,41.00486],[-72.03958,41.00486],[-72.03854,41.00625],[-72.03958,41.00764],[-72.04167,41.01042],[-72.04375,41.01458],[-72.04792,41.01708],[-72.04958,41.01875],[-72.05208,41.02125],[-72.05347,41.02292],[-72.05208,41.02396],[-72.04792,41.02361],[-72.04732,41.02292],[-72.04375,41.01979],[-72.03958,41.02],[-72.03542,41.01979],[-72.03125,41.01971],[-72.02708,41.02003],[-72.02292,41.02027],[-72.01875,41.02167],[-72.01779,41.02292],[-72.01458,41.02612],[-72.01345,41.02708],[-72.01042,41.02998],[-72.00925,41.03125],[-72.00625,41.03425],[-72.00208,41.03451],[-72.00125,41.03542],[-71.99792,41.03862],[-71.99375,41.03912],[-71.99324,41.03958],[-71.99258,41.04375],[-71.98958,41.04675],[-71.98542,41.04714],[-71.98125,41.04692],[-71.97708,41.04564],[-71.97535,41.04375],[-71.97292,41.04289],[-71.96875,41.04222],[-71.96545,41.03958],[-71.96458,41.03913],[-71.96319,41.03958],[-71.96042,41.04132],[-71.95625,41.04375],[-71.95417,41.04792],[-71.95508,41.05208],[-71.95576,41.05625],[-71.95625,41.05744],[-71.95833,41.06042],[-71.95861,41.06458],[-71.95806,41.06875],[-71.95625,41.07106],[-71.95208,41.07212],[-71.94792,41.07208],[-71.94375,41.07181],[-71.93958,41.07208],[-71.93542,41.06935],[-71.93125,41.07153],[-71.92917,41.06875],[-71.92917,41.06458],[-71.92917,41.06042],[-71.92708,41.05923],[-71.92448,41.05625],[-71.92292,41.05208],[-71.91875,41.05149],[-71.91458,41.05162],[-71.9125,41.05208],[-71.91181,41.05625],[-71.91458,41.06042],[-71.91829,41.06458],[-71.91875,41.06528],[-71.92106,41.06875],[-71.92292,41.07083],[-71.92708,41.07208],[-71.92847,41.07292],[-71.92792,41.07708],[-71.92708,41.0773],[-71.92292,41.07818],[-71.91927,41.08125],[-71.91875,41.08171],[-71.91458,41.08125],[-71.91042,41.08011],[-71.90917,41.08125],[-71.90625,41.08368],[-71.90208,41.08413],[-71.8992,41.08125],[-71.89792,41.08021],[-71.89375,41.07917],[-71.89028,41.07708],[-71.88958,41.07292],[-71.88542,41.07649],[-71.88125,41.07708],[-71.87708,41.07652],[-71.87292,41.07635],[-71.86875,41.07597],[-71.86458,41.07635],[-71.86042,41.07625],[-71.85625,41.07569],[-71.85446,41.07292],[-71.85514,41.06875],[-71.85625,41.06764],[-71.8588,41.06458],[-71.86042,41.06264],[-71.86345,41.06042],[-71.86458,41.05952],[-71.86687,41.05625],[-71.86875,41.05446],[-71.87102,41.05208],[-71.87292,41.05054],[-71.87708,41.04977],[-71.87971,41.04792],[-71.88125,41.04653],[-71.88542,41.04616],[-71.88958,41.04569],[-71.89282,41.04375],[-71.89375,41.04315],[-71.89792,41.04167],[-71.90095,41.03958],[-71.90208,41.0388],[-71.90625,41.03708],[-71.91042,41.03625],[-71.91458,41.03625],[-71.91875,41.03681],[-71.92292,41.03594],[-71.92375,41.03542],[-71.92708,41.03346],[-71.93125,41.03301],[-71.93542,41.03292],[-71.9378,41.03125],[-71.93958,41.02978],[-71.94375,41.02986],[-71.94792,41.02813],[-71.94884,41.02708],[-71.95208,41.02537],[-71.95625,41.02542],[-71.96042,41.02445],[-71.96158,41.02292],[-71.96458,41.02003],[-71.96875,41.01931],[-71.97292,41.01979],[-71.97431,41.01875],[-71.97708,41.01597],[-71.98125,41.01563],[-71.98235,41.01458],[-71.98542,41.01167],[-71.98958,41.01136],[-71.99375,41.01138],[-71.99479,41.01042],[-71.99792,41.00716],[-72.00208,41.00677],[-72.00625,41.00653],[-72.01042,41.00729],[-72.01198,41.00625],[-72.01458,41.00451],[-72.01875,41.00433],[-72.02292,41.00312],[-72.02431,41.00208],[-72.02708,40.99851],[-72.0276,40.99792],[-72.03125,40.99549],[-72.03542,40.99514],[-72.03958,40.99427],[-72.04375,40.99583],[-72.04583,40.99375],[-72.04792,40.99236],[-72.05208,40.99201],[-72.05625,40.99236],[-72.05903,40.98958],[-72.06042,40.98845],[-72.06458,40.98785],[-72.06875,40.9875],[-72.07054,40.98542],[-72.07292,40.98304],[-72.07708,40.98333],[-72.08125,40.98385],[-72.08356,40.98125],[-72.08542,40.98006],[-72.08958,40.97986],[-72.09375,40.9794],[-72.09564,40.97708],[-72.09792,40.9753],[-72.10208,40.97542],[-72.10625,40.97477],[-72.10863,40.97292],[-72.11042,40.97135],[-72.11458,40.96944],[-72.11875,40.96958],[-72.11944,40.96875],[-72.12292,40.96644],[-72.12708,40.96708],[-72.13125,40.96625],[-72.13264,40.96458],[-72.13542,40.96273],[-72.13958,40.96319],[-72.14236,40.96042],[-72.14375,40.95928],[-72.14792,40.95833],[-72.15208,40.95685],[-72.15312,40.95625],[-72.15625,40.95446],[-72.16042,40.95365],[-72.16458,40.95243],[-72.16528,40.95208],[-72.16875,40.94977],[-72.17292,40.94948],[-72.17708,40.94943],[-72.17875,40.94792],[-72.18125,40.94599],[-72.18542,40.94653],[-72.18958,40.94673],[-72.1919,40.94375],[-72.19375,40.94208],[-72.19792,40.9411],[-72.2,40.93958],[-72.20208,40.93847],[-72.20625,40.93773],[-72.21042,40.93698],[-72.2125,40.93542],[-72.21458,40.93403],[-72.21875,40.93333],[-72.22135,40.93125],[-72.22292,40.93036],[-72.22708,40.93049],[-72.23125,40.92917],[-72.23304,40.92708],[-72.23542,40.92557],[-72.23958,40.92616],[-72.24375,40.92519],[-72.24653,40.92292],[-72.24792,40.92178],[-72.25208,40.92135],[-72.25506,40.91875],[-72.25625,40.91756],[-72.26042,40.91667],[-72.26458,40.91597],[-72.26597,40.91458],[-72.26875,40.9125],[-72.27292,40.91161],[-72.275,40.91042],[-72.27708,40.90903],[-72.28125,40.90804],[-72.28542,40.90625],[-72.28958,40.90542],[-72.29375,40.90473],[-72.29618,40.90208],[-72.29792,40.89861],[-72.30208,40.89965],[-72.30625,40.9],[-72.3081,40.89792],[-72.31042,40.89583],[-72.31458,40.89458],[-72.31667,40.89792],[-72.31875,40.9003],[-72.32125,40.90208],[-72.32292,40.90375],[-72.32708,40.90625],[-72.33125,40.90625],[-72.33542,40.90313],[-72.33958,40.90208],[-72.34375,40.90208],[-72.34514,40.89792],[-72.34375,40.89653],[-72.34208,40.89375],[-72.33958,40.89196],[-72.33542,40.89125],[-72.33125,40.89167],[-72.32917,40.88958],[-72.33125,40.88833],[-72.33542,40.88854],[-72.33958,40.8875],[-72.34144,40.88542],[-72.34375,40.8831],[-72.34792,40.88375],[-72.35208,40.88333],[-72.35365,40.88125],[-72.35625,40.87936],[-72.36042,40.87958],[-72.36458,40.8794],[-72.36719,40.87708],[-72.36875,40.87583],[-72.37292,40.87552],[-72.37465,40.87292],[-72.37708,40.87083],[-72.38125,40.87083],[-72.38542,40.8706],[-72.38819,40.86875],[-72.38958,40.86771],[-72.39375,40.86806],[-72.39792,40.86667],[-72.40069,40.86458],[-72.40208,40.86366],[-72.40625,40.86292],[-72.41042,40.86339],[-72.41319,40.86458],[-72.41458,40.86597],[-72.41875,40.86563],[-72.42187,40.86875],[-72.42292,40.86979],[-72.42361,40.86875],[-72.42375,40.86458],[-72.42708,40.86181],[-72.43125,40.86181],[-72.43542,40.86181],[-72.43819,40.86458],[-72.43854,40.86875],[-72.43958,40.86979],[-72.44271,40.87292],[-72.44375,40.87431],[-72.44653,40.87708],[-72.44792,40.87812],[-72.45208,40.87778],[-72.45625,40.87812],[-72.46042,40.87782],[-72.46458,40.87822],[-72.46875,40.87798],[-72.47257,40.88125],[-72.47292,40.88145],[-72.47708,40.88191],[-72.48125,40.88175],[-72.48542,40.88158],[-72.48958,40.88174],[-72.49375,40.88169],[-72.49792,40.88181],[-72.49884,40.88125],[-72.49847,40.87708],[-72.49792,40.87662],[-72.49375,40.87597],[-72.49048,40.87292],[-72.49014,40.86875],[-72.4911,40.86458],[-72.49375,40.86193],[-72.49527,40.86042],[-72.49792,40.85718],[-72.49896,40.85625],[-72.50208,40.85268],[-72.50347,40.85208],[-72.50208,40.84792],[-72.50625,40.84514],[-72.50958,40.84792],[-72.51042,40.84875],[-72.51458,40.84896],[-72.51875,40.84931],[-72.52083,40.85208],[-72.52292,40.85313],[-72.52396,40.85208],[-72.52292,40.84931],[-72.52083,40.84792],[-72.52292,40.84653],[-72.52708,40.84583],[-72.52875,40.84792],[-72.53125,40.84905],[-72.53542,40.85],[-72.53792,40.85208],[-72.53542,40.85458],[-72.53125,40.85542],[-72.53021,40.85625],[-72.53125,40.85744],[-72.53542,40.86042],[-72.53958,40.85903],[-72.54063,40.85625],[-72.54375,40.85268],[-72.54435,40.85208],[-72.54792,40.84851],[-72.54838,40.84792],[-72.54931,40.84375],[-72.54958,40.83958],[-72.55208,40.83646],[-72.55625,40.8375],[-72.56042,40.83819],[-72.56458,40.83958],[-72.56875,40.83958],[-72.57292,40.83542],[-72.57708,40.83185],[-72.58125,40.83208],[-72.58177,40.83125],[-72.58125,40.83056],[-72.57778,40.82708],[-72.57812,40.82292],[-72.58125,40.81979],[-72.58333,40.81875],[-72.58125,40.81736],[-72.57708,40.81708],[-72.57431,40.81875],[-72.57292,40.82083],[-72.56875,40.82153],[-72.56458,40.82083],[-72.56042,40.82292],[-72.55625,40.82014],[-72.55542,40.81875],[-72.55625,40.81815],[-72.56042,40.81806],[-72.56458,40.81792],[-72.56736,40.81458],[-72.56875,40.81319],[-72.57292,40.81319],[-72.57708,40.8128],[-72.5786,40.81042],[-72.58125,40.80799],[-72.58542,40.80781],[-72.58958,40.80694],[-72.59375,40.81042],[-72.59613,40.80625],[-72.59792,40.80521],[-72.60208,40.80511],[-72.60625,40.80469],[-72.60923,40.80208],[-72.61042,40.80125],[-72.61458,40.80095],[-72.61875,40.80095],[-72.62054,40.80208],[-72.61875,40.80521],[-72.61458,40.80521],[-72.61319,40.80625],[-72.61458,40.80764],[-72.61736,40.81042],[-72.61875,40.81181],[-72.62153,40.81458],[-72.62292,40.81528],[-72.62338,40.81458],[-72.62375,40.81042],[-72.62431,40.80625],[-72.62708,40.80458],[-72.62958,40.80208],[-72.62708,40.8003],[-72.62569,40.79792],[-72.62708,40.79653],[-72.63125,40.7964],[-72.63363,40.79792],[-72.63542,40.80042],[-72.63958,40.79931],[-72.64097,40.79792],[-72.64256,40.79375],[-72.64375,40.79292],[-72.64792,40.79236],[-72.65208,40.79236],[-72.65387,40.79375],[-72.65347,40.79792],[-72.65625,40.8],[-72.65903,40.80208],[-72.66042,40.80313],[-72.66354,40.80625],[-72.66458,40.80764],[-72.66518,40.80625],[-72.66875,40.80268],[-72.67292,40.80347],[-72.67396,40.80208],[-72.67708,40.79896],[-72.68021,40.80208],[-72.68125,40.80292],[-72.68542,40.80313],[-72.68958,40.80313],[-72.69062,40.80208],[-72.69042,40.79792],[-72.69375,40.79458],[-72.69792,40.79514],[-72.70208,40.79444],[-72.70556,40.79792],[-72.70625,40.79875],[-72.71042,40.79896],[-72.71458,40.79861],[-72.71806,40.80208],[-72.71875,40.80278],[-72.72222,40.80625],[-72.72292,40.80694],[-72.72639,40.81042],[-72.72708,40.81458],[-72.72778,40.81042],[-72.72792,40.80625],[-72.73125,40.80347],[-72.73264,40.80208],[-72.73542,40.79931],[-72.73958,40.80042],[-72.74375,40.80042],[-72.74653,40.80208],[-72.74792,40.80268],[-72.75,40.80208],[-72.75208,40.8],[-72.75278,40.79792],[-72.75208,40.79653],[-72.74792,40.79625],[-72.74583,40.79375],[-72.74375,40.79063],[-72.74236,40.78958],[-72.74375,40.78819],[-72.74792,40.78819],[-72.74896,40.78958],[-72.75208,40.79208],[-72.75625,40.79167],[-72.75781,40.78958],[-72.75625,40.7875],[-72.75375,40.78542],[-72.75625,40.78292],[-72.76042,40.78264],[-72.76458,40.78333],[-72.76875,40.78333],[-72.77292,40.78333],[-72.77708,40.78125],[-72.78125,40.78125],[-72.78542,40.78208],[-72.78958,40.78333],[-72.79375,40.78194],[-72.79792,40.78229],[-72.80208,40.78229],[-72.80292,40.78125],[-72.80625,40.77847],[-72.81042,40.77792],[-72.81375,40.78125],[-72.81458,40.78194],[-72.81806,40.78542],[-72.81875,40.78611],[-72.82222,40.78958],[-72.82292,40.79042],[-72.825,40.78958],[-72.82351,40.78542],[-72.82292,40.7849],[-72.81927,40.78125],[-72.81875,40.78056],[-72.81458,40.77986],[-72.81181,40.77708],[-72.81181,40.77292],[-72.81146,40.76875],[-72.81094,40.76458],[-72.81458,40.76094],[-72.81562,40.76042],[-72.81875,40.75729],[-72.82292,40.75764],[-72.82708,40.75833],[-72.83125,40.75792],[-72.83403,40.75625],[-72.83542,40.75417],[-72.83958,40.75347],[-72.84375,40.75347],[-72.84514,40.75208],[-72.84583,40.74792],[-72.84792,40.74583],[-72.85208,40.74514],[-72.85625,40.74542],[-72.85792,40.74375],[-72.86042,40.74063],[-72.86354,40.74375],[-72.86458,40.74514],[-72.86562,40.74375],[-72.86458,40.73958],[-72.86042,40.73875],[-72.85625,40.73875],[-72.85347,40.73542],[-72.85625,40.73125],[-72.86042,40.73065],[-72.86458,40.73073],[-72.86875,40.72898],[-72.87292,40.7294],[-72.87625,40.73125],[-72.87708,40.73542],[-72.87847,40.73125],[-72.87917,40.72708],[-72.88125,40.72523],[-72.88542,40.725],[-72.88958,40.725],[-72.89375,40.725],[-72.89514,40.72708],[-72.89375,40.72847],[-72.88958,40.73021],[-72.8875,40.73125],[-72.88542,40.73333],[-72.88125,40.73542],[-72.88542,40.73958],[-72.88542,40.74375],[-72.88542,40.74792],[-72.88542,40.75208],[-72.88438,40.75625],[-72.88458,40.76042],[-72.88542,40.76181],[-72.8875,40.76458],[-72.88646,40.76875],[-72.88958,40.77188],[-72.89271,40.76875],[-72.89236,40.76458],[-72.89375,40.76319],[-72.89653,40.76042],[-72.89792,40.75833],[-72.90208,40.75764],[-72.90625,40.75764],[-72.91042,40.75833],[-72.91458,40.75729],[-72.91875,40.75833],[-72.92292,40.75764],[-72.92708,40.75833],[-72.92827,40.75625],[-72.93125,40.75327],[-72.93229,40.75208],[-72.93542,40.74896],[-72.93634,40.74792],[-72.93958,40.74468],[-72.94097,40.74375],[-72.94375,40.74097],[-72.94792,40.74018],[-72.95208,40.74063],[-72.95625,40.73958],[-72.96042,40.73958],[-72.96458,40.74097],[-72.96736,40.74375],[-72.96875,40.74479],[-72.97292,40.74458],[-72.97708,40.74792],[-72.98125,40.74792],[-72.98542,40.74792],[-72.98958,40.74792],[-72.99375,40.74792],[-72.99792,40.74792],[-73.00208,40.74851],[-73.00625,40.74896],[-73.01042,40.74851],[-73.01458,40.74792],[-73.01875,40.74792],[-73.02292,40.74435],[-73.02708,40.74375],[-73.02875,40.73958],[-73.03125,40.73542],[-73.03208,40.73125],[-73.03542,40.72847],[-73.03958,40.72847],[-73.04375,40.72813],[-73.04792,40.72801],[-73.05208,40.72847],[-73.05625,40.72813],[-73.06042,40.72813],[-73.06161,40.72708],[-73.06458,40.72411],[-73.06875,40.72396],[-73.06979,40.72292],[-73.07292,40.71979],[-73.07708,40.71979],[-73.08125,40.71944],[-73.08542,40.71944],[-73.08958,40.71979],[-73.09375,40.71958],[-73.09792,40.72014],[-73.09896,40.71875],[-73.10208,40.71625],[-73.10458,40.71875],[-73.10625,40.72083],[-73.11042,40.72042],[-73.11458,40.72042],[-73.11771,40.72292],[-73.11875,40.72431],[-73.12292,40.725],[-73.12708,40.725],[-73.13125,40.72569],[-73.13542,40.72431],[-73.13958,40.72542],[-73.14271,40.72292],[-73.13958,40.71979],[-73.13542,40.72014],[-73.13438,40.71875],[-73.13542,40.71771],[-73.1375,40.71458],[-73.13958,40.7125],[-73.14137,40.71042],[-73.14375,40.70764],[-73.14542,40.70625],[-73.14583,40.70208],[-73.14792,40.7],[-73.15,40.69792],[-73.15208,40.69625],[-73.15625,40.69653],[-73.15833,40.69792],[-73.16042,40.7],[-73.16458,40.70069],[-73.16875,40.69958],[-73.17292,40.69896],[-73.17708,40.69931],[-73.18125,40.70208],[-73.18542,40.70208],[-73.18958,40.70208],[-73.19375,40.70208],[-73.19792,40.70625],[-73.20208,40.70764],[-73.20625,40.70833],[-73.21042,40.70764],[-73.21458,40.70729],[-73.21875,40.70729],[-73.22292,40.70792],[-73.22604,40.71042],[-73.22708,40.71458],[-73.23125,40.71458],[-73.23542,40.71125],[-73.23681,40.71042],[-73.23958,40.70833],[-73.24375,40.70764],[-73.24458,40.70625],[-73.24792,40.70292],[-73.24875,40.70208],[-73.25208,40.69931],[-73.25625,40.69931],[-73.25833,40.69792],[-73.26042,40.69583],[-73.26458,40.69375],[-73.26875,40.69062],[-73.27292,40.68958],[-73.27396,40.68542],[-73.27708,40.68292],[-73.28125,40.68264],[-73.28542,40.68264],[-73.28958,40.68229],[-73.29375,40.68229],[-73.29687,40.68542],[-73.29792,40.68625],[-73.30208,40.68646],[-73.30625,40.68542],[-73.31042,40.68542],[-73.31146,40.68125],[-73.31458,40.67875],[-73.31771,40.68125],[-73.31875,40.68264],[-73.31979,40.68125],[-73.32292,40.67813],[-73.32604,40.68125],[-73.32708,40.68264],[-73.32812,40.68125],[-73.33125,40.67875],[-73.33333,40.67708],[-73.33542,40.67431],[-73.33611,40.67292],[-73.33958,40.66994],[-73.34375,40.67014],[-73.34792,40.67083],[-73.35208,40.66979],[-73.35625,40.66875],[-73.36042,40.66458],[-73.36458,40.66458],[-73.36875,40.66146],[-73.37292,40.66146],[-73.37708,40.66146],[-73.37847,40.66042],[-73.38125,40.65764],[-73.38542,40.65729],[-73.38958,40.65764],[-73.39375,40.65792],[-73.39542,40.65625],[-73.39792,40.65313],[-73.40042,40.65625],[-73.40208,40.65833],[-73.40347,40.65625],[-73.40625,40.65292],[-73.40958,40.65625],[-73.41042,40.65729],[-73.41458,40.65708],[-73.41563,40.65625],[-73.41875,40.65313],[-73.42292,40.65313],[-73.42604,40.65625],[-73.42708,40.65729],[-73.42812,40.65625],[-73.42847,40.65208],[-73.43125,40.65],[-73.43542,40.64875],[-73.43958,40.64875],[-73.44292,40.65208],[-73.44375,40.65292],[-73.44792,40.65292],[-73.45208,40.65292],[-73.45292,40.65208],[-73.45625,40.6497],[-73.46042,40.64948],[-73.46458,40.64948],[-73.46756,40.65208],[-73.46875,40.65625],[-73.47014,40.65208],[-73.47292,40.64875],[-73.47708,40.64792],[-73.47847,40.64375],[-73.48125,40.64097],[-73.48542,40.63958],[-73.48125,40.63542],[-73.47708,40.63125],[-73.47917,40.62708],[-73.47708,40.625],[-73.47292,40.625],[-73.47153,40.62292],[-73.47292,40.62083],[-73.47431,40.61875],[-73.47292,40.61667],[-73.46875,40.61458],[-73.46458,40.61458],[-73.46042,40.61354],[-73.45625,40.6125],[-73.45208,40.61319],[-73.45,40.61458],[-73.45208,40.61667],[-73.45625,40.61667],[-73.45764,40.61875],[-73.45625,40.61979],[-73.45208,40.62014],[-73.45,40.61875],[-73.44792,40.61667],[-73.44583,40.61875],[-73.44583,40.62292],[-73.44375,40.62708],[-73.43958,40.62917],[-73.4375,40.62708],[-73.4375,40.62292],[-73.43542,40.62083],[-73.43403,40.61875],[-73.43125,40.61708],[-73.42708,40.61708],[-73.42292,40.61667],[-73.42014,40.61875],[-73.42292,40.62153],[-73.42708,40.62153],[-73.43125,40.62153],[-73.43333,40.62292],[-73.43333,40.62708],[-73.43125,40.62917],[-73.42708,40.62917],[-73.42569,40.63125],[-73.42708,40.63333],[-73.43125,40.63333],[-73.43542,40.63333],[-73.4375,40.63542],[-73.43542,40.6375],[-73.43403,40.63958],[-73.43125,40.64167],[-73.42708,40.64125],[-73.425,40.63958],[-73.42569,40.63542],[-73.42292,40.63333],[-73.41875,40.63542],[-73.41458,40.63125],[-73.4125,40.63542],[-73.41042,40.63958],[-73.41042,40.64375],[-73.40625,40.63958],[-73.40208,40.64375],[-73.39792,40.64375],[-73.39375,40.64375],[-73.38958,40.64375],[-73.38542,40.64375],[-73.38125,40.63958],[-73.38125,40.63542],[-73.38333,40.63125],[-73.38125,40.62986],[-73.37708,40.62917],[-73.37292,40.62958],[-73.36875,40.62917],[-73.36458,40.62958],[-73.36181,40.63125],[-73.36458,40.63403],[-73.36875,40.63403],[-73.37292,40.63403],[-73.375,40.63542],[-73.37292,40.6375],[-73.36875,40.6375],[-73.36667,40.63958],[-73.36667,40.64375],[-73.36458,40.64583],[-73.36042,40.64583],[-73.35833,40.64792],[-73.35625,40.65],[-73.35208,40.65],[-73.34792,40.65],[-73.34375,40.65],[-73.33958,40.64931],[-73.33542,40.65042],[-73.33125,40.65069],[-73.32887,40.64792],[-73.33125,40.64583],[-73.33458,40.64375],[-73.33125,40.64097],[-73.32708,40.64115],[-73.32361,40.64375],[-73.32292,40.64514],[-73.31875,40.64479],[-73.31458,40.64375],[-73.31042,40.64375],[-73.30625,40.64125],[-73.30312,40.64375],[-73.30208,40.64494],[-73.29861,40.64792],[-73.29931,40.65208],[-73.29792,40.65417],[-73.29375,40.65458],[-73.29167,40.65208],[-73.29292,40.64792],[-73.28958,40.64458],[-73.28889,40.64375],[-73.28542,40.63958],[-73.28125,40.64042],[-73.27708,40.64236],[-73.27292,40.64236],[-73.26875,40.64236],[-73.26458,40.64256],[-73.26042,40.64256],[-73.25625,40.64167],[-73.25208,40.64219],[-73.24948,40.63958],[-73.25208,40.63769],[-73.25625,40.6375],[-73.26042,40.63698],[-73.26458,40.63661],[-73.26875,40.6375],[-73.27292,40.63792],[-73.27708,40.63819],[-73.28125,40.63875],[-73.28542,40.63958],[-73.28958,40.63854],[-73.29375,40.6378],[-73.29792,40.63819],[-73.30208,40.63698],[-73.30625,40.6372],[-73.31042,40.6375],[-73.31319,40.63542],[-73.31458,40.635],[-73.31875,40.63385],[-73.32292,40.63264],[-73.32708,40.63264],[-73.33125,40.63333],[-73.33281,40.63125],[-73.33542,40.62827],[-73.33958,40.62865],[-73.34375,40.62887],[-73.34792,40.62847],[-73.35208,40.62865],[-73.35625,40.62958],[-73.35937,40.62708],[-73.36042,40.62625],[-73.36458,40.62552],[-73.36875,40.62542],[-73.37054,40.62292],[-73.37292,40.62125],[-73.37708,40.62102],[-73.38125,40.61994],[-73.38542,40.62113],[-73.38819,40.61875],[-73.38958,40.61756],[-73.39375,40.61597],[-73.39792,40.61637],[-73.40042,40.61458],[-73.40208,40.61339],[-73.40625,40.6125],[-73.41042,40.6128],[-73.41458,40.61302],[-73.41719,40.61042],[-73.41875,40.60863],[-73.42292,40.60781],[-73.42708,40.6081],[-73.43125,40.60708],[-73.43542,40.60764],[-73.43646,40.60625],[-73.43958,40.60486],[-73.44375,40.6044],[-73.44792,40.6044],[-73.45208,40.60446],[-73.45625,40.60458],[-73.45804,40.60208],[-73.46042,40.5997],[-73.46458,40.6],[-73.46875,40.6],[-73.47292,40.59896],[-73.47708,40.6],[-73.47875,40.60208],[-73.47917,40.60625],[-73.48125,40.61042],[-73.47708,40.61458],[-73.48125,40.61667],[-73.48542,40.61736],[-73.48958,40.61736],[-73.49375,40.61771],[-73.49479,40.61875],[-73.49458,40.62292],[-73.49375,40.62396],[-73.49236,40.62292],[-73.48958,40.62014],[-73.48542,40.62014],[-73.48264,40.62292],[-73.48542,40.62569],[-73.48958,40.62708],[-73.48542,40.63125],[-73.48542,40.63542],[-73.48542,40.63958],[-73.48958,40.64063],[-73.49097,40.63958],[-73.49375,40.63681],[-73.49583,40.63542],[-73.49583,40.63125],[-73.49792,40.62958],[-73.50042,40.62708],[-73.50208,40.62569],[-73.50625,40.625],[-73.51042,40.625],[-73.5125,40.62292],[-73.51458,40.62153],[-73.51875,40.61875],[-73.51458,40.61597],[-73.51042,40.61458],[-73.51458,40.61042],[-73.51042,40.60792],[-73.50923,40.60625],[-73.50625,40.60327],[-73.50208,40.60521],[-73.49792,40.60625],[-73.49375,40.60625],[-73.49583,40.60208],[-73.49375,40.60042],[-73.48958,40.6003],[-73.48542,40.60042],[-73.48125,40.59958],[-73.47917,40.59792],[-73.48125,40.59653],[-73.48542,40.59583],[-73.48958,40.59583],[-73.49375,40.59635],[-73.49792,40.59613],[-73.50208,40.59542],[-73.50417,40.59375],[-73.50625,40.59208],[-73.51042,40.59063],[-73.51458,40.59125],[-73.51875,40.59097],[-73.52292,40.59063],[-73.52396,40.58958],[-73.52708,40.58708],[-73.53125,40.5875],[-73.53542,40.58839],[-73.53958,40.58854],[-73.54271,40.58542],[-73.54375,40.58438],[-73.54792,40.58438],[-73.55208,40.58423],[-73.55625,40.58472],[-73.56042,40.58125],[-73.56042,40.58542],[-73.55744,40.58958],[-73.55625,40.59077],[-73.55208,40.59077],[-73.54792,40.59125],[-73.54479,40.59375],[-73.54375,40.59479],[-73.53958,40.59583],[-73.53542,40.59531],[-73.53244,40.59792],[-73.53125,40.60069],[-73.52708,40.60069],[-73.52292,40.6],[-73.51875,40.60069],[-73.51458,40.59958],[-73.51042,40.59931],[-73.50729,40.60208],[-73.51042,40.60521],[-73.5125,40.60625],[-73.51458,40.61042],[-73.51597,40.61458],[-73.51875,40.61875],[-73.52292,40.61875],[-73.52569,40.61458],[-73.52708,40.61042],[-73.53125,40.60903],[-73.53264,40.61042],[-73.53542,40.61319],[-73.53958,40.61319],[-73.54097,40.61458],[-73.54375,40.61736],[-73.54514,40.61875],[-73.54792,40.62083],[-73.55208,40.62014],[-73.55486,40.62292],[-73.55625,40.625],[-73.55764,40.62292],[-73.55625,40.62188],[-73.55312,40.61875],[-73.55208,40.61736],[-73.54792,40.61597],[-73.54653,40.61458],[-73.54375,40.6125],[-73.54167,40.61042],[-73.53958,40.60764],[-73.53542,40.60764],[-73.53403,40.60625],[-73.53542,40.60486],[-73.53708,40.60208],[-73.53958,40.6003],[-73.54375,40.6],[-73.54514,40.60208],[-73.54792,40.60521],[-73.54911,40.60625],[-73.55208,40.60923],[-73.55556,40.60625],[-73.55417,40.60208],[-73.55625,40.6],[-73.56042,40.60042],[-73.56458,40.6],[-73.56667,40.60208],[-73.56736,40.60625],[-73.56458,40.60903],[-73.56042,40.60804],[-73.55708,40.61042],[-73.55625,40.61146],[-73.55375,40.61458],[-73.55625,40.61667],[-73.56042,40.61667],[-73.56458,40.61667],[-73.56667,40.61458],[-73.56875,40.6125],[-73.57292,40.61146],[-73.57431,40.61042],[-73.57292,40.60938],[-73.57042,40.60625],[-73.57153,40.60208],[-73.57292,40.59931],[-73.57431,40.59792],[-73.575,40.59375],[-73.57375,40.58958],[-73.57708,40.5872],[-73.58021,40.58542],[-73.58125,40.58482],[-73.58542,40.58472],[-73.5875,40.58542],[-73.58958,40.5875],[-73.59375,40.5875],[-73.59792,40.58681],[-73.60208,40.5875],[-73.60625,40.5875],[-73.61042,40.5875],[-73.61458,40.58708],[-73.61875,40.58646],[-73.61979,40.58542],[-73.62292,40.58363],[-73.62708,40.5831],[-73.63125,40.58244],[-73.63542,40.58185],[-73.63958,40.58229],[-73.64375,40.58281],[-73.64792,40.58229],[-73.65208,40.5825],[-73.65625,40.58264],[-73.66042,40.58264],[-73.66458,40.58292],[-73.66875,40.58277],[-73.67292,40.5831],[-73.67708,40.58333],[-73.68125,40.58292],[-73.68542,40.58333],[-73.68958,40.58385],[-73.69375,40.58423],[-73.69792,40.58333],[-73.70208,40.58208],[-73.70625,40.58208],[-73.71042,40.58333],[-73.71458,40.58292],[-73.71875,40.58264],[-73.72292,40.58281],[-73.72523,40.58542],[-73.72292,40.58731],[-73.71875,40.58727],[-73.71458,40.5872],[-73.71042,40.58681],[-73.70625,40.58646],[-73.70208,40.58653],[-73.69792,40.58681],[-73.69375,40.58661],[-73.68958,40.5872],[-73.68542,40.58727],[-73.68281,40.58958],[-73.68125,40.59208],[-73.67708,40.59167],[-73.67292,40.59137],[-73.66875,40.59144],[-73.66458,40.59115],[-73.66042,40.59375],[-73.65625,40.59236],[-73.65208,40.59375],[-73.65208,40.59792],[-73.65625,40.6],[-73.65729,40.60208],[-73.66042,40.60521],[-73.6625,40.60208],[-73.66458,40.6],[-73.66875,40.60208],[-73.67292,40.59792],[-73.67708,40.59708],[-73.68125,40.59653],[-73.68264,40.59792],[-73.68125,40.59931],[-73.67917,40.60208],[-73.67708,40.60486],[-73.67569,40.60625],[-73.67292,40.61042],[-73.67708,40.61181],[-73.67917,40.61042],[-73.68125,40.60833],[-73.68333,40.60625],[-73.68542,40.60521],[-73.68646,40.60625],[-73.68958,40.60938],[-73.69375,40.60833],[-73.69625,40.60625],[-73.69375,40.60313],[-73.68958,40.60313],[-73.68854,40.60208],[-73.68819,40.59792],[-73.68819,40.59375],[-73.68958,40.59292],[-73.69375,40.59306],[-73.69583,40.59375],[-73.69792,40.59583],[-73.70208,40.59583],[-73.70625,40.59653],[-73.71042,40.59583],[-73.71458,40.59708],[-73.71875,40.59722],[-73.72292,40.59653],[-73.72708,40.59542],[-73.73125,40.59479],[-73.73542,40.59653],[-73.73958,40.59708],[-73.74375,40.59653],[-73.74792,40.59435],[-73.74826,40.59375],[-73.74792,40.59271],[-73.74375,40.59137],[-73.73958,40.59072],[-73.73542,40.59137],[-73.73125,40.59292],[-73.7294,40.58958],[-73.73125,40.5872],[-73.73542,40.5875],[-73.73958,40.5875],[-73.74375,40.5875],[-73.74792,40.58802],[-73.75042,40.58958],[-73.75208,40.59022],[-73.75625,40.59005],[-73.76042,40.59042],[-73.76458,40.59097],[-73.76875,40.59208],[-73.77292,40.59196],[-73.77708,40.59167],[-73.78125,40.59115],[-73.78239,40.58958],[-73.78542,40.58588],[-73.78958,40.58625],[-73.79375,40.58839],[-73.79792,40.58819],[-73.80208,40.58819],[-73.80394,40.58542],[-73.80625,40.58244],[-73.81042,40.58229],[-73.81458,40.5849],[-73.81542,40.58542],[-73.81458,40.58611],[-73.81111,40.58958],[-73.81042,40.59028],[-73.80625,40.59063],[-73.80268,40.59375],[-73.80268,40.59792],[-73.80208,40.59861],[-73.79792,40.59931],[-73.79375,40.59875],[-73.78958,40.59856],[-73.78542,40.59896],[-73.78229,40.60208],[-73.78125,40.60298],[-73.77708,40.60278],[-73.77667,40.60208],[-73.77292,40.59867],[-73.76875,40.60208],[-73.76806,40.60625],[-73.76875,40.61042],[-73.76458,40.61161],[-73.76339,40.61042],[-73.76042,40.60868],[-73.75625,40.60938],[-73.75486,40.61042],[-73.75417,40.61458],[-73.75625,40.61771],[-73.76042,40.61875],[-73.76458,40.61806],[-73.76518,40.61875],[-73.76875,40.62232],[-73.76921,40.62292],[-73.77292,40.62625],[-73.77375,40.62708],[-73.77708,40.63011],[-73.78125,40.62917],[-73.78304,40.63125],[-73.78542,40.63363],[-73.78958,40.63423],[-73.79097,40.63542],[-73.79375,40.6378],[-73.79792,40.63693],[-73.80016,40.63958],[-73.80208,40.64271],[-73.80625,40.64306],[-73.81042,40.64223],[-73.8128,40.64375],[-73.81458,40.64625],[-73.81562,40.64792],[-73.81875,40.6497],[-73.82153,40.65208],[-73.82125,40.65625],[-73.82292,40.65903],[-73.8253,40.65625],[-73.82708,40.65313],[-73.82917,40.65208],[-73.83125,40.65069],[-73.83542,40.65],[-73.83819,40.64792],[-73.83958,40.64708],[-73.84375,40.64653],[-73.84792,40.64708],[-73.84896,40.64792],[-73.85208,40.65208],[-73.85625,40.64931],[-73.85645,40.64792],[-73.85694,40.64375],[-73.86042,40.64115],[-73.86458,40.64003],[-73.86875,40.64036],[-73.86989,40.63958],[-73.87292,40.63625],[-73.87708,40.63611],[-73.87969,40.63958],[-73.88125,40.64167],[-73.88333,40.63958],[-73.88125,40.63833],[-73.8776,40.63542],[-73.88125,40.63277],[-73.88277,40.63125],[-73.88542,40.62943],[-73.8881,40.62708],[-73.88958,40.62548],[-73.89375,40.625],[-73.89792,40.62458],[-73.90069,40.62292],[-73.89792,40.62083],[-73.89687,40.61875],[-73.89375,40.61518],[-73.89315,40.61458],[-73.89292,40.61042],[-73.89375,40.60833],[-73.89792,40.60625],[-73.90208,40.60625],[-73.90625,40.60556],[-73.90903,40.60208],[-73.90625,40.59888],[-73.90208,40.59867],[-73.89792,40.59884],[-73.89375,40.59917],[-73.88958,40.59931],[-73.88542,40.5997],[-73.88125,40.59792],[-73.8809,40.59375],[-73.87976,40.58958],[-73.8794,40.58542],[-73.87946,40.58125],[-73.88125,40.57969],[-73.88542,40.58],[-73.88958,40.5794],[-73.89375,40.57887],[-73.89583,40.58125],[-73.89606,40.58542],[-73.89792,40.58708],[-73.90208,40.58681],[-73.90625,40.58875],[-73.91042,40.58802],[-73.91458,40.58958],[-73.91577,40.58542],[-73.91875,40.58281],[-73.92292,40.58417],[-73.92381,40.58542],[-73.92292,40.5875],[-73.92083,40.58958],[-73.92292,40.59208],[-73.92708,40.59271],[-73.92778,40.59375],[-73.93125,40.59606],[-73.93356,40.59375],[-73.93125,40.59144],[-73.92887,40.58958],[-73.9295,40.58542],[-73.93125,40.58264],[-73.93363,40.58125],[-73.93314,40.57708],[-73.93542,40.57351],[-73.93958,40.57431],[-73.94375,40.57604],[-73.94792,40.57625],[-73.95208,40.57448],[-73.95625,40.57365],[-73.96042,40.57388],[-73.96458,40.57384],[-73.96875,40.57367],[-73.97292,40.57361],[-73.97375,40.57292]]},"properties":{"fid":12960,"ID":12959,"ELEV":0}},
{"type":"Feature","geometry":{"type":"LineString","coordinates":[[-73.85042,40.57292],[-73.85208,40.57083],[-73.85625,40.57153],[-73.85792,40.57292],[-73.85625,40.57431],[-73.85208,40.57625],[-73.85042,40.57292]]},"properties":{"fid":12961,"ID":12960,"ELEV":0}},
{"type":"Feature","geometry":{"type":"LineString","coordinates":[[-73.86198,40.56875],[-73.86458,40.56667],[-73.86875,40.56756],[-73.87292,40.56701],[-73.87481,40.56875],[-73.87292,40.57024],[-73.86875,40.56951],[-73.86458,40.57035],[-73.86198,40.56875]]},"properties":{"fid":12962,"ID":12961,"ELEV":0}},
{"type":"Feature","geometry":{"type":"LineString","coordinates":[[-73.88708,40.56042],[-73.88958,40.55685],[-73.89375,40.55694],[-73.89792,40.55764],[-73.90208,40.55792],[-73.90625,40.56042],[-73.9026,40.56458],[-73.90208,40.56496],[-73.89792,40.56458],[-73.89375,40.56389],[-73.88958,40.56399],[-73.88708,40.56042]]},"properties":{"fid":12963,"ID":12962,"ELEV":0}},
{"type":"Feature","geometry":{"type":"LineString","coordinates":[[-73.92396,40.55208],[-73.92708,40.55],[-73.93125,40.55042],[-73.93333,40.55208],[-73.93177,40.55625],[-73.93125,40.5566],[-73.92708,40.55729],[-73.92292,40.55804],[-73.91875,40.55764],[-73.91458,40.55625],[-73.91875,40.55486],[-73.92292,40.55313],[-73.92396,40.55208]]},"properties":{"fid":12964,"ID":12963,"ELEV":0}},
{"type":"Feature","geometry":null,"properties":{"fid":12965,"ID":12964,"ELEV":0}},
{"type":"Feature","geometry":{"type":"LineString","coordinates":[[-73.975,40.40625],[-73.97708,40.40506],[-73.97917,40.40625],[-73.98125,40.41042],[-73.98264,40.41458],[-73.98542,40.41667],[-73.9875,40.41875],[-73.98681,40.42292],[-73.98819,40.42708],[-73.98958,40.42813],[-73.99375,40.43125],[-73.99606,40.43542],[-73.99494,40.43958],[-73.99625,40.44375],[-73.99583,40.44792],[-73.99792,40.44917],[-74.00208,40.44911],[-74.00506,40.45208],[-74.00625,40.45375],[-74.00764,40.45625],[-74.00625,40.45875],[-74.00486,40.46042],[-74.00625,40.4625],[-74.00729,40.46458],[-74.01042,40.46736],[-74.01458,40.46823],[-74.01875,40.46823],[-74.01913,40.46875],[-74.01875,40.47292],[-74.01458,40.47367],[-74.01042,40.47396],[-74.00625,40.47351],[-74.00521,40.47292],[-74.00208,40.47042],[-73.99792,40.46994],[-73.99673,40.46875],[-73.99583,40.46458],[-73.99375,40.4625],[-73.99125,40.46042],[-73.98958,40.45875],[-73.9875,40.45625],[-73.98542,40.45375],[-73.98449,40.45208],[-73.98333,40.44792],[-73.98229,40.44375],[-73.98208,40.43958],[-73.98229,40.43542],[-73.98229,40.43125],[-73.98125,40.42917],[-73.98065,40.42708],[-73.97936,40.42292],[-73.97986,40.41875],[-73.97986,40.41458],[-73.98125,40.41042],[-73.97708,40.40903],[-73.975,40.40625]]},"properties":{"fid":12972,"ID":12971,"ELEV":0}},
{"type":"Feature","geometry":{"type":"LineString","coordinates":[[-73.98958,40.37917],[-73.98542,40.38125],[-73.98958,40.38221],[-73.99167,40.38125],[-73.98958,40.37917]]},"properties":{"fid":12979,"ID":12978,"ELEV":0}},
{"type":"Feature","geometry":{"type":"LineString","coordinates":[[-73.98125,40.37887],[-73.97847,40.38125],[-73.98125,40.38458],[-73.98542,40.38125],[-73.98125,40.37887]]},"properties":{"fid":12980,"ID":12979,"ELEV":0}},
{"type":"Feature","geometry":{"type":"LineString","coordinates":[[-74.06875,40.35595],[-74.06806,40.35625],[-74.06458,40.35972],[-74.06042,40.3601],[-74.05982,40.36042],[-74.05625,40.36354],[-74.05208,40.36383],[-74.04792,40.36389],[-74.04722,40.36458],[-74.04375,40.36779],[-74.03958,40.36792],[-74.0375,40.36875],[-74.03542,40.36994],[-74.03125,40.37199],[-74.03069,40.37292],[-74.02708,40.3763],[-74.02583,40.37708],[-74.02292,40.38],[-74.01875,40.37946],[-74.01458,40.37986],[-74.01042,40.38042],[-74.00625,40.38021],[-74.00208,40.37986],[-73.99792,40.37958],[-73.99625,40.38125],[-73.99792,40.38194],[-74.00208,40.38229],[-74.00625,40.38438],[-74.00833,40.38542],[-74.01042,40.38576],[-74.0125,40.38542],[-74.01458,40.38438],[-74.01875,40.38182],[-74.02292,40.38151],[-74.02708,40.38132],[-74.02725,40.38125],[-74.03125,40.3774],[-74.03333,40.37708],[-74.03542,40.37589],[-74.03958,40.37383],[-74.04375,40.37355],[-74.04792,40.37341],[-74.04825,40.37292],[-74.05208,40.36949],[-74.05625,40.36889],[-74.05833,40.36875],[-74.06042,40.36736],[-74.06458,40.36458],[-74.06875,40.36069],[-74.06901,40.36042],[-74.07292,40.35651],[-74.07361,40.35625],[-74.07292,40.35597],[-74.06875,40.35595]]},"properties":{"fid":12987,"ID":12986,"ELEV":0}},
{"type":"Feature","geometry":{"type":"LineString","coordinates":[[-70.83125,40.34687],[-70.82708,40.34792],[-70.83125,40.34896],[-70.83194,40.34792],[-70.83125,40.34687]]},"properties":{"fid":12990,"ID":12989,"ELEV":-100}},
{"type":"Feature","geometry":{"type":"LineString","coordinates":[[-73.99792,40.32917],[-73.99375,40.33125],[-73.99583,40.33542],[-73.99375,40.33819],[-73.98958,40.33854],[-73.98854,40.33958],[-73.98542,40.34271],[-73.98229,40.33958],[-73.98125,40.33899],[-73.98056,40.33958],[-73.97986,40.34375],[-73.97708,40.34542],[-73.97552,40.34792],[-73.97569,40.35208],[-73.975,40.35625],[-73.97523,40.36042],[-73.9753,40.36458],[-73.97523,40.36875],[-73.975,40.37292],[-73.97708,40.37589],[-73.9794,40.37292],[-73.97837,40.36875],[-73.97887,40.36458],[-73.98125,40.3622],[-73.98333,40.36042],[-73.98542,40.35792],[-73.98958,40.35677],[-73.99042,40.35625],[-73.99375,40.35347],[-73.99792,40.35292],[-74,40.35208],[-74.00208,40.35],[-74.00625,40.34792],[-74.00764,40.34375],[-74.01042,40.34097],[-74.01458,40.33958],[-74.01458,40.33542],[-74.01458,40.33125],[-74.01042,40.33056],[-74.00833,40.33125],[-74.00625,40.33229],[-74.00417,40.33125],[-74.00208,40.32917],[-73.99792,40.32917]]},"properties":{"fid":12993,"ID":12992,"ELEV":0}},
{"type":"Feature","geometry":{"type":"LineString","coordinates":[[-74.02292,40.32222],[-74.02222,40.32292],[-74.02292,40.32338],[-74.02344,40.32292],[-74.02292,40.32222]]},"properties":{"fid":12994,"ID":12993,"ELEV":0}},
{"type":"Feature","geometry":{"type":"LineString","coordinates":[[-71.28542,40.24375],[-71.28446,40.24792],[-71.28446,40.25208],[-71.28542,40.25304],[-71.28698,40.25208],[-71.28698,40.24792],[-71.28542,40.24375]]},"properties":{"fid":13001,"ID":13000,"ELEV":-100}},
{"type":"Feature","geometry":{"type":"LineString","coordinates":[[-70.11875,40.24732],[-70.11667,40.24792],[-70.11875,40.24875],[-70.11935,40.24792],[-70.11875,40.24732]]},"properties":{"fid":13002,"ID":13001,"ELEV":-100}},
{"type":"Feature","geometry":{"type":"LineString","coordinates":[[-70.08125,40.23056],[-70.07917,40.23125],[-70.08125,40.23229],[-70.08194,40.23125],[-70.08125,40.23056]]},"properties":{"fid":13006,"ID":13005,"ELEV":-100}},
{"type":"Feature","geometry":{"type":"LineString","coordinates":[[-70.07292,40.22625],[-70.07083,40.22708],[-70.07292,40.22847],[-70.07375,40.22708],[-70.07292,40.22625]]},"properties":{"fid":13007,"ID":13006,"ELEV":-100}},
{"type":"Feature","geometry":{"type":"LineString","coordinates":[[-70.28542,40.21875],[-70.28403,40.22292],[-70.28542,40.22396],[-70.28958,40.22708],[-70.29167,40.22292],[-70.28958,40.21875],[-70.28542,40.21875]]},"properties":{"fid":13009,"ID":13008,"ELEV":-100}},
{"type":"Feature","geometry":{"type":"LineString","coordinates":[[-70.18542,40.21042],[-70.18333,40.21458],[-70.18542,40.21667],[-70.18958,40.21458],[-70.18542,40.21042]]},"properties":{"fid":13012,"ID":13011,"ELEV":-100}},
{"type":"Feature","geometry":{"type":"LineString","coordinates":[[-70.04792,40.21354],[-70.04375,40.21458],[-70.04792,40.21667],[-70.04931,40.21458],[-70.04792,40.21354]]},"properties":{"fid":13013,"ID":13012,"ELEV":-100}},
{"type":"Feature","geometry":{"type":"LineString","coordinates":[[-70.03958,40.20833],[-70.03542,40.21042],[-70.03958,40.21319],[-70.04125,40.21042],[-70.03958,40.20833]]},"properties":{"fid":13014,"ID":13013,"ELEV":-100}},
{"type":"Feature","geometry":{"type":"LineString","coordinates":[[-70.15625,40.20417],[-70.15208,40.20625],[-70.15625,40.20833],[-70.15764,40.20625],[-70.15625,40.20417]]},"properties":{"fid":13016,"ID":13015,"ELEV":-100}},
{"type":"Feature","geometry":{"type":"LineString","coordinates":[[-70.02708,40.20486],[-70.02569,40.20625],[-70.02708,40.20833],[-70.03125,40.20903],[-70.03333,40.20625],[-70.03125,40.20417],[-70.02708,40.20486]]},"properties":{"fid":13017,"ID":13016,"ELEV":-100}},
{"type":"Feature","geometry":{"type":"LineString","coordinates":[[-70.01042,40.18958],[-70.00625,40.19375],[-70.01042,40.19792],[-70.0125,40.19375],[-70.01042,40.18958]]},"properties":{"fid":13018,"ID":13017,"ELEV":-100}},
{"type":"Feature","geometry":{"type":"LineString","coordinates":[[-71.28125,40.18542],[-71.28065,40.18958],[-71.28065,40.19375],[-71.28,40.19792],[-71.28125,40.19917],[-71.28375,40.19792],[-71.28229,40.19375],[-71.28229,40.18958],[-71.28125,40.18542]]},"properties":{"fid":13019,"ID":13018,"ELEV":-100}},
{"type":"Feature","geometry":{"type":"LineString","coordinates":[[-71.28125,40.17708],[-71.28056,40.18125],[-71.28125,40.18542],[-71.28208,40.18125],[-71.28125,40.17708]]},"properties":{"fid":13020,"ID":13019,"ELEV":-100}},
{"type":"Feature","geometry":{"type":"LineString","coordinates":[[-74.03542,40.18065],[-74.03403,40.18125],[-74.03403,40.18542],[-74.03264,40.18958],[-74.03437,40.19375],[-74.03542,40.19479],[-74.03681,40.19375],[-74.03646,40.18958],[-74.03681,40.18542],[-74.03958,40.18264],[-74.04375,40.18264],[-74.04653,40.18542],[-74.04792,40.18594],[-74.04896,40.18542],[-74.04792,40.18466],[-74.04451,40.18125],[-74.04375,40.17986],[-74.03958,40.18021],[-74.03542,40.18065]]},"properties":{"fid":13021,"ID":13020,"ELEV":0}},
{"type":"Feature","geometry":{"type":"LineString","coordinates":[[-71.28958,40.17245],[-71.28819,40.17292],[-71.28958,40.17708],[-71.29005,40.17292],[-71.28958,40.17245]]},"properties":{"fid":13022,"ID":13021,"ELEV":-100}},
{"type":"Feature","geometry":{"type":"LineString","coordinates":[[-71.28125,40.16875],[-71.28021,40.17292],[-71.28125,40.17708],[-71.28264,40.17292],[-71.28125,40.16875]]},"properties":{"fid":13023,"ID":13022,"ELEV":-100}},
{"type":"Feature","geometry":{"type":"LineString","coordinates":[[-74.05208,40.05903],[-74.05069,40.06042],[-74.05208,40.06458],[-74.05625,40.06042],[-74.05208,40.05903]]},"properties":{"fid":13024,"ID":13023,"ELEV":0}},
{"type":"Feature","geometry":{"type":"LineString","coordinates":[[-70.61042,40.05558],[-70.60979,40.05625],[-70.60979,40.06042],[-70.61042,40.06104],[-70.61458,40.06105],[-70.61521,40.06042],[-70.61875,40.05688],[-70.61938,40.05625],[-70.61875,40.05559],[-70.61458,40.05558],[-70.61042,40.05558]]},"properties":{"fid":13025,"ID":13024,"ELEV":-200}},
{"type":"Feature","geometry":{"type":"LineString","coordinates":[[-74.11458,40.05521],[-74.11375,40.05625],[-74.11458,40.05685],[-74.11815,40.06042],[-74.11875,40.0608],[-74.12083,40.06042],[-74.12014,40.05625],[-74.11875,40.05506],[-74.11458,40.05521]]},"properties":{"fid":13026,"ID":13025,"ELEV":0}},
{"type":"Feature","geometry":{"type":"LineString","coordinates":[[-74.05208,40.04896],[-74.05,40.05208],[-74.05208,40.05458],[-74.05486,40.05625],[-74.05625,40.06042],[-74.06042,40.06042],[-74.06458,40.06042],[-74.06875,40.05792],[-74.07292,40.05792],[-74.07708,40.05764],[-74.08125,40.05744],[-74.08542,40.05764],[-74.08958,40.05744],[-74.09375,40.05764],[-74.09792,40.05708],[-74.09833,40.05625],[-74.09792,40.05565],[-74.09479,40.05208],[-74.09375,40.05116],[-74.08958,40.05069],[-74.08542,40.05089],[-74.08333,40.05208],[-74.08125,40.05417],[-74.07708,40.05417],[-74.07292,40.05458],[-74.06875,40.05347],[-74.06458,40.05417],[-74.06042,40.05486],[-74.05625,40.05208],[-74.05208,40.04896]]},"properties":{"fid":13027,"ID":13026,"ELEV":0}},
{"type":"Feature","geometry":{"type":"LineString","coordinates":[[-74.10208,40.05139],[-74.10149,40.05208],[-74.10208,40.0525],[-74.10625,40.05208],[-74.10208,40.05139]]},"properties":{"fid":13028,"ID":13027,"ELEV":0}},
{"type":"Feature","geometry":{"type":"LineString","coordinates":[[-70.61042,40.04236],[-70.60994,40.04375],[-70.61042,40.04415],[-70.61088,40.04375],[-70.61042,40.04236]]},"properties":{"fid":13029,"ID":13028,"ELEV":-200}},
{"type":"Feature","geometry":{"type":"LineString","coordinates":[[-70.52618,40.02292],[-70.52708,40.02198],[-70.53125,40.02094],[-70.53408,40.02292],[-70.5343,40.02708],[-70.53125,40.03017],[-70.52708,40.02986],[-70.52292,40.02959],[-70.5208,40.02708],[-70.52292,40.02497],[-70.52618,40.02292]]},"properties":{"fid":13030,"ID":13029,"ELEV":-200}},
{"type":"Feature","geometry":{"type":"LineString","coordinates":[[-71.42153,40.01875],[-71.42292,40.01747],[-71.42477,40.01875],[-71.42292,40.0206],[-71.42153,40.01875]]},"properties":{"fid":13031,"ID":13030,"ELEV":-100}},
{"type":"Feature","geometry":{"type":"LineString","coordinates":[[-70.85018,40.01042],[-70.85208,40.00863],[-70.85625,40.00864],[-70.86042,40.00862],[-70.86233,40.01042],[-70.86042,40.01252],[-70.85837,40.01458],[-70.85859,40.01875],[-70.85625,40.02125],[-70.85208,40.02125],[-70.84792,40.02123],[-70.84563,40.01875],[-70.84585,40.01458],[-70.84792,40.01268],[-70.85018,40.01042]]},"properties":{"fid":13032,"ID":13031,"ELEV":-200}},
{"type":"Feature","geometry":{"type":"LineString","coordinates":[[-71.50208,40.00625],[-71.5,40.01042],[-71.50208,40.0125],[-71.50417,40.01042],[-71.50208,40.00625]]},"properties":{"fid":13033,"ID":13032,"ELEV":-100}},
{"type":"Feature","geometry":{"type":"LineString","coordinates":[[-71.46875,40.00938],[-71.46792,40.01042],[-71.46875,40.01458],[-71.46958,40.01042],[-71.46875,40.00938]]},"properties":{"fid":13034,"ID":13033,"ELEV":-100}},
{"type":"Feature","geometry":{"type":"LineString","coordinates":[[-70.48488,40],[-70.48488,40.00208],[-70.48472,40.00625],[-70.48333,40.01042],[-70.48197,40.01458],[-70.48493,40.01875],[-70.48542,40.01895],[-70.48575,40.01875],[-70.48958,40.01671],[-70.49196,40.01458],[-70.49375,40.01299],[-70.49741,40.01042],[-70.49792,40.00988],[-70.50167,40.00625],[-70.50208,40.00575],[-70.50524,40.00208],[-70.50524,40]]},"properties":{"fid":13035,"ID":13034,"ELEV":-500}},
{"type":"Feature","geometry":{"type":"LineString","coordinates":[[-70.18079,40],[-70.18079,40.00208],[-70.18013,40.00625],[-70.17973,40.01042],[-70.17945,40.01458],[-70.18125,40.01875],[-70.18511,40.02292],[-70.18542,40.02341],[-70.18839,40.02708],[-70.18958,40.02833],[-70.19375,40.02792],[-70.19418,40.02708],[-70.19577,40.02292],[-70.19724,40.01875],[-70.19792,40.01736],[-70.1987,40.01458],[-70.20062,40.01042],[-70.20208,40.00828],[-70.20345,40.00625],[-70.20582,40.00208],[-70.20582,40]]},"properties":{"fid":13036,"ID":13035,"ELEV":-400}},
{"type":"Feature","geometry":{"type":"LineString","coordinates":[[-70.47895,40],[-70.47895,40.00208],[-70.4787,40.00625],[-70.47708,40.00898],[-70.47616,40.01042],[-70.4751,40.01458],[-70.47513,40.01875],[-70.47545,40.02292],[-70.47639,40.02708],[-70.47708,40.02795],[-70.48125,40.02958],[-70.48542,40.02906],[-70.48958,40.02783],[-70.49091,40.02708],[-70.49375,40.02507],[-70.49726,40.02292],[-70.49792,40.0224],[-70.50074,40.01875],[-70.50208,40.01726],[-70.5045,40.01458],[-70.50625,40.01323],[-70.50899,40.01042],[-70.51042,40.0088],[-70.51255,40.00625],[-70.51458,40.00312],[-70.51539,40.00208],[-70.51539,40]]},"properties":{"fid":13037,"ID":13036,"ELEV":-400}},
{"type":"Feature","geometry":{"type":"LineString","coordinates":[[-70.45023,40],[-70.45023,40.00208],[-70.45208,40.00417],[-70.45394,40.00625],[-70.45625,40.00972],[-70.45671,40.01042],[-70.45797,40.01458],[-70.45859,40.01875],[-70.45625,40.02232],[-70.45585,40.02292],[-70.45579,40.02708],[-70.45625,40.03042],[-70.45671,40.03125],[-70.45937,40.03542],[-70.46042,40.03617],[-70.4633,40.03958],[-70.46458,40.04125],[-70.46625,40.04375],[-70.46875,40.04643],[-70.47222,40.04792],[-70.47292,40.04808],[-70.47338,40.04792],[-70.47708,40.04681],[-70.48125,40.04556],[-70.48396,40.04375],[-70.48542,40.04248],[-70.48934,40.03958],[-70.48958,40.03944],[-70.49375,40.0375],[-70.49792,40.03542],[-70.50208,40.0327],[-70.50404,40.03125],[-70.50625,40.02991],[-70.51002,40.02708],[-70.51042,40.02659],[-70.51339,40.02292],[-70.51458,40.02099],[-70.5162,40.01875],[-70.51875,40.01522],[-70.51927,40.01458],[-70.52273,40.01042],[-70.52292,40.0102],[-70.52708,40.00625],[-70.53093,40.00208],[-70.53093,40]]},"properties":{"fid":13038,"ID":13037,"ELEV":-300}},
{"type":"Feature","geometry":{"type":"LineString","coordinates":[[-70.975,40],[-70.975,40.00208],[-70.97708,40.00347],[-70.98125,40.00625],[-70.98542,40.00573],[-70.98681,40.00625],[-70.98958,40.00718],[-70.99323,40.01042],[-70.99375,40.01083],[-70.99792,40.01298],[-71.00023,40.01458],[-71.00208,40.0161],[-71.00625,40.01648],[-71.01042,40.01648],[-71.01458,40.01644],[-71.01875,40.01648],[-71.02292,40.01583],[-71.02604,40.01458],[-71.02708,40.01417],[-71.03125,40.01412],[-71.03264,40.01458],[-71.03542,40.01551],[-71.03646,40.01458],[-71.03958,40.01181],[-71.04208,40.01042],[-71.04375,40.00938],[-71.04792,40.00833],[-71.05208,40.00852],[-71.05469,40.01042],[-71.05625,40.01131],[-71.05804,40.01042],[-71.06042,40.0089],[-71.06458,40.00694],[-71.06736,40.00625],[-71.06875,40.00417],[-71.07292,40.00375],[-71.07708,40.00469],[-71.08125,40.00327],[-71.08292,40.00208],[-71.08292,40]]},"properties":{"fid":13039,"ID":13038,"ELEV":-300}},
{"type":"Feature","geometry":{"type":"LineString","coordinates":[[-70.17359,40],[-70.17359,40.00208],[-70.17292,40.00625],[-70.17174,40.01042],[-70.17109,40.01458],[-70.1716,40.01875],[-70.17292,40.02176],[-70.17341,40.02292],[-70.175,40.02708],[-70.17649,40.03125],[-70.17708,40.03223],[-70.17909,40.03542],[-70.18125,40.03885],[-70.18185,40.03958],[-70.18462,40.04375],[-70.18542,40.04503],[-70.1881,40.04792],[-70.18958,40.04952],[-70.19167,40.05208],[-70.19375,40.05486],[-70.19792,40.05495],[-70.19931,40.05208],[-70.20065,40.04792],[-70.20208,40.04413],[-70.20219,40.04375],[-70.20271,40.03958],[-70.20334,40.03542],[-70.20395,40.03125],[-70.20425,40.02708],[-70.20502,40.02292],[-70.20562,40.01875],[-70.20625,40.0161],[-70.20676,40.01458],[-70.20906,40.01042],[-70.21042,40.00878],[-70.21294,40.00625],[-70.21458,40.00379],[-70.21637,40.00208],[-70.21637,40]]},"properties":{"fid":13040,"ID":13039,"ELEV":-300}},
{"type":"Feature","geometry":{"type":"LineString","coordinates":[[-71.32616,40],[-71.32616,40.00208],[-71.32708,40.00417],[-71.32786,40.00208],[-71.32786,40]]},"properties":{"fid":13041,"ID":13040,"ELEV":-300}},
{"type":"Feature","geometry":{"type":"LineString","coordinates":[[-71.09315,40],[-71.09315,40.00208],[-71.09375,40.00238],[-71.09792,40.00238],[-71.10208,40.00238],[-71.10625,40.00238],[-71.10833,40.00208],[-71.10833,40]]},"properties":{"fid":13042,"ID":13041,"ELEV":-300}},
{"type":"Feature","geometry":{"type":"LineString","coordinates":[[-70.86273,40],[-70.86273,40.00208],[-70.86458,40.00337],[-70.86875,40.00271],[-70.87083,40.00208],[-70.87083,40]]},"properties":{"fid":13043,"ID":13042,"ELEV":-300}},
{"type":"Feature","geometry":{"type":"LineString","coordinates":[[-70.26736,40],[-70.26736,40.00208],[-70.26875,40.00246],[-70.27292,40.00382],[-70.27708,40.00433],[-70.28125,40.00465],[-70.28542,40.00433],[-70.28958,40.00369],[-70.29375,40.00304],[-70.29792,40.00208],[-70.29792,40]]},"properties":{"fid":13044,"ID":13043,"ELEV":-300}},
{"type":"Feature","geometry":{"type":"LineString","coordinates":[[-70.13854,40],[-70.13854,40.00208],[-70.13958,40.0026],[-70.14375,40.00556],[-70.14479,40.00625],[-70.14792,40.00804],[-70.1503,40.01042],[-70.15208,40.01354],[-70.15246,40.01458],[-70.15255,40.01875],[-70.15292,40.02292],[-70.15469,40.02708],[-70.15625,40.03125],[-70.15875,40.03542],[-70.16042,40.0378],[-70.1612,40.03958],[-70.1622,40.04375],[-70.16362,40.04792],[-70.16146,40.05208],[-70.16458,40.05521],[-70.16496,40.05625],[-70.16833,40.06042],[-70.16875,40.06101],[-70.17083,40.06458],[-70.17254,40.06875],[-70.17292,40.06944],[-70.17452,40.07292],[-70.17649,40.07708],[-70.17708,40.08125],[-70.18125,40.0817],[-70.18542,40.08139],[-70.18556,40.08125],[-70.18835,40.07708],[-70.18958,40.07625],[-70.19375,40.07321],[-70.19407,40.07292],[-70.19792,40.07054],[-70.20019,40.06875],[-70.20208,40.06562],[-70.20283,40.06458],[-70.20625,40.06075],[-70.20656,40.06042],[-70.20934,40.05625],[-70.21042,40.0544],[-70.2124,40.05208],[-70.21458,40.04856],[-70.21551,40.04792],[-70.21875,40.04375],[-70.21811,40.03958],[-70.21875,40.0375],[-70.22042,40.03542],[-70.22292,40.03292],[-70.22708,40.03125],[-70.23125,40.02865],[-70.23542,40.03021],[-70.23708,40.03125],[-70.23958,40.03281],[-70.24375,40.03385],[-70.24792,40.0349],[-70.25,40.03542],[-70.25208,40.03601],[-70.25625,40.03611],[-70.26042,40.03681],[-70.26458,40.0375],[-70.26875,40.03792],[-70.27292,40.03899],[-70.27708,40.03917],[-70.28125,40.03912],[-70.28542,40.03958],[-70.28958,40.03958],[-70.29375,40.03958],[-70.29792,40.03906],[-70.30208,40.03854],[-70.30625,40.03854],[-70.31042,40.03792],[-70.31458,40.03708],[-70.31875,40.03698],[-70.32292,40.03594],[-70.32708,40.03594],[-70.32917,40.03542],[-70.33125,40.03472],[-70.33542,40.03333],[-70.33958,40.03333],[-70.34375,40.03385],[-70.34792,40.03304],[-70.35208,40.03244],[-70.35625,40.03125],[-70.36042,40.03065],[-70.36458,40.03006],[-70.36875,40.03006],[-70.37292,40.03021],[-70.37708,40.03073],[-70.37917,40.03125],[-70.38125,40.03171],[-70.38542,40.03125],[-70.38958,40.03065],[-70.39375,40.03083],[-70.39514,40.03125],[-70.39792,40.03264],[-70.40208,40.03423],[-70.40625,40.03472],[-70.40764,40.03542],[-70.41042,40.03958],[-70.4125,40.04375],[-70.41458,40.04653],[-70.41528,40.04792],[-70.41875,40.05139],[-70.42014,40.05208],[-70.42292,40.05347],[-70.42708,40.05506],[-70.42875,40.05625],[-70.43125,40.05875],[-70.43333,40.06042],[-70.43542,40.06208],[-70.43792,40.06458],[-70.43958,40.06625],[-70.44167,40.06875],[-70.44375,40.06979],[-70.44792,40.07049],[-70.45208,40.07118],[-70.45625,40.07163],[-70.46042,40.07125],[-70.46458,40.07042],[-70.46875,40.06971],[-70.47292,40.06931],[-70.47411,40.06875],[-70.47708,40.06745],[-70.48125,40.06641],[-70.48542,40.06542],[-70.4872,40.06458],[-70.48958,40.06347],[-70.49375,40.06131],[-70.49489,40.06042],[-70.49764,40.05625],[-70.49792,40.05602],[-70.50208,40.05463],[-70.50625,40.05313],[-70.50958,40.05208],[-70.51042,40.05182],[-70.51458,40.05208],[-70.51875,40.05037],[-70.52292,40.04844],[-70.52458,40.04792],[-70.52708,40.04696],[-70.53125,40.04444],[-70.53218,40.04375],[-70.53542,40.04083],[-70.53854,40.03958],[-70.53958,40.03906],[-70.54375,40.03646],[-70.54542,40.03542],[-70.54792,40.03403],[-70.55208,40.03171],[-70.55292,40.03125],[-70.55625,40.02887],[-70.55937,40.02708],[-70.56042,40.02662],[-70.56458,40.02552],[-70.56875,40.02458],[-70.57292,40.02384],[-70.57708,40.02292],[-70.58125,40.02245],[-70.58542,40.02135],[-70.58958,40.02014],[-70.59375,40.01927],[-70.59792,40.01875],[-70.60208,40.01875],[-70.60625,40.02094],[-70.61042,40.02083],[-70.61458,40.02106],[-70.61875,40.0206],[-70.62245,40.01875],[-70.62292,40.01837],[-70.62708,40.01837],[-70.63125,40.01799],[-70.63542,40.01837],[-70.63958,40.01837],[-70.64062,40.01875],[-70.64375,40.02014],[-70.64792,40.02125],[-70.65125,40.02292],[-70.65208,40.02316],[-70.65347,40.02292],[-70.65625,40.02188],[-70.66042,40.02113],[-70.66458,40.0224],[-70.66542,40.02292],[-70.66875,40.0239],[-70.67208,40.02292],[-70.67292,40.02254],[-70.67708,40.02188],[-70.68125,40.02222],[-70.68542,40.0225],[-70.68958,40.02292],[-70.69375,40.02292],[-70.69792,40.02417],[-70.70208,40.02448],[-70.70625,40.02569],[-70.71042,40.02612],[-70.71458,40.02535],[-70.71875,40.02569],[-70.72292,40.02633],[-70.72708,40.02708],[-70.73125,40.02847],[-70.73542,40.02958],[-70.73958,40.02995],[-70.74375,40.03056],[-70.74792,40.03079],[-70.75208,40.03056],[-70.75625,40.03014],[-70.75958,40.03125],[-70.76042,40.03157],[-70.76458,40.03319],[-70.76875,40.03403],[-70.77292,40.035],[-70.77431,40.03542],[-70.77708,40.03611],[-70.78125,40.03681],[-70.78542,40.03785],[-70.78958,40.03866],[-70.79375,40.03899],[-70.79583,40.03958],[-70.79792,40.04005],[-70.80208,40.04051],[-70.80625,40.03958],[-70.81042,40.03958],[-70.81458,40.04005],[-70.81875,40.04051],[-70.82292,40.04167],[-70.82708,40.04375],[-70.83125,40.04421],[-70.83542,40.04503],[-70.83958,40.0455],[-70.84375,40.04572],[-70.84792,40.04604],[-70.85208,40.04633],[-70.85625,40.04667],[-70.86042,40.04757],[-70.8625,40.04792],[-70.86458,40.04838],[-70.86875,40.04833],[-70.87292,40.04875],[-70.87708,40.04917],[-70.88125,40.04958],[-70.88542,40.04958],[-70.88958,40.04977],[-70.89375,40.05],[-70.89792,40.04948],[-70.90208,40.04875],[-70.90625,40.04896],[-70.91042,40.05],[-70.91458,40.05139],[-70.91875,40.05104],[-70.92292,40.05116],[-70.92708,40.05116],[-70.93125,40.05162],[-70.93333,40.05208],[-70.93542,40.05268],[-70.93958,40.05347],[-70.94375,40.05446],[-70.94792,40.05506],[-70.95208,40.05565],[-70.95417,40.05625],[-70.95625,40.05764],[-70.96042,40.05833],[-70.96458,40.05938],[-70.96667,40.06042],[-70.96875,40.06146],[-70.97292,40.06375],[-70.975,40.06458],[-70.97708,40.06518],[-70.98125,40.06637],[-70.98542,40.06756],[-70.98819,40.06875],[-70.98958,40.06958],[-70.99375,40.07125],[-70.99792,40.07292],[-71.00208,40.07292],[-71.00625,40.07361],[-71.01042,40.07431],[-71.01458,40.07569],[-71.01875,40.07431],[-71.02292,40.075],[-71.02458,40.07708],[-71.02708,40.08125],[-71.02887,40.07708],[-71.03125,40.07597],[-71.03452,40.07292],[-71.03542,40.07083],[-71.03958,40.07113],[-71.04375,40.07153],[-71.04792,40.07083],[-71.05208,40.07102],[-71.05625,40.07292],[-71.06042,40.07014],[-71.06458,40.06875],[-71.06875,40.06944],[-71.06979,40.06875],[-71.07292,40.06625],[-71.07708,40.06458],[-71.08125,40.06406],[-71.08542,40.06389],[-71.08958,40.06458],[-71.09375,40.06458],[-71.09792,40.06292],[-71.10208,40.06319],[-71.10625,40.06375],[-71.11042,40.06375],[-71.11458,40.06458],[-71.11875,40.06458],[-71.12292,40.06458],[-71.12708,40.06375],[-71.13125,40.06354],[-71.13542,40.06375],[-71.13958,40.06375],[-71.14375,40.06354],[-71.14421,40.06458],[-71.14792,40.06681],[-71.15162,40.06458],[-71.15208,40.06319],[-71.15625,40.0625],[-71.15804,40.06458],[-71.16042,40.06696],[-71.1625,40.06458],[-71.16458,40.06042],[-71.16875,40.05958],[-71.17292,40.05875],[-71.17708,40.05792],[-71.18125,40.05972],[-71.18542,40.05833],[-71.18958,40.05694],[-71.19097,40.05625],[-71.19375,40.05417],[-71.19792,40.05278],[-71.20208,40.05278],[-71.20268,40.05208],[-71.20625,40.04851],[-71.20833,40.04792],[-71.21042,40.04708],[-71.21458,40.04444],[-71.21667,40.04375],[-71.21875,40.04306],[-71.22292,40.04167],[-71.22708,40.03958],[-71.23125,40.0372],[-71.23542,40.03542],[-71.23958,40.03333],[-71.24375,40.03194],[-71.24479,40.03125],[-71.24792,40.02813],[-71.25,40.02708],[-71.25208,40.02639],[-71.25625,40.02361],[-71.25708,40.02292],[-71.26042,40.02083],[-71.26375,40.01875],[-71.26458,40.01837],[-71.26875,40.01625],[-71.27208,40.01458],[-71.27292,40.01429],[-71.27653,40.01042],[-71.27708,40.00966],[-71.28125,40.00917],[-71.28542,40.00729],[-71.2875,40.00625],[-71.28958,40.00542],[-71.29375,40.00394],[-71.29722,40.00625],[-71.29792,40.00648],[-71.29851,40.00625],[-71.3,40.00208],[-71.3,40]]},"properties":{"fid":13045,"ID":13044,"ELEV":-200}},
{"type":"Feature","geometry":{"type":"LineString","coordinates":[[-71.31661,40],[-71.31661,40.00208],[-71.31749,40.00625],[-71.31852,40.01042],[-71.31875,40.01088],[-71.32097,40.01458],[-71.32183,40.01875],[-71.32153,40.02292],[-71.32292,40.02649],[-71.32708,40.02533],[-71.33125,40.0256],[-71.33542,40.02633],[-71.33958,40.02655],[-71.34156,40.02292],[-71.34131,40.01875],[-71.34375,40.01476],[-71.34393,40.01458],[-71.34375,40.01409],[-71.34125,40.01042],[-71.33958,40.0081],[-71.33879,40.00625],[-71.33958,40.00208],[-71.33958,40]]},"properties":{"fid":13046,"ID":13045,"ELEV":-200}},
{"type":"Feature","geometry":{"type":"LineString","coordinates":[[-70,40.18542],[-70.00208,40.18542],[-70.00625,40.18125],[-70.01042,40.18125],[-70.01458,40.18125],[-70.01875,40.18125],[-70.02292,40.18125],[-70.02708,40.18125],[-70.03125,40.18125],[-70.03542,40.18125],[-70.03958,40.18125],[-70.04375,40.18125],[-70.04792,40.18125],[-70.05208,40.18125],[-70.05625,40.18125],[-70.05208,40.18125],[-70.04792,40.18542],[-70.04375,40.18958],[-70.04375,40.19375],[-70.04792,40.19583],[-70.05208,40.19583],[-70.05625,40.19375],[-70.06042,40.19375],[-70.06458,40.19375],[-70.06875,40.19375],[-70.07292,40.19375],[-70.07708,40.19375],[-70.08125,40.19375],[-70.07708,40.19792],[-70.08125,40.20208],[-70.08542,40.20208],[-70.08958,40.20208],[-70.09375,40.2],[-70.09792,40.20208],[-70.10208,40.20208],[-70.10625,40.20069],[-70.11042,40.2],[-70.11458,40.2],[-70.11875,40.2],[-70.12292,40.2],[-70.12708,40.19792],[-70.13125,40.19792],[-70.13542,40.20208],[-70.13958,40.20208],[-70.14375,40.19792],[-70.14792,40.19583],[-70.15208,40.19792],[-70.15625,40.2],[-70.16042,40.20208],[-70.16458,40.20417],[-70.16875,40.20625],[-70.17292,40.21042],[-70.17708,40.21042],[-70.18125,40.20625],[-70.17708,40.20208],[-70.17292,40.19792],[-70.16875,40.19792],[-70.16458,40.19792],[-70.16458,40.19375],[-70.16875,40.19375],[-70.17292,40.19792],[-70.17708,40.20208],[-70.18125,40.20625],[-70.18542,40.20625],[-70.18958,40.20625],[-70.19375,40.20208],[-70.19792,40.20208],[-70.20208,40.20208],[-70.20625,40.20208],[-70.21042,40.20625],[-70.21458,40.20625],[-70.21875,40.21042],[-70.22292,40.21458],[-70.22708,40.21458],[-70.23125,40.21458],[-70.23542,40.21875],[-70.23958,40.21875],[-70.24375,40.21667],[-70.24792,40.21667],[-70.25208,40.21875],[-70.25625,40.21667],[-70.26042,40.21667],[-70.26458,40.21667],[-70.26875,40.21458],[-70.27292,40.21042],[-70.27708,40.21319],[-70.27917,40.21458],[-70.28125,40.21597],[-70.28542,40.21458],[-70.28958,40.21458],[-70.29375,40.21458],[-70.29792,40.21875],[-70.30208,40.22292],[-70.30625,40.22708],[-70.31042,40.22708],[-70.31458,40.22708],[-70.31875,40.22708],[-70.32292,40.22708],[-70.32708,40.22708],[-70.33125,40.23125],[-70.33542,40.23125],[-70.33958,40.23542],[-70.34375,40.23542],[-70.34792,40.23958],[-70.35208,40.23958],[-70.35625,40.23958],[-70.36042,40.23958],[-70.36458,40.24375],[-70.36875,40.24792],[-70.37292,40.25208],[-70.37708,40.25625],[-70.38125,40.25625],[-70.38542,40.26042],[-70.38958,40.26042],[-70.39375,40.26042],[-70.39792,40.26458],[-70.40208,40.26597],[-70.40625,40.26875],[-70.41042,40.27083],[-70.41458,40.26875],[-70.41042,40.26458],[-70.40625,40.2625],[-70.40347,40.26042],[-70.40208,40.25833],[-70.4,40.25625],[-70.39792,40.25417],[-70.39583,40.25208],[-70.39375,40.25],[-70.39167,40.24792],[-70.39375,40.24653],[-70.39514,40.24792],[-70.39792,40.25069],[-70.4,40.25208],[-70.40208,40.25417],[-70.40417,40.25625],[-70.40625,40.25764],[-70.41042,40.26042],[-70.41458,40.26042],[-70.41875,40.26042],[-70.42292,40.26458],[-70.41875,40.26875],[-70.42292,40.27083],[-70.425,40.27292],[-70.42708,40.27431],[-70.43125,40.27708],[-70.43542,40.27708],[-70.43958,40.27708],[-70.44375,40.27708],[-70.44792,40.27708],[-70.45208,40.27292],[-70.45625,40.27708],[-70.46042,40.27708],[-70.46458,40.27708],[-70.46875,40.27708],[-70.47292,40.27708],[-70.47708,40.27708],[-70.48125,40.27917],[-70.48542,40.27917],[-70.48958,40.27917],[-70.49375,40.27917],[-70.49792,40.28125],[-70.50208,40.28125],[-70.50625,40.28125],[-70.51042,40.28542],[-70.51458,40.28542],[-70.51875,40.28958],[-70.52292,40.28958],[-70.52708,40.29375],[-70.53125,40.29375],[-70.53542,40.29375],[-70.53958,40.29375],[-70.54375,40.29375],[-70.54792,40.29792],[-70.55208,40.29792],[-70.55625,40.29792],[-70.56042,40.29792],[-70.56458,40.30208],[-70.56875,40.30625],[-70.57292,40.30625],[-70.57708,40.30625],[-70.58125,40.30625],[-70.58542,40.30625],[-70.58958,40.30625],[-70.59375,40.31042],[-70.59792,40.31458],[-70.60208,40.31042],[-70.60625,40.31042],[-70.61042,40.31042],[-70.61458,40.31042],[-70.61875,40.31458],[-70.62292,40.31597],[-70.62708,40.31458],[-70.63125,40.31458],[-70.63542,40.31458],[-70.63958,40.31458],[-70.63958,40.31875],[-70.63958,40.32292],[-70.64375,40.32361],[-70.64792,40.32396],[-70.65208,40.32431],[-70.65625,40.32292],[-70.66042,40.325],[-70.66458,40.325],[-70.66875,40.32292],[-70.67292,40.32153],[-70.67708,40.32292],[-70.68125,40.32292],[-70.68542,40.32292],[-70.68958,40.32292],[-70.69375,40.32292],[-70.69792,40.32292],[-70.70208,40.32292],[-70.70625,40.32292],[-70.71042,40.325],[-70.71458,40.325],[-70.71875,40.32292],[-70.72292,40.32292],[-70.72708,40.325],[-70.73125,40.325],[-70.73542,40.325],[-70.73958,40.325],[-70.74375,40.32708],[-70.74792,40.32708],[-70.75208,40.32708],[-70.75625,40.32917],[-70.76042,40.32708],[-70.76458,40.32708],[-70.76875,40.33021],[-70.77292,40.32986],[-70.775,40.33125],[-70.77708,40.33264],[-70.78125,40.33542],[-70.78542,40.33333],[-70.78958,40.33542],[-70.79375,40.33542],[-70.79792,40.33681],[-70.80208,40.3375],[-70.80625,40.33958],[-70.81042,40.34236],[-70.81458,40.34375],[-70.81875,40.34514],[-70.82292,40.34583],[-70.82458,40.34375],[-70.82292,40.34097],[-70.81875,40.34167],[-70.81792,40.33958],[-70.81458,40.33625],[-70.81042,40.3375],[-70.80833,40.33542],[-70.80625,40.33264],[-70.80208,40.33125],[-70.80625,40.32917],[-70.81042,40.33125],[-70.81458,40.33125],[-70.81875,40.33542],[-70.82292,40.33125],[-70.82708,40.32708],[-70.83125,40.32708],[-70.83542,40.32292],[-70.83958,40.32292],[-70.84375,40.32708],[-70.84792,40.32708],[-70.85208,40.32708],[-70.85625,40.32708],[-70.86042,40.32708],[-70.86458,40.32292],[-70.86042,40.31875],[-70.86458,40.31875],[-70.86875,40.31875],[-70.87292,40.32292],[-70.87708,40.325],[-70.88125,40.32292],[-70.88542,40.31875],[-70.88958,40.31875],[-70.89375,40.31875],[-70.89792,40.31875],[-70.90208,40.32292],[-70.90625,40.31875],[-70.91042,40.31875],[-70.91458,40.31875],[-70.91875,40.32153],[-70.92153,40.32292],[-70.92187,40.32708],[-70.92292,40.32917],[-70.92708,40.32708],[-70.93125,40.32708],[-70.93375,40.32292],[-70.93458,40.31875],[-70.93542,40.31667],[-70.93958,40.31458],[-70.94375,40.31458],[-70.94792,40.31319],[-70.95208,40.31319],[-70.95625,40.31319],[-70.96042,40.3125],[-70.96458,40.3125],[-70.96875,40.3125],[-70.97292,40.3125],[-70.97708,40.31042],[-70.98125,40.31042],[-70.98542,40.31042],[-70.98958,40.30833],[-70.99375,40.30625],[-70.99792,40.30625],[-71.00208,40.30625],[-71.00625,40.30625],[-71.01042,40.30625],[-71.01458,40.30208],[-71.01875,40.30208],[-71.02292,40.30208],[-71.02708,40.29792],[-71.03125,40.29375],[-71.03542,40.29375],[-71.03958,40.29375],[-71.04375,40.28958],[-71.04792,40.28958],[-71.05208,40.28542],[-71.05625,40.28125],[-71.06042,40.27708],[-71.06458,40.27569],[-71.06875,40.275],[-71.07292,40.27292],[-71.07708,40.27292],[-71.08125,40.27083],[-71.08542,40.26875],[-71.08958,40.26875],[-71.09375,40.26667],[-71.09792,40.26458],[-71.10208,40.26458],[-71.10625,40.26458],[-71.11042,40.26042],[-71.11458,40.25833],[-71.11875,40.25625],[-71.12292,40.25625],[-71.12708,40.25625],[-71.13125,40.25625],[-71.13542,40.25417],[-71.13958,40.25208],[-71.14375,40.25],[-71.14792,40.25],[-71.15208,40.25208],[-71.15486,40.24792],[-71.15625,40.24688],[-71.16042,40.24514],[-71.16458,40.24583],[-71.16875,40.24583],[-71.17292,40.24375],[-71.17708,40.24375],[-71.18125,40.24236],[-71.18542,40.24097],[-71.18958,40.24097],[-71.19375,40.23958],[-71.19792,40.23542],[-71.20208,40.23125],[-71.20625,40.22708],[-71.21042,40.22292],[-71.2125,40.21875],[-71.21458,40.21458],[-71.21875,40.21042],[-71.22292,40.20833],[-71.22708,40.20625],[-71.23125,40.20486],[-71.23542,40.20417],[-71.2375,40.20208],[-71.23958,40.19792],[-71.23958,40.19375],[-71.24375,40.19167],[-71.24792,40.18958],[-71.25208,40.18958],[-71.25625,40.18958],[-71.26042,40.18542],[-71.2625,40.18125],[-71.26458,40.17708],[-71.26042,40.17292],[-71.26042,40.16875],[-71.26458,40.16875],[-71.26875,40.16458],[-71.27292,40.16042],[-71.27708,40.15625],[-71.27708,40.15208],[-71.27708,40.15625],[-71.27986,40.16042],[-71.28125,40.16458],[-71.28542,40.16042],[-71.28625,40.15625],[-71.2875,40.15208],[-71.28875,40.14792],[-71.28889,40.14375],[-71.28958,40.13958],[-71.29375,40.13542],[-71.29375,40.13125],[-71.29792,40.12708],[-71.30208,40.125],[-71.30625,40.12292],[-71.31042,40.12083],[-71.3125,40.11875],[-71.31458,40.11458],[-71.31875,40.11042],[-71.32292,40.10625],[-71.32708,40.10208],[-71.32917,40.09792],[-71.33125,40.09375],[-71.33542,40.09167],[-71.33958,40.08958],[-71.34375,40.0875],[-71.34583,40.08542],[-71.34792,40.08333],[-71.35,40.08125],[-71.35208,40.07708],[-71.35625,40.07431],[-71.35833,40.07292],[-71.36042,40.07153],[-71.36319,40.06875],[-71.36458,40.06667],[-71.36667,40.06458],[-71.36875,40.0625],[-71.37292,40.06042],[-71.37708,40.06042],[-71.38125,40.05625],[-71.38542,40.05208],[-71.38958,40.05],[-71.39167,40.04792],[-71.39236,40.04375],[-71.39375,40.04271],[-71.39792,40.04375],[-71.40208,40.04167],[-71.40625,40.04167],[-71.41042,40.03958],[-71.41458,40.0375],[-71.41875,40.03542],[-71.42292,40.03125],[-71.42708,40.03125],[-71.43125,40.02917],[-71.43542,40.02708],[-71.43958,40.02708],[-71.44375,40.02431],[-71.44792,40.02292],[-71.45208,40.02083],[-71.45625,40.01875],[-71.46042,40.01875],[-71.46458,40.01458],[-71.46042,40.01399],[-71.45625,40.01354],[-71.45375,40.01042],[-71.45625,40.00764],[-71.45937,40.00625],[-71.46042,40.00573],[-71.46333,40.00208],[-71.46333,40]]},"properties":{"fid":13047,"ID":13046,"ELEV":-100}},
{"type":"Feature","geometry":{"type":"LineString","coordinates":[[-71.50208,40],[-71.50208,40.00208],[-71.50208,40.00625],[-71.50625,40.00833],[-71.51042,40.00833],[-71.51181,40.00625],[-71.5125,40.00208],[-71.5125,40]]},"properties":{"fid":13048,"ID":13047,"ELEV":-100}},
{"type":"Feature","geometry":{"type":"LineString","coordinates":[[-71.475,40],[-71.475,40.00208],[-71.47458,40.00625],[-71.47708,40.0075],[-71.48125,40.00833],[-71.48542,40.00625],[-71.48958,40.00625],[-71.49375,40.00625],[-71.49792,40.00625],[-71.50208,40.00208],[-71.50208,40]]},"properties":{"fid":13049,"ID":13048,"ELEV":-100}},
{"type":"Feature","geometry":{"type":"LineString","coordinates":[[-70,41.66696],[-70.00208,41.66696],[-70.00458,41.66875],[-70.00625,41.67042],[-70.01042,41.67083],[-70.01458,41.66958],[-70.01875,41.67083],[-70.02292,41.66958],[-70.02708,41.66875],[-70.03125,41.66597],[-70.03542,41.66597],[-70.03958,41.66597],[-70.04375,41.66458],[-70.04792,41.6625],[-70.05208,41.6625],[-70.05625,41.6625],[-70.06042,41.66458],[-70.06458,41.6625],[-70.06875,41.66094],[-70.07292,41.66125],[-70.07708,41.66181],[-70.08125,41.66042],[-70.08542,41.66042],[-70.08958,41.66042],[-70.09375,41.65833],[-70.09792,41.65833],[-70.10208,41.65833],[-70.10625,41.65833],[-70.11042,41.65677],[-70.11458,41.65694],[-70.11875,41.65625],[-70.12292,41.65301],[-70.12708,41.65301],[-70.13125,41.65255],[-70.13542,41.6526],[-70.13625,41.65208],[-70.13958,41.64931],[-70.14375,41.64896],[-70.14792,41.64875],[-70.15208,41.64931],[-70.15625,41.65],[-70.16042,41.64931],[-70.16458,41.64911],[-70.16875,41.64958],[-70.17292,41.64931],[-70.17708,41.64931],[-70.18125,41.64931],[-70.18542,41.64896],[-70.18958,41.65],[-70.19375,41.64896],[-70.19479,41.64792],[-70.19792,41.64479],[-70.20208,41.64375],[-70.20625,41.64018],[-70.21042,41.64018],[-70.21458,41.63958],[-70.21875,41.63542],[-70.22292,41.63542],[-70.22708,41.63264],[-70.23125,41.63229],[-70.23542,41.63208],[-70.23958,41.63208],[-70.24062,41.63125],[-70.24375,41.62875],[-70.24792,41.62792],[-70.24896,41.62708],[-70.25208,41.62292],[-70.25417,41.61875],[-70.25625,41.61667],[-70.26042,41.61496],[-70.26076,41.61458],[-70.26458,41.61076],[-70.26528,41.61042],[-70.26875,41.60744],[-70.27173,41.61042],[-70.27292,41.61181],[-70.27569,41.61458],[-70.27589,41.61875],[-70.27625,41.62292],[-70.27604,41.62708],[-70.27292,41.63021],[-70.26875,41.63042],[-70.26458,41.63042],[-70.26354,41.63125],[-70.26042,41.63438],[-70.25625,41.63458],[-70.25208,41.63472],[-70.24792,41.63542],[-70.25,41.63958],[-70.25208,41.64042],[-70.25542,41.64375],[-70.25625,41.64514],[-70.26042,41.64435],[-70.26458,41.64479],[-70.26875,41.64444],[-70.27292,41.64514],[-70.27708,41.64479],[-70.27812,41.64375],[-70.27917,41.63958],[-70.27708,41.6375],[-70.27458,41.63542],[-70.27708,41.63229],[-70.28125,41.63264],[-70.28542,41.63264],[-70.28958,41.63244],[-70.29375,41.63208],[-70.29792,41.63171],[-70.30208,41.63125],[-70.30625,41.62736],[-70.31042,41.62812],[-70.31111,41.62708],[-70.31458,41.62411],[-70.31875,41.625],[-70.32292,41.62542],[-70.32431,41.62708],[-70.32708,41.62875],[-70.32986,41.63125],[-70.33125,41.63304],[-70.33542,41.63363],[-70.33958,41.63472],[-70.34062,41.63542],[-70.34375,41.63792],[-70.34554,41.63542],[-70.34792,41.63333],[-70.35208,41.63292],[-70.35625,41.63177],[-70.35764,41.63125],[-70.35833,41.62708],[-70.36042,41.625],[-70.3625,41.62292],[-70.36458,41.62083],[-70.36667,41.61875],[-70.36875,41.61458],[-70.37292,41.61042],[-70.37708,41.61042],[-70.38125,41.61042],[-70.38542,41.60833],[-70.38958,41.60694],[-70.39375,41.60663],[-70.39792,41.60708],[-70.40208,41.60729],[-70.40625,41.60833],[-70.41042,41.60708],[-70.41375,41.61042],[-70.41458,41.6108],[-70.41875,41.61161],[-70.42292,41.61198],[-70.42708,41.6125],[-70.43125,41.6125],[-70.43163,41.61042],[-70.43125,41.60938],[-70.42708,41.60764],[-70.42542,41.60625],[-70.42708,41.60347],[-70.43125,41.60313],[-70.43542,41.60255],[-70.43958,41.60284],[-70.44097,41.60208],[-70.44097,41.59792],[-70.44375,41.59458],[-70.44417,41.59375],[-70.44792,41.59034],[-70.45208,41.59042],[-70.45417,41.58958],[-70.45375,41.58542],[-70.45375,41.58125],[-70.45625,41.57875],[-70.46042,41.57778],[-70.46094,41.57708],[-70.46146,41.57292],[-70.4625,41.56875],[-70.46458,41.56597],[-70.46562,41.56458],[-70.46875,41.56208],[-70.47153,41.56042],[-70.47292,41.55972],[-70.47708,41.55903],[-70.48125,41.55671],[-70.48542,41.55663],[-70.48681,41.55625],[-70.48958,41.55486],[-70.49375,41.55365],[-70.49583,41.55208],[-70.49792,41.55069],[-70.50208,41.55149],[-70.50625,41.55104],[-70.51042,41.55089],[-70.51458,41.55104],[-70.51875,41.55208],[-70.52292,41.55149],[-70.52649,41.54792],[-70.52708,41.54745],[-70.53125,41.54745],[-70.53194,41.54792],[-70.53542,41.55089],[-70.53958,41.55069],[-70.54375,41.55042],[-70.54792,41.55104],[-70.55208,41.55069],[-70.55625,41.54931],[-70.56042,41.54792],[-70.56458,41.54896],[-70.56875,41.55069],[-70.57083,41.55208],[-70.57292,41.55313],[-70.57431,41.55208],[-70.57569,41.54792],[-70.57708,41.54708],[-70.57792,41.54792],[-70.58125,41.55125],[-70.58542,41.55208],[-70.58819,41.54792],[-70.58958,41.54583],[-70.59375,41.54514],[-70.59458,41.54375],[-70.59792,41.54167],[-70.60208,41.54167],[-70.60417,41.54375],[-70.60625,41.54653],[-70.61042,41.54625],[-70.61354,41.54375],[-70.61458,41.54292],[-70.61875,41.54375],[-70.62292,41.54375],[-70.62708,41.53958],[-70.63125,41.5378],[-70.63542,41.53792],[-70.63792,41.53542],[-70.63958,41.53423],[-70.64375,41.53264],[-70.64462,41.53125],[-70.64792,41.52748],[-70.64875,41.52708],[-70.65208,41.52338],[-70.6525,41.52292],[-70.65542,41.51875],[-70.65625,41.51815],[-70.66042,41.51764],[-70.66111,41.51875],[-70.66399,41.52292],[-70.66458,41.52367],[-70.66592,41.52708],[-70.66875,41.53013],[-70.67292,41.53104],[-70.6733,41.53125],[-70.67292,41.53171],[-70.67069,41.53542],[-70.66944,41.53958],[-70.66875,41.54022],[-70.66708,41.53958],[-70.66458,41.53896],[-70.66146,41.53958],[-70.66117,41.54375],[-70.66042,41.54468],[-70.6575,41.54792],[-70.65663,41.55208],[-70.65667,41.55625],[-70.65667,41.56042],[-70.65625,41.56458],[-70.65208,41.56667],[-70.65023,41.56875],[-70.64792,41.57292],[-70.64375,41.57569],[-70.64208,41.57708],[-70.64097,41.58125],[-70.6401,41.58542],[-70.64375,41.58866],[-70.64542,41.58958],[-70.64542,41.59375],[-70.64792,41.59687],[-70.64896,41.59792],[-70.65208,41.60042],[-70.6526,41.60208],[-70.65301,41.60625],[-70.65208,41.60792],[-70.6503,41.61042],[-70.64911,41.61458],[-70.64884,41.61875],[-70.64792,41.61994],[-70.64661,41.62292],[-70.64375,41.62619],[-70.64167,41.62708],[-70.64375,41.62958],[-70.64439,41.63125],[-70.64792,41.63507],[-70.64875,41.63542],[-70.65208,41.63875],[-70.65417,41.63958],[-70.65292,41.64375],[-70.65208,41.64458],[-70.64952,41.64792],[-70.64792,41.64981],[-70.64375,41.65],[-70.63958,41.65125],[-70.63542,41.65125],[-70.63403,41.65208],[-70.63125,41.65486],[-70.62986,41.65625],[-70.62986,41.66042],[-70.63125,41.66146],[-70.63542,41.66125],[-70.63958,41.66094],[-70.64051,41.66042],[-70.64375,41.65777],[-70.64792,41.65928],[-70.64917,41.66042],[-70.65208,41.66266],[-70.65625,41.66412],[-70.65677,41.66458],[-70.65625,41.6651],[-70.6536,41.66875],[-70.65208,41.67042],[-70.64792,41.67161],[-70.64375,41.67245],[-70.63958,41.67267],[-70.63819,41.67292],[-70.63792,41.67708],[-70.63958,41.67875],[-70.64375,41.67946],[-70.64531,41.68125],[-70.64792,41.68241],[-70.64965,41.68125],[-70.65208,41.67917],[-70.65625,41.67936],[-70.66042,41.67917],[-70.66266,41.68125],[-70.66208,41.68542],[-70.66042,41.68708],[-70.65625,41.68819],[-70.65417,41.68958],[-70.65208,41.69167],[-70.64931,41.69375],[-70.64792,41.69531],[-70.64375,41.69673],[-70.63958,41.69716],[-70.63681,41.69792],[-70.63542,41.69896],[-70.63125,41.69958],[-70.62708,41.70139],[-70.62292,41.70208],[-70.62448,41.70625],[-70.62708,41.70972],[-70.62755,41.71042],[-70.6275,41.71458],[-70.62708,41.71505],[-70.62292,41.71625],[-70.62014,41.71875],[-70.6206,41.72292],[-70.62292,41.72589],[-70.62708,41.72616],[-70.63125,41.72639],[-70.63201,41.72708],[-70.63125,41.72847],[-70.62708,41.73125],[-70.62292,41.73542],[-70.62333,41.73958],[-70.62708,41.74375],[-70.62458,41.74792],[-70.62708,41.75208],[-70.63125,41.7483],[-70.63163,41.74792],[-70.63542,41.74375],[-70.63634,41.73958],[-70.63889,41.73542],[-70.63958,41.73495],[-70.64062,41.73542],[-70.64375,41.73655],[-70.64653,41.73958],[-70.64792,41.74056],[-70.65208,41.74144],[-70.65556,41.74375],[-70.65625,41.74458],[-70.65667,41.74375],[-70.66042,41.73958],[-70.65863,41.73542],[-70.65625,41.73449],[-70.65208,41.73413],[-70.64792,41.73244],[-70.64673,41.73125],[-70.64687,41.72708],[-70.64792,41.725],[-70.64958,41.72292],[-70.64931,41.71875],[-70.65208,41.71747],[-70.65625,41.71648],[-70.66042,41.71551],[-70.66458,41.71521],[-70.66875,41.71736],[-70.67083,41.71875],[-70.67292,41.72292],[-70.67639,41.72708],[-70.67708,41.72813],[-70.68125,41.72792],[-70.68542,41.72708],[-70.68958,41.7242],[-70.69375,41.72396],[-70.69792,41.725],[-70.70208,41.72708],[-70.70625,41.72708],[-70.71042,41.72847],[-70.7125,41.73125],[-70.71354,41.73542],[-70.71458,41.7375],[-70.71875,41.73542],[-70.72292,41.73333],[-70.72708,41.73125],[-70.72292,41.73042],[-70.72083,41.72708],[-70.72292,41.7247],[-70.72708,41.72375],[-70.72746,41.72292],[-70.72708,41.72232],[-70.72396,41.71875],[-70.72292,41.71756],[-70.71875,41.71458],[-70.71498,41.71042],[-70.71458,41.70982],[-70.71146,41.70625],[-70.71458,41.70268],[-70.71875,41.70208],[-70.72292,41.7],[-70.72326,41.69792],[-70.72292,41.69766],[-70.71875,41.69699],[-70.71583,41.69375],[-70.71875,41.69083],[-70.72031,41.68958],[-70.71875,41.68708],[-70.71756,41.68542],[-70.71792,41.68125],[-70.71875,41.67708],[-70.72292,41.67917],[-70.72411,41.68125],[-70.72708,41.68333],[-70.73125,41.68472],[-70.73208,41.68542],[-70.73542,41.68819],[-70.73708,41.68958],[-70.73958,41.69208],[-70.74375,41.69271],[-70.74514,41.69375],[-70.74375,41.69479],[-70.73958,41.69583],[-70.73792,41.69792],[-70.73958,41.69931],[-70.74375,41.70042],[-70.74792,41.69958],[-70.75,41.70208],[-70.75208,41.70387],[-70.75417,41.70625],[-70.75625,41.70903],[-70.76042,41.71042],[-70.76146,41.70625],[-70.76042,41.70486],[-70.75804,41.70208],[-70.75625,41.69958],[-70.75417,41.69792],[-70.75625,41.69375],[-70.75208,41.68958],[-70.75,41.68542],[-70.74875,41.68125],[-70.74792,41.68065],[-70.74542,41.67708],[-70.74792,41.67351],[-70.75208,41.67569],[-70.75375,41.67708],[-70.75625,41.67958],[-70.76042,41.67917],[-70.76146,41.67708],[-70.76042,41.67292],[-70.75833,41.66875],[-70.75764,41.66458],[-70.75694,41.66042],[-70.75804,41.65625],[-70.75792,41.65208],[-70.76042,41.64958],[-70.76458,41.64931],[-70.76771,41.64792],[-70.76696,41.64375],[-70.76875,41.64236],[-70.77292,41.64236],[-70.77417,41.64375],[-70.77708,41.6474],[-70.77778,41.64792],[-70.78125,41.65139],[-70.78542,41.65069],[-70.78958,41.65057],[-70.79375,41.65069],[-70.79792,41.65023],[-70.79977,41.65208],[-70.80208,41.65417],[-70.80625,41.65556],[-70.80708,41.65625],[-70.81042,41.65833],[-70.81458,41.65875],[-70.81708,41.65625],[-70.81875,41.65458],[-70.82292,41.65313],[-70.825,41.65208],[-70.82292,41.64958],[-70.82153,41.64792],[-70.81875,41.64583],[-70.81458,41.64583],[-70.81227,41.64375],[-70.81042,41.64264],[-70.80625,41.64236],[-70.80292,41.63958],[-70.80243,41.63542],[-70.80208,41.63482],[-70.79851,41.63125],[-70.80208,41.62847],[-70.80458,41.62708],[-70.80625,41.62542],[-70.81042,41.625],[-70.81458,41.625],[-70.81875,41.625],[-70.82153,41.62708],[-70.82292,41.62917],[-70.82431,41.62708],[-70.82708,41.62542],[-70.83125,41.62384],[-70.83542,41.62351],[-70.83958,41.62411],[-70.84256,41.62708],[-70.84375,41.62847],[-70.84792,41.62812],[-70.84896,41.62708],[-70.85208,41.62396],[-70.85625,41.62431],[-70.85833,41.62708],[-70.85833,41.63125],[-70.86042,41.63333],[-70.86458,41.63333],[-70.86562,41.63125],[-70.86458,41.62986],[-70.8625,41.62708],[-70.86042,41.625],[-70.85764,41.62292],[-70.85625,41.62188],[-70.85313,41.61875],[-70.85313,41.61458],[-70.85208,41.6125],[-70.85069,41.61042],[-70.85104,41.60625],[-70.84931,41.60208],[-70.84792,41.60104],[-70.84479,41.59792],[-70.84792,41.59542],[-70.85042,41.59792],[-70.85208,41.6],[-70.85486,41.59792],[-70.85208,41.59583],[-70.85,41.59375],[-70.85208,41.59208],[-70.85625,41.59256],[-70.85744,41.59375],[-70.86042,41.59635],[-70.86458,41.59792],[-70.86111,41.60208],[-70.86181,41.60625],[-70.86458,41.60903],[-70.86562,41.61042],[-70.86615,41.61458],[-70.86708,41.61875],[-70.86875,41.62208],[-70.86958,41.62292],[-70.86979,41.62708],[-70.87292,41.62917],[-70.87708,41.62917],[-70.88125,41.62958],[-70.88201,41.63125],[-70.88542,41.63393],[-70.88958,41.63403],[-70.89167,41.63125],[-70.89236,41.62708],[-70.89375,41.62589],[-70.89792,41.62569],[-70.90208,41.62708],[-70.90387,41.63125],[-70.90625,41.63403],[-70.90744,41.63542],[-70.90625,41.63819],[-70.90521,41.63958],[-70.90625,41.64375],[-70.91042,41.64635],[-70.91155,41.64792],[-70.91213,41.65208],[-70.91458,41.6544],[-70.91761,41.65625],[-70.91875,41.66042],[-70.91979,41.65625],[-70.91875,41.65469],[-70.91736,41.65208],[-70.91875,41.65],[-70.92292,41.64911],[-70.92411,41.64792],[-70.92375,41.64375],[-70.92292,41.6425],[-70.92049,41.63958],[-70.91979,41.63542],[-70.92014,41.63125],[-70.91875,41.62847],[-70.91736,41.62708],[-70.91708,41.62292],[-70.91458,41.62113],[-70.9125,41.61875],[-70.91042,41.61637],[-70.90792,41.61458],[-70.90694,41.61042],[-70.90625,41.60958],[-70.9044,41.60625],[-70.90446,41.60208],[-70.90486,41.59792],[-70.90208,41.59458],[-70.90104,41.59375],[-70.90208,41.59315],[-70.90347,41.59375],[-70.90625,41.59583],[-70.90718,41.59792],[-70.91042,41.60083],[-70.91458,41.60104],[-70.91563,41.60208],[-70.91644,41.60625],[-70.91875,41.60972],[-70.91944,41.61042],[-70.91958,41.61458],[-70.92292,41.61792],[-70.92708,41.6169],[-70.93056,41.61458],[-70.92875,41.61042],[-70.93042,41.60625],[-70.92875,41.60208],[-70.92837,41.59792],[-70.92882,41.59375],[-70.92882,41.58958],[-70.93125,41.58715],[-70.93299,41.58542],[-70.93375,41.58125],[-70.93542,41.57958],[-70.93958,41.58021],[-70.94034,41.58125],[-70.94375,41.585],[-70.94583,41.58542],[-70.94792,41.58594],[-70.95016,41.58958],[-70.95208,41.59236],[-70.95625,41.58958],[-70.96042,41.58681],[-70.96146,41.58542],[-70.96042,41.58403],[-70.95949,41.58125],[-70.95625,41.5776],[-70.95301,41.58125],[-70.95208,41.58403],[-70.95,41.58125],[-70.95042,41.57708],[-70.94792,41.57552],[-70.9456,41.57292],[-70.94375,41.57163],[-70.94107,41.56875],[-70.93958,41.56701],[-70.93667,41.56458],[-70.9372,41.56042],[-70.9378,41.55625],[-70.93819,41.55208],[-70.93542,41.5497],[-70.93403,41.54792],[-70.93403,41.54375],[-70.93125,41.54223],[-70.92882,41.53958],[-70.93125,41.53715],[-70.93368,41.53958],[-70.93542,41.54256],[-70.93681,41.54375],[-70.93958,41.54653],[-70.94196,41.54375],[-70.9411,41.53958],[-70.94375,41.53667],[-70.94554,41.53542],[-70.94792,41.53264],[-70.95208,41.53403],[-70.95542,41.53125],[-70.95417,41.52708],[-70.9544,41.52292],[-70.95208,41.52031],[-70.95069,41.51875],[-70.95208,41.51736],[-70.95436,41.51458],[-70.95625,41.51298],[-70.95814,41.51458],[-70.95764,41.51875],[-70.96042,41.52188],[-70.96146,41.52292],[-70.96181,41.52708],[-70.96458,41.52986],[-70.96736,41.53125],[-70.96551,41.53542],[-70.96875,41.53766],[-70.9724,41.53542],[-70.96958,41.53125],[-70.97292,41.52847],[-70.97708,41.52917],[-70.98125,41.53042],[-70.98458,41.52708],[-70.98264,41.52292],[-70.98375,41.51875],[-70.98403,41.51458],[-70.98542,41.51042],[-70.98958,41.50982],[-70.98986,41.51042],[-70.99375,41.51349],[-70.99458,41.51458],[-70.99792,41.51821],[-71.00208,41.51831],[-71.00625,41.51815],[-71.01042,41.51743],[-71.01403,41.51458],[-71.01339,41.51042],[-71.01458,41.50938],[-71.01562,41.51042],[-71.01875,41.51292],[-71.02153,41.51042],[-71.02222,41.50625],[-71.02292,41.50556],[-71.02708,41.50458],[-71.03021,41.50208],[-71.03125,41.50125],[-71.03542,41.50104],[-71.0375,41.49792],[-71.0375,41.49375],[-71.03875,41.48958],[-71.03958,41.48929],[-71.0401,41.48958],[-71.04125,41.49375],[-71.04375,41.49688],[-71.04468,41.49792],[-71.04792,41.50116],[-71.05208,41.50125],[-71.05301,41.50208],[-71.05625,41.505],[-71.06042,41.50511],[-71.06458,41.50542],[-71.06577,41.50625],[-71.06875,41.50785],[-71.07292,41.50833],[-71.07708,41.50833],[-71.08125,41.50833],[-71.08542,41.50833],[-71.08958,41.50863],[-71.09167,41.51042],[-71.08958,41.51292],[-71.0875,41.51458],[-71.08958,41.51736],[-71.09097,41.51875],[-71.09375,41.52153],[-71.09458,41.51875],[-71.09514,41.51458],[-71.09792,41.51125],[-71.1,41.51042],[-71.09792,41.5099],[-71.09375,41.50885],[-71.09144,41.50625],[-71.09375,41.50436],[-71.09792,41.50417],[-71.10208,41.50403],[-71.10625,41.50625],[-71.10804,41.50208],[-71.11042,41.5],[-71.1125,41.49792],[-71.11458,41.49606],[-71.11875,41.49599],[-71.12292,41.49673],[-71.12708,41.49631],[-71.13125,41.49602],[-71.13542,41.49514],[-71.1375,41.49375],[-71.13958,41.49167],[-71.14062,41.48958],[-71.1409,41.48542],[-71.14223,41.48125],[-71.14375,41.48006],[-71.14792,41.47847],[-71.14977,41.47708],[-71.15208,41.475],[-71.15625,41.47431],[-71.16042,41.47351],[-71.16125,41.47292],[-71.16458,41.47106],[-71.16875,41.47014],[-71.16979,41.46875],[-71.16875,41.46696],[-71.16747,41.46458],[-71.16875,41.4633],[-71.17216,41.46042],[-71.17292,41.45993],[-71.17708,41.45993],[-71.18125,41.45972],[-71.18542,41.45938],[-71.18958,41.45833],[-71.19375,41.45881],[-71.19524,41.46042],[-71.19514,41.46458],[-71.19498,41.46875],[-71.19375,41.47005],[-71.19134,41.47292],[-71.19112,41.47708],[-71.19154,41.48125],[-71.19375,41.48466],[-71.19458,41.48542],[-71.19792,41.48845],[-71.19917,41.48958],[-71.20069,41.49375],[-71.20208,41.4956],[-71.20625,41.49625],[-71.20777,41.49792],[-71.20859,41.50208],[-71.20833,41.50625],[-71.20625,41.50958],[-71.20556,41.51042],[-71.20565,41.51458],[-71.20625,41.51542],[-71.20777,41.51875],[-71.20785,41.52292],[-71.20866,41.52708],[-71.21042,41.52986],[-71.21181,41.53125],[-71.21042,41.53277],[-71.20909,41.53542],[-71.20903,41.53958],[-71.21042,41.54196],[-71.21167,41.54375],[-71.21458,41.54583],[-71.21875,41.54716],[-71.21939,41.54792],[-71.21875,41.54861],[-71.21677,41.55208],[-71.21607,41.55625],[-71.21875,41.55913],[-71.22292,41.55946],[-71.22417,41.56042],[-71.22292,41.56138],[-71.21875,41.56193],[-71.2169,41.56042],[-71.21458,41.55833],[-71.2131,41.56042],[-71.21307,41.56458],[-71.21319,41.56875],[-71.21354,41.57292],[-71.21333,41.57708],[-71.2128,41.58125],[-71.21458,41.58304],[-71.21667,41.58542],[-71.21458,41.5878],[-71.21345,41.58958],[-71.21302,41.59375],[-71.21042,41.59635],[-71.20863,41.59792],[-71.21042,41.5997],[-71.21208,41.60208],[-71.21161,41.60625],[-71.21326,41.61042],[-71.21458,41.61285],[-71.21619,41.61458],[-71.21458,41.61607],[-71.21042,41.6175],[-71.20895,41.61875],[-71.21042,41.62007],[-71.21288,41.62292],[-71.21458,41.6256],[-71.21581,41.62708],[-71.21875,41.63021],[-71.22169,41.62708],[-71.22181,41.62292],[-71.22292,41.62153],[-71.22708,41.62113],[-71.23125,41.62014],[-71.23542,41.62014],[-71.23958,41.61979],[-71.24018,41.61875],[-71.24021,41.61458],[-71.24034,41.61042],[-71.24024,41.60625],[-71.2401,41.60208],[-71.24042,41.59792],[-71.24208,41.59375],[-71.24097,41.58958],[-71.24062,41.58542],[-71.23958,41.58413],[-71.23617,41.58125],[-71.23542,41.57986],[-71.23264,41.57708],[-71.23185,41.57292],[-71.2331,41.56875],[-71.23229,41.56458],[-71.23264,41.56042],[-71.23375,41.55625],[-71.23177,41.55208],[-71.23177,41.54792],[-71.23218,41.54375],[-71.23125,41.53958],[-71.23125,41.53542],[-71.22901,41.53125],[-71.22792,41.52708],[-71.22796,41.52292],[-71.23125,41.51901],[-71.23146,41.51875],[-71.23185,41.51458],[-71.23542,41.51042],[-71.23958,41.50661],[-71.24018,41.50625],[-71.24067,41.50208],[-71.24072,41.49792],[-71.24375,41.49441],[-71.245,41.49375],[-71.24458,41.48958],[-71.24375,41.48889],[-71.23958,41.48854],[-71.23708,41.48542],[-71.2375,41.48125],[-71.23958,41.47966],[-71.24175,41.47708],[-71.24375,41.47508],[-71.24714,41.47292],[-71.24792,41.47214],[-71.24888,41.47292],[-71.25016,41.47708],[-71.2503,41.48125],[-71.25208,41.48333],[-71.25625,41.48542],[-71.26042,41.48611],[-71.26458,41.48611],[-71.26875,41.48542],[-71.27071,41.48125],[-71.27292,41.47928],[-71.27708,41.47928],[-71.27976,41.48125],[-71.28125,41.48356],[-71.28542,41.48472],[-71.28958,41.48458],[-71.29375,41.48229],[-71.29403,41.48125],[-71.29473,41.47708],[-71.29531,41.47292],[-71.29572,41.46875],[-71.29792,41.4663],[-71.30208,41.46577],[-71.30288,41.46458],[-71.30347,41.46042],[-71.30396,41.45625],[-71.30625,41.45396],[-71.31042,41.45357],[-71.31458,41.45542],[-71.31577,41.45625],[-71.31875,41.45814],[-71.32292,41.45923],[-71.32708,41.45863],[-71.32931,41.45625],[-71.32708,41.45208],[-71.33125,41.45431],[-71.33458,41.45208],[-71.33542,41.45139],[-71.33958,41.4508],[-71.34375,41.45104],[-71.34792,41.45104],[-71.35208,41.45019],[-71.35369,41.45208],[-71.35417,41.45625],[-71.35625,41.45797],[-71.35885,41.46042],[-71.35692,41.46458],[-71.35625,41.46526],[-71.35208,41.46556],[-71.34792,41.46517],[-71.34375,41.46585],[-71.34058,41.46875],[-71.33958,41.46947],[-71.33542,41.47093],[-71.33236,41.46875],[-71.33125,41.46796],[-71.32708,41.4675],[-71.32635,41.46875],[-71.32292,41.47199],[-71.32181,41.47292],[-71.31875,41.47597],[-71.31458,41.47604],[-71.31389,41.47708],[-71.31375,41.48125],[-71.31339,41.48542],[-71.31458,41.48819],[-71.31597,41.48958],[-71.31651,41.49375],[-71.31696,41.49792],[-71.31875,41.5],[-71.32042,41.50208],[-71.32292,41.50497],[-71.32458,41.50625],[-71.32333,41.51042],[-71.32292,41.51181],[-71.32222,41.51458],[-71.32292,41.51551],[-71.32463,41.51875],[-71.32292,41.52029],[-71.31875,41.52045],[-71.31458,41.52129],[-71.31042,41.5212],[-71.30888,41.52292],[-71.31042,41.52463],[-71.3124,41.52708],[-71.3124,41.53125],[-71.31131,41.53542],[-71.31042,41.53646],[-71.30625,41.53727],[-71.30502,41.53958],[-71.30625,41.54132],[-71.30779,41.54375],[-71.30625,41.54569],[-71.30486,41.54792],[-71.30298,41.55208],[-71.30208,41.55322],[-71.3008,41.55625],[-71.29792,41.55966],[-71.29687,41.56042],[-71.29646,41.56458],[-71.29669,41.56875],[-71.29375,41.57138],[-71.28958,41.57142],[-71.28788,41.57292],[-71.28542,41.5755],[-71.28449,41.57708],[-71.28367,41.58125],[-71.28361,41.58542],[-71.28288,41.58958],[-71.28235,41.59375],[-71.28125,41.59549],[-71.27708,41.59645],[-71.27608,41.59792],[-71.27292,41.60096],[-71.27184,41.60208],[-71.27138,41.60625],[-71.27153,41.61042],[-71.27292,41.6125],[-71.27422,41.61458],[-71.27458,41.61875],[-71.27431,41.62292],[-71.27292,41.6242],[-71.26875,41.62479],[-71.26569,41.62708],[-71.26458,41.62778],[-71.2615,41.63125],[-71.26042,41.63229],[-71.2574,41.63542],[-71.25625,41.63665],[-71.25208,41.63737],[-71.24792,41.6381],[-71.24531,41.63958],[-71.24375,41.64048],[-71.24219,41.63958],[-71.23958,41.63785],[-71.23542,41.63785],[-71.23381,41.63958],[-71.23352,41.64375],[-71.23125,41.64567],[-71.22708,41.64618],[-71.22477,41.64792],[-71.22292,41.64958],[-71.21875,41.64905],[-71.21771,41.64792],[-71.21597,41.64375],[-71.21458,41.64125],[-71.21042,41.64091],[-71.20852,41.64375],[-71.20625,41.64625],[-71.20525,41.64792],[-71.20546,41.65208],[-71.2054,41.65625],[-71.20473,41.66042],[-71.20433,41.66458],[-71.20208,41.66683],[-71.19984,41.66458],[-71.19792,41.66391],[-71.19738,41.66458],[-71.19635,41.66875],[-71.19563,41.67292],[-71.19625,41.67708],[-71.19375,41.67813],[-71.19205,41.68125],[-71.18958,41.68396],[-71.18542,41.68441],[-71.18434,41.68542],[-71.18125,41.68862],[-71.17978,41.68958],[-71.17708,41.69245],[-71.17631,41.69375],[-71.17708,41.69606],[-71.17894,41.69792],[-71.17708,41.69977],[-71.1758,41.69792],[-71.17292,41.69671],[-71.17142,41.69792],[-71.17102,41.70208],[-71.16875,41.70387],[-71.16736,41.70625],[-71.16458,41.70915],[-71.16134,41.71042],[-71.16181,41.71458],[-71.16042,41.71625],[-71.15885,41.71875],[-71.16042,41.72042],[-71.16458,41.71966],[-71.16563,41.71875],[-71.16875,41.71577],[-71.17042,41.71458],[-71.17292,41.71238],[-71.17708,41.71188],[-71.17973,41.71042],[-71.18125,41.70913],[-71.18542,41.70923],[-71.1875,41.71042],[-71.18958,41.71111],[-71.19007,41.71042],[-71.19375,41.70744],[-71.19792,41.70863],[-71.2,41.71042],[-71.20208,41.71155],[-71.20333,41.71042],[-71.20625,41.70799],[-71.21042,41.70833],[-71.21458,41.70856],[-71.21531,41.71042],[-71.2169,41.71458],[-71.21458,41.71756],[-71.21354,41.71875],[-71.21458,41.71979],[-71.21771,41.72292],[-71.21875,41.72396],[-71.22187,41.72708],[-71.22292,41.72813],[-71.22569,41.72708],[-71.22708,41.725],[-71.22731,41.72292],[-71.22757,41.71875],[-71.22796,41.71458],[-71.22808,41.71042],[-71.22847,41.70625],[-71.23125,41.70347],[-71.23264,41.70208],[-71.23542,41.69931],[-71.23958,41.69931],[-71.24219,41.69792],[-71.24375,41.69479],[-71.24394,41.69375],[-71.24375,41.69333],[-71.24062,41.68958],[-71.23995,41.68542],[-71.23958,41.68502],[-71.23581,41.68125],[-71.23542,41.67708],[-71.23554,41.67292],[-71.23614,41.66875],[-71.23958,41.66479],[-71.24097,41.66458],[-71.24375,41.66319],[-71.24792,41.6622],[-71.25208,41.66111],[-71.2524,41.66042],[-71.25319,41.65625],[-71.25453,41.65208],[-71.25486,41.64792],[-71.25625,41.64683],[-71.26042,41.64605],[-71.26458,41.64497],[-71.26742,41.64792],[-71.26736,41.65208],[-71.26756,41.65625],[-71.26875,41.65937],[-71.26979,41.66042],[-71.27292,41.66198],[-71.27569,41.66458],[-71.27609,41.66875],[-71.27708,41.66979],[-71.28125,41.67135],[-71.28542,41.67292],[-71.28655,41.66875],[-71.28958,41.66597],[-71.29056,41.66458],[-71.29236,41.66042],[-71.29375,41.65946],[-71.29673,41.65625],[-71.2975,41.65208],[-71.29792,41.65174],[-71.2983,41.65208],[-71.29903,41.65625],[-71.29826,41.66042],[-71.30009,41.66458],[-71.3,41.66875],[-71.2997,41.67292],[-71.29792,41.67512],[-71.29616,41.67708],[-71.29792,41.67931],[-71.30016,41.68125],[-71.29963,41.68542],[-71.29792,41.68766],[-71.29549,41.68542],[-71.29375,41.68381],[-71.29236,41.68542],[-71.29201,41.68958],[-71.28958,41.69223],[-71.28866,41.69375],[-71.28819,41.69792],[-71.28879,41.70208],[-71.28958,41.70319],[-71.29245,41.70625],[-71.29236,41.71042],[-71.29148,41.71458],[-71.29375,41.71651],[-71.29792,41.71761],[-71.3003,41.71458],[-71.29792,41.71042],[-71.30023,41.70625],[-71.30208,41.70458],[-71.30375,41.70625],[-71.30625,41.70938],[-71.30744,41.71042],[-71.30625,41.71161],[-71.30436,41.71458],[-71.30625,41.71648],[-71.30852,41.71875],[-71.31042,41.72064],[-71.31458,41.72153],[-71.31496,41.72292],[-71.31875,41.72517],[-71.32292,41.72405],[-71.32708,41.72417],[-71.33125,41.72403],[-71.33542,41.72431],[-71.33958,41.72569],[-71.34167,41.72708],[-71.34264,41.73125],[-71.34315,41.73542],[-71.34375,41.73591],[-71.34766,41.73958],[-71.34792,41.74005],[-71.35095,41.74375],[-71.35208,41.745],[-71.35625,41.74606],[-71.35729,41.74792],[-71.36042,41.7503],[-71.36229,41.75208],[-71.36189,41.75625],[-71.36217,41.76042],[-71.36311,41.76458],[-71.36292,41.76875],[-71.363,41.77292],[-71.36334,41.77708],[-71.36458,41.77908],[-71.36676,41.78125],[-71.36667,41.78542],[-71.36875,41.78685],[-71.37148,41.78958],[-71.37161,41.79375],[-71.37292,41.79519],[-71.37556,41.79792],[-71.37708,41.80078],[-71.37839,41.80208],[-71.38125,41.80385],[-71.38375,41.80625],[-71.38542,41.80755],[-71.38958,41.80903],[-71.39089,41.81042],[-71.39271,41.81458],[-71.39375,41.81581],[-71.39792,41.81568],[-71.40208,41.81577],[-71.40319,41.81458],[-71.40208,41.81292],[-71.40052,41.81042],[-71.4003,41.80625],[-71.39792,41.80362],[-71.39583,41.80208],[-71.39375,41.80062],[-71.38958,41.79963],[-71.38734,41.79792],[-71.38542,41.79625],[-71.38125,41.79486],[-71.38014,41.79375],[-71.37927,41.78958],[-71.37937,41.78542],[-71.38125,41.78274],[-71.38542,41.78281],[-71.3872,41.78125],[-71.38661,41.77708],[-71.38594,41.77292],[-71.38542,41.77153],[-71.38333,41.76875],[-71.38314,41.76458],[-71.38542,41.76146],[-71.38586,41.76042],[-71.38542,41.75938],[-71.38314,41.75625],[-71.38125,41.75394],[-71.37973,41.75208],[-71.37951,41.74792],[-71.37708,41.745],[-71.37619,41.74375],[-71.37708,41.7425],[-71.37891,41.73958],[-71.3794,41.73542],[-71.38125,41.73264],[-71.38458,41.73542],[-71.38542,41.73574],[-71.38594,41.73542],[-71.38542,41.7349],[-71.38218,41.73125],[-71.38125,41.73042],[-71.37847,41.72708],[-71.37708,41.72557],[-71.37465,41.72292],[-71.37292,41.72169],[-71.36875,41.72042],[-71.36458,41.72083],[-71.36042,41.72042],[-71.35856,41.71875],[-71.35923,41.71458],[-71.36042,41.71292],[-71.36458,41.71125],[-71.36484,41.71042],[-71.36458,41.70972],[-71.36111,41.70625],[-71.36161,41.70208],[-71.36458,41.69861],[-71.36479,41.69792],[-71.36458,41.69708],[-71.3622,41.69375],[-71.36319,41.68958],[-71.36458,41.68542],[-71.36875,41.68281],[-71.37292,41.68188],[-71.3734,41.68125],[-71.37431,41.67708],[-71.37483,41.67292],[-71.37552,41.66875],[-71.37708,41.66667],[-71.38125,41.66621],[-71.38432,41.66875],[-71.38542,41.66991],[-71.38958,41.67083],[-71.39223,41.67292],[-71.39287,41.67708],[-71.39315,41.68125],[-71.39323,41.68542],[-71.39375,41.68958],[-71.39417,41.68542],[-71.39792,41.68167],[-71.40208,41.68244],[-71.40625,41.68264],[-71.41042,41.6825],[-71.41458,41.68214],[-71.41875,41.68239],[-71.42292,41.68281],[-71.42708,41.6825],[-71.43125,41.68281],[-71.43542,41.68363],[-71.4375,41.68542],[-71.43958,41.68601],[-71.44208,41.68542],[-71.44208,41.68125],[-71.44167,41.67708],[-71.44167,41.67292],[-71.44375,41.67014],[-71.44424,41.66875],[-71.44375,41.66597],[-71.43958,41.66797],[-71.43542,41.66806],[-71.43125,41.66829],[-71.43079,41.66875],[-71.42708,41.67245],[-71.42292,41.67196],[-71.41944,41.66875],[-71.41875,41.66819],[-71.41458,41.66771],[-71.41042,41.66736],[-71.40764,41.66458],[-71.40694,41.66042],[-71.41042,41.65694],[-71.41125,41.65625],[-71.41042,41.65208],[-71.40625,41.65208],[-71.40208,41.64792],[-71.40417,41.64375],[-71.40347,41.63958],[-71.40208,41.63542],[-71.40208,41.63125],[-71.39931,41.62708],[-71.40208,41.62431],[-71.40625,41.62292],[-71.40774,41.61875],[-71.40804,41.61458],[-71.41042,41.61042],[-71.41458,41.60667],[-71.41505,41.60625],[-71.41458,41.60556],[-71.4125,41.60208],[-71.41042,41.60035],[-71.40625,41.60019],[-71.40208,41.60149],[-71.39981,41.59792],[-71.40208,41.59599],[-71.40451,41.59375],[-71.40625,41.59215],[-71.40784,41.58958],[-71.41042,41.58673],[-71.41269,41.58542],[-71.41458,41.58333],[-71.41875,41.58333],[-71.42292,41.58403],[-71.42708,41.58264],[-71.42887,41.58125],[-71.43125,41.57917],[-71.43542,41.57822],[-71.43912,41.58125],[-71.43958,41.58167],[-71.44167,41.58125],[-71.44375,41.57708],[-71.43958,41.57542],[-71.4378,41.57292],[-71.43958,41.56979],[-71.4401,41.56875],[-71.43958,41.56806],[-71.43698,41.56458],[-71.43542,41.56302],[-71.43281,41.56042],[-71.43125,41.55976],[-71.42774,41.55625],[-71.42778,41.55208],[-71.42708,41.55125],[-71.42292,41.54931],[-71.42208,41.54792],[-71.42292,41.54688],[-71.42396,41.54375],[-71.42292,41.54236],[-71.42064,41.53958],[-71.41875,41.5375],[-71.41577,41.53542],[-71.41458,41.53264],[-71.41375,41.53125],[-71.41375,41.52708],[-71.41375,41.52292],[-71.41172,41.51875],[-71.41458,41.51667],[-71.41616,41.51458],[-71.41642,41.51042],[-71.41587,41.50625],[-71.41708,41.50208],[-71.41875,41.49792],[-71.41875,41.49375],[-71.4191,41.48958],[-71.41935,41.48542],[-71.41875,41.48428],[-71.41653,41.48125],[-71.4161,41.47708],[-71.41687,41.47292],[-71.41875,41.47094],[-71.42292,41.47097],[-71.42708,41.47083],[-71.42795,41.46875],[-71.42795,41.46458],[-71.42806,41.46042],[-71.42708,41.45896],[-71.42483,41.45625],[-71.42708,41.45379],[-71.42917,41.45208],[-71.43125,41.44958],[-71.43272,41.44792],[-71.43452,41.44375],[-71.43542,41.44286],[-71.43958,41.44167],[-71.44375,41.44167],[-71.44564,41.43958],[-71.44792,41.43766],[-71.45016,41.43542],[-71.45208,41.43292],[-71.45347,41.43125],[-71.45391,41.42708],[-71.4534,41.42292],[-71.45304,41.41875],[-71.45272,41.41458],[-71.45208,41.4125],[-71.45104,41.41042],[-71.45208,41.40903],[-71.45565,41.40625],[-71.45625,41.40587],[-71.46004,41.40208],[-71.46042,41.40116],[-71.46181,41.39792],[-71.46458,41.39468],[-71.46625,41.39375],[-71.46811,41.38958],[-71.46875,41.38854],[-71.47102,41.38542],[-71.47292,41.38333],[-71.475,41.38125],[-71.47708,41.37936],[-71.47887,41.37708],[-71.47936,41.37292],[-71.48125,41.3706],[-71.48244,41.36875],[-71.48125,41.36708],[-71.47958,41.36458],[-71.47958,41.36042],[-71.48125,41.35849],[-71.48542,41.35849],[-71.4875,41.36042],[-71.48811,41.36458],[-71.48958,41.36625],[-71.49375,41.36648],[-71.49792,41.36771],[-71.49911,41.36875],[-71.50208,41.37222],[-71.50625,41.37031],[-71.50814,41.37292],[-71.50833,41.37708],[-71.50833,41.38125],[-71.50885,41.38542],[-71.50863,41.38958],[-71.50625,41.39167],[-71.50458,41.39375],[-71.50208,41.39653],[-71.50052,41.39792],[-71.50208,41.4],[-71.50387,41.40208],[-71.50625,41.40625],[-71.51042,41.40292],[-71.51069,41.40208],[-71.51134,41.39792],[-71.51458,41.39375],[-71.515,41.38958],[-71.51637,41.38542],[-71.51637,41.38125],[-71.51458,41.37875],[-71.51292,41.37708],[-71.51458,41.37569],[-71.51875,41.37523],[-71.52292,41.37523],[-71.52708,41.375],[-71.53125,41.37458],[-71.53292,41.37292],[-71.53542,41.37135],[-71.53958,41.37106],[-71.54375,41.37118],[-71.54792,41.37099],[-71.55208,41.37125],[-71.55625,41.37208],[-71.56042,41.37131],[-71.56458,41.37099],[-71.56875,41.37097],[-71.57178,41.36875],[-71.57292,41.36761],[-71.57708,41.3675],[-71.58125,41.3669],[-71.58542,41.36719],[-71.58958,41.36667],[-71.59219,41.36458],[-71.59375,41.36302],[-71.59792,41.36273],[-71.60208,41.36273],[-71.60625,41.3628],[-71.61042,41.3628],[-71.61458,41.36273],[-71.61875,41.3625],[-71.62054,41.36042],[-71.62292,41.35903],[-71.62708,41.35852],[-71.63125,41.35833],[-71.63333,41.35625],[-71.63542,41.35436],[-71.63958,41.35469],[-71.64375,41.35486],[-71.64732,41.35208],[-71.64792,41.35167],[-71.65208,41.35116],[-71.65625,41.35083],[-71.66042,41.35023],[-71.66302,41.34792],[-71.66458,41.34678],[-71.66875,41.34699],[-71.67292,41.34606],[-71.67708,41.34631],[-71.68011,41.34375],[-71.68125,41.34261],[-71.68542,41.34223],[-71.68958,41.34292],[-71.69215,41.33958],[-71.69375,41.33785],[-71.69792,41.33773],[-71.70023,41.33542],[-71.70208,41.33356],[-71.70625,41.3325],[-71.70833,41.33125],[-71.71042,41.33021],[-71.71458,41.33029],[-71.71875,41.33011],[-71.72292,41.32986],[-71.72708,41.33042],[-71.73125,41.33049],[-71.73542,41.33011],[-71.73958,41.32958],[-71.74375,41.3294],[-71.74606,41.32708],[-71.74792,41.32542],[-71.75208,41.32516],[-71.75625,41.3253],[-71.75875,41.32708],[-71.76042,41.32819],[-71.76458,41.32894],[-71.76696,41.32708],[-71.76875,41.32612],[-71.77292,41.3258],[-71.77708,41.32667],[-71.78125,41.325],[-71.78542,41.32519],[-71.78958,41.3253],[-71.79167,41.32292],[-71.79375,41.32153],[-71.79792,41.32188],[-71.80208,41.32099],[-71.80625,41.32178],[-71.81042,41.32102],[-71.81319,41.31875],[-71.81458,41.31779],[-71.81875,41.31715],[-71.82292,41.31708],[-71.82708,41.31686],[-71.82936,41.31458],[-71.83125,41.31319],[-71.83542,41.31345],[-71.83958,41.31215],[-71.84375,41.31181],[-71.84613,41.31042],[-71.84792,41.30946],[-71.85052,41.30625],[-71.85208,41.30458],[-71.85625,41.30436],[-71.85833,41.30625],[-71.86042,41.30923],[-71.86458,41.30903],[-71.86875,41.30885],[-71.87292,41.30856],[-71.87708,41.30903],[-71.87986,41.30625],[-71.88125,41.30486],[-71.88304,41.30625],[-71.88264,41.31042],[-71.88125,41.31208],[-71.87708,41.3125],[-71.87292,41.3128],[-71.86875,41.3125],[-71.86458,41.3125],[-71.86042,41.31181],[-71.85903,41.31458],[-71.85625,41.31761],[-71.85511,41.31875],[-71.85208,41.32178],[-71.85052,41.32292],[-71.85208,41.32431],[-71.85625,41.32338],[-71.85744,41.32292],[-71.86042,41.32031],[-71.86339,41.32292],[-71.86436,41.32708],[-71.86458,41.32768],[-71.86815,41.33125],[-71.86875,41.33208],[-71.87208,41.33542],[-71.87292,41.33611],[-71.87361,41.33542],[-71.87708,41.33194],[-71.88125,41.33542],[-71.88542,41.33229],[-71.88958,41.33208],[-71.89097,41.33125],[-71.88958,41.32917],[-71.88819,41.32708],[-71.88542,41.32292],[-71.88125,41.31875],[-71.87708,41.31875],[-71.88125,41.31875],[-71.88542,41.32292],[-71.88958,41.32604],[-71.89062,41.32708],[-71.89375,41.32958],[-71.89583,41.33125],[-71.89792,41.33218],[-71.90208,41.33277],[-71.9036,41.33125],[-71.90625,41.32882],[-71.9089,41.33125],[-71.90903,41.33542],[-71.90852,41.33958],[-71.91042,41.34219],[-71.91292,41.34375],[-71.91458,41.34468],[-71.91625,41.34375],[-71.91542,41.33958],[-71.91536,41.33542],[-71.91548,41.33125],[-71.91875,41.32819],[-71.92292,41.32917],[-71.92523,41.33125],[-71.92708,41.33292],[-71.93125,41.33304],[-71.93458,41.33542],[-71.93542,41.33646],[-71.93958,41.33661],[-71.94125,41.33542],[-71.94375,41.33333],[-71.94792,41.33185],[-71.95208,41.33171],[-71.95292,41.33125],[-71.95625,41.32887],[-71.95958,41.33125],[-71.96042,41.33542],[-71.96074,41.33125],[-71.96155,41.32708],[-71.96042,41.32552],[-71.9581,41.32292],[-71.96042,41.32102],[-71.96302,41.32292],[-71.96458,41.32405],[-71.96597,41.32292],[-71.96875,41.32099],[-71.97125,41.32292],[-71.97292,41.32458],[-71.97708,41.32431],[-71.97946,41.32708],[-71.97708,41.32946],[-71.97292,41.32958],[-71.97181,41.33125],[-71.97292,41.33292],[-71.97604,41.33542],[-71.97708,41.33681],[-71.97917,41.33542],[-71.98125,41.33333],[-71.98542,41.33194],[-71.98958,41.33194],[-71.98974,41.33125],[-71.98958,41.331],[-71.98542,41.33061],[-71.98214,41.32708],[-71.98333,41.32292],[-71.98542,41.32083],[-71.9878,41.31875],[-71.98958,41.31667],[-71.99271,41.31875],[-71.99375,41.31944],[-71.99583,41.31875],[-71.99792,41.31667],[-72.00208,41.3151],[-72.00268,41.31458],[-72.00347,41.31042],[-72.00625,41.30863],[-72.00938,41.31042],[-72.00982,41.31458],[-72.00995,41.31875],[-72.01042,41.31913],[-72.01458,41.31921],[-72.01875,41.32083],[-72.01964,41.31875],[-72.02292,41.31569],[-72.02708,41.31572],[-72.02855,41.31458],[-72.03125,41.31153],[-72.03452,41.31458],[-72.03542,41.31583],[-72.03958,41.31756],[-72.04236,41.31875],[-72.04375,41.31979],[-72.04792,41.31979],[-72.04844,41.31875],[-72.05208,41.3151],[-72.05625,41.31625],[-72.06042,41.31667],[-72.06458,41.31587],[-72.06875,41.31708],[-72.07027,41.31875],[-72.0716,41.32292],[-72.07222,41.32708],[-72.07292,41.32783],[-72.07611,41.33125],[-72.076,41.33542],[-72.07644,41.33958],[-72.07644,41.34375],[-72.07647,41.34792],[-72.07708,41.34848],[-72.08026,41.35208],[-72.08059,41.35625],[-72.08077,41.36042],[-72.08125,41.36157],[-72.08342,41.36458],[-72.08542,41.36658],[-72.0886,41.36875],[-72.08542,41.37092],[-72.08449,41.37292],[-72.08542,41.37427],[-72.08958,41.37604],[-72.09375,41.37333],[-72.09398,41.37292],[-72.09414,41.36875],[-72.09375,41.36777],[-72.09036,41.36458],[-72.09256,41.36042],[-72.09375,41.35923],[-72.09462,41.35625],[-72.09494,41.35208],[-72.09564,41.34792],[-72.09375,41.34669],[-72.09018,41.34375],[-72.09375,41.34063],[-72.09486,41.33958],[-72.09453,41.33542],[-72.09418,41.33125],[-72.09375,41.33068],[-72.09111,41.32708],[-72.08958,41.32532],[-72.08646,41.32292],[-72.08571,41.31875],[-72.08958,41.31629],[-72.09108,41.31458],[-72.09074,41.31042],[-72.09375,41.30703],[-72.09514,41.30625],[-72.09792,41.30347],[-72.10208,41.30417],[-72.10333,41.30208],[-72.10625,41.29917],[-72.11042,41.29931],[-72.11458,41.29948],[-72.11875,41.3],[-72.12222,41.30208],[-72.12292,41.30234],[-72.12333,41.30208],[-72.12708,41.2992],[-72.13125,41.3],[-72.13542,41.30047],[-72.13819,41.30208],[-72.13958,41.30295],[-72.14375,41.30406],[-72.14635,41.30625],[-72.14766,41.31042],[-72.14792,41.31101],[-72.15149,41.31458],[-72.15208,41.31488],[-72.15268,41.31458],[-72.15625,41.31146],[-72.16042,41.31134],[-72.1617,41.31042],[-72.16042,41.30923],[-72.15744,41.30625],[-72.16042,41.30451],[-72.16458,41.30375],[-72.16756,41.30625],[-72.16875,41.3075],[-72.17182,41.31042],[-72.17245,41.31458],[-72.17292,41.31518],[-72.17649,41.31875],[-72.17292,41.32232],[-72.17262,41.32292],[-72.17277,41.32708],[-72.17292,41.3275],[-72.17431,41.32708],[-72.17708,41.32431],[-72.18125,41.325],[-72.18542,41.32431],[-72.18611,41.32292],[-72.18958,41.32031],[-72.19208,41.31875],[-72.19375,41.31708],[-72.19792,41.31488],[-72.1983,41.31458],[-72.20208,41.31042],[-72.20208,41.30625],[-72.20246,41.30208],[-72.20233,41.29792],[-72.20208,41.29754],[-72.19931,41.29375],[-72.19931,41.28958],[-72.19988,41.28542],[-72.20208,41.28307],[-72.20521,41.28542],[-72.20625,41.28607],[-72.20976,41.28958],[-72.21042,41.29018],[-72.21458,41.29196],[-72.21875,41.29236],[-72.22042,41.29375],[-72.22187,41.29792],[-72.22292,41.29896],[-72.22708,41.29826],[-72.23125,41.29814],[-72.23542,41.29867],[-72.23958,41.29851],[-72.23993,41.29792],[-72.24375,41.29486],[-72.24792,41.29449],[-72.24857,41.29375],[-72.25208,41.28983],[-72.25255,41.28958],[-72.25625,41.28588],[-72.25667,41.28542],[-72.26042,41.28253],[-72.26458,41.28244],[-72.26875,41.28221],[-72.27292,41.28194],[-72.27708,41.28229],[-72.28125,41.28264],[-72.28264,41.28125],[-72.28542,41.27898],[-72.28958,41.27917],[-72.29375,41.27847],[-72.29792,41.27804],[-72.30208,41.2786],[-72.30625,41.27847],[-72.31042,41.27822],[-72.3122,41.27708],[-72.31458,41.2747],[-72.31875,41.27604],[-72.32292,41.27542],[-72.325,41.27708],[-72.32708,41.27917],[-72.33125,41.27847],[-72.33403,41.28125],[-72.33542,41.28264],[-72.33819,41.28542],[-72.33958,41.28681],[-72.34236,41.28958],[-72.34167,41.29375],[-72.34375,41.29542],[-72.34583,41.29792],[-72.34479,41.30208],[-72.34531,41.30625],[-72.3456,41.31042],[-72.34678,41.31458],[-72.34792,41.31637],[-72.34931,41.31458],[-72.35208,41.31231],[-72.35506,41.31042],[-72.35521,41.30625],[-72.35458,41.30208],[-72.35458,41.29792],[-72.35625,41.29583],[-72.35833,41.29375],[-72.35625,41.29282],[-72.3526,41.28958],[-72.35208,41.28906],[-72.34844,41.28542],[-72.34958,41.28125],[-72.35208,41.27813],[-72.35417,41.27708],[-72.35208,41.27656],[-72.34792,41.27448],[-72.34653,41.27292],[-72.34375,41.26979],[-72.34236,41.26875],[-72.34375,41.26756],[-72.34792,41.26792],[-72.35208,41.26637],[-72.35625,41.26597],[-72.36042,41.26667],[-72.36458,41.26505],[-72.36518,41.26458],[-72.36875,41.26208],[-72.37292,41.26134],[-72.37708,41.26155],[-72.38125,41.26193],[-72.38542,41.26208],[-72.38958,41.26319],[-72.39137,41.26458],[-72.39375,41.26736],[-72.39514,41.26875],[-72.39792,41.27292],[-72.40208,41.2747],[-72.40625,41.2753],[-72.41042,41.27477],[-72.41458,41.27625],[-72.41875,41.27443],[-72.42292,41.27443],[-72.42708,41.27443],[-72.43125,41.27523],[-72.43542,41.27458],[-72.43899,41.27708],[-72.43958,41.27746],[-72.44375,41.27768],[-72.44792,41.2776],[-72.45208,41.27708],[-72.45625,41.27396],[-72.46042,41.27375],[-72.46146,41.27292],[-72.46458,41.26979],[-72.46528,41.26875],[-72.46875,41.26644],[-72.47222,41.26875],[-72.47292,41.26979],[-72.47361,41.26875],[-72.47708,41.26615],[-72.48125,41.26771],[-72.48542,41.26736],[-72.48958,41.2651],[-72.49167,41.26458],[-72.49375,41.26319],[-72.49653,41.26042],[-72.49792,41.25625],[-72.50208,41.25625],[-72.50625,41.25486],[-72.51042,41.25337],[-72.51417,41.25625],[-72.51458,41.25764],[-72.51875,41.25833],[-72.52292,41.26042],[-72.52708,41.26042],[-72.53125,41.26042],[-72.53542,41.25833],[-72.53819,41.25625],[-72.53854,41.25208],[-72.53958,41.25125],[-72.54375,41.25089],[-72.54792,41.25104],[-72.54896,41.25208],[-72.55208,41.25565],[-72.55278,41.25625],[-72.55625,41.25972],[-72.55694,41.26042],[-72.56042,41.26389],[-72.56125,41.26458],[-72.56458,41.26792],[-72.56875,41.26806],[-72.57292,41.26615],[-72.57708,41.26625],[-72.58125,41.26625],[-72.58542,41.26597],[-72.58958,41.26597],[-72.59375,41.26528],[-72.59792,41.26542],[-72.60208,41.26563],[-72.60625,41.26667],[-72.61042,41.26736],[-72.61458,41.26736],[-72.61875,41.26667],[-72.62292,41.26667],[-72.62708,41.26667],[-72.63125,41.26458],[-72.63542,41.26458],[-72.63958,41.26458],[-72.64375,41.2625],[-72.64792,41.26458],[-72.65208,41.26458],[-72.65625,41.26597],[-72.66042,41.26458],[-72.65625,41.26042],[-72.66042,41.26458],[-72.66458,41.26042],[-72.66875,41.26042],[-72.67292,41.25833],[-72.67708,41.25625],[-72.68125,41.25292],[-72.68163,41.25208],[-72.68542,41.24861],[-72.68681,41.24792],[-72.68958,41.24606],[-72.69375,41.24583],[-72.69792,41.24468],[-72.70208,41.24407],[-72.70625,41.24667],[-72.70937,41.24792],[-72.71042,41.25208],[-72.71458,41.25417],[-72.71875,41.25417],[-72.72292,41.25458],[-72.72708,41.25387],[-72.73125,41.25375],[-72.73292,41.25208],[-72.73542,41.25052],[-72.73792,41.25208],[-72.73958,41.25486],[-72.74375,41.25625],[-72.74792,41.25677],[-72.75208,41.25903],[-72.75347,41.26042],[-72.75625,41.26319],[-72.75694,41.26458],[-72.76042,41.26607],[-72.76458,41.26518],[-72.76667,41.26458],[-72.76875,41.26354],[-72.77292,41.26208],[-72.77708,41.26111],[-72.78125,41.26042],[-72.78542,41.25875],[-72.78958,41.25833],[-72.79375,41.25685],[-72.79792,41.25625],[-72.80208,41.25625],[-72.80625,41.25284],[-72.80744,41.25208],[-72.81042,41.25019],[-72.81458,41.24896],[-72.81875,41.25139],[-72.82014,41.25208],[-72.82292,41.25292],[-72.82708,41.25458],[-72.83125,41.25301],[-72.83264,41.25208],[-72.83542,41.25023],[-72.83958,41.25],[-72.84256,41.25208],[-72.84375,41.25347],[-72.84792,41.25347],[-72.85069,41.25208],[-72.85208,41.25],[-72.85347,41.24792],[-72.85625,41.24514],[-72.86042,41.24427],[-72.86458,41.24583],[-72.86875,41.24444],[-72.87292,41.24427],[-72.87431,41.24375],[-72.87708,41.24167],[-72.88125,41.24167],[-72.88542,41.24236],[-72.88958,41.24097],[-72.89375,41.24097],[-72.89792,41.24375],[-72.90208,41.24479],[-72.90521,41.24792],[-72.90579,41.25208],[-72.90208,41.25542],[-72.90104,41.25625],[-72.89792,41.25982],[-72.89687,41.26042],[-72.89792,41.26088],[-72.90162,41.26458],[-72.90208,41.26542],[-72.90446,41.26875],[-72.90458,41.27292],[-72.90417,41.27708],[-72.90506,41.28125],[-72.90625,41.28292],[-72.90833,41.28542],[-72.90903,41.28958],[-72.91042,41.29167],[-72.91458,41.29167],[-72.91875,41.28958],[-72.92292,41.28542],[-72.92431,41.28125],[-72.92708,41.27847],[-72.93125,41.27708],[-72.92917,41.27292],[-72.92708,41.26875],[-72.92708,41.26458],[-72.93125,41.26042],[-72.93125,41.25625],[-72.93542,41.25625],[-72.93958,41.25417],[-72.94375,41.25292],[-72.94792,41.25268],[-72.95208,41.25312],[-72.95312,41.25208],[-72.95625,41.24958],[-72.96042,41.24875],[-72.96094,41.24792],[-72.96125,41.24375],[-72.96181,41.23958],[-72.96458,41.23542],[-72.96875,41.23264],[-72.97292,41.23171],[-72.97708,41.23125],[-72.98125,41.22847],[-72.98542,41.22847],[-72.98594,41.22708],[-72.98958,41.22384],[-72.99125,41.22292],[-72.99375,41.22083],[-72.99792,41.21927],[-72.99875,41.21875],[-72.99875,41.21458],[-73,41.21042],[-73.00208,41.20764],[-73.00312,41.20625],[-73.00625,41.20313],[-73.00833,41.20208],[-73.01042,41.20069],[-73.01458,41.19931],[-73.01875,41.19931],[-73.02292,41.19931],[-73.02708,41.20069],[-73.03125,41.2],[-73.03542,41.2],[-73.03958,41.19896],[-73.04375,41.2],[-73.04792,41.19792],[-73.05208,41.19792],[-73.05625,41.19792],[-73.06042,41.19792],[-73.06458,41.19792],[-73.06875,41.19583],[-73.07292,41.19514],[-73.075,41.19375],[-73.07708,41.18958],[-73.08125,41.18542],[-73.08542,41.18264],[-73.08958,41.18125],[-73.09375,41.17917],[-73.09792,41.17813],[-73.09896,41.17708],[-73.10208,41.17458],[-73.10347,41.17292],[-73.10625,41.16958],[-73.11042,41.16875],[-73.10625,41.16458],[-73.10208,41.16042],[-73.10292,41.15625],[-73.10625,41.15292],[-73.11042,41.15208],[-73.11458,41.14931],[-73.11875,41.14917],[-73.12292,41.14861],[-73.12708,41.14896],[-73.12958,41.14792],[-73.13125,41.14653],[-73.13542,41.14613],[-73.1375,41.14792],[-73.13958,41.15104],[-73.14375,41.15],[-73.14583,41.15208],[-73.14375,41.15417],[-73.13958,41.15347],[-73.1375,41.15625],[-73.1375,41.16042],[-73.13958,41.16319],[-73.14375,41.16292],[-73.14625,41.16042],[-73.14792,41.15833],[-73.15208,41.15764],[-73.15625,41.15625],[-73.16042,41.15375],[-73.1625,41.15625],[-73.16458,41.15937],[-73.16875,41.15972],[-73.16907,41.16042],[-73.16875,41.16125],[-73.16458,41.16181],[-73.16181,41.16458],[-73.16458,41.16736],[-73.16875,41.16736],[-73.17292,41.16875],[-73.17708,41.17125],[-73.18125,41.16979],[-73.18229,41.16875],[-73.18333,41.16458],[-73.1849,41.16042],[-73.18542,41.15937],[-73.18958,41.15792],[-73.19375,41.15744],[-73.19792,41.15708],[-73.20208,41.15792],[-73.20365,41.16042],[-73.20625,41.16302],[-73.20972,41.16042],[-73.20625,41.1581],[-73.20347,41.15625],[-73.20625,41.15387],[-73.20804,41.15208],[-73.21042,41.15],[-73.21458,41.14965],[-73.21875,41.15],[-73.22083,41.14792],[-73.22292,41.14653],[-73.22375,41.14375],[-73.22708,41.14072],[-73.23125,41.14028],[-73.23542,41.13958],[-73.23958,41.13542],[-73.24062,41.13125],[-73.23958,41.12708],[-73.24375,41.12708],[-73.24792,41.12431],[-73.25208,41.125],[-73.25365,41.12292],[-73.25625,41.1206],[-73.26042,41.12125],[-73.26458,41.12083],[-73.26875,41.11958],[-73.27292,41.11897],[-73.27708,41.11935],[-73.28125,41.12188],[-73.28333,41.12292],[-73.28542,41.12708],[-73.28958,41.12778],[-73.29051,41.12708],[-73.29375,41.12292],[-73.29792,41.12083],[-73.29838,41.11875],[-73.30208,41.11572],[-73.30625,41.11548],[-73.31042,41.11563],[-73.31458,41.11572],[-73.31875,41.11528],[-73.32083,41.11458],[-73.32292,41.11339],[-73.32708,41.1125],[-73.32894,41.11042],[-73.33125,41.10833],[-73.33472,41.11042],[-73.33542,41.11088],[-73.3375,41.11042],[-73.33958,41.10958],[-73.34375,41.10764],[-73.34792,41.10663],[-73.34875,41.10625],[-73.35208,41.10417],[-73.35542,41.10625],[-73.35625,41.10708],[-73.36042,41.10764],[-73.36458,41.10764],[-73.36875,41.10718],[-73.37292,41.10764],[-73.37396,41.10625],[-73.37375,41.10208],[-73.37292,41.10125],[-73.36875,41.10069],[-73.36597,41.09792],[-73.36875,41.09458],[-73.37292,41.09458],[-73.37708,41.09375],[-73.37792,41.08958],[-73.38125,41.08625],[-73.38542,41.0875],[-73.38958,41.08646],[-73.39097,41.08542],[-73.39375,41.08333],[-73.39583,41.08542],[-73.39687,41.08958],[-73.39792,41.09018],[-73.4,41.08958],[-73.40208,41.08875],[-73.40417,41.08958],[-73.40625,41.09097],[-73.40708,41.08958],[-73.40875,41.08542],[-73.40764,41.08125],[-73.40804,41.07708],[-73.40781,41.07292],[-73.41042,41.0706],[-73.41458,41.07153],[-73.41875,41.06875],[-73.42292,41.06597],[-73.42333,41.06458],[-73.42708,41.06117],[-73.43125,41.06181],[-73.43542,41.06042],[-73.43333,41.05625],[-73.43542,41.05417],[-73.43958,41.05375],[-73.44236,41.05625],[-73.44375,41.05764],[-73.44792,41.05875],[-73.45208,41.05729],[-73.45272,41.05625],[-73.45625,41.05298],[-73.45833,41.05208],[-73.46042,41.0503],[-73.46458,41.05208],[-73.46875,41.04819],[-73.46935,41.04792],[-73.47292,41.04583],[-73.47417,41.04375],[-73.47439,41.03958],[-73.47708,41.03717],[-73.48036,41.03958],[-73.48125,41.04048],[-73.48507,41.04375],[-73.48542,41.04444],[-73.48611,41.04375],[-73.48958,41.04115],[-73.49256,41.04375],[-73.49375,41.04514],[-73.49792,41.04542],[-73.49931,41.04375],[-73.50208,41.04097],[-73.50625,41.0399],[-73.50708,41.03958],[-73.50625,41.03899],[-73.50375,41.03542],[-73.50625,41.03292],[-73.50938,41.03542],[-73.51042,41.03681],[-73.51458,41.03625],[-73.51875,41.03542],[-73.51562,41.03125],[-73.51522,41.02708],[-73.51875,41.02356],[-73.51927,41.02292],[-73.52292,41.01968],[-73.52458,41.01875],[-73.52708,41.01597],[-73.52958,41.01875],[-73.53125,41.02042],[-73.53403,41.02292],[-73.53125,41.02604],[-73.53089,41.02708],[-73.53125,41.02813],[-73.53482,41.03125],[-73.53542,41.03333],[-73.53958,41.03333],[-73.54028,41.03125],[-73.54375,41.02778],[-73.54435,41.02708],[-73.54494,41.02292],[-73.54792,41.02031],[-73.55208,41.02292],[-73.55347,41.01875],[-73.55625,41.01518],[-73.55833,41.01458],[-73.56042,41.0125],[-73.56458,41.01101],[-73.56597,41.01042],[-73.56875,41.00875],[-73.57153,41.01042],[-73.57292,41.01181],[-73.57708,41.01042],[-73.57292,41.0099],[-73.57,41.00625],[-73.57014,41.00208],[-73.57292,41.00023],[-73.57708,41],[-73.58125,41.00042],[-73.58458,41.00208],[-73.58504,41.00625],[-73.58125,41.01042],[-73.58542,41.01125],[-73.58958,41.0108],[-73.59375,41.01042],[-73.59792,41.01181],[-73.60208,41.0125],[-73.60625,41.01083],[-73.61042,41.01071],[-73.61458,41.01146],[-73.61875,41.01074],[-73.62292,41.0108],[-73.62312,41.01042],[-73.62318,41.00625],[-73.62365,41.00208],[-73.62708,40.99884],[-73.63097,41.00208],[-73.63125,41.00231],[-73.63177,41.00208],[-73.63542,40.99884],[-73.63906,41.00208],[-73.63958,41.00246],[-73.64375,41.00278],[-73.64421,41.00208],[-73.64375,40.99931],[-73.64271,40.99792],[-73.63958,40.99635],[-73.63661,40.99375],[-73.63958,40.99115],[-73.64306,40.99375],[-73.64375,40.99583],[-73.64583,40.99792],[-73.64792,40.99816],[-73.64815,40.99792],[-73.65069,40.99375],[-73.65069,40.98958],[-73.65208,40.98542],[-73.65347,40.98125],[-73.65521,40.97708],[-73.65625,40.975],[-73.65764,40.97292],[-73.66042,40.97014],[-73.6625,40.96875],[-73.66458,40.96736],[-73.66875,40.96563],[-73.66944,40.96458],[-73.67292,40.96227],[-73.67708,40.96161],[-73.67827,40.96042],[-73.68125,40.95694],[-73.68194,40.95625],[-73.68236,40.95208],[-73.68349,40.94792],[-73.68542,40.94583],[-73.68958,40.94473],[-73.69196,40.94375],[-73.69375,40.94196],[-73.69792,40.94125],[-73.70208,40.94062],[-73.70625,40.94236],[-73.71042,40.94167],[-73.71458,40.94167],[-73.71875,40.94097],[-73.71979,40.93958],[-73.72292,40.93601],[-73.72321,40.93542],[-73.72351,40.93125],[-73.72708,40.92831],[-73.73125,40.92833],[-73.73281,40.92708],[-73.73542,40.92477],[-73.73889,40.92708],[-73.73958,40.9275],[-73.74167,40.92708],[-73.74083,40.92292],[-73.74375,40.92],[-73.74458,40.91875],[-73.74792,40.91518],[-73.75069,40.91458],[-73.75208,40.91319],[-73.75625,40.91125],[-73.75833,40.91042],[-73.76042,40.90937],[-73.76458,40.90625],[-73.7628,40.90208],[-73.76458,40.9],[-73.76615,40.89792],[-73.76875,40.89514],[-73.77083,40.89375],[-73.77292,40.88958],[-73.76875,40.88839],[-73.7663,40.88542],[-73.76875,40.88333],[-73.77254,40.88542],[-73.77292,40.88958],[-73.775,40.88542],[-73.77708,40.88403],[-73.78125,40.88229],[-73.78333,40.88125],[-73.78185,40.87708],[-73.78281,40.87292],[-73.78542,40.87031],[-73.78958,40.86944],[-73.79137,40.86875],[-73.79125,40.86458],[-73.79077,40.86042],[-73.78958,40.85923],[-73.78698,40.85625],[-73.78542,40.85469],[-73.7831,40.85208],[-73.78274,40.84792],[-73.78177,40.84375],[-73.78395,40.83958],[-73.78542,40.8378],[-73.78792,40.83958],[-73.78833,40.84375],[-73.78958,40.84514],[-73.79271,40.84792],[-73.79208,40.85208],[-73.79256,40.85625],[-73.79375,40.85744],[-73.79468,40.85625],[-73.79792,40.85301],[-73.79958,40.85208],[-73.80208,40.84958],[-73.80458,40.85208],[-73.80521,40.85625],[-73.80625,40.85792],[-73.81042,40.86042],[-73.81458,40.85625],[-73.81458,40.85208],[-73.81496,40.84792],[-73.81458,40.84375],[-73.815,40.83958],[-73.81496,40.83542],[-73.81458,40.83472],[-73.81161,40.83125],[-73.81042,40.82708],[-73.80625,40.82604],[-73.80347,40.82292],[-73.80208,40.82083],[-73.80069,40.81875],[-73.80133,40.81458],[-73.80153,40.81042],[-73.80208,40.80978],[-73.80625,40.80854],[-73.80937,40.81042],[-73.81042,40.81155],[-73.81458,40.81292],[-73.81875,40.81298],[-73.82292,40.81319],[-73.82708,40.8133],[-73.83125,40.81117],[-73.83542,40.8125],[-73.83958,40.81181],[-73.84375,40.81458],[-73.84792,40.81287],[-73.85112,40.81042],[-73.85172,40.80625],[-73.85208,40.80585],[-73.85625,40.80556],[-73.85875,40.80625],[-73.85937,40.81042],[-73.86042,40.81134],[-73.86458,40.81125],[-73.86577,40.81042],[-73.86458,40.80764],[-73.86319,40.80625],[-73.86458,40.80593],[-73.86518,40.80625],[-73.86875,40.80852],[-73.87083,40.80625],[-73.87292,40.805],[-73.87708,40.80542],[-73.88125,40.80542],[-73.88542,40.80475],[-73.88671,40.80625],[-73.88958,40.80934],[-73.89375,40.80934],[-73.89792,40.80949],[-73.90128,40.80625],[-73.90208,40.80556],[-73.90556,40.80208],[-73.90625,40.80104],[-73.90897,40.79792],[-73.91042,40.79677],[-73.91458,40.7967],[-73.91796,40.79375],[-73.91806,40.78958],[-73.91875,40.78902],[-73.92271,40.78542],[-73.92292,40.78512],[-73.92321,40.78542],[-73.92708,40.78735],[-73.93095,40.78542],[-73.93125,40.785],[-73.93542,40.78403],[-73.93773,40.78542],[-73.93958,40.78653],[-73.94097,40.78542],[-73.94167,40.78125],[-73.94375,40.77948],[-73.94555,40.77708],[-73.94601,40.77292],[-73.94792,40.77062],[-73.94985,40.76875],[-73.95208,40.76507],[-73.95248,40.76458],[-73.95625,40.76225],[-73.95814,40.76042],[-73.96042,40.75821],[-73.96272,40.75625],[-73.96458,40.75408],[-73.96644,40.75208],[-73.9672,40.74792],[-73.96875,40.74566],[-73.97051,40.74375],[-73.97292,40.73958],[-73.97396,40.73542],[-73.97292,40.73208],[-73.97254,40.73125],[-73.97216,40.72708],[-73.97153,40.72292],[-73.97292,40.72153],[-73.9753,40.71875],[-73.97492,40.71458],[-73.97708,40.71094],[-73.98125,40.71042],[-73.98542,40.71042],[-73.98958,40.71042],[-73.99375,40.7092],[-73.99792,40.7091],[-74.00208,40.70826],[-74.00294,40.70625],[-74.00625,40.7023],[-74.0102,40.70625],[-74.01042,40.70691],[-74.01264,40.71042],[-74.01329,40.71458],[-74.01332,40.71875],[-74.01174,40.72292],[-74.01042,40.72535],[-74.00951,40.72708],[-74.00954,40.73125],[-74.01042,40.73542],[-74.00868,40.73958],[-74.00772,40.74375],[-74.00748,40.74792],[-74.00801,40.75208],[-74.00651,40.75625],[-74.00691,40.76042],[-74.00625,40.76104],[-74.00208,40.76217],[-73.99792,40.76273],[-73.99375,40.76325],[-73.9926,40.76458],[-73.99375,40.76696],[-73.99625,40.76875],[-73.99792,40.77292],[-74.00208,40.77292],[-74.00625,40.77267],[-74.01042,40.76944],[-74.01125,40.76875],[-74.01458,40.76667],[-74.01667,40.76458],[-74.01875,40.76125],[-74.01907,40.76042],[-74.02292,40.75685],[-74.02411,40.75625],[-74.02417,40.75208],[-74.02489,40.74792],[-74.02448,40.74375],[-74.02523,40.73958],[-74.02586,40.73542],[-74.02708,40.73411],[-74.03061,40.73125],[-74.02963,40.72708],[-74.03014,40.72292],[-74.02872,40.71875],[-74.02908,40.71458],[-74.03125,40.71231],[-74.03472,40.71042],[-74.03417,40.70625],[-74.03542,40.70417],[-74.03958,40.70458],[-74.04375,40.70208],[-74.04653,40.69792],[-74.04792,40.69625],[-74.05208,40.69514],[-74.05625,40.69444],[-74.06042,40.69583],[-74.06458,40.69479],[-74.06562,40.69375],[-74.06875,40.69125],[-74.07083,40.68958],[-74.07135,40.68542],[-74.07292,40.68417],[-74.07656,40.68125],[-74.07708,40.67917],[-74.07917,40.67708],[-74.08125,40.67684],[-74.08542,40.67676],[-74.08958,40.6753],[-74.09167,40.67292],[-74.08958,40.67054],[-74.08646,40.66875],[-74.08958,40.66801],[-74.09323,40.66458],[-74.08958,40.66115],[-74.08899,40.66042],[-74.08958,40.65625],[-74.09375,40.65605],[-74.09792,40.65571],[-74.10208,40.65565],[-74.10625,40.65537],[-74.11042,40.65556],[-74.11371,40.65208],[-74.11458,40.65142],[-74.11839,40.64792],[-74.11875,40.64748],[-74.12292,40.64678],[-74.12708,40.64634],[-74.13125,40.64692],[-74.13542,40.64688],[-74.13958,40.64755],[-74.13998,40.64792],[-74.1401,40.65208],[-74.13958,40.65278],[-74.13542,40.65317],[-74.13279,40.65625],[-74.13275,40.66042],[-74.13125,40.66167],[-74.12788,40.66458],[-74.12728,40.66875],[-74.12708,40.669],[-74.12405,40.67292],[-74.12292,40.67439],[-74.12037,40.67708],[-74.11953,40.68125],[-74.11875,40.68221],[-74.11458,40.68542],[-74.11042,40.68875],[-74.10958,40.68958],[-74.11042,40.69137],[-74.11208,40.69375],[-74.11042,40.6956],[-74.10744,40.69792],[-74.10625,40.69931],[-74.10387,40.70208],[-74.10625,40.70394],[-74.10856,40.70625],[-74.10833,40.71042],[-74.10729,40.71458],[-74.11042,40.71637],[-74.11458,40.71667],[-74.11875,40.71597],[-74.12208,40.71875],[-74.12292,40.71979],[-74.12396,40.71875],[-74.12458,40.71458],[-74.12292,40.7125],[-74.12125,40.71042],[-74.12083,40.70625],[-74.12292,40.70458],[-74.12542,40.70208],[-74.12708,40.69875],[-74.13125,40.70208],[-74.13542,40.70333],[-74.13958,40.70433],[-74.14375,40.70417],[-74.14792,40.70511],[-74.15208,40.70521],[-74.15565,40.70208],[-74.15593,40.69792],[-74.15208,40.69407],[-74.14792,40.69413],[-74.14375,40.69396],[-74.14354,40.69375],[-74.14167,40.68958],[-74.14208,40.68542],[-74.14375,40.68413],[-74.14663,40.68125],[-74.14375,40.67813],[-74.14306,40.67708],[-74.14333,40.67292],[-74.14375,40.67252],[-74.14735,40.66875],[-74.14725,40.66458],[-74.14792,40.66371],[-74.15208,40.66354],[-74.15625,40.66319],[-74.15881,40.66042],[-74.16042,40.65903],[-74.16458,40.65875],[-74.16771,40.65625],[-74.16875,40.65551],[-74.17182,40.65208],[-74.17292,40.65122],[-74.17708,40.65112],[-74.18017,40.64792],[-74.17708,40.64375],[-74.17292,40.64415],[-74.17208,40.64375],[-74.16875,40.64179],[-74.16458,40.64132],[-74.16298,40.63958],[-74.16042,40.63783],[-74.15625,40.63783],[-74.15208,40.63729],[-74.14792,40.63566],[-74.14375,40.63655],[-74.13958,40.63641],[-74.13542,40.63741],[-74.13125,40.6365],[-74.12708,40.63638],[-74.12292,40.63685],[-74.11875,40.63667],[-74.11458,40.63722],[-74.11042,40.63936],[-74.1101,40.63958],[-74.10677,40.64375],[-74.10625,40.64421],[-74.10208,40.64576],[-74.09792,40.64597],[-74.09375,40.64602],[-74.08958,40.64689],[-74.08542,40.64667],[-74.08125,40.64672],[-74.07708,40.64606],[-74.07292,40.64514],[-74.0716,40.64375],[-74.07135,40.63958],[-74.07202,40.63542],[-74.07292,40.63229],[-74.07333,40.63125],[-74.07481,40.62708],[-74.07292,40.62548],[-74.07069,40.62292],[-74.06875,40.62049],[-74.06745,40.61875],[-74.06458,40.61667],[-74.0624,40.61458],[-74.06042,40.61277],[-74.05867,40.61042],[-74.05625,40.60875],[-74.05391,40.60625],[-74.05319,40.60208],[-74.05339,40.59792],[-74.05625,40.59439],[-74.05729,40.59375],[-74.05833,40.58958],[-74.06042,40.58875],[-74.06458,40.58625],[-74.06875,40.58542],[-74.07292,40.58333],[-74.075,40.58125],[-74.07708,40.57917],[-74.07917,40.57708],[-74.08125,40.575],[-74.08292,40.57292],[-74.08542,40.57042],[-74.08958,40.57014],[-74.09062,40.56875],[-74.09097,40.56458],[-74.09375,40.56181],[-74.09583,40.56042],[-74.09792,40.55833],[-74.10208,40.55729],[-74.10417,40.55625],[-74.10208,40.55208],[-74.10625,40.55417],[-74.10764,40.55208],[-74.11042,40.54931],[-74.11181,40.54792],[-74.11458,40.54514],[-74.11875,40.54375],[-74.12292,40.53958],[-74.12708,40.53542],[-74.12847,40.53958],[-74.12875,40.54375],[-74.13125,40.54602],[-74.13542,40.54653],[-74.13819,40.54375],[-74.13958,40.54208],[-74.14208,40.53958],[-74.14375,40.53542],[-74.14583,40.53125],[-74.14792,40.52917],[-74.15208,40.52708],[-74.15625,40.52743],[-74.15833,40.52708],[-74.16042,40.52569],[-74.16458,40.52338],[-74.16667,40.52292],[-74.16875,40.52153],[-74.17292,40.52125],[-74.17708,40.52027],[-74.18125,40.51913],[-74.18403,40.51875],[-74.18542,40.51771],[-74.18958,40.51514],[-74.19077,40.51458],[-74.19375,40.51319],[-74.19792,40.51458],[-74.20208,40.51302],[-74.20625,40.51261],[-74.21042,40.51273],[-74.21362,40.51042],[-74.21458,40.50952],[-74.21811,40.50625],[-74.21875,40.50561],[-74.22292,40.50463],[-74.22708,40.50399],[-74.23125,40.50296],[-74.23277,40.50208],[-74.23542,40.49984],[-74.23958,40.49851],[-74.24375,40.5],[-74.24554,40.50208],[-74.24792,40.50353],[-74.25208,40.50342],[-74.25481,40.50625],[-74.25426,40.51042],[-74.25208,40.51269],[-74.24792,40.51335],[-74.24596,40.51458],[-74.24375,40.51656],[-74.24028,40.51875],[-74.24137,40.52292],[-74.24226,40.52708],[-74.24265,40.53125],[-74.24271,40.53542],[-74.24375,40.53661],[-74.24514,40.53958],[-74.24571,40.54375],[-74.24375,40.54613],[-74.24097,40.54792],[-74.23958,40.54905],[-74.23542,40.55112],[-74.23333,40.55208],[-74.23125,40.55292],[-74.22708,40.55313],[-74.22292,40.55433],[-74.21875,40.55375],[-74.21458,40.55387],[-74.21146,40.55625],[-74.21042,40.55723],[-74.20887,40.56042],[-74.20944,40.56458],[-74.20915,40.56875],[-74.2081,40.57292],[-74.20625,40.57708],[-74.20347,40.58125],[-74.20298,40.58542],[-74.20268,40.58958],[-74.20625,40.59315],[-74.2101,40.58958],[-74.21007,40.58542],[-74.21042,40.58495],[-74.2125,40.58125],[-74.21345,40.57708],[-74.21458,40.57292],[-74.21597,40.56875],[-74.21792,40.56458],[-74.21875,40.5625],[-74.22292,40.56198],[-74.22708,40.56406],[-74.23125,40.56389],[-74.23542,40.56302],[-74.23958,40.56042],[-74.24375,40.56],[-74.24643,40.55625],[-74.24792,40.55521],[-74.25208,40.5559],[-74.25427,40.55208],[-74.25486,40.54792],[-74.25625,40.54375],[-74.25833,40.53958],[-74.25625,40.53819],[-74.25556,40.53542],[-74.25521,40.53125],[-74.25476,40.52708],[-74.25486,40.52292],[-74.25625,40.52143],[-74.25846,40.51875],[-74.25875,40.51458],[-74.26042,40.51339],[-74.26261,40.51042],[-74.26186,40.50625],[-74.26458,40.5033],[-74.2663,40.50208],[-74.26875,40.49931],[-74.27292,40.4994],[-74.27708,40.5],[-74.28125,40.50125],[-74.28264,40.50208],[-74.28542,40.50625],[-74.28958,40.50744],[-74.29236,40.50625],[-74.29077,40.50208],[-74.28958,40.5],[-74.28854,40.49792],[-74.28542,40.49479],[-74.28466,40.49375],[-74.28125,40.49141],[-74.27708,40.49167],[-74.27292,40.49125],[-74.27125,40.48958],[-74.27222,40.48542],[-74.26875,40.4831],[-74.26597,40.48125],[-74.26458,40.47847],[-74.26319,40.47708],[-74.26042,40.47292],[-74.25903,40.46875],[-74.25625,40.46597],[-74.25486,40.46458],[-74.25208,40.46375],[-74.24792,40.46383],[-74.24417,40.46042],[-74.24375,40.4601],[-74.23958,40.45938],[-74.23542,40.45903],[-74.23125,40.45625],[-74.22708,40.45532],[-74.22292,40.45417],[-74.21875,40.45417],[-74.21597,40.45208],[-74.21458,40.45162],[-74.21042,40.45156],[-74.20653,40.44792],[-74.20694,40.44375],[-74.20625,40.44167],[-74.20208,40.44292],[-74.19931,40.43958],[-74.19792,40.43903],[-74.19708,40.43958],[-74.19722,40.44375],[-74.19375,40.44673],[-74.18958,40.44792],[-74.1875,40.45208],[-74.18646,40.45625],[-74.18542,40.45708],[-74.18125,40.45764],[-74.17708,40.45903],[-74.17431,40.45625],[-74.17292,40.45542],[-74.16875,40.45521],[-74.16563,40.45208],[-74.16458,40.45104],[-74.16042,40.45],[-74.15625,40.45042],[-74.15208,40.45],[-74.14792,40.45042],[-74.14673,40.45208],[-74.14375,40.45469],[-74.14167,40.45625],[-74.13958,40.45875],[-74.13542,40.45875],[-74.13229,40.45625],[-74.13125,40.45521],[-74.12708,40.45486],[-74.12292,40.45208],[-74.11875,40.45069],[-74.11597,40.44792],[-74.11458,40.44653],[-74.11042,40.44583],[-74.10625,40.44583],[-74.10208,40.44375],[-74.09792,40.44236],[-74.09375,40.44306],[-74.08958,40.44271],[-74.08646,40.43958],[-74.08542,40.43819],[-74.08125,40.43819],[-74.07708,40.43542],[-74.07292,40.43438],[-74.06875,40.43264],[-74.06458,40.43125],[-74.06042,40.42708],[-74.05625,40.42639],[-74.05208,40.42396],[-74.04792,40.42375],[-74.04583,40.42292],[-74.04375,40.4224],[-74.03958,40.42083],[-74.03625,40.41875],[-74.03542,40.41847],[-74.03125,40.41815],[-74.02768,40.41458],[-74.02708,40.41441],[-74.02292,40.41438],[-74.01875,40.41438],[-74.01458,40.41434],[-74.01042,40.41428],[-74.00625,40.41431],[-74.00236,40.41042],[-74.00208,40.4102],[-73.99792,40.41024],[-73.99583,40.41042],[-73.99375,40.41181],[-73.98958,40.41042],[-73.98958,40.40625],[-73.98542,40.40365],[-73.98333,40.40208],[-73.98125,40.40069],[-73.97898,40.39792],[-73.97824,40.39375],[-73.97818,40.38958],[-73.98042,40.38542],[-73.97708,40.38264],[-73.97589,40.38125],[-73.97292,40.37894],[-73.97083,40.37708],[-73.9706,40.37292],[-73.97118,40.36875],[-73.9714,40.36458],[-73.97118,40.36042],[-73.97153,40.35625],[-73.97113,40.35208],[-73.97118,40.34792],[-73.97102,40.34375],[-73.97125,40.33958],[-73.97106,40.33542],[-73.97292,40.33304],[-73.97431,40.33125],[-73.97523,40.32708],[-73.97516,40.32292],[-73.97443,40.31875],[-73.97557,40.31458],[-73.97548,40.31042],[-73.97452,40.30625],[-73.97708,40.30347],[-73.97894,40.30208],[-73.97917,40.29792],[-73.97906,40.29375],[-73.97813,40.28958],[-73.98125,40.28646],[-73.98229,40.28542],[-73.98255,40.28125],[-73.98333,40.27708],[-73.98274,40.27292],[-73.98542,40.26875],[-73.98601,40.26458],[-73.98681,40.26042],[-73.98958,40.25671],[-73.99,40.25625],[-73.99107,40.25208],[-73.98993,40.24792],[-73.99083,40.24375],[-73.99183,40.23958],[-73.99375,40.23731],[-73.99549,40.23542],[-73.99653,40.23125],[-73.99609,40.22708],[-73.99792,40.22465],[-73.99965,40.22292],[-74.00023,40.21875],[-74.00208,40.21597],[-74.00284,40.21458],[-74.00268,40.21042],[-74.00208,40.20625],[-74.00417,40.20208],[-74.00625,40.19931],[-74.00694,40.19792],[-74.00718,40.19375],[-74.00694,40.18958],[-74.00685,40.18542],[-74.01042,40.18229],[-74.01181,40.18125],[-74.01458,40.17792],[-74.0151,40.17708],[-74.01577,40.17292],[-74.01696,40.16875],[-74.01667,40.16458],[-74.01875,40.16181],[-74.01964,40.16042],[-74.02014,40.15625],[-74.02083,40.15208],[-74.02292,40.14884],[-74.02384,40.14792],[-74.02375,40.14375],[-74.025,40.13958],[-74.02708,40.1375],[-74.02847,40.13542],[-74.02804,40.13125],[-74.0286,40.12708],[-74.03125,40.12384],[-74.03292,40.12292],[-74.03333,40.11875],[-74.03304,40.11458],[-74.03363,40.11042],[-74.03208,40.10625],[-74.03194,40.10208],[-74.03437,40.09792],[-74.03542,40.09375],[-74.03625,40.08958],[-74.0372,40.08542],[-74.03958,40.08264],[-74.04125,40.08125],[-74.04196,40.07708],[-74.04042,40.07292],[-74.04144,40.06875],[-74.04375,40.06615],[-74.04625,40.06458],[-74.04625,40.06042],[-74.04542,40.05625],[-74.04653,40.05208],[-74.04687,40.04792],[-74.04792,40.04583],[-74.05069,40.04375],[-74.0503,40.03958],[-74.05089,40.03542],[-74.04948,40.03125],[-74.05208,40.02917],[-74.05506,40.02708],[-74.05506,40.02292],[-74.05458,40.01875],[-74.05451,40.01458],[-74.05625,40.01227],[-74.05903,40.01042],[-74.05903,40.00625],[-74.05856,40.00208],[-74.05856,40]]},"properties":{"fid":13050,"ID":13049,"ELEV":0}},
{"type":"Feature","geometry":{"type":"LineString","coordinates":[[-74.07153,40],[-74.07153,40.00208],[-74.07153,40.00625],[-74.06875,40.00903],[-74.06458,40.00875],[-74.0625,40.01042],[-74.06354,40.01458],[-74.06319,40.01875],[-74.06319,40.02292],[-74.06181,40.02708],[-74.06042,40.02847],[-74.05833,40.03125],[-74.05625,40.03333],[-74.05417,40.03542],[-74.05521,40.03958],[-74.05347,40.04375],[-74.05347,40.04792],[-74.05625,40.05208],[-74.05903,40.04792],[-74.05833,40.04375],[-74.06042,40.04097],[-74.0625,40.03958],[-74.0625,40.03542],[-74.06458,40.03333],[-74.06875,40.03333],[-74.07083,40.03125],[-74.07292,40.02917],[-74.07708,40.02708],[-74.07569,40.02292],[-74.07708,40.02153],[-74.08125,40.02014],[-74.08264,40.01875],[-74.08542,40.01597],[-74.08646,40.01458],[-74.08958,40.01146],[-74.09375,40.01181],[-74.09792,40.01181],[-74.10208,40.01146],[-74.10521,40.01458],[-74.10625,40.01563],[-74.10937,40.01875],[-74.11042,40.02014],[-74.1125,40.02292],[-74.11458,40.02458],[-74.11875,40.02458],[-74.12292,40.02431],[-74.125,40.02292],[-74.12292,40.02173],[-74.11875,40.02153],[-74.11542,40.01875],[-74.11458,40.01736],[-74.11042,40.01736],[-74.10764,40.01458],[-74.10708,40.01042],[-74.10729,40.00625],[-74.11042,40.00312],[-74.11458,40.00347],[-74.11542,40.00208],[-74.11542,40]]},"properties":{"fid":13051,"ID":13050,"ELEV":0}},
{"type":"Feature","geometry":{"type":"LineString","coordinates":[[-74.12986,40],[-74.12986,40.00208],[-74.13125,40.00278],[-74.13542,40.00268],[-74.13646,40.00208],[-74.13646,40]]},"properties":{"fid":13052,"ID":13051,"ELEV":0}},
{"type":"Feature","geometry":{"type":"LineString","coordinates":[[-74.08437,40],[-74.08437,40.00208],[-74.08125,40.00521],[-74.07708,40.00521],[-74.07396,40.00208],[-74.07396,40]]},"properties":{"fid":13053,"ID":13052,"ELEV":0}}
]}